# This file uses centimeters as units for non-parametric coordinates.

mtllib reangle.mtl
g default
v -0.514099 -0.015370 0.353653
v 0.339331 -0.015370 0.159243
v -0.514099 0.030748 0.353653
v 0.339331 0.030748 0.159243
v -0.312884 0.030748 -0.342984
v 0.339331 0.030748 -0.022285
v -0.312884 -0.015370 -0.342984
v 0.339331 -0.015370 -0.022285
v -0.338139 -0.015370 0.484457
v -0.338139 0.030748 0.484457
v -0.352123 0.030748 0.338124
v -0.352123 -0.015370 0.338124
v -0.352123 -0.015370 -0.201166
v -0.485414 -0.015370 -0.222920
v -0.485414 0.030748 -0.222920
v -0.352123 0.030748 -0.201166
v -0.489266 0.030748 0.348843
v -0.343713 0.030748 0.455679
v -0.469801 0.030748 -0.220039
v -0.315775 0.030748 -0.327318
v -0.485414 0.181313 -0.222920
v -0.469801 0.181313 -0.220039
v -0.315775 0.181313 -0.327318
v -0.312884 0.181313 -0.342984
v -0.514099 0.185945 0.353653
v -0.338139 0.185945 0.484457
v -0.343713 0.185945 0.455679
v -0.489266 0.185945 0.348843
v 0.326494 0.030748 -0.026618
v 0.328113 0.030748 0.163029
v 0.326494 0.179816 -0.026618
v 0.339331 0.179816 -0.022285
v 0.328113 0.179816 0.163029
v 0.339331 0.179816 0.159243
v -0.426119 0.007689 0.419055
v -0.426119 -0.015370 0.419055
v -0.338139 0.007689 0.484457
v -0.426119 0.030748 0.419055
v -0.514099 0.007689 0.353653
v -0.399279 0.030748 0.382266
v -0.416489 0.030748 0.402261
v -0.347918 0.030748 0.396901
v -0.420694 0.030748 0.343483
v -0.405763 -0.015370 0.394390
v -0.433111 -0.015370 0.345888
v -0.345131 -0.015370 0.411290
v -0.399149 0.007689 -0.282952
v -0.312884 0.007689 -0.342984
v -0.399149 -0.015370 -0.282952
v -0.485414 0.007689 -0.222920
v -0.399149 0.030748 -0.282952
v -0.384614 -0.015370 -0.260252
v -0.332503 -0.015370 -0.272075
v -0.418768 -0.015370 -0.212043
v 0.339331 0.007689 0.068479
v 0.339331 0.007689 0.159243
v 0.339331 -0.015370 0.068479
v 0.339331 0.007689 -0.022285
v 0.339331 0.030748 0.068479
v -0.396125 0.181313 -0.278565
v -0.477607 0.181313 -0.221480
v -0.392788 0.181313 -0.273678
v -0.314329 0.181313 -0.335151
v -0.399149 0.181313 -0.282952
v 0.000596 0.007689 0.321850
v 0.000596 -0.015370 0.321850
v 0.000596 0.030748 0.321850
v -0.034119 0.030748 0.297809
v -0.340926 0.030748 0.470068
v 0.333722 0.030748 0.161136
v -0.012005 0.030748 0.250576
v -0.027519 0.030748 -0.159233
v -0.314329 0.030748 -0.335151
v -0.333949 0.030748 -0.264242
v -0.012814 0.030748 -0.113892
v 0.332913 0.030748 -0.024452
v 0.013224 0.030748 -0.182634
v 0.013224 0.007689 -0.182634
v 0.013224 -0.015370 -0.182634
v -0.027632 -0.015370 -0.159032
v -0.006396 -0.015370 -0.111726
v -0.034014 -0.015370 0.297599
v -0.006396 -0.015370 0.248683
v -0.063945 -0.015370 0.068479
v -0.352123 -0.015370 0.068479
v -0.428063 -0.015370 0.072337
v -0.499756 -0.015370 0.065366
v -0.499756 0.007689 0.065366
v -0.499756 0.030748 0.065366
v -0.428085 0.030748 0.072240
v -0.501682 0.030748 0.351248
v -0.352123 0.030748 0.068479
v -0.410962 0.030748 -0.210603
v -0.477607 0.030748 -0.221480
v 0.333192 0.179816 0.067940
v 0.332913 0.179816 -0.024452
v 0.327304 0.179816 0.068206
v 0.333722 0.179816 0.161136
v 0.339331 0.179816 0.068479
v -0.421003 0.185945 0.411898
v -0.426119 0.185945 0.419055
v -0.340926 0.185945 0.470068
v -0.416489 0.185945 0.402261
v -0.501682 0.185945 0.351248
v -0.380102 0.030748 -0.253694
v -0.392788 0.030748 -0.273678
v -0.477607 0.106031 -0.221480
v -0.469801 0.106031 -0.220039
v -0.485414 0.106031 -0.222920
v -0.392788 0.106031 -0.273678
v -0.315775 0.106031 -0.327318
v -0.314329 0.106031 -0.335151
v -0.312884 0.106031 -0.342984
v -0.399149 0.106031 -0.282952
v -0.426119 0.108347 0.419055
v -0.338139 0.108347 0.484457
v -0.514099 0.108347 0.353653
v -0.340926 0.108347 0.470068
v -0.343713 0.108347 0.455679
v -0.416489 0.108347 0.402261
v -0.489266 0.108347 0.348843
v -0.501682 0.108347 0.351248
v -0.068119 0.030748 0.068510
v 0.327304 0.030748 0.068206
v 0.332913 0.105282 -0.024452
v 0.326494 0.105282 -0.026618
v 0.339331 0.105282 -0.022285
v 0.327304 0.105282 0.068206
v 0.328113 0.105282 0.163029
v 0.333722 0.105282 0.161136
v 0.339331 0.105282 0.159243
v 0.339331 0.105282 0.068479
v -0.470109 -0.003840 0.386354
v -0.514099 -0.003840 0.353653
v -0.470109 -0.015370 0.386354
v -0.426119 -0.003840 0.419055
v -0.470109 0.007689 0.386354
v -0.440070 0.030748 0.366228
v -0.454980 0.030748 0.346163
v -0.452878 0.030748 0.375552
v -0.407884 0.030748 0.392263
v -0.409987 0.030748 0.362875
v -0.454787 -0.015370 0.374770
v -0.473605 -0.015370 0.349771
v -0.419437 -0.015370 0.370139
v -0.415941 -0.015370 0.406722
v -0.356016 0.019219 -0.312968
v -0.356016 0.030748 -0.312968
v -0.312884 0.019219 -0.342984
v -0.356016 0.007689 -0.312968
v -0.399149 0.019219 -0.282952
v -0.350809 -0.015370 -0.297465
v -0.356016 -0.015370 -0.312968
v -0.322694 -0.015370 -0.307529
v -0.358559 -0.015370 -0.266164
v -0.391881 -0.015370 -0.271602
v 0.339331 0.019219 0.113861
v 0.339331 0.030748 0.113861
v 0.339331 0.019219 0.159243
v 0.339331 0.007689 0.113861
v 0.339331 0.019219 0.068479
v -0.440146 0.181313 -0.251166
v -0.442281 0.181313 -0.252936
v -0.481511 0.181313 -0.222200
v -0.436866 0.181313 -0.250022
v -0.397637 0.181313 -0.280758
v -0.168771 0.019219 0.403153
v -0.168771 0.030748 0.403153
v -0.338139 0.019219 0.484457
v -0.168771 0.007689 0.403153
v 0.000596 0.019219 0.321850
v -0.187815 0.030748 0.320511
v -0.182064 0.030748 0.294350
v -0.350020 0.030748 0.367512
v -0.191019 0.030748 0.347355
v -0.023062 0.030748 0.274193
v -0.152080 0.030748 -0.250933
v -0.149830 0.030748 -0.262809
v -0.313607 0.030748 -0.339067
v -0.170924 0.030748 -0.247192
v -0.007148 0.030748 -0.170934
v -0.149830 -0.003840 -0.262809
v -0.149830 -0.015370 -0.262809
v -0.312884 -0.003840 -0.342984
v -0.149830 0.007689 -0.262809
v 0.013224 -0.003840 -0.182634
v 0.149209 -0.015370 -0.093030
v 0.176277 -0.015370 -0.102460
v 0.166468 -0.015370 -0.067005
v -0.017014 -0.015370 -0.135379
v -0.007204 -0.015370 -0.170833
v -0.184778 -0.015370 0.382739
v -0.168771 -0.015370 0.403153
v -0.341635 -0.015370 0.447874
v -0.189572 -0.015370 0.354445
v -0.016709 -0.015370 0.309725
v -0.204299 -0.015370 0.189592
v -0.179259 -0.015370 0.293404
v -0.352123 -0.015370 0.203301
v -0.208034 -0.015370 0.068479
v -0.035170 -0.015370 0.158581
v -0.458237 -0.015370 -0.073436
v -0.492585 -0.015370 -0.078777
v -0.452091 -0.015370 -0.217482
v -0.423416 -0.015370 -0.069853
v -0.463910 -0.015370 0.068852
v -0.492585 0.019219 -0.078777
v -0.492585 0.030748 -0.078777
v -0.485414 0.019219 -0.222920
v -0.492585 0.007689 -0.078777
v -0.499756 0.019219 0.065366
v -0.483937 0.030748 0.197908
v -0.506928 0.030748 0.209509
v -0.507891 0.030748 0.352450
v -0.464884 0.030748 0.211744
v -0.463921 0.030748 0.068803
v 0.336165 0.179816 0.022272
v 0.339331 0.179816 0.023097
v 0.336122 0.179816 -0.023368
v 0.333052 0.179816 0.021744
v 0.336262 0.179816 0.068209
v -0.466590 0.185945 0.383530
v -0.507891 0.185945 0.352450
v -0.470109 0.185945 0.386354
v -0.423561 0.185945 0.415477
v -0.461343 0.185945 0.381573
v -0.349770 0.030748 -0.286845
v -0.324862 0.030748 -0.295780
v -0.354281 0.030748 -0.300498
v -0.386445 0.030748 -0.263686
v -0.357025 0.030748 -0.258968
v -0.481511 0.068390 -0.222200
v -0.485414 0.068390 -0.222920
v -0.481511 0.030748 -0.222200
v -0.477607 0.068390 -0.221480
v -0.481511 0.106031 -0.222200
v -0.431294 0.068390 -0.246859
v -0.469801 0.068390 -0.220039
v -0.431294 0.030748 -0.246859
v -0.392788 0.068390 -0.273678
v -0.431294 0.106031 -0.246859
v -0.315052 0.068390 -0.331234
v -0.315775 0.068390 -0.327318
v -0.315052 0.030748 -0.331234
v -0.314329 0.068390 -0.335151
v -0.315052 0.106031 -0.331234
v -0.356016 0.068390 -0.312968
v -0.312884 0.068390 -0.342984
v -0.399149 0.068390 -0.282952
v -0.356016 0.106031 -0.312968
v -0.470109 0.069548 0.386354
v -0.514099 0.069548 0.353653
v -0.470109 0.030748 0.386354
v -0.426119 0.069548 0.419055
v -0.470109 0.108347 0.386354
v -0.339532 0.069548 0.477262
v -0.338139 0.069548 0.484457
v -0.339532 0.030748 0.477262
v -0.340926 0.069548 0.470068
v -0.339532 0.108347 0.477262
v -0.380101 0.069548 0.428970
v -0.343713 0.069548 0.455679
v -0.380101 0.030748 0.428970
v -0.416489 0.069548 0.402261
v -0.380101 0.108347 0.428970
v -0.495474 0.069548 0.350046
v -0.489266 0.069548 0.348843
v -0.495474 0.030748 0.350046
v -0.501682 0.069548 0.351248
v -0.495474 0.108347 0.350046
v 0.126163 0.030748 0.136651
v 0.158054 0.030748 0.206803
v 0.327708 0.030748 0.115617
v 0.129592 0.030748 0.068358
v -0.040062 0.030748 0.159543
v 0.336122 0.068015 -0.023368
v 0.339331 0.068015 -0.022285
v 0.336122 0.030748 -0.023368
v 0.332913 0.068015 -0.024452
v 0.336122 0.105282 -0.023368
v 0.326899 0.068015 0.020794
v 0.326494 0.068015 -0.026618
v 0.326899 0.030748 0.020794
v 0.327304 0.068015 0.068206
v 0.326899 0.105282 0.020794
v 0.330918 0.068015 0.162083
v 0.328113 0.068015 0.163029
v 0.330918 0.030748 0.162083
v 0.333722 0.068015 0.161136
v 0.330918 0.105282 0.162083
v 0.339331 0.068015 0.113861
v 0.339331 0.068015 0.159243
v 0.339331 0.068015 0.068479
v 0.339331 0.105282 0.113861
v -0.382129 -0.003840 0.451756
v -0.382129 -0.015370 0.451756
v -0.338139 -0.003840 0.484457
v -0.382129 0.007689 0.451756
v -0.382129 0.019219 0.451756
v -0.382129 0.030748 0.451756
v -0.426119 0.019219 0.419055
v -0.470109 0.019219 0.386354
v -0.514099 0.019219 0.353653
v -0.372962 0.030748 0.414866
v -0.345815 0.030748 0.426290
v -0.373599 0.030748 0.389584
v -0.378495 0.030748 0.363680
v -0.386409 0.030748 0.340804
v -0.382303 -0.015370 0.370524
v -0.392617 -0.015370 0.342006
v -0.348627 -0.015370 0.374707
v -0.375447 -0.015370 0.402840
v -0.373801 -0.015370 0.434477
v -0.356016 -0.003840 -0.312968
v -0.399149 -0.003840 -0.282952
v -0.442281 -0.003840 -0.252936
v -0.442281 -0.015370 -0.252936
v -0.485414 -0.003840 -0.222920
v -0.442281 0.007689 -0.252936
v -0.442281 0.019219 -0.252936
v -0.442281 0.030748 -0.252936
v -0.371053 -0.015370 -0.234743
v -0.342313 -0.015370 -0.236620
v -0.385446 -0.015370 -0.206605
v -0.401691 -0.015370 -0.236148
v -0.430319 -0.015370 -0.241791
v 0.339331 -0.003840 0.113861
v 0.339331 -0.003840 0.159243
v 0.339331 -0.015370 0.113861
v 0.339331 -0.003840 0.068479
v 0.339331 -0.003840 0.023097
v 0.339331 -0.015370 0.023097
v 0.339331 -0.003840 -0.022285
v 0.339331 0.007689 0.023097
v 0.339331 0.019219 0.023097
v 0.339331 0.019219 -0.022285
v 0.339331 0.030748 0.023097
v -0.434542 0.181313 -0.248214
v -0.473704 0.181313 -0.220760
v -0.431294 0.181313 -0.246859
v -0.394456 0.181313 -0.276122
v -0.354374 0.181313 -0.304036
v -0.354281 0.181313 -0.300498
v -0.315052 0.181313 -0.331234
v -0.355227 0.181313 -0.306858
v -0.355123 0.181313 -0.310345
v -0.313607 0.181313 -0.339067
v -0.356016 0.181313 -0.312968
v -0.168771 -0.003840 0.403153
v 0.000596 -0.003840 0.321850
v 0.169964 -0.003840 0.240546
v 0.169964 -0.015370 0.240546
v 0.169964 0.007689 0.240546
v 0.169964 0.019219 0.240546
v 0.169964 0.030748 0.240546
v -0.204417 0.030748 0.372824
v -0.342319 0.030748 0.462873
v -0.187523 0.030748 0.383938
v -0.172190 0.030748 0.390896
v -0.016762 0.030748 0.309829
v 0.151820 0.030748 0.238224
v 0.336527 0.030748 0.160190
v 0.149801 0.030748 0.229472
v 0.143509 0.030748 0.221953
v -0.190584 0.030748 -0.236802
v -0.180734 0.030748 -0.211737
v -0.185315 0.030748 -0.184821
v -0.343036 0.030748 -0.232704
v -0.182469 0.030748 -0.157529
v -0.020167 0.030748 -0.136562
v 0.145618 0.030748 -0.084394
v 0.156840 0.030748 -0.070255
v 0.329703 0.030748 -0.025535
v 0.152697 0.030748 -0.091842
v 0.155566 0.030748 -0.100709
v 0.176277 0.030748 -0.102460
v -0.149830 0.019219 -0.262809
v 0.013224 0.019219 -0.182634
v 0.176277 0.019219 -0.102460
v 0.176277 0.007689 -0.102460
v 0.176277 -0.003840 -0.102460
v -0.184021 -0.015370 -0.186192
v -0.179259 -0.015370 -0.156446
v -0.180068 -0.015370 -0.215554
v -0.169378 -0.015370 -0.242527
v -0.187731 -0.015370 0.324035
v -0.020205 -0.015370 0.273141
v 0.146121 -0.015370 0.230550
v 0.166468 -0.015370 0.203963
v -0.204299 -0.015370 -0.052634
v -0.352123 -0.015370 -0.066343
v -0.035170 -0.015370 -0.021623
v 0.133729 -0.015370 0.001628
v 0.137693 -0.015370 0.068479
v 0.133729 -0.015370 0.135330
v -0.388558 -0.015370 -0.066446
v -0.390093 -0.015370 0.070408
v -0.391586 -0.015370 0.207255
v -0.430587 -0.015370 0.209113
v -0.469623 -0.015370 0.211146
v -0.506928 -0.015370 0.209509
v -0.492585 -0.003840 -0.078777
v -0.499756 -0.003840 0.065366
v -0.506928 -0.003840 0.209510
v -0.506928 0.007689 0.209509
v -0.506928 0.019219 0.209509
v -0.447292 0.030748 0.227245
v -0.424390 0.030748 0.207862
v -0.388365 0.030748 0.204153
v -0.352123 0.030748 0.203301
v -0.390104 0.030748 0.070360
v -0.386597 0.030748 -0.064488
v -0.352123 0.030748 -0.066343
v -0.381542 0.030748 -0.205884
v -0.419523 0.030748 -0.069181
v -0.437402 0.030748 -0.086956
v -0.440381 0.030748 -0.215321
v -0.473704 0.030748 -0.220760
v -0.452846 0.030748 -0.074620
v -0.471595 0.030748 -0.062683
v 0.329937 0.179816 0.021057
v 0.329703 0.179816 -0.025535
v 0.326899 0.179816 0.020794
v 0.330248 0.179816 0.068073
v 0.330559 0.179816 0.115088
v 0.327708 0.179816 0.115617
v 0.330918 0.179816 0.162083
v 0.333457 0.179816 0.114538
v 0.336358 0.179816 0.114147
v 0.336527 0.179816 0.160190
v 0.339331 0.179816 0.113861
v -0.380513 0.185945 0.447397
v -0.382129 0.185945 0.451756
v -0.339532 0.185945 0.477262
v -0.380965 0.185945 0.440983
v -0.379835 0.185945 0.435742
v -0.342319 0.185945 0.462873
v -0.380101 0.185945 0.428970
v -0.418746 0.185945 0.407080
v -0.457679 0.185945 0.378446
v -0.452878 0.185945 0.375552
v -0.495474 0.185945 0.350046
v -0.420797 0.030748 -0.237034
v -0.395532 0.030748 -0.232148
v -0.368479 0.030748 -0.231001
v -0.473704 0.068390 -0.220760
v -0.473704 0.106031 -0.220760
v -0.473704 0.143672 -0.220760
v -0.469801 0.143672 -0.220039
v -0.477607 0.143672 -0.221480
v -0.481511 0.143672 -0.222200
v -0.485414 0.143672 -0.222920
v -0.354281 0.068390 -0.300498
v -0.354281 0.106031 -0.300498
v -0.354281 0.143672 -0.300498
v -0.315775 0.143672 -0.327318
v -0.392788 0.143672 -0.273678
v -0.431294 0.143672 -0.246859
v -0.313607 0.068390 -0.339067
v -0.313607 0.106031 -0.339067
v -0.313607 0.143672 -0.339067
v -0.312884 0.143672 -0.342984
v -0.314329 0.143672 -0.335151
v -0.315052 0.143672 -0.331234
v -0.442281 0.068390 -0.252936
v -0.442281 0.106031 -0.252936
v -0.442281 0.143672 -0.252936
v -0.399149 0.143672 -0.282952
v -0.356016 0.143672 -0.312968
v -0.382129 0.069548 0.451756
v -0.382129 0.108347 0.451756
v -0.382129 0.147146 0.451756
v -0.338139 0.147146 0.484457
v -0.426119 0.147146 0.419055
v -0.470109 0.147146 0.386354
v -0.514099 0.147146 0.353653
v -0.342319 0.069548 0.462873
v -0.342319 0.108347 0.462873
v -0.342319 0.147146 0.462873
v -0.343713 0.147146 0.455679
v -0.340926 0.147146 0.470068
v -0.339532 0.147146 0.477262
v -0.452878 0.069548 0.375552
v -0.452878 0.108347 0.375552
v -0.452878 0.147146 0.375552
v -0.489266 0.147146 0.348843
v -0.416489 0.147146 0.402261
v -0.380101 0.147146 0.428970
v -0.507891 0.069548 0.352450
v -0.507891 0.108347 0.352450
v -0.507891 0.147146 0.352450
v -0.501682 0.147146 0.351248
v -0.495474 0.147146 0.350046
v 0.125561 0.030748 0.000061
v -0.040467 0.030748 -0.022691
v -0.206709 0.030748 -0.052943
v -0.210121 0.030748 0.068495
v -0.206503 0.030748 0.189931
v 0.329703 0.068015 -0.025535
v 0.329703 0.105282 -0.025535
v 0.329703 0.142549 -0.025535
v 0.326494 0.142549 -0.026618
v 0.332913 0.142549 -0.024452
v 0.336122 0.142549 -0.023368
v 0.339331 0.142549 -0.022285
v 0.327708 0.068015 0.115617
v 0.327708 0.105282 0.115617
v 0.327708 0.142549 0.115617
v 0.328113 0.142549 0.163029
v 0.327304 0.142549 0.068206
v 0.326899 0.142549 0.020794
v 0.336527 0.068015 0.160190
v 0.336527 0.105282 0.160190
v 0.336527 0.142549 0.160190
v 0.339331 0.142549 0.159243
v 0.333722 0.142549 0.161136
v 0.330918 0.142549 0.162083
v 0.339331 0.068015 0.023097
v 0.339331 0.105282 0.023097
v 0.339331 0.142549 0.023097
v 0.339331 0.142549 0.068479
v 0.339331 0.142549 0.113861
v -0.492104 0.001925 0.370003
v -0.492104 0.007689 0.370003
v -0.514099 0.001925 0.353653
v -0.492104 -0.003840 0.370003
v -0.470109 0.001925 0.386354
v -0.432079 0.030748 0.354362
v -0.415341 0.030748 0.353179
v -0.437837 0.030748 0.344823
v -0.447525 0.030748 0.356196
v -0.425028 0.030748 0.364551
v -0.442419 -0.015370 0.396547
v -0.421030 -0.015370 0.412889
v -0.448114 -0.015370 0.402704
v -0.462448 -0.015370 0.380562
v -0.435364 -0.015370 0.390746
v -0.377583 0.024984 -0.297960
v -0.399149 0.024984 -0.282952
v -0.377583 0.030748 -0.297960
v -0.356016 0.024984 -0.312968
v -0.377583 0.019219 -0.297960
v -0.374097 -0.015370 -0.291759
v -0.395515 -0.015370 -0.277277
v -0.377583 -0.015370 -0.297960
v -0.353413 -0.015370 -0.305216
v -0.371345 -0.015370 -0.284534
v 0.339331 0.024984 0.091170
v 0.339331 0.024984 0.068479
v 0.339331 0.030748 0.091170
v 0.339331 0.024984 0.113861
v 0.339331 0.019219 0.091170
v -0.419831 0.181313 -0.266945
v -0.398393 0.181313 -0.281855
v -0.420715 0.181313 -0.267944
v -0.441214 0.181313 -0.252051
v -0.418891 0.181313 -0.265962
v -0.084088 0.024984 0.362502
v 0.000596 0.024984 0.321850
v -0.084088 0.030748 0.362502
v -0.168771 0.024984 0.403153
v -0.084088 0.019219 0.362502
v -0.101338 0.030748 0.284808
v -0.017533 0.030748 0.262385
v -0.097034 0.030748 0.272463
v -0.184940 0.030748 0.307430
v -0.105439 0.030748 0.297352
v -0.071426 0.030748 -0.215883
v 0.003038 0.030748 -0.176784
v -0.068303 0.030748 -0.222722
v -0.150955 0.030748 -0.256871
v -0.079614 0.030748 -0.210933
v -0.068303 -0.009605 -0.222722
v 0.013224 -0.009605 -0.182634
v -0.068303 -0.015370 -0.222722
v -0.149830 -0.009605 -0.262809
v -0.068303 -0.003840 -0.222722
v 0.084071 -0.015370 -0.136840
v 0.003010 -0.015370 -0.176734
v 0.094750 -0.015370 -0.142547
v 0.162743 -0.015370 -0.097745
v 0.071003 -0.015370 -0.131932
v -0.093294 -0.015370 0.354901
v -0.008056 -0.015370 0.315787
v -0.084088 -0.015370 0.362502
v -0.176775 -0.015370 0.392946
v -0.100744 -0.015370 0.346232
v -0.108011 -0.015370 0.223564
v -0.020783 -0.015370 0.203632
v -0.092828 -0.015370 0.271043
v -0.191779 -0.015370 0.241498
v -0.119735 -0.015370 0.174087
v -0.478728 -0.015370 -0.004259
v -0.481833 -0.015370 0.067109
v -0.496171 -0.015370 -0.006705
v -0.475411 -0.015370 -0.076107
v -0.461073 -0.015370 -0.002292
v -0.496171 0.024984 -0.006705
v -0.499756 0.024984 0.065366
v -0.496171 0.030748 -0.006705
v -0.492585 0.024984 -0.078777
v -0.496171 0.019219 -0.006705
v -0.489026 0.030748 0.133401
v -0.481839 0.030748 0.067085
v -0.503342 0.030748 0.137438
v -0.495432 0.030748 0.203709
v -0.473929 0.030748 0.133356
v 0.337763 0.179816 0.045468
v 0.337796 0.179816 0.068344
v 0.339331 0.179816 0.045788
v 0.337748 0.179816 0.022684
v 0.336214 0.179816 0.045241
v -0.484537 0.185945 0.367111
v -0.481513 0.185945 0.366411
v -0.504787 0.185945 0.351849
v -0.487240 0.185945 0.367990
v -0.463966 0.185945 0.382552
v -0.340868 0.030748 -0.276957
v -0.345487 0.030748 -0.261605
v -0.329405 0.030748 -0.280011
v -0.337316 0.030748 -0.291312
v -0.353398 0.030748 -0.272906
v -0.483462 0.087210 -0.222560
v -0.483462 0.106031 -0.222560
v -0.485414 0.087210 -0.222920
v -0.483462 0.068390 -0.222560
v -0.481511 0.087210 -0.222200
v -0.450547 0.087210 -0.233449
v -0.450547 0.106031 -0.233449
v -0.469801 0.087210 -0.220039
v -0.450547 0.068390 -0.233449
v -0.431294 0.087210 -0.246859
v -0.315413 0.087210 -0.329276
v -0.315413 0.106031 -0.329276
v -0.315775 0.087210 -0.327318
v -0.315413 0.068390 -0.329276
v -0.315052 0.087210 -0.331234
v -0.334450 0.087210 -0.327976
v -0.334450 0.106031 -0.327976
v -0.312884 0.087210 -0.342984
v -0.334450 0.068390 -0.327976
v -0.356016 0.087210 -0.312968
v -0.492104 0.088947 0.370003
v -0.492104 0.108347 0.370003
v -0.514099 0.088947 0.353653
v -0.492104 0.069548 0.370003
v -0.470109 0.088947 0.386354
v -0.338836 0.088947 0.480860
v -0.338836 0.108347 0.480860
v -0.338139 0.088947 0.484457
v -0.338836 0.069548 0.480860
v -0.339532 0.088947 0.477262
v -0.361907 0.088947 0.442324
v -0.361907 0.108347 0.442324
v -0.343713 0.088947 0.455679
v -0.361907 0.069548 0.442324
v -0.380101 0.088947 0.428970
v -0.492370 0.088947 0.349444
v -0.492370 0.108347 0.349444
v -0.489266 0.088947 0.348843
v -0.492370 0.069548 0.349444
v -0.495474 0.088947 0.350046
v 0.055298 0.030748 0.189592
v -0.026033 0.030748 0.205060
v 0.073025 0.030748 0.228690
v 0.142108 0.030748 0.171727
v 0.043050 0.030748 0.148097
v 0.337726 0.086649 -0.022827
v 0.337726 0.105282 -0.022827
v 0.339331 0.086649 -0.022285
v 0.337726 0.068015 -0.022827
v 0.336122 0.086649 -0.023368
v 0.326696 0.086649 -0.002912
v 0.326696 0.105282 -0.002912
v 0.326494 0.086649 -0.026618
v 0.326696 0.068015 -0.002912
v 0.326899 0.086649 0.020794
v 0.329515 0.086649 0.162556
v 0.329515 0.105282 0.162556
v 0.328113 0.086649 0.163029
v 0.329515 0.068015 0.162556
v 0.330918 0.086649 0.162083
v 0.339331 0.086649 0.136552
v 0.339331 0.105282 0.136552
v 0.339331 0.086649 0.159243
v 0.339331 0.068015 0.136552
v 0.339331 0.086649 0.113861
v -0.404124 -0.009605 0.435405
v -0.426119 -0.009605 0.419055
v -0.404124 -0.015370 0.435405
v -0.382129 -0.009605 0.451756
v -0.404124 -0.003840 0.435405
v -0.360134 0.013454 0.468106
v -0.360134 0.007689 0.468106
v -0.338139 0.013454 0.484457
v -0.360134 0.019219 0.468106
v -0.382129 0.013454 0.451756
v -0.448114 0.024984 0.402704
v -0.426119 0.024984 0.419055
v -0.448114 0.030748 0.402704
v -0.470109 0.024984 0.386354
v -0.448114 0.019219 0.402704
v -0.394077 0.030748 0.410053
v -0.412187 0.030748 0.397262
v -0.398295 0.030748 0.415615
v -0.376532 0.030748 0.421918
v -0.390423 0.030748 0.403565
v -0.362162 0.030748 0.379245
v -0.360758 0.030748 0.393242
v -0.348969 0.030748 0.382207
v -0.364258 0.030748 0.365596
v -0.376047 0.030748 0.376632
v -0.406669 -0.015370 0.356779
v -0.426274 -0.015370 0.358014
v -0.412864 -0.015370 0.343947
v -0.387460 -0.015370 0.356265
v -0.400870 -0.015370 0.370331
v -0.358384 -0.015370 0.424753
v -0.360289 -0.015370 0.407065
v -0.343383 -0.015370 0.429582
v -0.357718 -0.015370 0.441175
v -0.374624 -0.015370 0.418658
v -0.334450 0.001925 -0.327976
v -0.334450 0.007689 -0.327976
v -0.312884 0.001925 -0.342984
v -0.334450 -0.003840 -0.327976
v -0.356016 0.001925 -0.312968
v -0.420715 -0.009605 -0.267944
v -0.399149 -0.009605 -0.282952
v -0.420715 -0.015370 -0.267944
v -0.442281 -0.009605 -0.252936
v -0.420715 -0.003840 -0.267944
v -0.463848 0.013454 -0.237928
v -0.463848 0.007689 -0.237928
v -0.485414 0.013454 -0.222920
v -0.463848 0.019219 -0.237928
v -0.442281 0.013454 -0.252936
v -0.350876 -0.015370 -0.252170
v -0.345531 -0.015370 -0.269119
v -0.337408 -0.015370 -0.254348
v -0.356683 -0.015370 -0.235682
v -0.364806 -0.015370 -0.250453
v -0.426456 -0.015370 -0.226491
v -0.410230 -0.015370 -0.224095
v -0.435430 -0.015370 -0.214762
v -0.441205 -0.015370 -0.229636
v -0.416005 -0.015370 -0.238969
v 0.339331 0.001925 0.136552
v 0.339331 0.007689 0.136552
v 0.339331 0.001925 0.159243
v 0.339331 -0.003840 0.136552
v 0.339331 0.001925 0.113861
v 0.339331 -0.009605 0.045788
v 0.339331 -0.009605 0.068479
v 0.339331 -0.015370 0.045788
v 0.339331 -0.009605 0.023097
v 0.339331 -0.003840 0.045788
v 0.339331 0.013454 0.000406
v 0.339331 0.007689 0.000406
v 0.339331 0.013454 -0.022285
v 0.339331 0.019219 0.000406
v 0.339331 0.013454 0.023097
v -0.455904 0.181313 -0.234993
v -0.457237 0.181313 -0.235751
v -0.475656 0.181313 -0.221120
v -0.454123 0.181313 -0.234487
v -0.435704 0.181313 -0.249118
v -0.373872 0.181313 -0.288689
v -0.393622 0.181313 -0.274900
v -0.373534 0.181313 -0.287088
v -0.354328 0.181313 -0.302267
v -0.374415 0.181313 -0.290079
v -0.334476 0.181313 -0.322933
v -0.334778 0.181313 -0.321004
v -0.313968 0.181313 -0.337109
v -0.334365 0.181313 -0.324706
v -0.355175 0.181313 -0.308601
v -0.253455 0.001925 0.443805
v -0.253455 0.007689 0.443805
v -0.338139 0.001925 0.484457
v -0.253455 -0.003840 0.443805
v -0.168771 0.001925 0.403153
v 0.085280 -0.009605 0.281198
v 0.000596 -0.009605 0.321850
v 0.085280 -0.015370 0.281198
v 0.169964 -0.009605 0.240546
v 0.085280 -0.003840 0.281198
v 0.254647 0.013454 0.199895
v 0.254647 0.007689 0.199895
v 0.339331 0.013454 0.159243
v 0.254647 0.019219 0.199895
v 0.169964 0.013454 0.240546
v -0.272328 0.030748 0.385400
v -0.269468 0.030748 0.372128
v -0.346867 0.030748 0.411596
v -0.275116 0.030748 0.399557
v -0.197718 0.030748 0.360089
v -0.257946 0.030748 0.429598
v -0.264224 0.030748 0.427003
v -0.340229 0.030748 0.473665
v -0.255861 0.030748 0.434079
v -0.179856 0.030748 0.387417
v 0.075926 0.030748 0.277917
v -0.008083 0.030748 0.315840
v 0.085280 0.030748 0.281198
v 0.160892 0.030748 0.239385
v 0.067529 0.030748 0.274027
v 0.237918 0.030748 0.194200
v 0.241762 0.030748 0.195304
v 0.332320 0.030748 0.161609
v 0.237213 0.030748 0.192018
v 0.146655 0.030748 0.225713
v -0.244062 0.030748 -0.285344
v -0.242627 0.030748 -0.291171
v -0.314691 0.030748 -0.333192
v -0.252818 0.030748 -0.284018
v -0.180754 0.030748 -0.241997
v -0.261892 0.030748 -0.223625
v -0.257341 0.030748 -0.237989
v -0.338492 0.030748 -0.248473
v -0.264175 0.030748 -0.208762
v -0.183024 0.030748 -0.198279
v 0.066145 0.030748 -0.101598
v -0.016491 0.030748 -0.125227
v 0.072013 0.030748 -0.092073
v 0.151229 0.030748 -0.077325
v 0.062726 0.030748 -0.110478
v 0.243007 0.030748 -0.060647
v 0.242805 0.030748 -0.058147
v 0.334517 0.030748 -0.023910
v 0.245844 0.030748 -0.062039
v 0.154132 0.030748 -0.096275
v -0.231357 0.013454 -0.302896
v -0.231357 0.007689 -0.302896
v -0.312884 0.013454 -0.342984
v -0.231357 0.019219 -0.302896
v -0.149830 0.013454 -0.262809
v 0.094750 0.024984 -0.142547
v 0.013224 0.024984 -0.182634
v 0.094750 0.030748 -0.142547
v 0.176277 0.024984 -0.102460
v 0.094750 0.019219 -0.142547
v 0.257804 0.001925 -0.062372
v 0.257804 0.007689 -0.062373
v 0.339331 0.001925 -0.022285
v 0.257804 -0.003840 -0.062372
v 0.176277 0.001925 -0.102460
v -0.097507 -0.015370 -0.147550
v -0.011705 -0.015370 -0.123552
v -0.092828 -0.015370 -0.134086
v -0.181640 -0.015370 -0.171319
v -0.100517 -0.015370 -0.160785
v -0.252614 -0.015370 -0.260175
v -0.256285 -0.015370 -0.243814
v -0.327598 -0.015370 -0.289802
v -0.246036 -0.015370 -0.275028
v -0.174723 -0.015370 -0.229040
v -0.269007 -0.015370 0.366412
v -0.267352 -0.015370 0.382868
v -0.346879 -0.015370 0.392999
v -0.268179 -0.015370 0.349371
v -0.188652 -0.015370 0.339240
v 0.072750 -0.015370 0.238586
v -0.013300 -0.015370 0.260912
v 0.080036 -0.015370 0.226323
v 0.156294 -0.015370 0.217257
v 0.062958 -0.015370 0.251846
v -0.280953 -0.015370 0.003900
v -0.280078 -0.015370 0.068479
v -0.352123 -0.015370 0.001068
v -0.278211 -0.015370 -0.059489
v -0.206167 -0.015370 0.007922
v 0.061847 -0.015370 -0.050904
v -0.020783 -0.015370 -0.066674
v 0.080036 -0.015370 -0.089365
v 0.150098 -0.015370 -0.032689
v 0.049279 -0.015370 -0.009998
v 0.233291 -0.015370 0.097033
v 0.238512 -0.015370 0.068479
v 0.339331 -0.015370 0.091170
v 0.236530 -0.015370 0.124595
v 0.135711 -0.015370 0.101904
v -0.404155 -0.015370 -0.138497
v -0.421092 -0.015370 -0.140948
v -0.402107 -0.015370 -0.209324
v -0.387002 -0.015370 -0.136525
v -0.405987 -0.015370 -0.068150
v -0.371596 -0.015370 0.137688
v -0.371108 -0.015370 0.069443
v -0.352123 -0.015370 0.135890
v -0.371854 -0.015370 0.205278
v -0.390839 -0.015370 0.138831
v -0.451844 -0.015370 0.279296
v -0.431849 -0.015370 0.277500
v -0.453358 -0.015370 0.347829
v -0.471614 -0.015370 0.280458
v -0.450105 -0.015370 0.210129
v -0.488999 0.001925 -0.150849
v -0.489000 0.007689 -0.150849
v -0.485414 0.001925 -0.222920
v -0.488999 -0.003840 -0.150849
v -0.492585 0.001925 -0.078777
v -0.503342 -0.009605 0.137438
v -0.499756 -0.009605 0.065366
v -0.503342 -0.015370 0.137438
v -0.506928 -0.009605 0.209509
v -0.503342 -0.003840 0.137438
v -0.510513 0.013454 0.281581
v -0.510513 0.007689 0.281581
v -0.514099 0.013454 0.353653
v -0.510513 0.019219 0.281581
v -0.506928 0.013454 0.209509
v -0.476384 0.030748 0.281256
v -0.483283 0.030748 0.281496
v -0.498578 0.030748 0.350647
v -0.471383 0.030748 0.288645
v -0.456088 0.030748 0.219495
v -0.404921 0.030748 0.273709
v -0.422542 0.030748 0.275673
v -0.403552 0.030748 0.342143
v -0.387387 0.030748 0.272478
v -0.406378 0.030748 0.206007
v -0.370249 0.030748 0.002692
v -0.371113 0.030748 0.069419
v -0.352123 0.030748 0.001068
v -0.369360 0.030748 -0.065416
v -0.388350 0.030748 0.002936
v -0.426564 0.030748 -0.146237
v -0.415242 0.030748 -0.139892
v -0.425671 0.030748 -0.212962
v -0.438891 0.030748 -0.151139
v -0.428463 0.030748 -0.078069
v -0.470601 0.030748 -0.140980
v -0.465227 0.030748 -0.148050
v -0.479559 0.030748 -0.221840
v -0.476553 0.030748 -0.142442
v -0.462221 0.030748 -0.068652
v 0.331395 0.179816 -0.001844
v 0.332982 0.179816 -0.001354
v 0.331308 0.179816 -0.024993
v 0.329820 0.179816 -0.002239
v 0.331495 0.179816 0.021401
v 0.328949 0.179816 0.091735
v 0.328776 0.179816 0.068139
v 0.327506 0.179816 0.091912
v 0.329134 0.179816 0.115353
v 0.330404 0.179816 0.091580
v 0.335008 0.179816 0.137512
v 0.333590 0.179816 0.137837
v 0.335124 0.179816 0.160663
v 0.336442 0.179816 0.137168
v 0.334907 0.179816 0.114342
v -0.403045 0.185945 0.433476
v -0.424840 0.185945 0.417266
v -0.404124 0.185945 0.435405
v -0.381321 0.185945 0.449576
v -0.402037 0.185945 0.431437
v -0.360658 0.185945 0.452763
v -0.360945 0.185945 0.455525
v -0.341623 0.185945 0.466471
v -0.361077 0.185945 0.449308
v -0.380400 0.185945 0.438363
v -0.436554 0.185945 0.390856
v -0.417618 0.185945 0.404670
v -0.434684 0.185945 0.388906
v -0.455278 0.185945 0.376999
v -0.438213 0.185945 0.392763
v -0.408352 0.030748 -0.255170
v -0.389616 0.030748 -0.268682
v -0.412041 0.030748 -0.260269
v -0.426045 0.030748 -0.241947
v -0.403621 0.030748 -0.250360
v -0.389073 0.030748 -0.219601
v -0.403247 0.030748 -0.221375
v -0.396252 0.030748 -0.208243
v -0.375010 0.030748 -0.218442
v -0.382005 0.030748 -0.231575
v -0.475656 0.049569 -0.221120
v -0.477607 0.049569 -0.221480
v -0.475656 0.030748 -0.221120
v -0.473704 0.049569 -0.220760
v -0.475656 0.068390 -0.221120
v -0.471752 0.124851 -0.220399
v -0.471752 0.106031 -0.220399
v -0.469801 0.124851 -0.220039
v -0.471752 0.143672 -0.220399
v -0.473704 0.124851 -0.220760
v -0.479559 0.162493 -0.221840
v -0.477607 0.162493 -0.221480
v -0.479559 0.181313 -0.221840
v -0.481511 0.162493 -0.222200
v -0.479559 0.143672 -0.221840
v -0.373535 0.049569 -0.287088
v -0.392788 0.049569 -0.273678
v -0.373534 0.030748 -0.287088
v -0.354281 0.049569 -0.300498
v -0.373534 0.068390 -0.287088
v -0.335028 0.124851 -0.313908
v -0.335028 0.106031 -0.313908
v -0.315775 0.124851 -0.327318
v -0.335028 0.143672 -0.313908
v -0.354281 0.124851 -0.300498
v -0.412041 0.162493 -0.260269
v -0.392788 0.162493 -0.273678
v -0.412041 0.181313 -0.260269
v -0.431294 0.162493 -0.246859
v -0.412041 0.143672 -0.260269
v -0.313968 0.049569 -0.337109
v -0.314329 0.049569 -0.335151
v -0.313968 0.030748 -0.337109
v -0.313607 0.049569 -0.339067
v -0.313968 0.068390 -0.337109
v -0.313245 0.124851 -0.341025
v -0.313245 0.106031 -0.341025
v -0.312884 0.124851 -0.342984
v -0.313245 0.143672 -0.341025
v -0.313607 0.124851 -0.339067
v -0.314691 0.162493 -0.333192
v -0.314329 0.162493 -0.335151
v -0.314691 0.181313 -0.333192
v -0.315052 0.162493 -0.331234
v -0.314691 0.143672 -0.333192
v -0.420715 0.049569 -0.267944
v -0.399149 0.049569 -0.282952
v -0.420715 0.030748 -0.267944
v -0.442281 0.049569 -0.252936
v -0.420715 0.068390 -0.267944
v -0.463848 0.124851 -0.237928
v -0.463848 0.106031 -0.237928
v -0.485414 0.124851 -0.222920
v -0.463848 0.143672 -0.237928
v -0.442281 0.124851 -0.252936
v -0.377583 0.162493 -0.297960
v -0.399149 0.162493 -0.282952
v -0.377583 0.181313 -0.297960
v -0.356016 0.162493 -0.312968
v -0.377583 0.143672 -0.297960
v -0.404124 0.050148 0.435405
v -0.426119 0.050148 0.419055
v -0.404124 0.030748 0.435405
v -0.382129 0.050148 0.451756
v -0.404124 0.069548 0.435405
v -0.360134 0.127746 0.468106
v -0.360134 0.108347 0.468106
v -0.338139 0.127746 0.484457
v -0.360134 0.147146 0.468106
v -0.382129 0.127746 0.451756
v -0.448114 0.166546 0.402704
v -0.426119 0.166546 0.419055
v -0.448114 0.185945 0.402704
v -0.470109 0.166546 0.386354
v -0.448114 0.147146 0.402704
v -0.341623 0.050148 0.466471
v -0.340926 0.050148 0.470068
v -0.341623 0.030748 0.466471
v -0.342319 0.050148 0.462873
v -0.341623 0.069548 0.466471
v -0.343016 0.127746 0.459276
v -0.343016 0.108347 0.459276
v -0.343713 0.127746 0.455679
v -0.343016 0.147146 0.459276
v -0.342319 0.127746 0.462873
v -0.340229 0.166546 0.473665
v -0.340926 0.166546 0.470068
v -0.340229 0.185945 0.473665
v -0.339532 0.166546 0.477262
v -0.340229 0.147146 0.473665
v -0.434684 0.050148 0.388906
v -0.416489 0.050148 0.402261
v -0.434684 0.030748 0.388906
v -0.452878 0.050148 0.375552
v -0.434684 0.069548 0.388907
v -0.471072 0.127746 0.362198
v -0.471072 0.108347 0.362198
v -0.489266 0.127746 0.348843
v -0.471072 0.147146 0.362198
v -0.452878 0.127746 0.375552
v -0.398295 0.166546 0.415615
v -0.416489 0.166546 0.402261
v -0.398295 0.185945 0.415615
v -0.380101 0.166546 0.428970
v -0.398295 0.147146 0.415615
v -0.504787 0.050148 0.351849
v -0.501682 0.050148 0.351248
v -0.504787 0.030748 0.351849
v -0.507891 0.050148 0.352450
v -0.504787 0.069548 0.351849
v -0.510995 0.127746 0.353052
v -0.510995 0.108347 0.353052
v -0.514099 0.127746 0.353653
v -0.510995 0.147146 0.353052
v -0.507891 0.127746 0.352450
v -0.498578 0.166546 0.350647
v -0.501682 0.166546 0.351248
v -0.498578 0.185945 0.350647
v -0.495474 0.166546 0.350046
v -0.498578 0.147146 0.350647
v 0.223268 0.030748 0.038882
v 0.228448 0.030748 0.068282
v 0.327101 0.030748 0.044500
v 0.226230 0.030748 0.010428
v 0.127577 0.030748 0.034210
v -0.112319 0.030748 -0.087726
v -0.026640 0.030748 -0.068291
v -0.097642 0.030748 -0.135710
v -0.194589 0.030748 -0.105236
v -0.123588 0.030748 -0.037817
v -0.281971 0.030748 0.133131
v -0.281122 0.030748 0.068487
v -0.352123 0.030748 0.135890
v -0.279313 0.030748 0.196616
v -0.208312 0.030748 0.129213
v 0.331308 0.049382 -0.024993
v 0.332913 0.049382 -0.024452
v 0.331308 0.030748 -0.024993
v 0.329703 0.049382 -0.025535
v 0.331308 0.068015 -0.024993
v 0.328099 0.123915 -0.026076
v 0.328099 0.105282 -0.026076
v 0.326494 0.123915 -0.026618
v 0.328099 0.142549 -0.026076
v 0.329703 0.123915 -0.025535
v 0.334517 0.161182 -0.023910
v 0.332913 0.161182 -0.024452
v 0.334517 0.179816 -0.023910
v 0.336122 0.161182 -0.023368
v 0.334517 0.142549 -0.023910
v 0.327506 0.049382 0.091912
v 0.327304 0.049382 0.068206
v 0.327506 0.030748 0.091912
v 0.327708 0.049382 0.115617
v 0.327506 0.068015 0.091912
v 0.327911 0.123915 0.139323
v 0.327911 0.105282 0.139323
v 0.328113 0.123915 0.163029
v 0.327911 0.142549 0.139323
v 0.327708 0.123915 0.115617
v 0.327101 0.161182 0.044500
v 0.327304 0.161182 0.068206
v 0.327101 0.179816 0.044500
v 0.326899 0.161182 0.020794
v 0.327101 0.142549 0.044500
v 0.335124 0.049382 0.160663
v 0.333722 0.049382 0.161136
v 0.335124 0.030748 0.160663
v 0.336527 0.049382 0.160190
v 0.335124 0.068015 0.160663
v 0.337929 0.123915 0.159716
v 0.337929 0.105282 0.159716
v 0.339331 0.123915 0.159243
v 0.337929 0.142549 0.159716
v 0.336527 0.123915 0.160190
v 0.332320 0.161182 0.161609
v 0.333722 0.161182 0.161136
v 0.332320 0.179816 0.161609
v 0.330918 0.161182 0.162083
v 0.332320 0.142549 0.161609
v 0.339331 0.049382 0.045788
v 0.339331 0.049382 0.068479
v 0.339331 0.030748 0.045788
v 0.339331 0.049382 0.023097
v 0.339331 0.068015 0.045788
v 0.339331 0.123915 0.000406
v 0.339331 0.105282 0.000406
v 0.339331 0.123915 -0.022285
v 0.339331 0.142549 0.000406
v 0.339331 0.123915 0.023097
v 0.339331 0.161182 0.091170
v 0.339331 0.161182 0.068479
v 0.339331 0.179816 0.091170
v 0.339331 0.161182 0.113861
v 0.339331 0.142549 0.091170
v -0.492104 -0.009605 0.370003
v -0.514099 -0.009605 0.353653
v -0.492104 -0.015370 0.370003
v -0.470109 -0.009605 0.386354
v -0.448114 -0.009605 0.402704
v -0.448114 -0.003840 0.402704
v -0.448114 0.001925 0.402704
v -0.426119 0.001925 0.419055
v -0.448114 0.007689 0.402704
v -0.463244 0.030748 0.357897
v -0.472123 0.030748 0.347503
v -0.471072 0.030748 0.362198
v -0.446474 0.030748 0.370890
v -0.429897 0.030748 0.383930
v -0.423977 0.030748 0.379246
v -0.417756 0.030748 0.374696
v -0.403582 0.030748 0.387265
v -0.404633 0.030748 0.372570
v -0.482708 -0.015370 0.364638
v -0.493852 -0.015370 0.351712
v -0.464196 -0.015370 0.362270
v -0.446019 -0.015370 0.359739
v -0.437112 -0.015370 0.372454
v -0.427941 -0.015370 0.385110
v -0.412600 -0.015370 0.382265
v -0.410852 -0.015370 0.400556
v -0.334450 0.024984 -0.327976
v -0.334450 0.030748 -0.327976
v -0.312884 0.024984 -0.342984
v -0.334450 0.019219 -0.327976
v -0.334450 0.013454 -0.327976
v -0.356016 0.013454 -0.312968
v -0.377583 0.013454 -0.297960
v -0.377583 0.007689 -0.297960
v -0.399149 0.013454 -0.282952
v -0.332723 -0.015370 -0.318879
v -0.334450 -0.015370 -0.327976
v -0.317789 -0.015370 -0.325256
v -0.336751 -0.015370 -0.302497
v -0.340542 -0.015370 -0.286370
v -0.354684 -0.015370 -0.281814
v -0.368840 -0.015370 -0.277026
v -0.371586 -0.015370 -0.263208
v -0.388248 -0.015370 -0.265927
v 0.339331 0.024984 0.136552
v 0.339331 0.030748 0.136552
v 0.339331 0.024984 0.159243
v 0.339331 0.019219 0.136552
v 0.339331 0.013454 0.136552
v 0.339331 0.013454 0.113861
v 0.339331 0.013454 0.091170
v 0.339331 0.007689 0.091170
v 0.339331 0.013454 0.068479
v -0.462596 0.181313 -0.237157
v -0.463848 0.181313 -0.237928
v -0.483462 0.181313 -0.222560
v -0.460828 0.181313 -0.236683
v -0.459139 0.181313 -0.236154
v -0.438506 0.181313 -0.250594
v -0.417872 0.181313 -0.265035
v -0.416495 0.181313 -0.264294
v -0.396881 0.181313 -0.279662
v -0.253455 0.024984 0.443805
v -0.253455 0.030748 0.443805
v -0.338139 0.024984 0.484457
v -0.253455 0.019219 0.443805
v -0.253455 0.013454 0.443805
v -0.168771 0.013454 0.403153
v -0.084088 0.013454 0.362502
v -0.084088 0.007689 0.362502
v 0.000596 0.013454 0.321850
v -0.268546 0.030748 0.330043
v -0.267093 0.030748 0.316237
v -0.351072 0.030748 0.352818
v -0.268918 0.030748 0.344012
v -0.269687 0.030748 0.358064
v -0.189417 0.030748 0.333933
v -0.109141 0.030748 0.309812
v -0.112569 0.030748 0.322582
v -0.028591 0.030748 0.286001
v -0.230382 0.030748 -0.298031
v -0.231357 0.030748 -0.302896
v -0.313245 0.030748 -0.341025
v -0.232843 0.030748 -0.295000
v -0.234437 0.030748 -0.291380
v -0.161502 0.030748 -0.249062
v -0.088668 0.030748 -0.206568
v -0.099222 0.030748 -0.203212
v -0.017333 0.030748 -0.165083
v -0.231357 -0.009605 -0.302896
v -0.231357 -0.015370 -0.302896
v -0.312884 -0.009605 -0.342984
v -0.231357 -0.003840 -0.302896
v -0.231357 0.001925 -0.302896
v -0.149830 0.001925 -0.262809
v -0.068303 0.001925 -0.222722
v -0.068303 0.007689 -0.222722
v 0.013224 0.001925 -0.182634
v 0.241804 -0.015370 -0.058563
v 0.257804 -0.015370 -0.062373
v 0.252899 -0.015370 -0.044645
v 0.157838 -0.015370 -0.080018
v 0.074290 -0.015370 -0.101288
v 0.066098 -0.015370 -0.114205
v 0.057491 -0.015370 -0.127216
v -0.022323 -0.015370 -0.147206
v -0.017418 -0.015370 -0.164933
v -0.260219 -0.015370 0.431108
v -0.253455 -0.015370 0.443805
v -0.339887 -0.015370 0.466165
v -0.263207 -0.015370 0.415306
v -0.266826 -0.015370 0.399870
v -0.187175 -0.015370 0.368592
v -0.107560 -0.015370 0.337190
v -0.111793 -0.015370 0.326022
v -0.025361 -0.015370 0.303662
v -0.275572 -0.015370 0.259983
v -0.265691 -0.015370 0.315764
v -0.352123 -0.015370 0.270712
v -0.278211 -0.015370 0.196447
v -0.280953 -0.015370 0.133058
v -0.206167 -0.015370 0.129036
v -0.131351 -0.015370 0.124437
v -0.135990 -0.015370 0.068479
v -0.049558 -0.015370 0.113530
v -0.472098 -0.015370 -0.147954
v -0.489000 -0.015370 -0.150849
v -0.468753 -0.015370 -0.220201
v -0.455164 -0.015370 -0.145459
v -0.438229 -0.015370 -0.142965
v -0.440826 -0.015370 -0.071645
v -0.443420 -0.015370 -0.000324
v -0.425739 -0.015370 0.001242
v -0.445986 -0.015370 0.070594
v -0.489000 0.024984 -0.150849
v -0.489000 0.030748 -0.150849
v -0.485414 0.024984 -0.222920
v -0.488999 0.019219 -0.150849
v -0.488999 0.013454 -0.150849
v -0.492585 0.013454 -0.078777
v -0.496171 0.013454 -0.006705
v -0.496171 0.007689 -0.006705
v -0.499756 0.013454 0.065366
v -0.502495 0.030748 0.273905
v -0.510513 0.030748 0.281581
v -0.510995 0.030748 0.353052
v -0.495914 0.030748 0.275179
v -0.489038 0.030748 0.274391
v -0.474410 0.030748 0.204826
v -0.459119 0.030748 0.135350
v -0.446484 0.030748 0.141992
v -0.446003 0.030748 0.070522
v 0.337733 0.179816 -0.000099
v 0.339331 0.179816 0.000406
v 0.337726 0.179816 -0.022827
v 0.336144 0.179816 -0.000548
v 0.334554 0.179816 -0.001007
v 0.334609 0.179816 0.022008
v 0.334664 0.179816 0.045023
v 0.333122 0.179816 0.044842
v 0.334727 0.179816 0.068074
v -0.490066 0.185945 0.368777
v -0.510995 0.185945 0.353052
v -0.492104 0.185945 0.370003
v -0.468349 0.185945 0.384942
v -0.446632 0.185945 0.401105
v -0.445076 0.185945 0.399503
v -0.443397 0.185945 0.397993
v -0.422282 0.185945 0.413687
v -0.441173 0.185945 0.396736
v -0.333553 0.030748 -0.305894
v -0.320318 0.030748 -0.311549
v -0.335028 0.030748 -0.313908
v -0.352026 0.030748 -0.293671
v -0.370493 0.030748 -0.281630
v -0.368107 0.030748 -0.275265
v -0.365940 0.030748 -0.268651
v -0.383273 0.030748 -0.258690
v -0.368564 0.030748 -0.256331
v -0.483462 0.049569 -0.222560
v -0.485414 0.049569 -0.222920
v -0.483462 0.030748 -0.222560
v -0.481511 0.049569 -0.222200
v -0.479559 0.049569 -0.221840
v -0.479559 0.068390 -0.221840
v -0.479559 0.087210 -0.221840
v -0.477607 0.087210 -0.221480
v -0.479559 0.106031 -0.221840
v -0.450547 0.049569 -0.233449
v -0.469801 0.049569 -0.220039
v -0.450547 0.030748 -0.233449
v -0.431294 0.049569 -0.246859
v -0.412041 0.049569 -0.260269
v -0.412041 0.068390 -0.260269
v -0.412041 0.087210 -0.260269
v -0.392788 0.087210 -0.273678
v -0.412041 0.106031 -0.260269
v -0.315413 0.049569 -0.329276
v -0.315775 0.049569 -0.327318
v -0.315413 0.030748 -0.329276
v -0.315052 0.049569 -0.331234
v -0.314691 0.049569 -0.333192
v -0.314691 0.068390 -0.333192
v -0.314691 0.087210 -0.333192
v -0.314329 0.087210 -0.335151
v -0.314691 0.106031 -0.333192
v -0.334450 0.049569 -0.327976
v -0.312884 0.049569 -0.342984
v -0.356016 0.049569 -0.312968
v -0.377583 0.049569 -0.297960
v -0.377583 0.068390 -0.297960
v -0.377583 0.087210 -0.297960
v -0.399149 0.087210 -0.282952
v -0.377583 0.106031 -0.297960
v -0.492104 0.050148 0.370003
v -0.514099 0.050148 0.353653
v -0.492104 0.030748 0.370003
v -0.470109 0.050148 0.386354
v -0.448114 0.050148 0.402704
v -0.448114 0.069548 0.402704
v -0.448114 0.088947 0.402704
v -0.426119 0.088947 0.419055
v -0.448114 0.108347 0.402704
v -0.338836 0.050148 0.480860
v -0.338139 0.050148 0.484457
v -0.338836 0.030748 0.480860
v -0.339532 0.050148 0.477262
v -0.340229 0.050148 0.473665
v -0.340229 0.069548 0.473665
v -0.340229 0.088947 0.473665
v -0.340926 0.088947 0.470068
v -0.340229 0.108347 0.473665
v -0.361907 0.050148 0.442324
v -0.343713 0.050148 0.455679
v -0.361907 0.030748 0.442324
v -0.380101 0.050148 0.428970
v -0.398295 0.050148 0.415615
v -0.398295 0.069548 0.415615
v -0.398295 0.088947 0.415615
v -0.416489 0.088947 0.402261
v -0.398295 0.108347 0.415615
v -0.492370 0.050148 0.349444
v -0.489266 0.050148 0.348843
v -0.492370 0.030748 0.349444
v -0.495474 0.050148 0.350046
v -0.498578 0.050148 0.350647
v -0.498578 0.069548 0.350647
v -0.498578 0.088947 0.350647
v -0.501682 0.088947 0.351248
v -0.498578 0.108347 0.350647
v 0.229097 0.030748 0.154900
v 0.243084 0.030748 0.184916
v 0.327911 0.030748 0.139323
v 0.226936 0.030748 0.126134
v 0.223630 0.030748 0.097699
v 0.127878 0.030748 0.102504
v 0.031924 0.030748 0.106306
v 0.030737 0.030748 0.068434
v -0.054090 0.030748 0.114027
v 0.337726 0.049382 -0.022827
v 0.339331 0.049382 -0.022285
v 0.337726 0.030748 -0.022827
v 0.336122 0.049382 -0.023368
v 0.334517 0.049382 -0.023910
v 0.334517 0.068015 -0.023910
v 0.334517 0.086649 -0.023910
v 0.332913 0.086649 -0.024452
v 0.334517 0.105282 -0.023910
v 0.326696 0.049382 -0.002912
v 0.326494 0.049382 -0.026618
v 0.326696 0.030748 -0.002912
v 0.326899 0.049382 0.020794
v 0.327101 0.049382 0.044500
v 0.327101 0.068015 0.044500
v 0.327101 0.086649 0.044500
v 0.327304 0.086649 0.068206
v 0.327101 0.105282 0.044500
v 0.329515 0.049382 0.162556
v 0.328113 0.049382 0.163029
v 0.329515 0.030748 0.162556
v 0.330918 0.049382 0.162083
v 0.332320 0.049382 0.161609
v 0.332320 0.068015 0.161609
v 0.332320 0.086649 0.161609
v 0.333722 0.086649 0.161136
v 0.332320 0.105282 0.161609
v 0.339331 0.049382 0.136552
v 0.339331 0.049382 0.159243
v 0.339331 0.049382 0.113861
v 0.339331 0.049382 0.091170
v 0.339331 0.068015 0.091170
v 0.339331 0.086649 0.091170
v 0.339331 0.086649 0.068479
v 0.339331 0.105282 0.091170
v -0.360134 -0.009605 0.468106
v -0.360134 -0.015370 0.468106
v -0.338139 -0.009605 0.484457
v -0.360134 -0.003840 0.468106
v -0.360134 0.001925 0.468106
v -0.382129 0.001925 0.451756
v -0.404124 0.001925 0.435405
v -0.404124 0.007689 0.435405
v -0.360134 0.024984 0.468106
v -0.360134 0.030748 0.468106
v -0.382129 0.024984 0.451756
v -0.404124 0.024984 0.435405
v -0.404124 0.019219 0.435405
v -0.404124 0.013454 0.435405
v -0.426119 0.013454 0.419055
v -0.492104 0.024984 0.370003
v -0.514099 0.024984 0.353653
v -0.492104 0.019219 0.370003
v -0.492104 0.013454 0.370003
v -0.470109 0.013454 0.386354
v -0.448114 0.013454 0.402704
v -0.359003 0.030748 0.433960
v -0.344764 0.030748 0.440984
v -0.359389 0.030748 0.420578
v -0.359560 0.030748 0.407425
v -0.373281 0.030748 0.402225
v -0.386992 0.030748 0.396823
v -0.386439 0.030748 0.385925
v -0.366177 0.030748 0.351910
v -0.369266 0.030748 0.339464
v -0.382452 0.030748 0.352242
v -0.398715 0.030748 0.352430
v -0.394241 0.030748 0.363278
v -0.389951 0.030748 0.374172
v -0.368241 -0.015370 0.355569
v -0.372370 -0.015370 0.340065
v -0.350375 -0.015370 0.356415
v -0.365465 -0.015370 0.372615
v -0.362485 -0.015370 0.389613
v -0.378875 -0.015370 0.386682
v -0.395286 -0.015370 0.383943
v -0.390605 -0.015370 0.398615
v -0.356794 -0.015370 0.457878
v -0.377965 -0.015370 0.443116
v -0.399152 -0.015370 0.428575
v -0.394871 -0.015370 0.420600
v -0.390858 -0.015370 0.412314
v -0.334450 -0.009605 -0.327976
v -0.356016 -0.009605 -0.312968
v -0.377583 -0.009605 -0.297960
v -0.377583 -0.003840 -0.297960
v -0.377583 0.001925 -0.297960
v -0.399149 0.001925 -0.282952
v -0.463848 -0.009605 -0.237928
v -0.463848 -0.015370 -0.237928
v -0.485414 -0.009605 -0.222920
v -0.463848 -0.003840 -0.237928
v -0.463848 0.001925 -0.237928
v -0.442281 0.001925 -0.252936
v -0.420715 0.001925 -0.267944
v -0.420715 0.007689 -0.267944
v -0.463848 0.024984 -0.237928
v -0.463848 0.030748 -0.237928
v -0.442281 0.024984 -0.252936
v -0.420715 0.024984 -0.267944
v -0.420715 0.019219 -0.267944
v -0.420715 0.013454 -0.267944
v -0.362349 -0.015370 -0.219146
v -0.347218 -0.015370 -0.218893
v -0.368784 -0.015370 -0.203885
v -0.378249 -0.015370 -0.220674
v -0.394170 -0.015370 -0.222035
v -0.386372 -0.015370 -0.235445
v -0.378720 -0.015370 -0.248912
v -0.393153 -0.015370 -0.248200
v -0.456281 -0.015370 -0.232645
v -0.436300 -0.015370 -0.247363
v -0.416498 -0.015370 -0.262160
v -0.411100 -0.015370 -0.256696
v -0.405348 -0.015370 -0.251368
v 0.339331 -0.009605 0.136552
v 0.339331 -0.009605 0.159243
v 0.339331 -0.015370 0.136552
v 0.339331 -0.009605 0.113861
v 0.339331 -0.009605 0.091170
v 0.339331 -0.003840 0.091170
v 0.339331 0.001925 0.091170
v 0.339331 0.001925 0.068479
v 0.339331 -0.009605 0.000406
v 0.339331 -0.015370 0.000406
v 0.339331 -0.009605 -0.022285
v 0.339331 -0.003840 0.000406
v 0.339331 0.001925 0.000406
v 0.339331 0.001925 0.023097
v 0.339331 0.001925 0.045788
v 0.339331 0.007689 0.045788
v 0.339331 0.024984 0.000406
v 0.339331 0.024984 -0.022285
v 0.339331 0.030748 0.000406
v 0.339331 0.024984 0.023097
v 0.339331 0.024984 0.045788
v 0.339331 0.019219 0.045788
v 0.339331 0.013454 0.045788
v -0.452436 0.181313 -0.233913
v -0.471752 0.181313 -0.220399
v -0.450547 0.181313 -0.233449
v -0.432918 0.181313 -0.247536
v -0.413401 0.181313 -0.261161
v -0.414499 0.181313 -0.262168
v -0.415503 0.181313 -0.263242
v -0.395290 0.181313 -0.277343
v -0.334785 0.181313 -0.315846
v -0.335028 0.181313 -0.313908
v -0.315413 0.181313 -0.329276
v -0.334713 0.181313 -0.317635
v -0.334548 0.181313 -0.319488
v -0.354801 0.181313 -0.305447
v -0.375053 0.181313 -0.291405
v -0.375676 0.181313 -0.292711
v -0.334175 0.181313 -0.326534
v -0.313245 0.181313 -0.341025
v -0.334450 0.181313 -0.327976
v -0.355570 0.181313 -0.311656
v -0.376965 0.181313 -0.296779
v -0.376380 0.181313 -0.295552
v -0.375875 0.181313 -0.294269
v -0.253455 -0.009605 0.443805
v -0.168771 -0.009605 0.403153
v -0.084088 -0.009605 0.362502
v -0.084088 -0.003840 0.362502
v -0.084088 0.001925 0.362502
v 0.000596 0.001925 0.321850
v 0.254647 -0.009605 0.199895
v 0.254647 -0.015370 0.199895
v 0.254647 -0.003840 0.199895
v 0.254647 0.001925 0.199895
v 0.169964 0.001925 0.240546
v 0.085280 0.001925 0.281198
v 0.085280 0.007689 0.281198
v 0.254647 0.024984 0.199895
v 0.254647 0.030748 0.199895
v 0.169964 0.024984 0.240546
v 0.085280 0.024984 0.281198
v 0.085280 0.019219 0.281198
v 0.085280 0.013454 0.281198
v -0.281530 0.030748 0.412802
v -0.343016 0.030748 0.459276
v -0.273368 0.030748 0.417849
v -0.266106 0.030748 0.421023
v -0.195970 0.030748 0.378381
v -0.122401 0.030748 0.336513
v -0.110821 0.030748 0.340874
v -0.253513 0.030748 0.438366
v -0.170481 0.030748 0.397025
v -0.087402 0.030748 0.355767
v -0.094476 0.030748 0.350363
v -0.101813 0.030748 0.345151
v -0.025440 0.030748 0.303819
v 0.245936 0.030748 0.201031
v 0.337929 0.030748 0.159716
v 0.244173 0.030748 0.199207
v 0.241622 0.030748 0.197815
v 0.150811 0.030748 0.233848
v 0.059920 0.030748 0.269705
v 0.057841 0.030748 0.263641
v 0.235923 0.030748 0.189836
v 0.150782 0.030748 0.214378
v 0.065566 0.030748 0.238663
v 0.060223 0.030748 0.248073
v 0.055463 0.030748 0.257477
v -0.262191 0.030748 -0.279555
v -0.257723 0.030748 -0.266291
v -0.258673 0.030748 -0.251998
v -0.185659 0.030748 -0.224270
v -0.112231 0.030748 -0.199412
v -0.104126 0.030748 -0.185485
v -0.266876 0.030748 -0.193982
v -0.347579 0.030748 -0.216935
v -0.267296 0.030748 -0.179347
v -0.183892 0.030748 -0.171175
v -0.100929 0.030748 -0.148311
v -0.102741 0.030748 -0.160691
v -0.104133 0.030748 -0.172990
v -0.023843 0.030748 -0.147898
v 0.236245 0.030748 -0.052816
v 0.241667 0.030748 -0.048436
v 0.328099 0.030748 -0.026076
v 0.237661 0.030748 -0.054965
v 0.238656 0.030748 -0.057097
v 0.149158 0.030748 -0.088118
v 0.059725 0.030748 -0.119370
v 0.062589 0.030748 -0.125537
v 0.247890 0.030748 -0.063902
v 0.257804 0.030748 -0.062373
v 0.165922 0.030748 -0.101584
v 0.084047 0.030748 -0.139474
v 0.074209 0.030748 -0.135821
v 0.065161 0.030748 -0.131697
v -0.231357 0.024984 -0.302896
v -0.149830 0.024984 -0.262809
v -0.068303 0.024984 -0.222722
v -0.068303 0.019219 -0.222722
v -0.068303 0.013454 -0.222722
v 0.013224 0.013454 -0.182634
v 0.257804 0.024984 -0.062372
v 0.257804 0.019219 -0.062372
v 0.257804 0.013454 -0.062372
v 0.176277 0.013454 -0.102460
v 0.094750 0.013454 -0.142547
v 0.094751 0.007689 -0.142547
v 0.257804 -0.009605 -0.062372
v 0.176277 -0.009605 -0.102460
v 0.094750 -0.009605 -0.142547
v 0.094750 -0.003840 -0.142547
v 0.094751 0.001925 -0.142547
v -0.265807 -0.015370 -0.194999
v -0.265691 -0.015370 -0.178806
v -0.263167 -0.015370 -0.211406
v -0.261165 -0.015370 -0.227949
v -0.182044 -0.015370 -0.200873
v -0.102885 -0.015370 -0.173887
v -0.103850 -0.015370 -0.187293
v -0.240076 -0.015370 -0.290231
v -0.159604 -0.015370 -0.252668
v -0.079097 -0.015370 -0.215210
v -0.088291 -0.015370 -0.206680
v -0.096865 -0.015370 -0.197793
v -0.267903 -0.015370 0.332453
v -0.183495 -0.015370 0.308719
v -0.099111 -0.015370 0.284914
v -0.103968 -0.015370 0.298588
v -0.108269 -0.015370 0.312140
v -0.027109 -0.015370 0.285370
v 0.240314 -0.015370 0.195754
v 0.252899 -0.015370 0.181603
v 0.158042 -0.015370 0.235548
v 0.076104 -0.015370 0.275303
v 0.064706 -0.015370 0.270137
v 0.052809 -0.015370 0.265151
v -0.275572 -0.015370 -0.123025
v -0.352123 -0.015370 -0.133755
v -0.191779 -0.015370 -0.104540
v -0.108011 -0.015370 -0.086606
v -0.119735 -0.015370 -0.037129
v -0.131351 -0.015370 0.012521
v -0.049558 -0.015370 0.023428
v 0.238535 -0.015370 -0.015558
v 0.236530 -0.015370 0.012362
v 0.233291 -0.015370 0.039924
v 0.135711 -0.015370 0.035053
v 0.037921 -0.015370 0.031230
v 0.036874 -0.015370 0.068479
v 0.238535 -0.015370 0.152516
v 0.150098 -0.015370 0.169647
v 0.061847 -0.015370 0.187861
v 0.049279 -0.015370 0.146956
v 0.037921 -0.015370 0.105728
v -0.369840 -0.015370 -0.134630
v -0.370340 -0.015370 -0.066395
v -0.370836 -0.015370 0.001838
v -0.389325 -0.015370 0.001981
v -0.407825 -0.015370 0.002199
v -0.409078 -0.015370 0.071373
v -0.372109 -0.015370 0.272867
v -0.392101 -0.015370 0.274630
v -0.412095 -0.015370 0.276390
v -0.411086 -0.015370 0.208184
v -0.410082 -0.015370 0.139978
v -0.429325 -0.015370 0.140725
v -0.491393 -0.015370 0.281682
v -0.510513 -0.015370 0.281581
v -0.488275 -0.015370 0.210328
v -0.485163 -0.015370 0.138975
v -0.466766 -0.015370 0.139999
v -0.448360 -0.015370 0.140961
v -0.488999 -0.009605 -0.150849
v -0.492585 -0.009605 -0.078777
v -0.496171 -0.009605 -0.006705
v -0.496171 -0.003840 -0.006705
v -0.496171 0.001925 -0.006705
v -0.499756 0.001925 0.065366
v -0.510513 -0.009605 0.281581
v -0.510513 -0.003840 0.281581
v -0.510513 0.001925 0.281581
v -0.506928 0.001925 0.209509
v -0.503342 0.001925 0.137438
v -0.503342 0.007689 0.137438
v -0.510513 0.024984 0.281581
v -0.506928 0.024984 0.209509
v -0.503342 0.024984 0.137438
v -0.503342 0.019219 0.137438
v -0.503342 0.013454 0.137438
v -0.463656 0.030748 0.296107
v -0.451136 0.030748 0.286704
v -0.436114 0.030748 0.281778
v -0.435841 0.030748 0.217553
v -0.437963 0.030748 0.153453
v -0.426237 0.030748 0.140051
v -0.369853 0.030748 0.271231
v -0.352123 0.030748 0.270712
v -0.370244 0.030748 0.203727
v -0.370626 0.030748 0.136224
v -0.389235 0.030748 0.137256
v -0.407844 0.030748 0.138306
v -0.409094 0.030748 0.071300
v -0.368426 0.030748 -0.133526
v -0.352123 0.030748 -0.133755
v -0.366833 0.030748 -0.203525
v -0.384069 0.030748 -0.135186
v -0.399699 0.030748 -0.136833
v -0.403060 0.030748 -0.066835
v -0.406464 0.030748 0.003166
v -0.423804 0.030748 0.001530
v -0.448609 0.030748 -0.159897
v -0.455091 0.030748 -0.217680
v -0.471752 0.030748 -0.220399
v -0.455553 0.030748 -0.153858
v -0.459775 0.030748 -0.147297
v -0.445124 0.030748 -0.080788
v -0.432804 0.030748 -0.010506
v -0.440465 0.030748 -0.001190
v -0.482442 0.030748 -0.141350
v -0.482090 0.030748 -0.070730
v -0.482490 0.030748 -0.000060
v -0.467758 0.030748 0.003060
v -0.453089 0.030748 0.003656
v 0.328245 0.179816 -0.002657
v 0.328099 0.179816 -0.026076
v 0.326696 0.179816 -0.002912
v 0.328418 0.179816 0.020926
v 0.328591 0.179816 0.044508
v 0.330092 0.179816 0.044565
v 0.331595 0.179816 0.044645
v 0.331720 0.179816 0.068006
v 0.329319 0.179816 0.138970
v 0.327911 0.179816 0.139323
v 0.329515 0.179816 0.162556
v 0.330739 0.179816 0.138585
v 0.332158 0.179816 0.138215
v 0.332008 0.179816 0.114813
v 0.331858 0.179816 0.091411
v 0.333325 0.179816 0.091239
v 0.337877 0.179816 0.136856
v 0.337929 0.179816 0.159716
v 0.339331 0.179816 0.136552
v 0.337844 0.179816 0.114004
v 0.337812 0.179816 0.091152
v 0.336310 0.179816 0.091178
v 0.334807 0.179816 0.091172
v -0.359596 0.185945 0.465676
v -0.360134 0.185945 0.468106
v -0.338836 0.185945 0.480860
v -0.360023 0.185945 0.462330
v -0.360319 0.185945 0.459080
v -0.380739 0.185945 0.444190
v -0.401159 0.185945 0.429301
v -0.400984 0.185945 0.426441
v -0.361391 0.185945 0.445925
v -0.343016 0.185945 0.459276
v -0.361907 0.185945 0.442324
v -0.379968 0.185945 0.432356
v -0.398548 0.185945 0.418792
v -0.399291 0.185945 0.421411
v -0.400139 0.185945 0.423958
v -0.419875 0.185945 0.409489
v -0.474008 0.185945 0.363148
v -0.471072 0.185945 0.362198
v -0.492370 0.185945 0.349444
v -0.476577 0.185945 0.364246
v -0.479387 0.185945 0.365157
v -0.459511 0.185945 0.380009
v -0.439630 0.185945 0.394856
v -0.443895 0.030748 -0.228793
v -0.430589 0.030748 -0.226178
v -0.417574 0.030748 -0.223441
v -0.408164 0.030748 -0.234591
v -0.398574 0.030748 -0.245671
v -0.387817 0.030748 -0.242921
v -0.360968 0.030748 -0.217137
v -0.355757 0.030748 -0.231852
v -0.350425 0.030748 -0.246527
v -0.362752 0.030748 -0.244984
v -0.375063 0.030748 -0.243596
v -0.471752 0.049569 -0.220399
v -0.471752 0.068390 -0.220399
v -0.471752 0.087210 -0.220399
v -0.473704 0.087210 -0.220760
v -0.475656 0.087210 -0.221120
v -0.475656 0.106031 -0.221120
v -0.471752 0.162493 -0.220399
v -0.469801 0.162493 -0.220039
v -0.473704 0.162493 -0.220760
v -0.475656 0.162493 -0.221120
v -0.475656 0.143672 -0.221120
v -0.475656 0.124851 -0.221120
v -0.477607 0.124851 -0.221480
v -0.483462 0.162493 -0.222560
v -0.485414 0.162493 -0.222920
v -0.483462 0.143672 -0.222560
v -0.483462 0.124851 -0.222560
v -0.481511 0.124851 -0.222200
v -0.479559 0.124851 -0.221840
v -0.335028 0.049569 -0.313908
v -0.335028 0.068390 -0.313908
v -0.335028 0.087210 -0.313908
v -0.354281 0.087210 -0.300498
v -0.373534 0.087210 -0.287088
v -0.373534 0.106031 -0.287088
v -0.335028 0.162493 -0.313908
v -0.315775 0.162493 -0.327318
v -0.354281 0.162493 -0.300498
v -0.373534 0.162493 -0.287088
v -0.373534 0.143672 -0.287088
v -0.373534 0.124851 -0.287088
v -0.392788 0.124851 -0.273678
v -0.450547 0.162493 -0.233449
v -0.450547 0.143672 -0.233449
v -0.450547 0.124851 -0.233449
v -0.431294 0.124851 -0.246859
v -0.412041 0.124851 -0.260269
v -0.313245 0.049569 -0.341025
v -0.313245 0.068390 -0.341025
v -0.313245 0.087210 -0.341025
v -0.313607 0.087210 -0.339067
v -0.313968 0.087210 -0.337109
v -0.313968 0.106031 -0.337109
v -0.313245 0.162493 -0.341025
v -0.312884 0.162493 -0.342984
v -0.313607 0.162493 -0.339067
v -0.313968 0.162493 -0.337109
v -0.313968 0.143672 -0.337109
v -0.313968 0.124851 -0.337109
v -0.314329 0.124851 -0.335151
v -0.315413 0.162493 -0.329276
v -0.315413 0.143672 -0.329276
v -0.315413 0.124851 -0.329276
v -0.315052 0.124851 -0.331234
v -0.314691 0.124851 -0.333192
v -0.463848 0.049569 -0.237928
v -0.463848 0.068390 -0.237928
v -0.463848 0.087210 -0.237928
v -0.442281 0.087210 -0.252936
v -0.420715 0.087210 -0.267944
v -0.420715 0.106031 -0.267944
v -0.463848 0.162493 -0.237928
v -0.442281 0.162493 -0.252936
v -0.420715 0.162493 -0.267944
v -0.420715 0.143672 -0.267944
v -0.420715 0.124851 -0.267944
v -0.399149 0.124851 -0.282952
v -0.334450 0.162493 -0.327976
v -0.334450 0.143672 -0.327976
v -0.334450 0.124851 -0.327976
v -0.356016 0.124851 -0.312968
v -0.377583 0.124851 -0.297960
v -0.360134 0.050148 0.468106
v -0.360134 0.069548 0.468106
v -0.360134 0.088947 0.468106
v -0.382129 0.088947 0.451756
v -0.404124 0.088947 0.435405
v -0.404124 0.108347 0.435405
v -0.360134 0.166546 0.468106
v -0.338139 0.166546 0.484457
v -0.382129 0.166546 0.451756
v -0.404124 0.166546 0.435405
v -0.404124 0.147146 0.435405
v -0.404124 0.127746 0.435405
v -0.426119 0.127746 0.419055
v -0.492104 0.166546 0.370003
v -0.514099 0.166546 0.353653
v -0.492104 0.147146 0.370003
v -0.492104 0.127746 0.370003
v -0.470109 0.127746 0.386354
v -0.448114 0.127746 0.402704
v -0.343016 0.050148 0.459276
v -0.343016 0.069548 0.459276
v -0.343016 0.088947 0.459276
v -0.342319 0.088947 0.462873
v -0.341623 0.088947 0.466471
v -0.341623 0.108347 0.466471
v -0.343016 0.166546 0.459276
v -0.343713 0.166546 0.455679
v -0.342319 0.166546 0.462873
v -0.341623 0.166546 0.466471
v -0.341623 0.147146 0.466471
v -0.341623 0.127746 0.466471
v -0.340926 0.127746 0.470068
v -0.338836 0.166546 0.480860
v -0.338836 0.147146 0.480860
v -0.338836 0.127746 0.480860
v -0.339532 0.127746 0.477262
v -0.340229 0.127746 0.473665
v -0.471072 0.050148 0.362198
v -0.471072 0.069548 0.362198
v -0.471072 0.088947 0.362198
v -0.452878 0.088947 0.375552
v -0.434684 0.088947 0.388907
v -0.434684 0.108347 0.388907
v -0.471072 0.166546 0.362198
v -0.489266 0.166546 0.348843
v -0.452878 0.166546 0.375552
v -0.434684 0.166546 0.388907
v -0.434684 0.147146 0.388906
v -0.434684 0.127746 0.388906
v -0.416489 0.127746 0.402261
v -0.361907 0.166546 0.442324
v -0.361907 0.147146 0.442324
v -0.361907 0.127746 0.442324
v -0.380101 0.127746 0.428970
v -0.398295 0.127746 0.415615
v -0.510995 0.050148 0.353052
v -0.510995 0.069548 0.353052
v -0.510995 0.088947 0.353052
v -0.507891 0.088947 0.352450
v -0.504787 0.088947 0.351849
v -0.504787 0.108347 0.351849
v -0.510995 0.166546 0.353052
v -0.507891 0.166546 0.352450
v -0.504787 0.166546 0.351849
v -0.504787 0.147146 0.351849
v -0.504787 0.127746 0.351849
v -0.501682 0.127746 0.351248
v -0.492370 0.166546 0.349444
v -0.492370 0.147146 0.349444
v -0.492370 0.127746 0.349444
v -0.495474 0.127746 0.350046
v -0.498578 0.127746 0.350647
v 0.228070 0.030748 -0.018355
v 0.141200 0.030748 -0.035097
v 0.054509 0.030748 -0.052881
v 0.042547 0.030748 -0.011315
v 0.031684 0.030748 0.030544
v -0.054293 0.030748 0.022910
v -0.276882 0.030748 -0.123287
v -0.279416 0.030748 -0.059643
v -0.282023 0.030748 0.003865
v -0.208415 0.030748 0.007776
v -0.134780 0.030748 0.012251
v -0.139120 0.030748 0.068503
v -0.276745 0.030748 0.260240
v -0.194283 0.030748 0.242140
v -0.111846 0.030748 0.224578
v -0.123282 0.030748 0.174737
v -0.134625 0.030748 0.124733
v 0.328099 0.049382 -0.026076
v 0.328099 0.068015 -0.026076
v 0.328099 0.086649 -0.026076
v 0.329703 0.086649 -0.025535
v 0.331308 0.086649 -0.024993
v 0.331308 0.105282 -0.024993
v 0.328099 0.161182 -0.026076
v 0.326494 0.161182 -0.026618
v 0.329703 0.161182 -0.025535
v 0.331308 0.161182 -0.024993
v 0.331308 0.142549 -0.024993
v 0.331308 0.123915 -0.024993
v 0.332913 0.123915 -0.024452
v 0.337726 0.161182 -0.022827
v 0.339331 0.161182 -0.022285
v 0.337726 0.142549 -0.022827
v 0.337726 0.123915 -0.022827
v 0.336122 0.123915 -0.023368
v 0.334517 0.123915 -0.023910
v 0.327911 0.049382 0.139323
v 0.327911 0.068015 0.139323
v 0.327911 0.086649 0.139323
v 0.327708 0.086649 0.115617
v 0.327506 0.086649 0.091912
v 0.327506 0.105282 0.091912
v 0.327911 0.161182 0.139323
v 0.328113 0.161182 0.163029
v 0.327708 0.161182 0.115617
v 0.327506 0.161182 0.091912
v 0.327506 0.142549 0.091912
v 0.327506 0.123915 0.091912
v 0.327304 0.123915 0.068206
v 0.326696 0.161182 -0.002912
v 0.326696 0.142549 -0.002912
v 0.326696 0.123915 -0.002912
v 0.326899 0.123915 0.020794
v 0.327101 0.123915 0.044500
v 0.337929 0.049382 0.159716
v 0.337929 0.068015 0.159716
v 0.337929 0.086649 0.159716
v 0.336527 0.086649 0.160190
v 0.335124 0.086649 0.160663
v 0.335124 0.105282 0.160663
v 0.337929 0.161182 0.159716
v 0.339331 0.161182 0.159243
v 0.336527 0.161182 0.160190
v 0.335124 0.161182 0.160663
v 0.335124 0.142549 0.160663
v 0.335124 0.123915 0.160663
v 0.333722 0.123915 0.161136
v 0.329516 0.161182 0.162556
v 0.329515 0.142549 0.162556
v 0.329515 0.123915 0.162556
v 0.330918 0.123915 0.162083
v 0.332320 0.123915 0.161609
v 0.339331 0.049382 0.000406
v 0.339331 0.068015 0.000406
v 0.339331 0.086649 0.000406
v 0.339331 0.086649 0.023097
v 0.339331 0.086649 0.045788
v 0.339331 0.105282 0.045788
v 0.339331 0.161182 0.000406
v 0.339331 0.161182 0.023097
v 0.339331 0.161182 0.045788
v 0.339331 0.142549 0.045788
v 0.339331 0.123915 0.045788
v 0.339331 0.123915 0.068479
v 0.339331 0.161182 0.136552
v 0.339331 0.142549 0.136552
v 0.339331 0.123915 0.136552
v 0.339331 0.123915 0.113861
v 0.339331 0.123915 0.091170
vt 0.337288 0.003792
vt 0.588314 0.039338
vt 0.354371 0.270642
vt 0.577555 0.297974
vt 0.415841 0.467193
vt 0.583114 0.426464
vt 0.415771 0.787352
vt 0.585518 0.821427
vt 0.375228 0.958437
vt 0.586369 0.958421
vt 0.786316 0.009710
vt 0.780105 0.262007
vt 0.159447 -0.002659
vt 0.163250 0.250893
vt 0.420090 0.000000
vt 0.420090 1.000000
vt 0.420090 0.250000
vt 0.420090 0.291897
vt 0.420090 0.958103
vt 0.417371 0.824326
vt 0.200234 0.000830
vt 0.375090 0.824399
vt 0.203909 0.254466
vt 0.370485 0.421920
vt 0.417410 0.430149
vt 0.365612 0.274278
vt 0.420090 0.257587
vt 0.375523 0.422804
vt 0.416009 0.463242
vt 0.370485 0.421920
vt 0.375523 0.422804
vt 0.416009 0.463242
vt 0.415841 0.467193
vt 0.354371 0.270642
vt 0.420090 0.250000
vt 0.420090 0.257587
vt 0.365612 0.274278
vt 0.579101 0.426554
vt 0.574222 0.297846
vt 0.583114 0.426464
vt 0.579101 0.426554
vt 0.574222 0.297846
vt 0.577555 0.297974
vt 0.382960 0.131108
vt 0.378689 0.001896
vt 0.397659 0.979218
vt 0.420090 0.125000
vt 0.387231 0.260321
vt 0.345829 0.137217
vt 0.400215 0.273727
vt 0.392851 0.265932
vt 0.420090 0.274742
vt 0.392851 0.283088
vt 0.403893 0.972728
vt 0.397659 0.958270
vt 0.420090 0.979051
vt 0.397659 0.979218
vt 0.181710 0.125882
vt 0.161349 0.124117
vt 0.415806 0.627272
vt 0.179841 -0.000915
vt 0.395430 0.805875
vt 0.202072 0.127648
vt 0.183579 0.252680
vt 0.393163 0.444557
vt 0.401967 0.810935
vt 0.416571 0.805839
vt 0.396230 0.824362
vt 0.395430 0.805875
vt 0.683073 0.152257
vt 0.582935 0.168656
vt 0.585944 0.889924
vt 0.687315 0.024524
vt 0.584316 0.623945
vt 0.783210 0.135858
vt 0.580335 0.362219
vt 0.678830 0.279991
vt 0.394399 0.443833
vt 0.373004 0.422362
vt 0.395766 0.443023
vt 0.415925 0.465217
vt 0.393163 0.444557
vt 0.501512 0.146828
vt 0.504202 0.019669
vt 0.503230 0.979210
vt 0.498823 0.273987
vt 0.491479 0.282946
vt 0.420090 0.253793
vt 0.575889 0.297910
vt 0.497156 0.294871
vt 0.491955 0.438677
vt 0.415925 0.465217
vt 0.416710 0.446695
vt 0.498256 0.428351
vt 0.581107 0.426509
vt 0.499478 0.446829
vt 0.500061 0.625609
vt 0.415806 0.627272
vt 0.584316 0.623945
vt 0.500645 0.804389
vt 0.493215 0.812837
vt 0.501445 0.822876
vt 0.495651 0.969919
vt 0.503230 0.958262
vt 0.503230 0.979210
vt 0.488420 0.890677
vt 0.418731 0.891214
vt 0.585944 0.889924
vt 0.396374 0.892628
vt 0.268761 0.002311
vt 0.375159 0.891418
vt 0.273950 0.132432
vt 0.268761 0.002311
vt 0.279140 0.262554
vt 0.362428 0.346281
vt 0.389803 0.352047
vt 0.359992 0.272460
vt 0.418750 0.361023
vt 0.396467 0.426476
vt 0.373004 0.422362
vt 0.362428 0.346281
vt 0.578472 0.362486
vt 0.581107 0.426509
vt 0.576662 0.362200
vt 0.575889 0.297910
vt 0.580335 0.362219
vt 0.390067 0.262805
vt 0.387231 0.260321
vt 0.420090 0.253793
vt 0.392851 0.265932
vt 0.359992 0.272460
vt 0.402232 0.439623
vt 0.395766 0.443023
vt 0.373004 0.422362
vt 0.375523 0.422804
vt 0.370485 0.421920
vt 0.395766 0.443023
vt 0.416009 0.463242
vt 0.415925 0.465217
vt 0.415841 0.467193
vt 0.393163 0.444557
vt 0.393163 0.444557
vt 0.387231 0.260321
vt 0.420090 0.250000
vt 0.354371 0.270642
vt 0.420090 0.253793
vt 0.420090 0.257587
vt 0.392851 0.265932
vt 0.365612 0.274278
vt 0.359992 0.272460
vt 0.484758 0.361461
vt 0.576662 0.362200
vt 0.581107 0.426509
vt 0.579101 0.426554
vt 0.583114 0.426464
vt 0.576662 0.362200
vt 0.574222 0.297846
vt 0.575889 0.297910
vt 0.577555 0.297974
vt 0.580335 0.362219
vt 0.580335 0.362219
vt 0.361191 0.068503
vt 0.341558 0.070504
vt 0.357988 0.002844
vt 0.386444 0.968827
vt 0.380824 0.066502
vt 0.364394 0.134163
vt 0.384555 0.274242
vt 0.379232 0.278683
vt 0.379232 0.270105
vt 0.396533 0.269830
vt 0.396533 0.278407
vt 0.390953 0.965924
vt 0.386444 0.968827
vt 0.386444 0.958353
vt 0.400776 0.965499
vt 0.400776 0.975973
vt 0.172472 0.188393
vt 0.173415 0.251787
vt 0.404502 0.455875
vt 0.162299 0.187505
vt 0.415824 0.547233
vt 0.171529 0.125000
vt 0.182645 0.189281
vt 0.408641 0.800264
vt 0.169644 -0.001787
vt 0.405600 0.796614
vt 0.416171 0.796595
vt 0.409269 0.808387
vt 0.398699 0.808405
vt 0.630598 0.224720
vt 0.578945 0.330097
vt 0.628193 0.288982
vt 0.580245 0.233315
vt 0.633004 0.160457
vt 0.680951 0.216124
vt 0.382606 0.433038
vt 0.381824 0.433238
vt 0.371744 0.422141
vt 0.383701 0.433097
vt 0.393781 0.444195
vt 0.460129 0.198954
vt 0.459457 0.261994
vt 0.420090 0.187500
vt 0.460801 0.135914
vt 0.500168 0.210408
vt 0.456926 0.286294
vt 0.458623 0.293384
vt 0.420090 0.283320
vt 0.455785 0.278844
vt 0.494318 0.288909
vt 0.457930 0.453963
vt 0.457659 0.457011
vt 0.415883 0.466205
vt 0.453940 0.451947
vt 0.495717 0.442753
vt 0.458071 0.711156
vt 0.458208 0.795871
vt 0.160398 0.060729
vt 0.415788 0.707312
vt 0.457933 0.626441
vt 0.500353 0.714999
vt 0.537704 0.817002
vt 0.543082 0.812908
vt 0.543482 0.822151
vt 0.497330 0.817857
vt 0.496930 0.808613
vt 0.458361 0.982738
vt 0.462146 0.009834
vt 0.461660 0.989605
vt 0.420090 0.989526
vt 0.457871 0.974485
vt 0.499440 0.974565
vt 0.455085 0.926670
vt 0.461660 0.958182
vt 0.419410 0.924659
vt 0.453575 0.890945
vt 0.495825 0.924469
vt 0.385652 0.858414
vt 0.234497 0.001570
vt 0.375124 0.857908
vt 0.385660 0.824381
vt 0.396302 0.858495
vt 0.385766 0.892023
vt 0.239768 0.194275
vt 0.241525 0.258510
vt 0.366456 0.384101
vt 0.202990 0.191057
vt 0.238011 0.130040
vt 0.276545 0.197493
vt 0.367496 0.313837
vt 0.316756 0.266598
vt 0.358399 0.308462
vt 0.357181 0.271551
vt 0.374897 0.312254
vt 0.376116 0.349164
vt 0.580753 0.394521
vt 0.581725 0.394342
vt 0.582111 0.426487
vt 0.579790 0.394498
vt 0.579403 0.362353
vt 0.372575 0.266600
vt 0.357181 0.271551
vt 0.370801 0.265482
vt 0.388649 0.261563
vt 0.375029 0.267633
vt 0.408898 0.450394
vt 0.416359 0.454969
vt 0.405887 0.453133
vt 0.398999 0.441323
vt 0.409471 0.443159
vt 0.371744 0.422141
vt 0.370485 0.421920
vt 0.371744 0.422141
vt 0.373004 0.422362
vt 0.371744 0.422141
vt 0.385644 0.432913
vt 0.375523 0.422804
vt 0.385644 0.432913
vt 0.395766 0.443023
vt 0.385644 0.432913
vt 0.415967 0.464230
vt 0.416009 0.463242
vt 0.415967 0.464230
vt 0.415925 0.465217
vt 0.415967 0.464230
vt 0.404502 0.455875
vt 0.415841 0.467193
vt 0.404502 0.455875
vt 0.393163 0.444557
vt 0.404502 0.455875
vt 0.370801 0.265482
vt 0.354371 0.270642
vt 0.370801 0.265482
vt 0.387231 0.260321
vt 0.370801 0.265482
vt 0.420090 0.251897
vt 0.420090 0.250000
vt 0.420090 0.251897
vt 0.420090 0.253793
vt 0.420090 0.251897
vt 0.406471 0.261760
vt 0.420090 0.257587
vt 0.406471 0.261760
vt 0.392851 0.265932
vt 0.406471 0.261760
vt 0.362802 0.273369
vt 0.365612 0.274278
vt 0.362802 0.273369
vt 0.359992 0.272460
vt 0.362802 0.273369
vt 0.529176 0.330411
vt 0.535689 0.296359
vt 0.575442 0.330023
vt 0.530710 0.361831
vt 0.490957 0.328166
vt 0.582111 0.426487
vt 0.583114 0.426464
vt 0.582111 0.426487
vt 0.581107 0.426509
vt 0.582111 0.426487
vt 0.577881 0.394377
vt 0.579101 0.426554
vt 0.577881 0.394377
vt 0.576662 0.362200
vt 0.577881 0.394377
vt 0.575056 0.297878
vt 0.574222 0.297846
vt 0.575056 0.297878
vt 0.575889 0.297910
vt 0.575056 0.297878
vt 0.578945 0.330097
vt 0.577555 0.297974
vt 0.578945 0.330097
vt 0.580335 0.362219
vt 0.578945 0.330097
vt 0.400457 0.064501
vt 0.399390 0.000948
vt 0.408875 0.989609
vt 0.420090 0.062500
vt 0.401525 0.128054
vt 0.402593 0.191607
vt 0.403660 0.255161
vt 0.385095 0.195715
vt 0.367598 0.199822
vt 0.350100 0.203930
vt 0.409689 0.266732
vt 0.420090 0.266164
vt 0.410152 0.274234
vt 0.408950 0.281475
vt 0.406471 0.287492
vt 0.410957 0.966542
vt 0.408875 0.958186
vt 0.420090 0.968577
vt 0.411992 0.975890
vt 0.411614 0.984913
vt 0.408875 0.989609
vt 0.170587 0.061606
vt 0.160398 0.060729
vt 0.169644 -0.001787
vt 0.180775 0.062484
vt 0.190964 0.063361
vt 0.190037 -0.000042
vt 0.385260 0.815137
vt 0.201153 0.064239
vt 0.191891 0.126765
vt 0.192818 0.190169
vt 0.193744 0.253573
vt 0.381824 0.433238
vt 0.408477 0.816736
vt 0.416971 0.815082
vt 0.406801 0.824344
vt 0.399099 0.817649
vt 0.389926 0.817422
vt 0.385260 0.815137
vt 0.635409 0.096194
vt 0.585624 0.103997
vt 0.586156 0.924172
vt 0.637815 0.031931
vt 0.685194 0.088390
vt 0.734978 0.080587
vt 0.585731 0.855675
vt 0.736815 0.017117
vt 0.584917 0.722686
vt 0.784763 0.072784
vt 0.733141 0.144058
vt 0.731305 0.207528
vt 0.583715 0.525205
vt 0.781658 0.198933
vt 0.581725 0.394342
vt 0.729468 0.270999
vt 0.384545 0.432906
vt 0.374263 0.422583
vt 0.385644 0.432913
vt 0.395082 0.443428
vt 0.405618 0.453950
vt 0.405887 0.453133
vt 0.415967 0.464230
vt 0.405162 0.454525
vt 0.404957 0.455350
vt 0.415883 0.466205
vt 0.404502 0.455875
vt 0.461474 0.072874
vt 0.462146 0.009834
vt 0.502857 0.083249
vt 0.544241 0.093623
vt 0.546258 0.029503
vt 0.544799 0.968816
vt 0.542224 0.157742
vt 0.540206 0.221861
vt 0.538189 0.285981
vt 0.452304 0.272519
vt 0.420090 0.255690
vt 0.455785 0.268370
vt 0.458995 0.265551
vt 0.495151 0.278467
vt 0.534076 0.287817
vt 0.576722 0.297942
vt 0.533684 0.290428
vt 0.532307 0.292982
vt 0.450340 0.448264
vt 0.454332 0.442686
vt 0.455251 0.435799
vt 0.417060 0.438422
vt 0.457833 0.429250
vt 0.495105 0.433514
vt 0.535357 0.430316
vt 0.538678 0.427452
vt 0.580104 0.426531
vt 0.536531 0.432593
vt 0.536684 0.434973
vt 0.541296 0.436647
vt 0.457796 0.541726
vt 0.415824 0.547233
vt 0.499769 0.536219
vt 0.541742 0.530712
vt 0.583715 0.525205
vt 0.542189 0.624777
vt 0.542635 0.718843
vt 0.584917 0.722686
vt 0.456159 0.816714
vt 0.459408 0.823601
vt 0.454893 0.809338
vt 0.455312 0.802090
vt 0.458985 0.966123
vt 0.499440 0.964090
vt 0.539428 0.964289
vt 0.544799 0.958341
vt 0.544799 0.968816
vt 0.453872 0.855207
vt 0.418051 0.857770
vt 0.494932 0.856776
vt 0.535898 0.857790
vt 0.585731 0.855675
vt 0.537182 0.890300
vt 0.536549 0.922825
vt 0.586156 0.924172
vt 0.406949 0.858553
vt 0.407552 0.891921
vt 0.408155 0.925308
vt 0.397016 0.925449
vt 0.385880 0.925615
vt 0.303024 0.003051
vt 0.375194 0.924927
vt 0.236254 0.065805
vt 0.234497 0.001570
vt 0.271356 0.067372
vt 0.306457 0.068938
vt 0.303024 0.003051
vt 0.309890 0.134825
vt 0.313323 0.200711
vt 0.316756 0.266598
vt 0.382075 0.310135
vt 0.391327 0.317567
vt 0.405327 0.322369
vt 0.419420 0.326460
vt 0.404277 0.356535
vt 0.405327 0.391503
vt 0.418080 0.395586
vt 0.406939 0.428312
vt 0.393135 0.389262
vt 0.386862 0.391974
vt 0.385995 0.424640
vt 0.374263 0.422583
vt 0.381404 0.387204
vt 0.374243 0.382167
vt 0.366456 0.384101
vt 0.578829 0.394578
vt 0.580104 0.426531
vt 0.577881 0.394377
vt 0.577567 0.362343
vt 0.576304 0.330106
vt 0.575442 0.330023
vt 0.575056 0.297878
vt 0.577180 0.330198
vt 0.578053 0.330188
vt 0.576722 0.297942
vt 0.578945 0.330097
vt 0.404734 0.256536
vt 0.403660 0.255161
vt 0.420090 0.251897
vt 0.405079 0.258299
vt 0.406014 0.259878
vt 0.420090 0.255690
vt 0.406471 0.261760
vt 0.391459 0.264369
vt 0.376892 0.268850
vt 0.379232 0.270105
vt 0.362802 0.273369
vt 0.390265 0.431667
vt 0.399349 0.433049
vt 0.408632 0.435483
vt 0.374263 0.422583
vt 0.374263 0.422583
vt 0.374263 0.422583
vt 0.375523 0.422804
vt 0.373004 0.422362
vt 0.371744 0.422141
vt 0.370485 0.421920
vt 0.405887 0.453133
vt 0.405887 0.453133
vt 0.405887 0.453133
vt 0.416009 0.463242
vt 0.395766 0.443023
vt 0.385644 0.432913
vt 0.415883 0.466205
vt 0.415883 0.466205
vt 0.415883 0.466205
vt 0.415841 0.467193
vt 0.415925 0.465217
vt 0.415967 0.464230
vt 0.381824 0.433238
vt 0.381824 0.433238
vt 0.381824 0.433238
vt 0.381824 0.433238
vt 0.393163 0.444557
vt 0.404502 0.455875
vt 0.403660 0.255161
vt 0.403660 0.255161
vt 0.403660 0.255161
vt 0.420090 0.250000
vt 0.387231 0.260321
vt 0.370801 0.265482
vt 0.354371 0.270642
vt 0.420090 0.255690
vt 0.420090 0.255690
vt 0.420090 0.255690
vt 0.420090 0.257587
vt 0.420090 0.253793
vt 0.420090 0.251897
vt 0.379232 0.270105
vt 0.379232 0.270105
vt 0.379232 0.270105
vt 0.365612 0.274278
vt 0.392851 0.265932
vt 0.406471 0.261760
vt 0.357181 0.271551
vt 0.357181 0.271551
vt 0.357181 0.271551
vt 0.359992 0.272460
vt 0.362802 0.273369
vt 0.530509 0.393232
vt 0.491507 0.394906
vt 0.452327 0.397332
vt 0.451754 0.361242
vt 0.452816 0.325170
vt 0.580104 0.426531
vt 0.580104 0.426531
vt 0.580104 0.426531
vt 0.579101 0.426554
vt 0.581107 0.426509
vt 0.582111 0.426487
vt 0.583114 0.426464
vt 0.575442 0.330023
vt 0.575442 0.330023
vt 0.575442 0.330023
vt 0.574222 0.297846
vt 0.576662 0.362200
vt 0.577881 0.394377
vt 0.576722 0.297942
vt 0.576722 0.297942
vt 0.576722 0.297942
vt 0.577555 0.297974
vt 0.575889 0.297910
vt 0.575056 0.297878
vt 0.581724 0.394342
vt 0.581725 0.394342
vt 0.581725 0.394342
vt 0.581724 0.394342
vt 0.580335 0.362219
vt 0.578945 0.330097
vt 0.353243 0.102597
vt 0.355112 0.135690
vt 0.343694 0.103861
vt 0.351375 0.069504
vt 0.362793 0.101333
vt 0.388047 0.278635
vt 0.394692 0.280747
vt 0.386041 0.280885
vt 0.381893 0.276463
vt 0.390544 0.276325
vt 0.393776 0.972418
vt 0.399218 0.977596
vt 0.368339 0.002370
vt 0.392052 0.974023
vt 0.388698 0.967376
vt 0.395864 0.970949
vt 0.178028 0.220535
vt 0.183112 0.220980
vt 0.178497 0.252233
vt 0.398832 0.450216
vt 0.172943 0.220090
vt 0.177558 0.188837
vt 0.402155 0.802647
vt 0.397064 0.807140
vt 0.174742 -0.001351
vt 0.400515 0.801244
vt 0.407121 0.798439
vt 0.403670 0.804334
vt 0.654643 0.252454
vt 0.679891 0.248057
vt 0.579640 0.346158
vt 0.653511 0.284487
vt 0.629395 0.256851
vt 0.655775 0.220422
vt 0.387835 0.438752
vt 0.393472 0.444376
vt 0.387493 0.438897
vt 0.382215 0.433138
vt 0.388194 0.438616
vt 0.479644 0.236336
vt 0.499495 0.242197
vt 0.479140 0.267990
vt 0.459793 0.230474
vt 0.480148 0.204681
vt 0.476735 0.290899
vt 0.495737 0.291890
vt 0.477890 0.294128
vt 0.457775 0.289839
vt 0.475622 0.287601
vt 0.478326 0.450055
vt 0.497597 0.444791
vt 0.478569 0.451920
vt 0.457794 0.455487
vt 0.476823 0.448358
vt 0.479319 0.756604
vt 0.500499 0.759694
vt 0.479426 0.800130
vt 0.458139 0.753513
vt 0.479212 0.713077
vt 0.519887 0.810745
vt 0.498787 0.806501
vt 0.521863 0.808648
vt 0.540393 0.814955
vt 0.517317 0.812807
vt 0.480455 0.981615
vt 0.501335 0.976888
vt 0.483174 0.014752
vt 0.482445 0.984408
vt 0.460011 0.986172
vt 0.478901 0.978651
vt 0.478537 0.942103
vt 0.499527 0.941366
vt 0.482445 0.958222
vt 0.458373 0.942426
vt 0.475455 0.925570
vt 0.380397 0.874998
vt 0.380463 0.891720
vt 0.251629 0.001940
vt 0.375142 0.874663
vt 0.380388 0.858161
vt 0.385709 0.875218
vt 0.259245 0.228208
vt 0.277843 0.230024
vt 0.260332 0.260532
vt 0.364442 0.365191
vt 0.240646 0.226392
vt 0.258157 0.195884
vt 0.365975 0.329909
vt 0.369272 0.347723
vt 0.297948 0.264576
vt 0.360414 0.327372
vt 0.362948 0.311150
vt 0.371806 0.331501
vt 0.580553 0.378390
vt 0.579869 0.362286
vt 0.581030 0.378281
vt 0.581239 0.394431
vt 0.580078 0.378437
vt 0.366132 0.269571
vt 0.367511 0.270046
vt 0.358586 0.272006
vt 0.364878 0.269076
vt 0.373802 0.267116
vt 0.412986 0.448974
vt 0.413090 0.444927
vt 0.416534 0.450832
vt 0.412628 0.452682
vt 0.409184 0.446777
vt 0.371114 0.422031
vt 0.371114 0.422031
vt 0.370485 0.421920
vt 0.371114 0.422031
vt 0.371744 0.422141
vt 0.380584 0.427859
vt 0.380584 0.427859
vt 0.375523 0.422804
vt 0.380584 0.427859
vt 0.385644 0.432913
vt 0.415988 0.463736
vt 0.415988 0.463736
vt 0.416009 0.463242
vt 0.415988 0.463736
vt 0.415967 0.464230
vt 0.410172 0.461534
vt 0.410172 0.461534
vt 0.415841 0.467193
vt 0.410172 0.461534
vt 0.404502 0.455875
vt 0.362586 0.268062
vt 0.362586 0.268062
vt 0.354371 0.270642
vt 0.362586 0.268062
vt 0.370801 0.265482
vt 0.420090 0.250948
vt 0.420090 0.250948
vt 0.420090 0.250000
vt 0.420090 0.250948
vt 0.420090 0.251897
vt 0.413281 0.259673
vt 0.413281 0.259673
vt 0.420090 0.257587
vt 0.413280 0.259673
vt 0.406471 0.261760
vt 0.364207 0.273824
vt 0.364207 0.273823
vt 0.365612 0.274278
vt 0.364207 0.273823
vt 0.362802 0.273369
vt 0.512616 0.312164
vt 0.494057 0.311519
vt 0.516423 0.295615
vt 0.532433 0.313385
vt 0.510066 0.329289
vt 0.582613 0.426476
vt 0.582613 0.426476
vt 0.583114 0.426464
vt 0.582613 0.426476
vt 0.582111 0.426487
vt 0.578491 0.410465
vt 0.578491 0.410465
vt 0.579101 0.426554
vt 0.578491 0.410465
vt 0.577881 0.394377
vt 0.574639 0.297862
vt 0.574639 0.297862
vt 0.574222 0.297846
vt 0.574639 0.297862
vt 0.575056 0.297878
vt 0.578250 0.314036
vt 0.578250 0.314036
vt 0.577555 0.297974
vt 0.578250 0.314036
vt 0.578945 0.330097
vt 0.389840 0.033462
vt 0.379757 0.034199
vt 0.389039 0.001422
vt 0.403267 0.984414
vt 0.399923 0.032724
vt 0.390641 0.065502
vt 0.411075 0.158040
vt 0.410808 0.126527
vt 0.420090 0.156250
vt 0.411341 0.189554
vt 0.402059 0.159831
vt 0.377681 0.230335
vt 0.386163 0.228018
vt 0.379016 0.262901
vt 0.369199 0.232652
vt 0.376346 0.197769
vt 0.401485 0.265955
vt 0.394692 0.267881
vt 0.399661 0.263846
vt 0.408080 0.264246
vt 0.403111 0.268281
vt 0.414962 0.278531
vt 0.415121 0.274488
vt 0.420090 0.279031
vt 0.414520 0.282397
vt 0.409551 0.277855
vt 0.404631 0.962027
vt 0.399218 0.961884
vt 0.403267 0.958228
vt 0.409916 0.962364
vt 0.405867 0.966020
vt 0.416100 0.982540
vt 0.416041 0.977471
vt 0.420090 0.984289
vt 0.415852 0.987219
vt 0.411803 0.980401
vt 0.165966 0.092863
vt 0.166439 0.124558
vt 0.160873 0.092423
vt 0.415797 0.667292
vt 0.165492 0.061168
vt 0.171058 0.093303
vt 0.185404 0.031222
vt 0.180308 0.030785
vt 0.184939 -0.000479
vt 0.390345 0.810506
vt 0.190501 0.031659
vt 0.185870 0.062923
vt 0.197443 0.158910
vt 0.196981 0.127206
vt 0.202531 0.159352
vt 0.197904 0.190613
vt 0.192354 0.158467
vt 0.412913 0.811559
vt 0.412920 0.807113
vt 0.416771 0.810461
vt 0.412724 0.815909
vt 0.408873 0.812561
vt 0.392541 0.821077
vt 0.397665 0.821005
vt 0.390945 0.824371
vt 0.387793 0.820901
vt 0.394512 0.817536
vt 0.609243 0.132326
vt 0.607969 0.164556
vt 0.584280 0.136327
vt 0.610517 0.100095
vt 0.634206 0.128325
vt 0.711076 0.052655
vt 0.686254 0.056457
vt 0.585837 0.872799
vt 0.712065 0.020820
vt 0.735897 0.048852
vt 0.710086 0.084489
vt 0.757329 0.171594
vt 0.758176 0.139958
vt 0.584016 0.574575
vt 0.782434 0.167395
vt 0.756481 0.203230
vt 0.732223 0.175793
vt 0.378817 0.427685
vt 0.378353 0.427730
vt 0.373634 0.422472
vt 0.379404 0.427745
vt 0.384123 0.433002
vt 0.400613 0.448418
vt 0.395424 0.443225
vt 0.400826 0.448078
vt 0.405753 0.453542
vt 0.400350 0.448689
vt 0.410506 0.460352
vt 0.410543 0.459871
vt 0.415904 0.465711
vt 0.410420 0.460778
vt 0.405059 0.454938
vt 0.440614 0.099072
vt 0.440446 0.130457
vt 0.420090 0.093750
vt 0.440782 0.067687
vt 0.461138 0.104394
vt 0.524390 0.056511
vt 0.503530 0.051459
vt 0.525230 0.024586
vt 0.524014 0.974013
vt 0.545250 0.061563
vt 0.523549 0.088436
vt 0.561402 0.195394
vt 0.562579 0.163199
vt 0.581590 0.200986
vt 0.560226 0.227588
vt 0.541215 0.189802
vt 0.437067 0.273196
vt 0.437937 0.276793
vt 0.420090 0.270453
vt 0.436197 0.269342
vt 0.454044 0.275682
vt 0.439222 0.260038
vt 0.437937 0.261082
vt 0.420090 0.252845
vt 0.439543 0.258724
vt 0.457390 0.266961
vt 0.516448 0.281508
vt 0.496987 0.276227
vt 0.518506 0.279984
vt 0.536133 0.286899
vt 0.514614 0.283142
vt 0.553875 0.294748
vt 0.554786 0.294169
vt 0.575472 0.297894
vt 0.553681 0.295430
vt 0.532995 0.291705
vt 0.435015 0.457074
vt 0.434932 0.458582
vt 0.415946 0.464724
vt 0.433153 0.456247
vt 0.452140 0.450105
vt 0.435570 0.440896
vt 0.435521 0.444691
vt 0.416885 0.442559
vt 0.436155 0.437110
vt 0.454792 0.439242
vt 0.516556 0.429916
vt 0.496680 0.430933
vt 0.518467 0.427902
vt 0.537018 0.428884
vt 0.515231 0.431915
vt 0.558779 0.430200
vt 0.558819 0.429551
vt 0.581609 0.426498
vt 0.559397 0.430730
vt 0.536608 0.433783
vt 0.436840 0.585668
vt 0.436870 0.626856
vt 0.161824 0.155811
vt 0.415815 0.587252
vt 0.436810 0.544479
vt 0.457865 0.584083
vt 0.520571 0.487601
vt 0.499624 0.491524
vt 0.520387 0.441738
vt 0.541519 0.483679
vt 0.520756 0.533465
vt 0.563514 0.672563
vt 0.563253 0.624361
vt 0.584617 0.673316
vt 0.783987 0.104321
vt 0.563776 0.720764
vt 0.542412 0.671810
vt 0.478390 0.820290
vt 0.499387 0.820367
vt 0.480426 0.823239
vt 0.457783 0.820158
vt 0.476744 0.817286
vt 0.435355 0.803380
vt 0.435732 0.807588
vt 0.416371 0.801217
vt 0.435741 0.799343
vt 0.455102 0.805714
vt 0.438961 0.972051
vt 0.438981 0.976768
vt 0.420090 0.973814
vt 0.439538 0.967350
vt 0.458428 0.970304
vt 0.522029 0.961198
vt 0.501335 0.961176
vt 0.524014 0.958302
vt 0.542114 0.961315
vt 0.519434 0.964190
vt 0.435617 0.873664
vt 0.436153 0.891080
vt 0.418391 0.874492
vt 0.435961 0.856489
vt 0.453724 0.873076
vt 0.518253 0.839626
vt 0.498189 0.839826
vt 0.522463 0.822514
vt 0.539690 0.839971
vt 0.515415 0.857283
vt 0.560437 0.906958
vt 0.561563 0.890112
vt 0.586050 0.907048
vt 0.662565 0.028227
vt 0.561353 0.923499
vt 0.536866 0.906563
vt 0.401539 0.841500
vt 0.396266 0.841429
vt 0.401515 0.824353
vt 0.406875 0.841448
vt 0.401625 0.858524
vt 0.413431 0.908356
vt 0.413141 0.891568
vt 0.419070 0.907937
vt 0.413783 0.924983
vt 0.407854 0.908615
vt 0.391722 0.941995
vt 0.397338 0.941859
vt 0.392052 0.958311
vt 0.386162 0.941984
vt 0.391448 0.925532
vt 0.219372 0.096933
vt 0.220041 0.128844
vt 0.201612 0.095943
vt 0.218704 0.065022
vt 0.237133 0.097923
vt 0.287399 0.035418
vt 0.270058 0.034841
vt 0.285892 0.002681
vt 0.375176 0.908172
vt 0.304741 0.035995
vt 0.288906 0.068155
vt 0.329785 0.169171
vt 0.327860 0.136021
vt 0.347965 0.170573
vt 0.331711 0.202321
vt 0.311606 0.167768
vt 0.370319 0.293138
vt 0.367445 0.292357
vt 0.361397 0.272915
vt 0.372439 0.291752
vt 0.378486 0.311194
vt 0.399011 0.302728
vt 0.392089 0.300327
vt 0.399661 0.285290
vt 0.405899 0.304931
vt 0.398327 0.319968
vt 0.411606 0.375983
vt 0.411514 0.358779
vt 0.418415 0.378304
vt 0.411704 0.393544
vt 0.404802 0.374019
vt 0.390794 0.408325
vt 0.394801 0.407869
vt 0.391231 0.425558
vt 0.386428 0.408307
vt 0.389998 0.390618
vt 0.375179 0.402402
vt 0.377204 0.404783
vt 0.372374 0.422252
vt 0.372994 0.402154
vt 0.377823 0.384686
vt 0.579957 0.410561
vt 0.580449 0.410503
vt 0.580606 0.426520
vt 0.579467 0.410555
vt 0.579309 0.394538
vt 0.576492 0.346175
vt 0.577114 0.362271
vt 0.576052 0.346111
vt 0.575873 0.330064
vt 0.576935 0.346224
vt 0.576959 0.314054
vt 0.576535 0.314054
vt 0.576306 0.297926
vt 0.577388 0.314065
vt 0.577617 0.330193
vt 0.396079 0.258383
vt 0.387940 0.260942
vt 0.395446 0.257741
vt 0.404197 0.255848
vt 0.396692 0.259050
vt 0.412943 0.256850
vt 0.412585 0.256046
vt 0.420090 0.254742
vt 0.413052 0.257784
vt 0.405547 0.259089
vt 0.385061 0.267298
vt 0.392155 0.265151
vt 0.386041 0.268019
vt 0.378062 0.269477
vt 0.384176 0.266609
vt 0.392508 0.437146
vt 0.397382 0.442173
vt 0.390705 0.437968
vt 0.387955 0.432290
vt 0.394632 0.436495
vt 0.402899 0.430764
vt 0.397908 0.429763
vt 0.401703 0.427394
vt 0.407785 0.431898
vt 0.403991 0.434266
vt 0.373634 0.422472
vt 0.373004 0.422362
vt 0.373634 0.422472
vt 0.374263 0.422583
vt 0.373634 0.422473
vt 0.374893 0.422693
vt 0.374893 0.422693
vt 0.375523 0.422804
vt 0.374893 0.422693
vt 0.374263 0.422583
vt 0.372374 0.422252
vt 0.373004 0.422362
vt 0.372374 0.422252
vt 0.371744 0.422141
vt 0.372374 0.422252
vt 0.400826 0.448078
vt 0.395766 0.443023
vt 0.400826 0.448078
vt 0.405887 0.453133
vt 0.400826 0.448078
vt 0.410948 0.458187
vt 0.410948 0.458187
vt 0.416009 0.463242
vt 0.410948 0.458187
vt 0.405887 0.453133
vt 0.390705 0.437968
vt 0.395766 0.443023
vt 0.390705 0.437968
vt 0.385644 0.432913
vt 0.390705 0.437968
vt 0.415904 0.465711
vt 0.415925 0.465217
vt 0.415904 0.465711
vt 0.415883 0.466205
vt 0.415904 0.465711
vt 0.415862 0.466699
vt 0.415862 0.466699
vt 0.415841 0.467193
vt 0.415862 0.466699
vt 0.415883 0.466205
vt 0.415946 0.464724
vt 0.415925 0.465217
vt 0.415946 0.464724
vt 0.415967 0.464230
vt 0.415946 0.464724
vt 0.387493 0.438897
vt 0.393163 0.444557
vt 0.188662 0.253126
vt 0.387493 0.438897
vt 0.381824 0.433238
vt 0.387493 0.438897
vt 0.376154 0.427579
vt 0.376154 0.427579
vt 0.370485 0.421920
vt 0.376154 0.427579
vt 0.381824 0.433238
vt 0.398832 0.450216
vt 0.393163 0.444557
vt 0.398832 0.450216
vt 0.404502 0.455875
vt 0.398832 0.450216
vt 0.395445 0.257741
vt 0.387231 0.260321
vt 0.395446 0.257741
vt 0.403660 0.255161
vt 0.395446 0.257741
vt 0.411875 0.252580
vt 0.411875 0.252580
vt 0.420090 0.250000
vt 0.411875 0.252580
vt 0.403660 0.255161
vt 0.379016 0.262901
vt 0.387231 0.260321
vt 0.379016 0.262901
vt 0.370801 0.265482
vt 0.379016 0.262901
vt 0.420090 0.254742
vt 0.420090 0.253793
vt 0.420090 0.254742
vt 0.420090 0.255690
vt 0.420090 0.254742
vt 0.420090 0.256638
vt 0.420090 0.256638
vt 0.420090 0.257587
vt 0.420090 0.256638
vt 0.420090 0.255690
vt 0.420090 0.252845
vt 0.420090 0.253793
vt 0.420090 0.252845
vt 0.420090 0.251897
vt 0.420090 0.252845
vt 0.386041 0.268019
vt 0.392851 0.265932
vt 0.386041 0.268019
vt 0.379232 0.270105
vt 0.386041 0.268019
vt 0.372422 0.272192
vt 0.372422 0.272192
vt 0.365612 0.274278
vt 0.372422 0.272192
vt 0.379232 0.270105
vt 0.399661 0.263846
vt 0.392851 0.265932
vt 0.399661 0.263846
vt 0.406471 0.261760
vt 0.399661 0.263846
vt 0.358586 0.272006
vt 0.359992 0.272460
vt 0.358586 0.272006
vt 0.357181 0.271551
vt 0.358586 0.272006
vt 0.355776 0.271097
vt 0.355776 0.271097
vt 0.354371 0.270642
vt 0.355776 0.271097
vt 0.357181 0.271551
vt 0.361397 0.272915
vt 0.359992 0.272460
vt 0.361397 0.272915
vt 0.362802 0.273369
vt 0.361397 0.272915
vt 0.552993 0.378039
vt 0.553686 0.362015
vt 0.577271 0.378288
vt 0.554195 0.393804
vt 0.530609 0.377531
vt 0.474576 0.412664
vt 0.494881 0.411629
vt 0.478044 0.428801
vt 0.455080 0.413291
vt 0.471917 0.396119
vt 0.435282 0.343343
vt 0.435252 0.361133
vt 0.419085 0.343742
vt 0.436118 0.325815
vt 0.452285 0.343206
vt 0.580606 0.426520
vt 0.581107 0.426509
vt 0.580606 0.426520
vt 0.580104 0.426531
vt 0.580606 0.426520
vt 0.579602 0.426543
vt 0.579602 0.426543
vt 0.579101 0.426554
vt 0.579602 0.426543
vt 0.580104 0.426531
vt 0.581609 0.426498
vt 0.581107 0.426509
vt 0.581609 0.426498
vt 0.582111 0.426487
vt 0.581609 0.426498
vt 0.576052 0.346111
vt 0.576662 0.362200
vt 0.576052 0.346111
vt 0.575442 0.330023
vt 0.576052 0.346111
vt 0.574832 0.313934
vt 0.574832 0.313934
vt 0.574222 0.297846
vt 0.574832 0.313934
vt 0.575442 0.330023
vt 0.577271 0.378288
vt 0.576662 0.362200
vt 0.577271 0.378288
vt 0.577881 0.394377
vt 0.577271 0.378288
vt 0.576305 0.297926
vt 0.575889 0.297910
vt 0.576306 0.297926
vt 0.576722 0.297942
vt 0.576305 0.297926
vt 0.577139 0.297958
vt 0.577139 0.297958
vt 0.577555 0.297974
vt 0.577139 0.297958
vt 0.576722 0.297942
vt 0.575472 0.297894
vt 0.575889 0.297910
vt 0.575472 0.297894
vt 0.575056 0.297878
vt 0.575472 0.297894
vt 0.581030 0.378281
vt 0.580335 0.362219
vt 0.581030 0.378281
vt 0.704149 0.275495
vt 0.581725 0.394342
vt 0.581030 0.378281
vt 0.582419 0.410403
vt 0.582419 0.410403
vt 0.583114 0.426464
vt 0.582419 0.410403
vt 0.581725 0.394342
vt 0.579640 0.346158
vt 0.580335 0.362219
vt 0.579640 0.346158
vt 0.578945 0.330097
vt 0.579640 0.346158
vt 0.349506 0.036411
vt 0.339423 0.037148
vt 0.347638 0.003318
vt 0.380836 0.963632
vt 0.359590 0.035673
vt 0.369673 0.034936
vt 0.368339 0.002370
vt 0.371008 0.067503
vt 0.372342 0.100069
vt 0.381892 0.098805
vt 0.373677 0.132636
vt 0.375636 0.274302
vt 0.372422 0.276480
vt 0.372422 0.272192
vt 0.381893 0.272174
vt 0.388073 0.270012
vt 0.390544 0.272036
vt 0.393130 0.274052
vt 0.398374 0.271778
vt 0.398374 0.276067
vt 0.383556 0.962345
vt 0.380836 0.963632
vt 0.380836 0.958395
vt 0.388698 0.962139
vt 0.393753 0.961877
vt 0.395864 0.965711
vt 0.398050 0.969535
vt 0.402334 0.969113
vt 0.402334 0.974350
vt 0.167859 0.219645
vt 0.168332 0.251340
vt 0.410172 0.461534
vt 0.162774 0.219199
vt 0.415832 0.507213
vt 0.167386 0.187949
vt 0.166912 0.156254
vt 0.161824 0.155811
vt 0.172001 0.156696
vt 0.177089 0.157139
vt 0.176620 0.125441
vt 0.182177 0.157582
vt 0.412069 0.794179
vt 0.164546 -0.002223
vt 0.410685 0.791983
vt 0.415971 0.791974
vt 0.412406 0.798429
vt 0.412790 0.802606
vt 0.408955 0.804325
vt 0.405137 0.806103
vt 0.405618 0.809661
vt 0.400333 0.809670
vt 0.604148 0.261248
vt 0.578250 0.314036
vt 0.602874 0.293478
vt 0.578900 0.265645
vt 0.605422 0.229017
vt 0.606695 0.196787
vt 0.631801 0.192588
vt 0.656906 0.188389
vt 0.658038 0.156357
vt 0.682012 0.184191
vt 0.376595 0.427524
vt 0.376154 0.427579
vt 0.371114 0.422031
vt 0.377175 0.427589
vt 0.377735 0.427634
vt 0.383154 0.433067
vt 0.388573 0.438501
vt 0.389050 0.438465
vt 0.394090 0.444014
vt 0.439941 0.224612
vt 0.439773 0.255997
vt 0.420090 0.218750
vt 0.440110 0.193227
vt 0.440278 0.161842
vt 0.460465 0.167434
vt 0.480653 0.173026
vt 0.481157 0.141371
vt 0.500840 0.178618
vt 0.438814 0.288782
vt 0.439357 0.292641
vt 0.420090 0.287608
vt 0.438508 0.284807
vt 0.438113 0.280833
vt 0.456355 0.282569
vt 0.474599 0.284301
vt 0.473632 0.280895
vt 0.492898 0.285927
vt 0.437274 0.460968
vt 0.436750 0.462102
vt 0.415862 0.466699
vt 0.436906 0.460084
vt 0.436773 0.459106
vt 0.455935 0.452955
vt 0.475087 0.446755
vt 0.472948 0.445312
vt 0.493836 0.440715
vt 0.436959 0.750423
vt 0.436989 0.791611
vt 0.159923 0.029035
vt 0.415779 0.747332
vt 0.436929 0.709234
vt 0.436900 0.668045
vt 0.415797 0.667292
vt 0.458002 0.668798
vt 0.479105 0.669551
vt 0.478997 0.626025
vt 0.500207 0.670304
vt 0.560992 0.819160
vt 0.564300 0.817167
vt 0.564500 0.821789
vt 0.540593 0.819576
vt 0.520301 0.820010
vt 0.517517 0.817429
vt 0.514633 0.814853
vt 0.495272 0.815347
vt 0.495072 0.810725
vt 0.439573 0.990764
vt 0.441118 0.004917
vt 0.440875 0.994803
vt 0.420090 0.994763
vt 0.439226 0.986132
vt 0.438723 0.981556
vt 0.458116 0.978612
vt 0.477504 0.975630
vt 0.476761 0.972202
vt 0.497546 0.972242
vt 0.438205 0.942737
vt 0.440875 0.958143
vt 0.419750 0.941381
vt 0.437248 0.925664
vt 0.436266 0.908499
vt 0.454330 0.908808
vt 0.472398 0.909132
vt 0.470998 0.890811
vt 0.492122 0.907573
vt 0.380380 0.841322
vt 0.217366 0.001200
vt 0.375107 0.841154
vt 0.380375 0.824390
vt 0.385656 0.841397
vt 0.390933 0.841472
vt 0.390977 0.858454
vt 0.391022 0.875438
vt 0.396338 0.875562
vt 0.391070 0.892326
vt 0.222048 0.224577
vt 0.222717 0.256488
vt 0.368470 0.403011
vt 0.203450 0.222761
vt 0.221379 0.192666
vt 0.220710 0.160755
vt 0.238889 0.162158
vt 0.257069 0.163560
vt 0.255981 0.131236
vt 0.275248 0.164963
vt 0.359679 0.292349
vt 0.335563 0.268620
vt 0.356385 0.289552
vt 0.355776 0.271097
vt 0.362339 0.292694
vt 0.365127 0.293601
vt 0.371197 0.313046
vt 0.377512 0.332538
vt 0.382350 0.332150
vt 0.382959 0.350606
vt 0.581925 0.410473
vt 0.582419 0.410403
vt 0.582613 0.426476
vt 0.581432 0.410504
vt 0.580939 0.410541
vt 0.580271 0.394509
vt 0.579604 0.378477
vt 0.579131 0.378492
vt 0.578938 0.362420
vt 0.363579 0.268594
vt 0.355776 0.271097
vt 0.362586 0.268062
vt 0.371688 0.266041
vt 0.379798 0.263488
vt 0.380612 0.264082
vt 0.381472 0.264661
vt 0.389358 0.262184
vt 0.382548 0.265219
vt 0.412318 0.456463
vt 0.416184 0.459105
vt 0.410948 0.458187
vt 0.407393 0.451763
vt 0.402449 0.447107
vt 0.403948 0.445859
vt 0.405401 0.444530
vt 0.400615 0.440473
vt 0.405851 0.441391
vt 0.371114 0.422031
vt 0.370485 0.421920
vt 0.371114 0.422031
vt 0.371744 0.422141
vt 0.372374 0.422252
vt 0.372374 0.422252
vt 0.372374 0.422252
vt 0.373004 0.422362
vt 0.372374 0.422252
vt 0.380584 0.427859
vt 0.375523 0.422804
vt 0.380584 0.427859
vt 0.385644 0.432913
vt 0.390705 0.437968
vt 0.390705 0.437968
vt 0.390705 0.437968
vt 0.395766 0.443023
vt 0.390705 0.437968
vt 0.415988 0.463736
vt 0.416009 0.463242
vt 0.415988 0.463736
vt 0.415967 0.464230
vt 0.415946 0.464724
vt 0.415946 0.464724
vt 0.415946 0.464724
vt 0.415925 0.465217
vt 0.415946 0.464724
vt 0.410172 0.461534
vt 0.415841 0.467193
vt 0.410172 0.461534
vt 0.404502 0.455875
vt 0.398832 0.450216
vt 0.398832 0.450216
vt 0.398832 0.450216
vt 0.398832 0.450216
vt 0.393163 0.444557
vt 0.398832 0.450216
vt 0.362586 0.268062
vt 0.354371 0.270642
vt 0.362586 0.268062
vt 0.370801 0.265482
vt 0.379016 0.262901
vt 0.379016 0.262901
vt 0.379016 0.262901
vt 0.387231 0.260321
vt 0.379016 0.262901
vt 0.420090 0.250948
vt 0.420090 0.250000
vt 0.420090 0.250948
vt 0.420090 0.251897
vt 0.420090 0.252845
vt 0.420090 0.252845
vt 0.420090 0.252845
vt 0.420090 0.253793
vt 0.420090 0.252845
vt 0.413280 0.259673
vt 0.420090 0.257587
vt 0.413280 0.259673
vt 0.406471 0.261760
vt 0.399661 0.263846
vt 0.399661 0.263846
vt 0.399661 0.263846
vt 0.392851 0.265932
vt 0.399661 0.263846
vt 0.364207 0.273823
vt 0.365612 0.274278
vt 0.364207 0.273823
vt 0.362802 0.273369
vt 0.361397 0.272915
vt 0.361397 0.272915
vt 0.361397 0.272915
vt 0.359992 0.272460
vt 0.361397 0.272915
vt 0.552311 0.314534
vt 0.554956 0.297102
vt 0.574832 0.313934
vt 0.552309 0.330217
vt 0.552054 0.345964
vt 0.529943 0.346121
vt 0.507765 0.346349
vt 0.507734 0.361646
vt 0.487857 0.344814
vt 0.582613 0.426476
vt 0.583114 0.426464
vt 0.582613 0.426476
vt 0.582111 0.426487
vt 0.581609 0.426498
vt 0.581609 0.426498
vt 0.581609 0.426498
vt 0.581107 0.426509
vt 0.581609 0.426498
vt 0.578491 0.410465
vt 0.579101 0.426554
vt 0.578491 0.410465
vt 0.577881 0.394377
vt 0.577271 0.378288
vt 0.577271 0.378288
vt 0.577271 0.378288
vt 0.576662 0.362200
vt 0.577271 0.378288
vt 0.574639 0.297862
vt 0.574222 0.297846
vt 0.574639 0.297862
vt 0.575056 0.297878
vt 0.575472 0.297894
vt 0.575472 0.297894
vt 0.575472 0.297894
vt 0.575889 0.297910
vt 0.575472 0.297894
vt 0.578250 0.314036
vt 0.577555 0.297974
vt 0.578250 0.314036
vt 0.578945 0.330097
vt 0.579640 0.346158
vt 0.579640 0.346158
vt 0.579640 0.346158
vt 0.579640 0.346158
vt 0.580335 0.362219
vt 0.579640 0.346158
vt 0.410007 0.031987
vt 0.409740 0.000474
vt 0.414483 0.994805
vt 0.420090 0.031250
vt 0.410274 0.063501
vt 0.410541 0.095014
vt 0.400991 0.096278
vt 0.391442 0.097541
vt 0.392242 0.129581
vt 0.411608 0.221067
vt 0.411875 0.252580
vt 0.403127 0.223384
vt 0.394645 0.225701
vt 0.393844 0.193661
vt 0.393043 0.161621
vt 0.384027 0.163412
vt 0.360717 0.234969
vt 0.352236 0.237286
vt 0.358849 0.201876
vt 0.356980 0.168783
vt 0.365996 0.166992
vt 0.375012 0.165202
vt 0.414664 0.262482
vt 0.420090 0.261876
vt 0.414890 0.266448
vt 0.415194 0.270368
vt 0.409921 0.270483
vt 0.404657 0.270660
vt 0.405184 0.273981
vt 0.414149 0.286293
vt 0.413280 0.289695
vt 0.407711 0.284484
vt 0.401281 0.282719
vt 0.402742 0.279941
vt 0.404128 0.277130
vt 0.415209 0.962650
vt 0.414483 0.958145
vt 0.420090 0.963340
vt 0.415524 0.967560
vt 0.415896 0.972460
vt 0.411474 0.971216
vt 0.407042 0.970025
vt 0.407942 0.974309
vt 0.415667 0.991985
vt 0.414483 0.994805
vt 0.410244 0.987261
vt 0.404811 0.982600
vt 0.403267 0.984414
vt 0.406195 0.980443
vt 0.407514 0.978191
vt 0.165019 0.029472
vt 0.159923 0.029035
vt 0.164546 -0.002223
vt 0.170115 0.029910
vt 0.175212 0.030347
vt 0.174742 -0.001351
vt 0.175681 0.062045
vt 0.176150 0.093743
vt 0.181243 0.094183
vt 0.195597 0.032097
vt 0.195136 0.000394
vt 0.380175 0.819768
vt 0.200693 0.032534
vt 0.196059 0.063800
vt 0.196520 0.095503
vt 0.191428 0.095063
vt 0.186335 0.094623
vt 0.186801 0.126324
vt 0.198365 0.222316
vt 0.198827 0.254019
vt 0.376154 0.427579
vt 0.193281 0.221871
vt 0.188197 0.221426
vt 0.188662 0.253126
vt 0.187731 0.189725
vt 0.187266 0.158024
vt 0.412581 0.820265
vt 0.417171 0.819704
vt 0.412086 0.824335
vt 0.407639 0.820540
vt 0.402706 0.820857
vt 0.403788 0.817192
vt 0.404820 0.813519
vt 0.400533 0.814292
vt 0.382959 0.820773
vt 0.380175 0.819768
vt 0.387593 0.816280
vt 0.392166 0.811774
vt 0.390345 0.810506
vt 0.394312 0.812914
vt 0.396553 0.814005
vt 0.611791 0.067865
vt 0.586969 0.071667
vt 0.586263 0.941297
vt 0.613064 0.035634
vt 0.636612 0.064062
vt 0.661433 0.060260
vt 0.662565 0.028227
vt 0.660301 0.092292
vt 0.659170 0.124325
vt 0.684133 0.120324
vt 0.760718 0.045049
vt 0.585625 0.838551
vt 0.761566 0.013413
vt 0.585218 0.772056
vt 0.785540 0.041247
vt 0.759871 0.076686
vt 0.759023 0.108322
vt 0.783987 0.104321
vt 0.734060 0.112322
vt 0.709097 0.116323
vt 0.708107 0.148157
vt 0.755634 0.234867
vt 0.583415 0.475835
vt 0.780881 0.230470
vt 0.582419 0.410403
vt 0.754786 0.266503
vt 0.730386 0.239263
vt 0.705138 0.243660
vt 0.704149 0.275495
vt 0.706128 0.211826
vt 0.707117 0.179992
vt 0.379966 0.427779
vt 0.374893 0.422693
vt 0.380584 0.427859
vt 0.385095 0.432910
vt 0.390223 0.438041
vt 0.389814 0.438167
vt 0.389429 0.438318
vt 0.394741 0.443630
vt 0.410892 0.458665
vt 0.410948 0.458187
vt 0.415988 0.463736
vt 0.410792 0.459090
vt 0.410718 0.459540
vt 0.405390 0.454238
vt 0.400062 0.448935
vt 0.399780 0.449179
vt 0.410355 0.461224
vt 0.415862 0.466699
vt 0.410172 0.461534
vt 0.404730 0.455613
vt 0.399104 0.450001
vt 0.399369 0.449772
vt 0.399613 0.449523
vt 0.440950 0.036302
vt 0.441118 0.004917
vt 0.461810 0.041354
vt 0.482670 0.046407
vt 0.483174 0.014752
vt 0.482166 0.078061
vt 0.481661 0.109716
vt 0.502185 0.115038
vt 0.566109 0.066615
vt 0.567286 0.034421
vt 0.565584 0.963618
vt 0.564933 0.098810
vt 0.563756 0.131004
vt 0.543232 0.125682
vt 0.522709 0.120360
vt 0.521868 0.152285
vt 0.559049 0.259783
vt 0.557872 0.291978
vt 0.539198 0.253921
vt 0.519346 0.248059
vt 0.520187 0.216135
vt 0.521028 0.184210
vt 0.434517 0.266008
vt 0.420090 0.256638
vt 0.436197 0.264105
vt 0.437688 0.262822
vt 0.454044 0.270445
vt 0.471167 0.277601
vt 0.473632 0.275658
vt 0.439925 0.257449
vt 0.459226 0.263773
vt 0.478538 0.270068
vt 0.477073 0.272009
vt 0.475547 0.273912
vt 0.493315 0.280706
vt 0.555830 0.292235
vt 0.577139 0.297958
vt 0.555399 0.292879
vt 0.554784 0.293453
vt 0.533880 0.289122
vt 0.512964 0.284846
vt 0.512581 0.286687
vt 0.553359 0.296149
vt 0.533998 0.294670
vt 0.514627 0.293269
vt 0.513312 0.290945
vt 0.512125 0.288587
vt 0.431397 0.454612
vt 0.433350 0.451616
vt 0.434194 0.448053
vt 0.452336 0.445475
vt 0.470349 0.443628
vt 0.473144 0.440682
vt 0.436643 0.433321
vt 0.417235 0.434285
vt 0.437622 0.429699
vt 0.456542 0.432524
vt 0.476441 0.431713
vt 0.475178 0.434656
vt 0.474013 0.437604
vt 0.493530 0.436095
vt 0.557482 0.427790
vt 0.558889 0.427003
vt 0.579602 0.426543
vt 0.557730 0.428424
vt 0.557889 0.429029
vt 0.535944 0.431454
vt 0.513996 0.433940
vt 0.514243 0.435635
vt 0.559807 0.431330
vt 0.562205 0.431556
vt 0.538990 0.435810
vt 0.518178 0.440347
vt 0.516200 0.438863
vt 0.514432 0.437310
vt 0.436780 0.503290
vt 0.415832 0.507213
vt 0.457728 0.499368
vt 0.478676 0.495446
vt 0.478783 0.538972
vt 0.478890 0.582498
vt 0.499915 0.580914
vt 0.562467 0.479757
vt 0.583415 0.475835
vt 0.562729 0.527958
vt 0.562991 0.576160
vt 0.584016 0.574575
vt 0.541966 0.577745
vt 0.520940 0.579329
vt 0.521125 0.625193
vt 0.564038 0.768966
vt 0.585218 0.772056
vt 0.542858 0.765875
vt 0.521679 0.762785
vt 0.521494 0.716921
vt 0.521309 0.671057
vt 0.437176 0.820049
vt 0.438389 0.823963
vt 0.436565 0.815898
vt 0.435801 0.811757
vt 0.455526 0.813026
vt 0.475253 0.814270
vt 0.474054 0.811088
vt 0.435963 0.795262
vt 0.456760 0.798980
vt 0.477557 0.802671
vt 0.476121 0.805352
vt 0.474850 0.808077
vt 0.439982 0.962644
vt 0.460322 0.962153
vt 0.480659 0.961640
vt 0.479213 0.965107
vt 0.477899 0.968580
vt 0.497546 0.967004
vt 0.562313 0.961419
vt 0.565584 0.958381
vt 0.565584 0.963618
vt 0.542114 0.966552
vt 0.521993 0.971699
vt 0.524014 0.974013
vt 0.519434 0.969427
vt 0.516754 0.967169
vt 0.436280 0.839406
vt 0.417711 0.841048
vt 0.456640 0.839404
vt 0.476991 0.839414
vt 0.474402 0.855992
vt 0.471840 0.872473
vt 0.491676 0.873726
vt 0.561165 0.840275
vt 0.585625 0.838551
vt 0.560814 0.856733
vt 0.560163 0.873285
vt 0.585837 0.872799
vt 0.536540 0.874045
vt 0.512871 0.874846
vt 0.512801 0.890488
vt 0.561972 0.939949
vt 0.586263 0.941297
vt 0.540674 0.940583
vt 0.519427 0.941257
vt 0.516187 0.923647
vt 0.513237 0.906126
vt 0.412210 0.841382
vt 0.412500 0.858161
vt 0.412789 0.874943
vt 0.407250 0.875237
vt 0.401712 0.875545
vt 0.401963 0.892275
vt 0.414135 0.941612
vt 0.408515 0.941747
vt 0.402896 0.941880
vt 0.402586 0.925378
vt 0.402276 0.908875
vt 0.396695 0.909039
vt 0.380602 0.941984
vt 0.320156 0.003421
vt 0.375211 0.941682
vt 0.380537 0.925271
vt 0.380472 0.908556
vt 0.375176 0.908172
vt 0.385823 0.908819
vt 0.391175 0.909071
vt 0.218035 0.033111
vt 0.217366 0.001200
vt 0.235376 0.033688
vt 0.252717 0.034264
vt 0.251629 0.001940
vt 0.253805 0.066588
vt 0.254893 0.098912
vt 0.272653 0.099902
vt 0.322082 0.036571
vt 0.320156 0.003421
vt 0.324008 0.069721
vt 0.325934 0.102871
vt 0.308173 0.101881
vt 0.290413 0.100892
vt 0.291920 0.133629
vt 0.333637 0.235470
vt 0.335563 0.268620
vt 0.315039 0.233655
vt 0.296441 0.231839
vt 0.297948 0.264576
vt 0.294934 0.199102
vt 0.293427 0.166365
vt 0.375613 0.290648
vt 0.380654 0.294409
vt 0.386662 0.297295
vt 0.386701 0.313851
vt 0.385813 0.330111
vt 0.390565 0.334807
vt 0.412787 0.307138
vt 0.419755 0.309179
vt 0.412374 0.324414
vt 0.411963 0.341692
vt 0.404802 0.339452
vt 0.397642 0.337207
vt 0.397040 0.354291
vt 0.411822 0.411111
vt 0.417745 0.412867
vt 0.412175 0.429231
vt 0.406133 0.409908
vt 0.400451 0.408703
vt 0.399231 0.390382
vt 0.397991 0.372056
vt 0.391469 0.370654
vt 0.383011 0.409550
vt 0.380759 0.423722
vt 0.374893 0.422693
vt 0.380563 0.407279
vt 0.379094 0.405155
vt 0.384133 0.389589
vt 0.388323 0.372813
vt 0.385603 0.369626
vt 0.370811 0.401256
vt 0.368470 0.403011
vt 0.370350 0.383134
vt 0.369596 0.364920
vt 0.364442 0.365191
vt 0.375179 0.365665
vt 0.380761 0.367054
vt 0.578977 0.410563
vt 0.579602 0.426543
vt 0.578491 0.410465
vt 0.578355 0.394477
vt 0.577733 0.378390
vt 0.578198 0.378460
vt 0.578662 0.378515
vt 0.578019 0.362415
vt 0.575254 0.313953
vt 0.574832 0.313934
vt 0.574639 0.297862
vt 0.575680 0.313992
vt 0.576105 0.314021
vt 0.576742 0.330152
vt 0.577379 0.346283
vt 0.577826 0.346342
vt 0.577816 0.314055
vt 0.577139 0.297958
vt 0.578250 0.314036
vt 0.578499 0.330142
vt 0.579182 0.346230
vt 0.578728 0.346270
vt 0.578275 0.346332
vt 0.412316 0.253314
vt 0.411875 0.252580
vt 0.420090 0.250948
vt 0.412412 0.254216
vt 0.412557 0.255103
vt 0.404906 0.257418
vt 0.397255 0.259731
vt 0.397573 0.260552
vt 0.413201 0.258707
vt 0.420090 0.256638
vt 0.413280 0.259673
vt 0.406243 0.260819
vt 0.399282 0.262929
vt 0.398737 0.262123
vt 0.398151 0.261329
vt 0.390763 0.263587
vt 0.371061 0.271654
vt 0.372422 0.272192
vt 0.364207 0.273823
vt 0.369847 0.271109
vt 0.368544 0.270595
vt 0.375961 0.268241
vt 0.383380 0.265890
vt 0.383341 0.427435
vt 0.388130 0.428154
vt 0.392833 0.428814
vt 0.394807 0.432358
vt 0.396850 0.435904
vt 0.400790 0.436336
vt 0.412681 0.432995
vt 0.412846 0.436953
vt 0.413057 0.440912
vt 0.409051 0.439321
vt 0.405034 0.437767
vt 0.374893 0.422693
vt 0.374893 0.422693
vt 0.374893 0.422693
vt 0.374263 0.422583
vt 0.373634 0.422473
vt 0.373634 0.422473
vt 0.374893 0.422693
vt 0.375523 0.422804
vt 0.374263 0.422583
vt 0.373634 0.422472
vt 0.373634 0.422472
vt 0.373634 0.422473
vt 0.373004 0.422362
vt 0.371114 0.422031
vt 0.370485 0.421920
vt 0.371114 0.422031
vt 0.371114 0.422031
vt 0.371744 0.422141
vt 0.372374 0.422252
vt 0.410948 0.458187
vt 0.410948 0.458187
vt 0.410948 0.458187
vt 0.405887 0.453133
vt 0.400826 0.448078
vt 0.400826 0.448078
vt 0.410948 0.458187
vt 0.416009 0.463242
vt 0.405887 0.453133
vt 0.400826 0.448078
vt 0.400826 0.448078
vt 0.400826 0.448078
vt 0.395766 0.443023
vt 0.380584 0.427859
vt 0.380584 0.427859
vt 0.380584 0.427859
vt 0.385644 0.432913
vt 0.390705 0.437968
vt 0.415862 0.466699
vt 0.415862 0.466699
vt 0.415862 0.466699
vt 0.415883 0.466205
vt 0.415904 0.465711
vt 0.415904 0.465711
vt 0.415862 0.466699
vt 0.415841 0.467193
vt 0.415883 0.466205
vt 0.415904 0.465711
vt 0.415904 0.465711
vt 0.415904 0.465711
vt 0.415925 0.465217
vt 0.415988 0.463736
vt 0.415988 0.463736
vt 0.415988 0.463736
vt 0.415967 0.464230
vt 0.415946 0.464724
vt 0.376154 0.427579
vt 0.376154 0.427579
vt 0.376154 0.427579
vt 0.376154 0.427579
vt 0.381824 0.433238
vt 0.387493 0.438898
vt 0.387493 0.438897
vt 0.376154 0.427579
vt 0.381824 0.433238
vt 0.387493 0.438898
vt 0.387493 0.438897
vt 0.387493 0.438898
vt 0.393163 0.444557
vt 0.410172 0.461534
vt 0.410172 0.461534
vt 0.410172 0.461534
vt 0.404502 0.455875
vt 0.398832 0.450216
vt 0.411875 0.252580
vt 0.411875 0.252580
vt 0.411875 0.252580
vt 0.403660 0.255161
vt 0.395445 0.257741
vt 0.395445 0.257741
vt 0.411875 0.252580
vt 0.420090 0.250000
vt 0.403660 0.255161
vt 0.395445 0.257741
vt 0.395445 0.257741
vt 0.395445 0.257741
vt 0.387231 0.260321
vt 0.362586 0.268062
vt 0.354371 0.270642
vt 0.362586 0.268062
vt 0.362586 0.268062
vt 0.370801 0.265482
vt 0.379016 0.262901
vt 0.420090 0.256638
vt 0.420090 0.256638
vt 0.420090 0.256638
vt 0.420090 0.255690
vt 0.420090 0.254742
vt 0.420090 0.254742
vt 0.420090 0.256638
vt 0.420090 0.257587
vt 0.420090 0.255690
vt 0.420090 0.254742
vt 0.420090 0.254742
vt 0.420090 0.254742
vt 0.420090 0.253793
vt 0.420090 0.250948
vt 0.420090 0.250948
vt 0.420090 0.250948
vt 0.420090 0.251897
vt 0.420090 0.252845
vt 0.372422 0.272192
vt 0.372422 0.272192
vt 0.372422 0.272192
vt 0.379232 0.270105
vt 0.386041 0.268019
vt 0.386042 0.268019
vt 0.372422 0.272192
vt 0.365612 0.274278
vt 0.379232 0.270105
vt 0.386042 0.268019
vt 0.386041 0.268019
vt 0.386041 0.268019
vt 0.392851 0.265932
vt 0.413281 0.259673
vt 0.413280 0.259673
vt 0.413280 0.259673
vt 0.406471 0.261760
vt 0.399661 0.263846
vt 0.355776 0.271097
vt 0.355776 0.271097
vt 0.355776 0.271097
vt 0.357181 0.271551
vt 0.358586 0.272006
vt 0.358586 0.272006
vt 0.355776 0.271097
vt 0.357181 0.271551
vt 0.358586 0.272006
vt 0.358586 0.272006
vt 0.358586 0.272006
vt 0.359992 0.272460
vt 0.364207 0.273824
vt 0.364207 0.273823
vt 0.364207 0.273823
vt 0.362802 0.273369
vt 0.361397 0.272915
vt 0.555123 0.409500
vt 0.534593 0.410342
vt 0.514085 0.411258
vt 0.511008 0.394069
vt 0.508198 0.376951
vt 0.488132 0.378184
vt 0.435565 0.413929
vt 0.435204 0.396459
vt 0.434816 0.378914
vt 0.452040 0.379287
vt 0.469284 0.379651
vt 0.468256 0.361352
vt 0.436942 0.308362
vt 0.455719 0.309277
vt 0.474504 0.310183
vt 0.471886 0.326668
vt 0.469281 0.343077
vt 0.579602 0.426543
vt 0.579602 0.426543
vt 0.579602 0.426543
vt 0.580104 0.426531
vt 0.580606 0.426520
vt 0.580606 0.426520
vt 0.579602 0.426543
vt 0.579101 0.426554
vt 0.580104 0.426531
vt 0.580606 0.426520
vt 0.580606 0.426520
vt 0.580606 0.426520
vt 0.581107 0.426509
vt 0.582613 0.426476
vt 0.583114 0.426464
vt 0.582613 0.426476
vt 0.582613 0.426476
vt 0.582111 0.426487
vt 0.581609 0.426498
vt 0.574832 0.313934
vt 0.574832 0.313934
vt 0.574832 0.313934
vt 0.575442 0.330023
vt 0.576052 0.346111
vt 0.576052 0.346111
vt 0.574832 0.313934
vt 0.574222 0.297846
vt 0.575442 0.330023
vt 0.576052 0.346111
vt 0.576052 0.346111
vt 0.576052 0.346111
vt 0.576662 0.362200
vt 0.578491 0.410465
vt 0.578491 0.410465
vt 0.578491 0.410465
vt 0.577881 0.394377
vt 0.577271 0.378288
vt 0.577139 0.297958
vt 0.577139 0.297958
vt 0.577139 0.297958
vt 0.576722 0.297942
vt 0.576305 0.297926
vt 0.576306 0.297926
vt 0.577139 0.297958
vt 0.577555 0.297974
vt 0.576722 0.297942
vt 0.576306 0.297926
vt 0.576306 0.297926
vt 0.576306 0.297926
vt 0.575889 0.297910
vt 0.574639 0.297862
vt 0.574639 0.297862
vt 0.574639 0.297862
vt 0.575056 0.297878
vt 0.575472 0.297894
vt 0.582419 0.410403
vt 0.582419 0.410403
vt 0.582419 0.410403
vt 0.582419 0.410403
vt 0.581725 0.394342
vt 0.581030 0.378281
vt 0.581030 0.378281
vt 0.582419 0.410403
vt 0.581725 0.394342
vt 0.581030 0.378281
vt 0.581030 0.378281
vt 0.581030 0.378281
vt 0.580335 0.362219
vt 0.578250 0.314036
vt 0.578250 0.314036
vt 0.578250 0.314036
vt 0.578945 0.330097
vt 0.579640 0.346158
vn -0.596591 0.000006 0.802546
vn -0.596591 0.000006 0.802546
vn -0.596591 0.000006 0.802546
vn -0.596591 0.000006 0.802546
vn 0.000000 1.000000 0.000000
vn 0.000000 1.000000 0.000000
vn 0.000000 1.000000 0.000000
vn 0.000000 1.000000 0.000000
vn 0.000000 -1.000000 -0.000000
vn 0.000000 -1.000000 -0.000000
vn 0.000000 -1.000000 -0.000000
vn 0.000000 -1.000000 -0.000000
vn -0.571200 0.000003 -0.820811
vn -0.571200 0.000003 -0.820811
vn -0.571200 0.000003 -0.820811
vn -0.571200 0.000003 -0.820811
vn -0.000000 -1.000000 0.000000
vn -0.000000 -1.000000 0.000000
vn -0.000000 -1.000000 0.000000
vn -0.000000 -1.000000 0.000000
vn 1.000000 0.000000 0.000000
vn 1.000000 0.000000 0.000000
vn 1.000000 0.000000 0.000000
vn 1.000000 0.000000 0.000000
vn 0.000003 1.000000 0.000006
vn 0.000003 1.000000 0.000006
vn 0.000003 1.000000 0.000006
vn 0.000003 1.000000 0.000006
vn 0.432762 -0.000001 0.901508
vn 0.432762 -0.000001 0.901508
vn 0.432762 -0.000001 0.901508
vn 0.432762 -0.000001 0.901508
vn -0.000000 1.000000 -0.000000
vn -0.000000 1.000000 -0.000000
vn -0.000000 1.000000 -0.000000
vn -0.000000 1.000000 -0.000000
vn 0.000000 1.000000 -0.000000
vn 0.000000 1.000000 -0.000000
vn 0.000000 1.000000 -0.000000
vn 0.000000 1.000000 -0.000000
vn 0.441250 -0.000001 -0.897384
vn 0.441250 -0.000001 -0.897384
vn 0.441250 -0.000001 -0.897384
vn 0.441250 -0.000001 -0.897384
vn -0.000000 -1.000000 -0.000000
vn -0.000000 -1.000000 -0.000000
vn -0.000000 -1.000000 -0.000000
vn -0.000000 -1.000000 -0.000000
vn -0.000000 -1.000000 -0.000000
vn -0.000000 -1.000000 -0.000000
vn -0.000000 -1.000000 -0.000000
vn -0.000000 -1.000000 -0.000000
vn -0.000000 -1.000000 0.000000
vn -0.000000 -1.000000 0.000000
vn -0.000000 -1.000000 0.000000
vn -0.000000 -1.000000 0.000000
vn -0.000000 -1.000000 -0.000000
vn -0.000000 -1.000000 -0.000000
vn -0.000000 -1.000000 -0.000000
vn -0.000000 -1.000000 -0.000000
vn -0.998765 0.000008 -0.049690
vn -0.998765 0.000008 -0.049690
vn -0.998765 0.000008 -0.049690
vn -0.998765 0.000008 -0.049690
vn -0.000000 1.000000 0.000000
vn -0.000000 1.000000 0.000000
vn -0.000000 1.000000 0.000000
vn -0.000000 1.000000 0.000000
vn -0.000005 1.000000 0.000000
vn -0.000005 1.000000 0.000000
vn -0.000005 1.000000 0.000000
vn -0.000005 1.000000 0.000000
vn -0.000002 1.000000 0.000000
vn -0.000002 1.000000 0.000000
vn -0.000002 1.000000 0.000000
vn -0.000002 1.000000 0.000000
vn 0.000000 1.000000 -0.000000
vn 0.000000 1.000000 -0.000000
vn 0.000000 1.000000 -0.000000
vn 0.000000 1.000000 -0.000000
vn -0.181485 -0.000000 0.983394
vn -0.181485 -0.000000 0.983394
vn -0.181485 -0.000000 0.983394
vn -0.181485 -0.000000 0.983394
vn 0.571531 -0.000001 0.820580
vn 0.571531 -0.000001 0.820580
vn 0.571531 -0.000001 0.820580
vn 0.571531 -0.000001 0.820580
vn 0.983395 -0.000002 0.181480
vn 0.983395 -0.000002 0.181480
vn 0.983395 -0.000002 0.181480
vn 0.983395 -0.000002 0.181480
vn -0.571200 0.000000 -0.820811
vn -0.571200 0.000000 -0.820811
vn -0.571200 0.000000 -0.820811
vn -0.571200 0.000000 -0.820811
vn -0.596591 0.000000 0.802545
vn -0.596591 0.000000 0.802545
vn -0.596591 0.000000 0.802545
vn -0.596591 0.000000 0.802545
vn 0.981756 0.000002 -0.190147
vn 0.981756 0.000002 -0.190147
vn 0.981756 0.000002 -0.190147
vn 0.981756 0.000002 -0.190147
vn 0.591712 -0.000002 -0.806149
vn 0.591712 -0.000002 -0.806149
vn 0.591712 -0.000002 -0.806149
vn 0.591712 -0.000002 -0.806149
vn -0.190157 -0.000001 -0.981754
vn -0.190157 -0.000001 -0.981754
vn -0.190157 -0.000001 -0.981754
vn -0.190157 -0.000001 -0.981754
vn 0.000000 1.000000 -0.000000
vn 0.000000 1.000000 -0.000000
vn 0.000000 1.000000 -0.000000
vn 0.000000 1.000000 -0.000000
vn 0.319796 -0.000000 -0.947486
vn 0.319796 -0.000000 -0.947486
vn 0.319796 -0.000000 -0.947486
vn 0.319796 -0.000000 -0.947486
vn -0.999964 0.000000 0.008537
vn -0.999964 0.000000 0.008537
vn -0.999964 0.000000 0.008537
vn -0.999964 0.000000 0.008537
vn 0.319783 0.000000 0.947491
vn 0.319783 0.000000 0.947491
vn 0.319783 0.000000 0.947491
vn 0.319783 0.000000 0.947491
vn 1.000000 0.000000 -0.000001
vn 1.000000 0.000000 -0.000001
vn 1.000000 0.000000 -0.000001
vn 1.000000 0.000000 -0.000001
vn -0.596592 0.000000 0.802545
vn -0.596592 0.000000 0.802545
vn -0.596592 0.000000 0.802545
vn -0.596592 0.000000 0.802545
vn -0.596592 0.000000 0.802545
vn -0.596592 0.000000 0.802545
vn -0.596592 0.000000 0.802545
vn -0.596592 0.000000 0.802545
vn -0.596591 0.000000 0.802545
vn -0.596591 0.000000 0.802545
vn -0.596591 0.000000 0.802545
vn -0.596591 0.000000 0.802545
vn -0.000000 1.000000 0.000000
vn -0.000000 1.000000 0.000000
vn -0.000000 1.000000 0.000000
vn -0.000000 1.000000 0.000000
vn 0.000000 1.000000 -0.000000
vn 0.000000 1.000000 -0.000000
vn 0.000000 1.000000 -0.000000
vn 0.000000 1.000000 -0.000000
vn 0.000000 -1.000000 0.000000
vn 0.000000 -1.000000 0.000000
vn 0.000000 -1.000000 0.000000
vn 0.000000 -1.000000 0.000000
vn 0.000000 -1.000000 0.000000
vn 0.000000 -1.000000 0.000000
vn 0.000000 -1.000000 0.000000
vn 0.000000 -1.000000 0.000000
vn -0.571200 0.000000 -0.820811
vn -0.571200 0.000000 -0.820811
vn -0.571200 0.000000 -0.820811
vn -0.571200 0.000000 -0.820811
vn -0.571199 0.000000 -0.820812
vn -0.571199 0.000000 -0.820812
vn -0.571199 0.000000 -0.820812
vn -0.571199 0.000000 -0.820811
vn -0.571200 0.000000 -0.820811
vn -0.571200 0.000000 -0.820811
vn -0.571200 0.000000 -0.820811
vn -0.571200 0.000000 -0.820811
vn -0.000000 -1.000000 0.000000
vn -0.000000 -1.000000 0.000000
vn -0.000000 -1.000000 0.000000
vn -0.000000 -1.000000 0.000000
vn -0.000000 -1.000000 0.000000
vn -0.000000 -1.000000 0.000000
vn -0.000000 -1.000000 0.000000
vn -0.000000 -1.000000 0.000000
vn 1.000000 0.000000 -0.000001
vn 1.000000 0.000000 -0.000001
vn 1.000000 0.000000 -0.000001
vn 1.000000 0.000000 -0.000001
vn 1.000000 0.000000 0.000000
vn 1.000000 0.000000 0.000000
vn 1.000000 0.000000 0.000000
vn 1.000000 0.000000 0.000000
vn 1.000000 0.000004 0.000000
vn 1.000000 0.000004 0.000000
vn 1.000000 0.000004 0.000000
vn 1.000000 0.000004 0.000000
vn 0.000003 1.000000 -0.000007
vn 0.000003 1.000000 -0.000007
vn 0.000003 1.000000 -0.000007
vn 0.000003 1.000000 -0.000007
vn 0.000003 1.000000 0.000003
vn 0.000003 1.000000 0.000003
vn 0.000003 1.000000 0.000003
vn 0.000003 1.000000 0.000003
vn 0.000003 1.000000 0.000000
vn 0.000003 1.000000 0.000000
vn 0.000003 1.000000 0.000000
vn 0.000003 1.000000 0.000000
vn 0.432762 0.000000 0.901509
vn 0.432762 0.000000 0.901508
vn 0.432762 0.000000 0.901508
vn 0.432762 0.000000 0.901509
vn 0.432762 -0.000001 0.901508
vn 0.432762 -0.000001 0.901508
vn 0.432762 -0.000001 0.901508
vn 0.432762 -0.000001 0.901508
vn 0.432762 0.000005 0.901508
vn 0.432762 0.000005 0.901508
vn 0.432762 0.000005 0.901508
vn 0.432762 0.000005 0.901508
vn 0.000000 1.000000 0.000000
vn 0.000000 1.000000 0.000000
vn 0.000000 1.000000 0.000000
vn 0.000000 1.000000 0.000000
vn 0.000000 1.000000 0.000000
vn 0.000000 1.000000 0.000000
vn 0.000000 1.000000 0.000000
vn 0.000000 1.000000 0.000000
vn 0.000000 1.000000 0.000000
vn 0.000000 1.000000 0.000000
vn 0.000000 1.000000 0.000000
vn 0.000000 1.000000 0.000000
vn -0.000000 1.000000 -0.000001
vn -0.000000 1.000000 -0.000001
vn -0.000000 1.000000 -0.000001
vn -0.000000 1.000000 -0.000001
vn 0.000000 1.000000 0.000000
vn 0.000000 1.000000 0.000000
vn 0.000000 1.000000 0.000000
vn 0.000000 1.000000 0.000000
vn -0.000000 1.000000 0.000000
vn -0.000000 1.000000 0.000000
vn -0.000000 1.000000 0.000000
vn -0.000000 1.000000 0.000000
vn 0.000000 1.000000 0.000000
vn 0.000000 1.000000 0.000000
vn 0.000000 1.000000 0.000000
vn 0.000000 1.000000 0.000000
vn -0.000000 1.000000 0.000000
vn -0.000000 1.000000 0.000000
vn -0.000000 1.000000 0.000000
vn -0.000000 1.000000 0.000000
vn 0.441250 0.000000 -0.897384
vn 0.441250 0.000000 -0.897384
vn 0.441250 0.000000 -0.897384
vn 0.441250 0.000000 -0.897385
vn 0.441250 0.000001 -0.897384
vn 0.441250 0.000001 -0.897384
vn 0.441250 0.000001 -0.897384
vn 0.441250 0.000001 -0.897384
vn 0.441250 -0.000002 -0.897384
vn 0.441250 -0.000002 -0.897384
vn 0.441250 -0.000002 -0.897384
vn 0.441250 -0.000002 -0.897384
vn -0.000000 -1.000000 -0.000000
vn -0.000000 -1.000000 -0.000000
vn -0.000000 -1.000000 -0.000000
vn -0.000000 -1.000000 -0.000000
vn -0.000000 -1.000000 0.000000
vn -0.000000 -1.000000 0.000000
vn -0.000000 -1.000000 0.000000
vn -0.000000 -1.000000 0.000000
vn -0.000000 -1.000000 -0.000000
vn -0.000000 -1.000000 -0.000000
vn -0.000000 -1.000000 -0.000000
vn -0.000000 -1.000000 -0.000000
vn -0.000000 -1.000000 0.000000
vn -0.000000 -1.000000 0.000000
vn -0.000000 -1.000000 0.000000
vn -0.000000 -1.000000 0.000000
vn -0.000000 -1.000000 0.000000
vn -0.000000 -1.000000 0.000000
vn -0.000000 -1.000000 0.000000
vn -0.000000 -1.000000 0.000000
vn -0.000000 -1.000000 -0.000000
vn -0.000000 -1.000000 -0.000000
vn -0.000000 -1.000000 -0.000000
vn -0.000000 -1.000000 -0.000000
vn -0.000000 -1.000000 0.000000
vn -0.000000 -1.000000 0.000000
vn -0.000000 -1.000000 0.000000
vn -0.000000 -1.000000 0.000000
vn 0.000000 -1.000000 0.000000
vn 0.000000 -1.000000 0.000000
vn 0.000000 -1.000000 0.000000
vn 0.000000 -1.000000 0.000000
vn -0.000000 -1.000000 0.000000
vn -0.000000 -1.000000 0.000000
vn -0.000000 -1.000000 0.000000
vn -0.000000 -1.000000 0.000000
vn -0.000000 -1.000000 -0.000000
vn -0.000000 -1.000000 -0.000000
vn -0.000000 -1.000000 -0.000000
vn -0.000000 -1.000000 -0.000000
vn -0.998765 -0.000009 -0.049689
vn -0.998765 -0.000009 -0.049689
vn -0.998765 -0.000009 -0.049689
vn -0.998765 -0.000009 -0.049689
vn -0.998765 0.000000 -0.049689
vn -0.998765 0.000000 -0.049689
vn -0.998765 0.000000 -0.049689
vn -0.998765 0.000000 -0.049689
vn -0.998765 0.000000 -0.049690
vn -0.998765 0.000000 -0.049690
vn -0.998765 0.000000 -0.049690
vn -0.998765 0.000000 -0.049690
vn 0.000000 1.000000 0.000000
vn 0.000000 1.000000 0.000000
vn 0.000000 1.000000 0.000000
vn 0.000000 1.000000 0.000000
vn -0.000000 1.000000 -0.000000
vn -0.000000 1.000000 -0.000000
vn -0.000000 1.000000 -0.000000
vn -0.000000 1.000000 -0.000000
vn -0.000000 1.000000 0.000000
vn -0.000000 1.000000 0.000000
vn -0.000000 1.000000 0.000000
vn -0.000000 1.000000 0.000000
vn -0.000000 1.000000 -0.000000
vn -0.000000 1.000000 -0.000000
vn -0.000000 1.000000 -0.000000
vn -0.000000 1.000000 -0.000000
vn 0.000000 1.000000 0.000000
vn 0.000000 1.000000 0.000000
vn 0.000000 1.000000 0.000000
vn 0.000000 1.000000 0.000000
vn 0.000009 1.000000 0.000000
vn 0.000009 1.000000 0.000000
vn 0.000009 1.000000 0.000000
vn 0.000009 1.000000 0.000000
vn -0.000005 1.000000 0.000000
vn -0.000005 1.000000 0.000000
vn -0.000005 1.000000 0.000000
vn -0.000005 1.000000 0.000000
vn 0.000000 1.000000 0.000000
vn 0.000000 1.000000 0.000000
vn 0.000000 1.000000 0.000000
vn 0.000000 1.000000 0.000000
vn 0.000000 1.000000 -0.000005
vn 0.000000 1.000000 -0.000005
vn 0.000000 1.000000 -0.000005
vn 0.000000 1.000000 -0.000005
vn -0.000002 1.000000 0.000004
vn -0.000002 1.000000 0.000004
vn -0.000002 1.000000 0.000004
vn -0.000002 1.000000 0.000004
vn 0.000000 1.000000 0.000002
vn 0.000000 1.000000 0.000002
vn 0.000000 1.000000 0.000002
vn 0.000000 1.000000 0.000002
vn -0.000000 1.000000 0.000000
vn -0.000000 1.000000 0.000000
vn -0.000000 1.000000 0.000000
vn -0.000000 1.000000 0.000000
vn 0.000000 1.000000 -0.000000
vn 0.000000 1.000000 -0.000000
vn 0.000000 1.000000 -0.000000
vn 0.000000 1.000000 -0.000000
vn -0.181475 -0.000001 0.983396
vn -0.181475 -0.000001 0.983396
vn -0.181475 -0.000001 0.983395
vn -0.181475 -0.000001 0.983395
vn -0.181472 -0.000000 0.983396
vn -0.181472 -0.000000 0.983396
vn -0.181472 -0.000000 0.983396
vn -0.181472 -0.000000 0.983396
vn -0.181473 0.000000 0.983396
vn -0.181473 0.000000 0.983396
vn -0.181473 0.000000 0.983396
vn -0.181473 0.000000 0.983396
vn 0.571531 0.000000 0.820580
vn 0.571531 0.000000 0.820580
vn 0.571531 0.000000 0.820580
vn 0.571531 0.000000 0.820580
vn 0.571531 0.000000 0.820580
vn 0.571531 0.000000 0.820580
vn 0.571531 0.000000 0.820580
vn 0.571531 0.000000 0.820580
vn 0.571532 0.000000 0.820580
vn 0.571532 0.000000 0.820580
vn 0.571532 0.000000 0.820580
vn 0.571532 0.000000 0.820580
vn 0.983393 0.000002 0.181487
vn 0.983393 0.000002 0.181487
vn 0.983393 0.000002 0.181487
vn 0.983393 0.000002 0.181487
vn 0.983396 0.000002 0.181472
vn 0.983396 0.000002 0.181472
vn 0.983396 0.000002 0.181472
vn 0.983396 0.000002 0.181472
vn 0.983396 -0.000002 0.181472
vn 0.983396 -0.000002 0.181472
vn 0.983396 -0.000002 0.181472
vn 0.983396 -0.000002 0.181472
vn -0.571198 0.000001 -0.820812
vn -0.571198 0.000001 -0.820812
vn -0.571198 0.000001 -0.820812
vn -0.571198 0.000001 -0.820812
vn -0.571200 -0.000002 -0.820811
vn -0.571200 -0.000002 -0.820811
vn -0.571200 -0.000002 -0.820811
vn -0.571200 -0.000002 -0.820811
vn -0.571199 0.000000 -0.820811
vn -0.571199 0.000000 -0.820811
vn -0.571199 0.000000 -0.820811
vn -0.571199 0.000000 -0.820811
vn -0.596591 0.000001 0.802545
vn -0.596591 0.000001 0.802545
vn -0.596591 0.000001 0.802545
vn -0.596591 0.000001 0.802545
vn -0.596592 0.000003 0.802545
vn -0.596592 0.000003 0.802545
vn -0.596592 0.000003 0.802545
vn -0.596592 0.000003 0.802545
vn -0.596592 -0.000001 0.802544
vn -0.596592 -0.000001 0.802544
vn -0.596592 -0.000001 0.802544
vn -0.596592 -0.000001 0.802544
vn 0.981756 0.000001 -0.190148
vn 0.981756 0.000001 -0.190148
vn 0.981755 0.000001 -0.190148
vn 0.981755 0.000001 -0.190148
vn 0.981756 -0.000002 -0.190148
vn 0.981756 -0.000002 -0.190148
vn 0.981756 -0.000002 -0.190148
vn 0.981756 -0.000002 -0.190148
vn 0.981756 0.000001 -0.190144
vn 0.981756 0.000001 -0.190144
vn 0.981756 0.000001 -0.190144
vn 0.981756 0.000001 -0.190144
vn 0.591712 0.000003 -0.806149
vn 0.591712 0.000003 -0.806149
vn 0.591712 0.000003 -0.806149
vn 0.591712 0.000003 -0.806149
vn 0.591713 -0.000001 -0.806149
vn 0.591713 -0.000001 -0.806149
vn 0.591713 -0.000001 -0.806149
vn 0.591713 -0.000001 -0.806149
vn 0.591712 0.000002 -0.806149
vn 0.591712 0.000002 -0.806149
vn 0.591712 0.000002 -0.806149
vn 0.591712 0.000002 -0.806149
vn -0.190145 -0.000001 -0.981756
vn -0.190145 -0.000001 -0.981756
vn -0.190145 -0.000001 -0.981756
vn -0.190145 -0.000001 -0.981756
vn -0.190154 0.000000 -0.981754
vn -0.190154 0.000000 -0.981754
vn -0.190154 0.000000 -0.981754
vn -0.190154 0.000000 -0.981754
vn -0.190143 -0.000001 -0.981756
vn -0.190143 -0.000001 -0.981756
vn -0.190143 -0.000001 -0.981756
vn -0.190143 -0.000001 -0.981756
vn -0.000000 1.000000 0.000000
vn -0.000000 1.000000 0.000000
vn -0.000000 1.000000 0.000000
vn -0.000000 1.000000 0.000000
vn -0.000000 1.000000 0.000000
vn -0.000000 1.000000 0.000000
vn -0.000000 1.000000 0.000000
vn -0.000000 1.000000 0.000000
vn 0.000000 1.000000 0.000000
vn 0.000000 1.000000 0.000000
vn 0.000000 1.000000 0.000000
vn 0.000000 1.000000 0.000000
vn 0.319797 -0.000000 -0.947486
vn 0.319797 -0.000000 -0.947486
vn 0.319797 -0.000000 -0.947486
vn 0.319797 -0.000000 -0.947486
vn 0.319793 0.000000 -0.947488
vn 0.319793 0.000000 -0.947488
vn 0.319793 0.000000 -0.947488
vn 0.319793 0.000000 -0.947488
vn 0.319788 0.000000 -0.947489
vn 0.319788 0.000000 -0.947489
vn 0.319788 0.000000 -0.947489
vn 0.319788 0.000000 -0.947489
vn -0.999964 -0.000000 0.008538
vn -0.999964 -0.000000 0.008538
vn -0.999964 -0.000000 0.008538
vn -0.999964 -0.000000 0.008538
vn -0.999964 0.000001 0.008538
vn -0.999964 0.000001 0.008538
vn -0.999964 0.000001 0.008538
vn -0.999964 0.000001 0.008538
vn -0.999964 0.000002 0.008537
vn -0.999964 0.000002 0.008537
vn -0.999964 0.000002 0.008537
vn -0.999964 0.000002 0.008537
vn 0.319804 -0.000000 0.947484
vn 0.319804 -0.000000 0.947484
vn 0.319804 -0.000000 0.947484
vn 0.319804 -0.000000 0.947484
vn 0.319784 0.000001 0.947490
vn 0.319784 0.000001 0.947490
vn 0.319784 0.000001 0.947490
vn 0.319784 0.000001 0.947490
vn 0.319797 -0.000000 0.947486
vn 0.319797 -0.000000 0.947486
vn 0.319796 -0.000000 0.947486
vn 0.319797 -0.000000 0.947486
vn 1.000000 0.000000 0.000000
vn 1.000000 0.000000 0.000000
vn 1.000000 0.000000 0.000000
vn 1.000000 0.000000 0.000000
vn 1.000000 0.000000 0.000001
vn 1.000000 0.000000 0.000001
vn 1.000000 0.000000 0.000001
vn 1.000000 0.000000 0.000001
vn 1.000000 0.000000 0.000001
vn 1.000000 0.000000 0.000001
vn 1.000000 0.000000 0.000001
vn 1.000000 0.000000 0.000001
vn -0.596592 -0.000001 0.802545
vn -0.596592 -0.000001 0.802545
vn -0.596592 -0.000001 0.802545
vn -0.596592 -0.000001 0.802545
vn -0.596591 -0.000003 0.802545
vn -0.596591 -0.000003 0.802545
vn -0.596591 -0.000003 0.802545
vn -0.596591 -0.000003 0.802545
vn -0.596592 0.000004 0.802545
vn -0.596592 0.000004 0.802545
vn -0.596592 0.000004 0.802545
vn -0.596592 0.000004 0.802545
vn -0.000000 1.000000 0.000000
vn -0.000000 1.000000 -0.000000
vn -0.000000 1.000000 -0.000000
vn -0.000000 1.000000 0.000000
vn -0.000000 1.000000 0.000000
vn -0.000000 1.000000 0.000000
vn -0.000000 1.000000 0.000000
vn -0.000000 1.000000 0.000000
vn -0.000000 1.000000 0.000000
vn -0.000000 1.000000 0.000000
vn -0.000000 1.000000 0.000000
vn -0.000000 1.000000 0.000000
vn 0.000000 -1.000000 0.000000
vn 0.000000 -1.000000 0.000000
vn 0.000000 -1.000000 0.000000
vn 0.000000 -1.000000 0.000000
vn 0.000000 -1.000000 0.000000
vn 0.000000 -1.000000 0.000000
vn 0.000000 -1.000000 0.000000
vn 0.000000 -1.000000 0.000000
vn 0.000000 -1.000000 0.000000
vn 0.000000 -1.000000 0.000000
vn 0.000000 -1.000000 0.000000
vn 0.000000 -1.000000 0.000000
vn -0.571200 0.000009 -0.820811
vn -0.571200 0.000009 -0.820811
vn -0.571200 0.000009 -0.820811
vn -0.571200 0.000009 -0.820811
vn -0.571199 -0.000001 -0.820812
vn -0.571199 -0.000001 -0.820812
vn -0.571199 -0.000001 -0.820812
vn -0.571199 -0.000001 -0.820812
vn -0.571200 0.000000 -0.820811
vn -0.571199 0.000000 -0.820811
vn -0.571199 0.000000 -0.820811
vn -0.571200 0.000000 -0.820811
vn -0.000000 -1.000000 0.000000
vn -0.000000 -1.000000 0.000000
vn -0.000000 -1.000000 0.000000
vn -0.000000 -1.000000 0.000000
vn 0.000000 -1.000000 0.000000
vn -0.000000 -1.000000 0.000000
vn -0.000000 -1.000000 0.000000
vn 0.000000 -1.000000 0.000000
vn 0.000000 -1.000000 0.000000
vn 0.000000 -1.000000 0.000000
vn 0.000000 -1.000000 0.000000
vn 0.000000 -1.000000 0.000000
vn 1.000000 0.000000 -0.000001
vn 1.000000 0.000000 -0.000001
vn 1.000000 0.000000 -0.000001
vn 1.000000 0.000000 -0.000001
vn 1.000000 0.000000 0.000000
vn 1.000000 0.000000 0.000000
vn 1.000000 0.000000 0.000000
vn 1.000000 0.000000 0.000000
vn 1.000000 0.000000 0.000000
vn 1.000000 0.000000 0.000000
vn 1.000000 0.000000 0.000000
vn 1.000000 0.000000 0.000000
vn 0.000000 1.000000 0.000013
vn 0.000000 1.000000 0.000013
vn 0.000000 1.000000 0.000013
vn 0.000000 1.000000 0.000013
vn 0.000003 1.000000 0.000002
vn 0.000003 1.000000 0.000002
vn 0.000003 1.000000 0.000002
vn 0.000003 1.000000 0.000002
vn 0.000000 1.000000 -0.000007
vn 0.000000 1.000000 -0.000007
vn 0.000000 1.000000 -0.000007
vn 0.000000 1.000000 -0.000007
vn 0.432762 0.000000 0.901508
vn 0.432762 0.000000 0.901508
vn 0.432762 0.000000 0.901508
vn 0.432762 0.000000 0.901508
vn 0.432762 0.000000 0.901508
vn 0.222108 0.000000 0.975022
vn 0.222108 0.000000 0.975022
vn 0.432762 0.000000 0.901508
vn 0.432762 -0.000003 0.901508
vn 0.432762 -0.000003 0.901508
vn 0.432762 -0.000003 0.901508
vn 0.432762 -0.000003 0.901508
vn 0.000000 1.000000 0.000000
vn 0.000000 1.000000 0.000000
vn 0.000000 1.000000 0.000000
vn 0.000000 1.000000 0.000000
vn -0.000000 1.000000 0.000000
vn -0.000000 1.000000 0.000000
vn -0.000000 1.000000 0.000000
vn -0.000000 1.000000 0.000000
vn -0.000000 1.000000 0.000000
vn -0.000000 1.000000 0.000000
vn -0.000000 1.000000 0.000000
vn -0.000000 1.000000 0.000000
vn 0.000000 1.000000 0.000000
vn 0.315243 0.699706 -0.641119
vn 0.396641 0.438144 -0.806663
vn 0.000000 1.000000 0.000000
vn -0.000000 1.000000 0.000000
vn -0.000000 1.000000 0.000000
vn -0.000000 1.000000 0.000000
vn -0.000000 1.000000 0.000000
vn -0.000000 1.000000 0.000000
vn -0.000000 1.000000 0.000000
vn -0.000000 1.000000 0.000000
vn -0.000000 1.000000 0.000000
vn 0.441250 0.000000 -0.897384
vn 0.200061 -0.891309 -0.406870
vn 0.154424 -0.936761 -0.314057
vn 0.441250 0.000000 -0.897384
vn 0.441250 0.000000 -0.897385
vn 0.441250 0.000000 -0.897385
vn 0.441249 0.000000 -0.897384
vn 0.441250 0.000000 -0.897385
vn 0.441250 0.000000 -0.897384
vn 0.441250 0.000000 -0.897384
vn 0.441250 0.000000 -0.897384
vn 0.441250 0.000000 -0.897384
vn -0.000000 -1.000000 0.000000
vn 0.155851 -0.935546 -0.316960
vn 0.348142 -0.614405 -0.708028
vn -0.000000 -1.000000 0.000000
vn -0.000000 -1.000000 -0.000000
vn -0.000000 -1.000000 -0.000000
vn -0.000000 -1.000000 -0.000000
vn -0.000000 -1.000000 -0.000000
vn -0.000000 -1.000000 -0.000000
vn -0.000000 -1.000000 -0.000000
vn -0.000000 -1.000000 -0.000000
vn -0.000000 -1.000000 -0.000000
vn 0.000000 -1.000000 0.000000
vn 0.000000 -1.000000 0.000000
vn 0.000000 -1.000000 0.000000
vn 0.000000 -1.000000 0.000000
vn -0.000000 -1.000000 0.000000
vn -0.000000 -1.000000 0.000000
vn -0.000000 -1.000000 0.000000
vn -0.000000 -1.000000 0.000000
vn -0.000000 -1.000000 -0.000000
vn -0.000000 -1.000000 -0.000000
vn -0.000000 -1.000000 -0.000000
vn -0.000000 -1.000000 -0.000000
vn -0.000000 -1.000000 -0.000000
vn -0.000000 -1.000000 -0.000000
vn -0.000000 -1.000000 -0.000000
vn -0.000000 -1.000000 -0.000000
vn -0.000000 -1.000000 0.000000
vn -0.000000 -1.000000 -0.000000
vn -0.000000 -1.000000 -0.000000
vn -0.000000 -1.000000 0.000000
vn -0.000000 -1.000000 0.000000
vn -0.000000 -1.000000 0.000000
vn -0.000000 -1.000000 0.000000
vn -0.000000 -1.000000 0.000000
vn 0.000000 -1.000000 0.000000
vn 0.000000 -1.000000 0.000000
vn 0.000000 -1.000000 0.000000
vn 0.000000 -1.000000 0.000000
vn 0.000000 -1.000000 0.000000
vn 0.000000 -1.000000 -0.000000
vn 0.000000 -1.000000 -0.000000
vn 0.000000 -1.000000 0.000000
vn 0.000000 -1.000000 0.000000
vn 0.000000 -1.000000 0.000000
vn 0.000000 -1.000000 0.000000
vn 0.000000 -1.000000 0.000000
vn -0.998765 0.000000 -0.049689
vn -0.998765 0.000000 -0.049689
vn -0.998765 0.000000 -0.049689
vn -0.998765 0.000000 -0.049689
vn -0.998765 0.000000 -0.049689
vn -0.960728 0.000000 -0.277494
vn -0.960727 0.000000 -0.277494
vn -0.998765 0.000000 -0.049689
vn -0.998765 -0.000009 -0.049689
vn -0.998765 -0.000009 -0.049689
vn -0.998765 -0.000009 -0.049689
vn -0.998765 -0.000009 -0.049689
vn 0.000000 1.000000 0.000000
vn 0.000000 1.000000 0.000000
vn 0.000000 1.000000 0.000000
vn 0.000000 1.000000 0.000000
vn -0.000000 1.000000 0.000000
vn -0.000000 1.000000 0.000000
vn -0.000000 1.000000 0.000000
vn -0.000000 1.000000 0.000000
vn -0.000000 1.000000 0.000000
vn -0.000000 1.000000 0.000000
vn -0.000000 1.000000 0.000000
vn -0.000000 1.000000 0.000000
vn 0.000005 1.000000 0.000000
vn 0.000005 1.000000 0.000000
vn 0.000005 1.000000 0.000000
vn 0.000005 1.000000 0.000000
vn -0.000005 1.000000 0.000000
vn -0.000005 1.000000 0.000000
vn -0.000005 1.000000 0.000000
vn -0.000005 1.000000 0.000000
vn 0.000005 1.000000 -0.000001
vn 0.000005 1.000000 -0.000001
vn 0.000005 1.000000 -0.000001
vn 0.000005 1.000000 -0.000001
vn 0.000000 1.000000 0.000002
vn 0.000000 1.000000 0.000002
vn 0.000000 1.000000 0.000002
vn 0.000000 1.000000 0.000002
vn 0.000002 1.000000 0.000000
vn 0.000002 1.000000 0.000000
vn 0.000002 1.000000 0.000000
vn 0.000002 1.000000 0.000000
vn 0.000000 1.000000 -0.000007
vn 0.000000 1.000000 -0.000007
vn 0.000000 1.000000 -0.000007
vn 0.000000 1.000000 -0.000007
vn -0.000000 1.000000 0.000000
vn -0.000000 1.000000 0.000000
vn -0.000000 1.000000 0.000000
vn -0.000000 1.000000 0.000000
vn -0.000000 1.000000 -0.000000
vn -0.000000 1.000000 -0.000000
vn -0.000000 1.000000 -0.000000
vn -0.000000 1.000000 -0.000000
vn 0.000000 1.000000 -0.000000
vn 0.000000 1.000000 -0.000000
vn 0.000000 1.000000 -0.000000
vn 0.000000 1.000000 -0.000000
vn -0.181474 -0.000000 0.983396
vn -0.181474 -0.000000 0.983396
vn -0.181474 -0.000000 0.983396
vn -0.181474 -0.000000 0.983396
vn -0.181461 0.000001 0.983398
vn -0.181461 0.000001 0.983398
vn -0.181461 0.000001 0.983398
vn -0.181461 0.000001 0.983398
vn -0.181473 0.000000 0.983396
vn -0.181473 0.000000 0.983396
vn -0.181473 0.000000 0.983396
vn -0.181473 0.000000 0.983396
vn 0.571531 0.000000 0.820580
vn 0.571531 0.000000 0.820580
vn 0.571531 0.000000 0.820580
vn 0.571531 0.000000 0.820580
vn 0.571531 0.000000 0.820580
vn 0.571531 0.000000 0.820580
vn 0.571531 0.000000 0.820580
vn 0.571531 0.000000 0.820580
vn 0.571531 0.000000 0.820581
vn 0.571531 0.000000 0.820581
vn 0.571531 0.000000 0.820581
vn 0.571531 0.000000 0.820581
vn 0.983396 0.000002 0.181470
vn 0.983396 0.000002 0.181470
vn 0.983396 0.000002 0.181470
vn 0.983396 0.000002 0.181470
vn 0.983396 0.000002 0.181475
vn 0.983396 0.000002 0.181475
vn 0.983396 0.000002 0.181475
vn 0.983396 0.000002 0.181475
vn 0.983395 0.000000 0.181480
vn 0.983395 0.000000 0.181480
vn 0.983395 0.000000 0.181480
vn 0.983395 0.000000 0.181480
vn -0.571199 0.000000 -0.820811
vn -0.571199 0.000000 -0.820811
vn -0.571199 0.000000 -0.820811
vn -0.571199 0.000000 -0.820811
vn -0.571199 0.000000 -0.820812
vn -0.571199 0.000000 -0.820812
vn -0.571199 0.000000 -0.820812
vn -0.571199 0.000000 -0.820812
vn -0.571200 0.000001 -0.820811
vn -0.571200 0.000001 -0.820811
vn -0.571200 0.000001 -0.820811
vn -0.571200 0.000001 -0.820811
vn -0.596591 0.000002 0.802546
vn -0.596591 0.000002 0.802546
vn -0.596591 0.000002 0.802546
vn -0.596591 0.000002 0.802546
vn -0.596591 0.000000 0.802545
vn -0.596591 0.000000 0.802545
vn -0.596591 0.000000 0.802545
vn -0.596591 0.000000 0.802545
vn -0.596591 0.000001 0.802546
vn -0.596591 0.000001 0.802546
vn -0.596591 0.000001 0.802546
vn -0.596591 0.000001 0.802545
vn 0.981755 -0.000001 -0.190149
vn 0.981755 -0.000001 -0.190149
vn 0.981755 -0.000001 -0.190149
vn 0.981755 -0.000001 -0.190149
vn 0.981754 0.000000 -0.190155
vn 0.981754 0.000000 -0.190155
vn 0.981754 0.000000 -0.190155
vn 0.981754 0.000000 -0.190155
vn 0.981756 0.000001 -0.190144
vn 0.981756 0.000001 -0.190144
vn 0.981756 0.000001 -0.190144
vn 0.981756 0.000001 -0.190144
vn 0.591711 -0.000001 -0.806150
vn 0.591711 -0.000001 -0.806150
vn 0.591711 -0.000001 -0.806150
vn 0.591711 -0.000001 -0.806150
vn 0.591712 0.000002 -0.806150
vn 0.591712 0.000002 -0.806150
vn 0.591712 0.000002 -0.806150
vn 0.591712 0.000002 -0.806150
vn 0.591712 0.000001 -0.806150
vn 0.591712 0.000001 -0.806150
vn 0.591712 0.000001 -0.806150
vn 0.591712 0.000001 -0.806150
vn -0.190144 -0.000001 -0.981756
vn -0.190144 -0.000001 -0.981756
vn -0.190144 -0.000001 -0.981756
vn -0.190144 -0.000001 -0.981756
vn -0.190153 -0.000000 -0.981755
vn -0.190153 -0.000000 -0.981755
vn -0.190153 -0.000000 -0.981755
vn -0.190153 -0.000000 -0.981755
vn -0.190139 -0.000001 -0.981757
vn -0.190139 -0.000001 -0.981757
vn -0.190139 -0.000001 -0.981757
vn -0.190139 -0.000001 -0.981757
vn -0.000000 1.000000 0.000000
vn -0.000000 1.000000 0.000000
vn -0.000000 1.000000 0.000000
vn -0.000000 1.000000 0.000000
vn 0.000000 1.000000 -0.000000
vn 0.000000 1.000000 -0.000000
vn 0.000000 1.000000 -0.000000
vn 0.000000 1.000000 -0.000000
vn -0.000000 1.000000 0.000000
vn -0.000000 1.000000 0.000000
vn -0.000000 1.000000 0.000000
vn -0.000000 1.000000 0.000000
vn 0.319795 0.000000 -0.947487
vn 0.319795 0.000000 -0.947487
vn 0.319795 0.000000 -0.947487
vn 0.319795 0.000000 -0.947487
vn 0.319792 0.000000 -0.947488
vn 0.319792 0.000000 -0.947488
vn 0.319792 0.000000 -0.947488
vn 0.319792 0.000000 -0.947488
vn 0.319788 0.000000 -0.947489
vn 0.319788 0.000000 -0.947489
vn 0.319788 0.000000 -0.947489
vn 0.319788 0.000000 -0.947489
vn -0.999964 0.000001 0.008538
vn -0.999964 0.000001 0.008538
vn -0.999964 0.000001 0.008538
vn -0.999964 0.000001 0.008538
vn -0.999964 0.000001 0.008538
vn -0.999964 0.000001 0.008538
vn -0.999964 0.000001 0.008538
vn -0.999964 0.000001 0.008538
vn -0.999964 -0.000000 0.008538
vn -0.999964 -0.000000 0.008538
vn -0.999964 -0.000000 0.008538
vn -0.999964 -0.000000 0.008538
vn 0.319794 -0.000001 0.947487
vn 0.319794 -0.000001 0.947487
vn 0.319794 -0.000001 0.947487
vn 0.319794 -0.000001 0.947487
vn 0.319782 -0.000001 0.947491
vn 0.319782 -0.000001 0.947491
vn 0.319782 -0.000001 0.947491
vn 0.319782 -0.000001 0.947491
vn 0.319794 0.000000 0.947487
vn 0.319794 0.000000 0.947487
vn 0.319794 0.000000 0.947487
vn 0.319794 0.000000 0.947487
vn 1.000000 0.000000 0.000000
vn 1.000000 0.000000 0.000000
vn 1.000000 0.000000 0.000000
vn 1.000000 0.000000 0.000000
vn 1.000000 0.000000 0.000001
vn 1.000000 0.000000 0.000001
vn 1.000000 0.000000 0.000001
vn 1.000000 0.000000 0.000001
vn 1.000000 0.000000 0.000001
vn 1.000000 0.000000 0.000001
vn 1.000000 0.000000 0.000001
vn 1.000000 0.000000 0.000001
vn -0.596591 0.000003 0.802545
vn -0.596591 0.000003 0.802545
vn -0.596591 0.000003 0.802545
vn -0.596591 0.000003 0.802545
vn -0.596592 0.000000 0.802545
vn 0.222108 0.000000 0.975022
vn 0.222108 0.000000 0.975022
vn -0.596592 0.000000 0.802545
vn -0.596591 -0.000003 0.802545
vn -0.596591 -0.000003 0.802545
vn -0.596591 -0.000003 0.802545
vn -0.596591 -0.000003 0.802545
vn -0.596592 0.000000 0.802545
vn 0.222108 0.000002 0.975022
vn 0.222108 0.000002 0.975022
vn -0.596592 0.000000 0.802545
vn -0.596591 0.000000 0.802545
vn -0.596591 0.000000 0.802545
vn -0.596591 0.000000 0.802545
vn -0.596591 0.000000 0.802545
vn -0.596592 -0.000003 0.802545
vn -0.596592 -0.000003 0.802545
vn -0.596592 -0.000003 0.802545
vn -0.596592 -0.000003 0.802545
vn -0.596591 0.000006 0.802546
vn -0.596590 0.000006 0.802546
vn -0.596590 0.000006 0.802546
vn -0.596591 0.000006 0.802546
vn -0.596592 0.000001 0.802545
vn -0.596592 0.000001 0.802545
vn -0.596592 0.000001 0.802545
vn -0.596592 0.000001 0.802545
vn -0.596591 0.000000 0.802545
vn -0.596591 0.000000 0.802545
vn -0.596591 0.000000 0.802545
vn -0.596591 0.000000 0.802545
vn 0.000000 1.000000 0.000000
vn 0.000000 1.000000 0.000000
vn 0.000000 1.000000 0.000000
vn 0.000000 1.000000 0.000000
vn -0.000000 1.000000 0.000000
vn -0.000000 1.000000 0.000000
vn -0.000000 1.000000 0.000000
vn -0.000000 1.000000 0.000000
vn 0.000000 1.000000 0.000000
vn 0.000000 1.000000 0.000000
vn 0.000000 1.000000 0.000000
vn 0.000000 1.000000 0.000000
vn -0.000000 1.000000 -0.000000
vn -0.000000 1.000000 -0.000000
vn -0.000000 1.000000 -0.000000
vn -0.000000 1.000000 -0.000000
vn 0.000000 1.000000 -0.000000
vn 0.000000 1.000000 -0.000000
vn 0.000000 1.000000 0.000000
vn 0.000000 1.000000 -0.000000
vn 0.000000 1.000000 -0.000000
vn 0.000000 1.000000 -0.000000
vn 0.000000 1.000000 -0.000000
vn 0.000000 1.000000 -0.000000
vn 0.000000 -1.000000 0.000000
vn 0.000000 -1.000000 0.000000
vn 0.000000 -1.000000 0.000000
vn 0.000000 -1.000000 0.000000
vn -0.000000 -1.000000 -0.000000
vn -0.000000 -1.000000 -0.000000
vn -0.000000 -1.000000 -0.000000
vn -0.000000 -1.000000 -0.000000
vn 0.000000 -1.000000 0.000000
vn 0.000000 -1.000000 0.000000
vn 0.000000 -1.000000 0.000000
vn 0.000000 -1.000000 0.000000
vn 0.000000 -1.000000 -0.000000
vn -0.000000 -1.000000 -0.000000
vn -0.000000 -1.000000 -0.000000
vn 0.000000 -1.000000 -0.000000
vn 0.000000 -1.000000 -0.000000
vn 0.000000 -1.000000 -0.000000
vn 0.000000 -1.000000 -0.000000
vn 0.000000 -1.000000 -0.000000
vn 0.000000 -1.000000 0.000000
vn 0.000000 -1.000000 0.000000
vn 0.000000 -1.000000 0.000000
vn 0.000000 -1.000000 0.000000
vn -0.571199 0.000000 -0.820812
vn -0.571199 0.000000 -0.820812
vn -0.571199 0.000000 -0.820812
vn -0.571199 0.000000 -0.820812
vn -0.571201 0.000003 -0.820810
vn -0.571201 0.000003 -0.820810
vn -0.571201 0.000003 -0.820810
vn -0.571201 0.000003 -0.820810
vn -0.571198 0.000003 -0.820812
vn -0.571198 0.000003 -0.820812
vn -0.571198 0.000003 -0.820812
vn -0.571198 0.000003 -0.820812
vn -0.571200 -0.000006 -0.820811
vn -0.571200 -0.000006 -0.820811
vn -0.571200 -0.000006 -0.820811
vn -0.571200 -0.000006 -0.820811
vn -0.571201 0.000003 -0.820811
vn -0.960728 0.000001 -0.277494
vn -0.960728 0.000001 -0.277494
vn -0.571201 0.000003 -0.820811
vn -0.571200 0.000000 -0.820811
vn -0.571200 0.000000 -0.820811
vn -0.571200 0.000000 -0.820811
vn -0.571200 0.000000 -0.820811
vn -0.571199 -0.000001 -0.820811
vn -0.960727 -0.000007 -0.277494
vn -0.960727 -0.000007 -0.277494
vn -0.571199 -0.000001 -0.820811
vn -0.571200 -0.000006 -0.820811
vn -0.571200 -0.000006 -0.820811
vn -0.571200 -0.000006 -0.820811
vn -0.571200 -0.000006 -0.820811
vn -0.571200 0.000000 -0.820811
vn -0.571200 0.000000 -0.820811
vn -0.571200 0.000000 -0.820811
vn -0.571200 0.000000 -0.820811
vn -0.000000 -1.000000 0.000000
vn -0.000000 -1.000000 0.000000
vn -0.000000 -1.000000 0.000000
vn -0.000000 -1.000000 0.000000
vn 0.000000 -1.000000 -0.000000
vn 0.000000 -1.000000 -0.000000
vn 0.000000 -1.000000 -0.000000
vn 0.000000 -1.000000 -0.000000
vn 0.000000 -1.000000 0.000000
vn 0.000000 -1.000000 0.000000
vn 0.000000 -1.000000 0.000000
vn 0.000000 -1.000000 0.000000
vn 0.000000 -1.000000 0.000000
vn 0.000000 -1.000000 0.000000
vn 0.000000 -1.000000 0.000000
vn 0.000000 -1.000000 0.000000
vn -0.000000 -1.000000 -0.000000
vn -0.000000 -1.000000 -0.000000
vn -0.000000 -1.000000 -0.000000
vn -0.000000 -1.000000 -0.000000
vn -0.000000 -1.000000 0.000000
vn -0.000000 -1.000000 0.000000
vn -0.000000 -1.000000 0.000000
vn -0.000000 -1.000000 0.000000
vn 1.000000 0.000000 -0.000001
vn 1.000000 0.000000 -0.000001
vn 1.000000 0.000000 -0.000001
vn 1.000000 0.000000 -0.000001
vn 1.000000 0.000000 0.000001
vn 1.000000 0.000000 0.000001
vn 1.000000 0.000000 0.000001
vn 1.000000 0.000000 0.000001
vn 1.000000 -0.000002 0.000000
vn 1.000000 -0.000002 0.000000
vn 1.000000 -0.000002 0.000000
vn 1.000000 -0.000002 0.000000
vn 1.000000 0.000000 0.000001
vn 1.000000 0.000000 0.000001
vn 1.000000 0.000000 0.000001
vn 1.000000 0.000000 0.000001
vn 1.000000 -0.000000 0.000000
vn 1.000000 -0.000000 0.000000
vn 1.000000 -0.000000 0.000000
vn 1.000000 -0.000000 0.000000
vn 1.000000 0.000004 0.000000
vn 1.000000 0.000004 0.000000
vn 1.000000 0.000004 0.000000
vn 1.000000 0.000004 0.000000
vn 1.000000 0.000002 0.000000
vn 1.000000 0.000002 0.000000
vn 1.000000 0.000002 0.000000
vn 1.000000 0.000002 0.000000
vn 1.000000 0.000004 0.000000
vn 1.000000 0.000004 0.000000
vn 1.000000 0.000004 0.000000
vn 1.000000 0.000004 0.000000
vn 1.000000 0.000002 0.000000
vn 1.000000 0.000002 0.000000
vn 1.000000 0.000002 0.000000
vn 1.000000 0.000002 0.000000
vn 0.000000 1.000000 0.000000
vn 0.000000 1.000000 0.000000
vn 0.000000 1.000000 0.000000
vn 0.000000 1.000000 0.000000
vn -0.000005 1.000000 -0.000013
vn -0.000005 1.000000 -0.000013
vn -0.000005 1.000000 -0.000013
vn -0.000005 1.000000 -0.000013
vn -0.000006 1.000000 -0.000010
vn -0.000006 1.000000 -0.000010
vn -0.000006 1.000000 -0.000010
vn -0.000006 1.000000 -0.000010
vn 0.000002 1.000000 -0.000007
vn 0.000002 1.000000 -0.000007
vn 0.000002 1.000000 -0.000007
vn 0.000002 1.000000 -0.000007
vn 0.000003 1.000000 -0.000002
vn 0.000003 1.000000 -0.000002
vn 0.000003 1.000000 -0.000002
vn 0.000003 1.000000 -0.000002
vn 0.000000 1.000000 0.000000
vn 0.000000 1.000000 0.000000
vn 0.000000 1.000000 0.000000
vn 0.000000 1.000000 0.000000
vn 0.000003 1.000000 -0.000003
vn 0.000003 1.000000 -0.000003
vn 0.000003 1.000000 -0.000003
vn 0.000003 1.000000 -0.000003
vn 0.000000 1.000000 0.000013
vn 0.000000 1.000000 0.000013
vn 0.000000 1.000000 0.000013
vn 0.000000 1.000000 0.000013
vn 0.000000 1.000000 0.000000
vn 0.000000 1.000000 0.000000
vn 0.000000 1.000000 0.000000
vn 0.000000 1.000000 0.000000
vn 0.432761 -0.000002 0.901509
vn 0.222108 -0.000001 0.975022
vn 0.222108 -0.000001 0.975022
vn 0.432761 -0.000002 0.901509
vn 0.432762 -0.000003 0.901508
vn 0.432762 -0.000003 0.901508
vn 0.432762 -0.000003 0.901508
vn 0.432762 -0.000003 0.901508
vn 0.432761 -0.000001 0.901509
vn 0.432761 -0.000001 0.901509
vn 0.432761 -0.000001 0.901509
vn 0.432761 -0.000001 0.901509
vn 0.432762 0.000003 0.901508
vn 0.432762 0.000003 0.901508
vn 0.432762 0.000003 0.901508
vn 0.432762 0.000003 0.901508
vn 0.432761 0.000000 0.901509
vn 0.432761 0.000000 0.901509
vn 0.432761 0.000000 0.901509
vn 0.432761 0.000000 0.901509
vn 0.432762 -0.000003 0.901508
vn 0.432762 -0.000003 0.901508
vn 0.432762 -0.000003 0.901508
vn 0.432762 -0.000003 0.901508
vn 0.432761 0.000002 0.901509
vn 0.432761 0.000002 0.901509
vn 0.432761 0.000002 0.901509
vn 0.432761 0.000002 0.901509
vn 0.432761 -0.000007 0.901509
vn 0.432761 -0.000007 0.901509
vn 0.432761 -0.000007 0.901509
vn 0.432761 -0.000007 0.901509
vn 0.432762 0.000001 0.901508
vn 0.432762 0.000001 0.901508
vn 0.432762 0.000001 0.901508
vn 0.432762 0.000001 0.901508
vn -0.000000 1.000000 0.000000
vn -0.000000 1.000000 0.000000
vn -0.000000 1.000000 0.000000
vn -0.000000 1.000000 0.000000
vn -0.000000 1.000000 -0.000000
vn -0.000000 1.000000 -0.000000
vn -0.000000 1.000000 -0.000000
vn -0.000000 1.000000 -0.000000
vn -0.000000 1.000000 0.000000
vn -0.000000 1.000000 0.000000
vn -0.000000 1.000000 0.000000
vn -0.000000 1.000000 0.000000
vn -0.000000 1.000000 -0.000000
vn -0.000000 1.000000 -0.000000
vn -0.000000 1.000000 -0.000000
vn -0.000000 1.000000 -0.000000
vn 0.000000 1.000000 0.000000
vn 0.000000 1.000000 0.000000
vn 0.000000 1.000000 0.000000
vn 0.000000 1.000000 0.000000
vn -0.000000 1.000000 0.000000
vn -0.000000 1.000000 0.000000
vn -0.000000 1.000000 0.000000
vn -0.000000 1.000000 0.000000
vn -0.000000 1.000000 0.000000
vn -0.000000 1.000000 0.000000
vn -0.000000 1.000000 0.000000
vn -0.000000 1.000000 0.000000
vn 0.000001 1.000000 -0.000000
vn 0.000001 1.000000 -0.000000
vn 0.000001 1.000000 -0.000000
vn 0.000001 1.000000 -0.000000
vn -0.000000 1.000000 -0.000000
vn -0.000000 1.000000 -0.000000
vn -0.000000 1.000000 -0.000000
vn -0.000000 1.000000 -0.000000
vn 0.000000 1.000000 -0.000000
vn 0.000000 1.000000 -0.000000
vn 0.000000 1.000000 -0.000000
vn 0.000000 1.000000 -0.000000
vn -0.000000 1.000000 0.000000
vn -0.000000 1.000000 0.000000
vn -0.000000 1.000000 0.000000
vn -0.000000 1.000000 0.000000
vn 0.000000 1.000000 0.000000
vn 0.000000 1.000000 0.000000
vn 0.000000 1.000000 0.000000
vn 0.000000 1.000000 0.000000
vn 0.000000 1.000000 0.000000
vn 0.000000 1.000000 0.000000
vn 0.000000 1.000000 0.000000
vn 0.000000 1.000000 0.000000
vn -0.000000 1.000000 0.000000
vn -0.000000 1.000000 0.000000
vn -0.000000 1.000000 0.000000
vn -0.000000 1.000000 0.000000
vn 0.000000 1.000000 0.000000
vn 0.000000 1.000000 0.000000
vn 0.000000 1.000000 0.000000
vn 0.000000 1.000000 0.000000
vn -0.000000 1.000000 0.000000
vn -0.000000 1.000000 -0.000000
vn -0.000000 1.000000 -0.000000
vn -0.000000 1.000000 0.000000
vn -0.000000 1.000000 0.000000
vn -0.000000 1.000000 0.000000
vn -0.000000 1.000000 0.000000
vn -0.000000 1.000000 0.000000
vn 0.000000 1.000000 -0.000000
vn 0.000000 1.000000 -0.000000
vn 0.000000 1.000000 -0.000000
vn 0.000000 1.000000 -0.000000
vn -0.000000 1.000000 0.000000
vn -0.000000 1.000000 -0.000000
vn -0.000000 1.000000 -0.000000
vn -0.000000 1.000000 0.000000
vn 0.000000 1.000000 0.000000
vn 0.000000 1.000000 0.000000
vn 0.000000 1.000000 0.000000
vn 0.000000 1.000000 0.000000
vn -0.000000 1.000000 0.000000
vn -0.000000 1.000000 0.000000
vn -0.000000 1.000000 0.000000
vn -0.000000 1.000000 0.000000
vn 0.000000 1.000000 0.000000
vn 0.000000 1.000000 0.000000
vn 0.000000 1.000000 0.000000
vn 0.000000 1.000000 0.000000
vn -0.000000 1.000000 0.000000
vn 0.412980 0.352178 -0.839892
vn 0.226516 0.858179 -0.460673
vn -0.000000 1.000000 0.000000
vn 0.000000 1.000000 0.000000
vn 0.000000 1.000000 0.000000
vn 0.000000 1.000000 0.000000
vn 0.000000 1.000000 0.000000
vn 0.441250 -0.000003 -0.897384
vn 0.441250 -0.000003 -0.897384
vn 0.441250 -0.000003 -0.897384
vn 0.441250 -0.000003 -0.897384
vn 0.441250 0.000001 -0.897384
vn 0.319955 0.688632 -0.650703
vn 0.287038 0.759497 -0.583758
vn 0.441250 0.000001 -0.897384
vn 0.441250 0.000002 -0.897384
vn 0.441250 0.000002 -0.897384
vn 0.441250 0.000002 -0.897384
vn 0.441250 0.000002 -0.897384
vn 0.441250 0.000000 -0.897385
vn 0.287957 0.757707 -0.585629
vn 0.437243 0.134457 -0.889236
vn 0.441249 0.000000 -0.897385
vn 0.441250 0.000000 -0.897384
vn 0.441250 0.000000 -0.897384
vn 0.441250 0.000000 -0.897384
vn 0.441250 0.000000 -0.897384
vn 0.441250 0.000002 -0.897384
vn 0.441250 0.000002 -0.897384
vn 0.441250 0.000002 -0.897384
vn 0.441250 0.000002 -0.897384
vn 0.441250 0.000000 -0.897384
vn 0.441250 0.000000 -0.897384
vn 0.441250 0.000000 -0.897384
vn 0.441250 0.000000 -0.897384
vn 0.441250 -0.000002 -0.897384
vn 0.333968 -0.653567 -0.679202
vn 0.170239 -0.922578 -0.346221
vn 0.441250 -0.000002 -0.897384
vn 0.441250 0.000000 -0.897384
vn 0.441250 0.000000 -0.897384
vn 0.441250 0.000000 -0.897384
vn 0.441250 0.000000 -0.897384
vn -0.000000 -1.000000 0.000000
vn -0.000000 -1.000000 -0.000000
vn -0.000000 -1.000000 -0.000000
vn -0.000000 -1.000000 0.000000
vn 0.000000 -1.000000 0.000000
vn 0.000000 -1.000000 0.000000
vn 0.000000 -1.000000 0.000000
vn 0.000000 -1.000000 0.000000
vn -0.000000 -1.000000 0.000000
vn -0.000000 -1.000000 0.000000
vn -0.000000 -1.000000 0.000000
vn -0.000000 -1.000000 0.000000
vn -0.000000 -1.000000 0.000000
vn -0.000000 -1.000000 0.000000
vn -0.000000 -1.000000 0.000000
vn -0.000000 -1.000000 0.000000
vn -0.000000 -1.000000 0.000000
vn 0.161289 -0.930801 -0.328018
vn 0.251453 -0.821738 -0.511389
vn -0.000000 -1.000000 0.000000
vn -0.000000 -1.000000 -0.000000
vn -0.000000 -1.000000 -0.000000
vn -0.000000 -1.000000 -0.000000
vn -0.000000 -1.000000 -0.000000
vn -0.000000 -1.000000 0.000000
vn -0.000000 -1.000000 0.000000
vn -0.000000 -1.000000 0.000000
vn -0.000000 -1.000000 0.000000
vn -0.000000 -1.000000 -0.000000
vn -0.000000 -1.000000 -0.000000
vn -0.000000 -1.000000 -0.000000
vn -0.000000 -1.000000 -0.000000
vn -0.000000 -1.000000 -0.000000
vn -0.000000 -1.000000 -0.000000
vn -0.000000 -1.000000 -0.000000
vn -0.000000 -1.000000 -0.000000
vn -0.000000 -1.000000 0.000000
vn -0.000000 -1.000000 0.000000
vn -0.000000 -1.000000 0.000000
vn -0.000000 -1.000000 0.000000
vn 0.000000 -1.000000 0.000000
vn 0.000000 -1.000000 0.000000
vn 0.000000 -1.000000 0.000000
vn 0.000000 -1.000000 0.000000
vn -0.000000 -1.000000 -0.000000
vn -0.000000 -1.000000 -0.000000
vn -0.000000 -1.000000 -0.000000
vn -0.000000 -1.000000 -0.000000
vn -0.000000 -1.000000 -0.000000
vn -0.000000 -1.000000 -0.000000
vn -0.000000 -1.000000 -0.000000
vn -0.000000 -1.000000 -0.000000
vn -0.000000 -1.000000 0.000000
vn -0.000000 -1.000000 0.000000
vn -0.000000 -1.000000 0.000000
vn -0.000000 -1.000000 0.000000
vn -0.000000 -1.000000 0.000000
vn -0.000000 -1.000000 0.000000
vn -0.000000 -1.000000 0.000000
vn -0.000000 -1.000000 0.000000
vn -0.000000 -1.000000 0.000000
vn -0.000000 -1.000000 0.000000
vn -0.000000 -1.000000 0.000000
vn -0.000000 -1.000000 0.000000
vn -0.000000 -1.000000 -0.000000
vn -0.000000 -1.000000 -0.000000
vn -0.000000 -1.000000 -0.000000
vn -0.000000 -1.000000 -0.000000
vn -0.000000 -1.000000 0.000000
vn -0.000000 -1.000000 0.000000
vn -0.000000 -1.000000 0.000000
vn -0.000000 -1.000000 0.000000
vn -0.000000 -1.000000 0.000000
vn -0.000000 -1.000000 0.000000
vn -0.000000 -1.000000 0.000000
vn -0.000000 -1.000000 0.000000
vn -0.000000 -1.000000 -0.000000
vn -0.000000 -1.000000 -0.000000
vn -0.000000 -1.000000 -0.000000
vn -0.000000 -1.000000 -0.000000
vn -0.000000 -1.000000 0.000000
vn -0.000000 -1.000000 0.000000
vn -0.000000 -1.000000 0.000000
vn -0.000000 -1.000000 0.000000
vn -0.000000 -1.000000 0.000000
vn -0.000000 -1.000000 0.000000
vn -0.000000 -1.000000 0.000000
vn -0.000000 -1.000000 0.000000
vn -0.000000 -1.000000 0.000000
vn -0.000000 -1.000000 0.000000
vn -0.000000 -1.000000 0.000000
vn -0.000000 -1.000000 0.000000
vn -0.000000 -1.000000 0.000000
vn -0.000000 -1.000000 0.000000
vn -0.000000 -1.000000 0.000000
vn -0.000000 -1.000000 0.000000
vn -0.000000 -1.000000 0.000000
vn -0.000000 -1.000000 0.000000
vn -0.000000 -1.000000 0.000000
vn -0.000000 -1.000000 0.000000
vn 0.000000 -1.000000 0.000000
vn 0.000000 -1.000000 0.000000
vn 0.000000 -1.000000 0.000000
vn 0.000000 -1.000000 0.000000
vn -0.000000 -1.000000 -0.000000
vn -0.000000 -1.000000 -0.000000
vn -0.000000 -1.000000 -0.000000
vn -0.000000 -1.000000 -0.000000
vn 0.000000 -1.000000 0.000000
vn 0.000000 -1.000000 0.000000
vn 0.000000 -1.000000 0.000000
vn 0.000000 -1.000000 0.000000
vn 0.000000 -1.000000 0.000000
vn 0.000000 -1.000000 0.000000
vn 0.000000 -1.000000 0.000000
vn 0.000000 -1.000000 0.000000
vn 0.000000 -1.000000 -0.000000
vn 0.000000 -1.000000 -0.000000
vn 0.000000 -1.000000 -0.000000
vn 0.000000 -1.000000 -0.000000
vn -0.998765 0.000000 -0.049689
vn -0.960728 -0.000001 -0.277494
vn -0.960727 -0.000001 -0.277494
vn -0.998765 0.000000 -0.049689
vn -0.998765 0.000009 -0.049689
vn -0.998765 0.000009 -0.049689
vn -0.998765 0.000009 -0.049689
vn -0.998765 0.000009 -0.049689
vn -0.998765 0.000001 -0.049689
vn -0.998765 0.000001 -0.049689
vn -0.998765 0.000001 -0.049689
vn -0.998765 0.000001 -0.049689
vn -0.998765 0.000000 -0.049690
vn -0.998765 0.000000 -0.049690
vn -0.998765 0.000000 -0.049690
vn -0.998765 0.000000 -0.049690
vn -0.998765 0.000000 -0.049689
vn -0.998765 0.000000 -0.049689
vn -0.998765 0.000000 -0.049689
vn -0.998765 0.000000 -0.049689
vn -0.998765 -0.000009 -0.049690
vn -0.998765 -0.000009 -0.049690
vn -0.998765 -0.000009 -0.049690
vn -0.998765 -0.000009 -0.049690
vn -0.998765 -0.000010 -0.049690
vn -0.998765 -0.000010 -0.049690
vn -0.998765 -0.000010 -0.049690
vn -0.998765 -0.000010 -0.049690
vn -0.998765 0.000000 -0.049689
vn -0.998765 0.000000 -0.049689
vn -0.998765 0.000000 -0.049689
vn -0.998765 0.000000 -0.049689
vn -0.998765 -0.000009 -0.049689
vn -0.998765 -0.000009 -0.049689
vn -0.998765 -0.000009 -0.049689
vn -0.998765 -0.000009 -0.049689
vn 0.000000 1.000000 0.000000
vn 0.000000 1.000000 0.000000
vn 0.000000 1.000000 0.000000
vn 0.000000 1.000000 0.000000
vn 0.000000 1.000000 0.000000
vn -0.000000 1.000000 -0.000000
vn -0.000000 1.000000 -0.000000
vn 0.000000 1.000000 0.000000
vn 0.000000 1.000000 0.000000
vn 0.000000 1.000000 0.000000
vn 0.000000 1.000000 0.000000
vn 0.000000 1.000000 0.000000
vn -0.000000 1.000000 0.000000
vn -0.000000 1.000000 0.000000
vn -0.000000 1.000000 0.000000
vn -0.000000 1.000000 0.000000
vn 0.000000 1.000000 0.000000
vn -0.000000 1.000000 0.000000
vn -0.000000 1.000000 0.000000
vn 0.000000 1.000000 0.000000
vn -0.000000 1.000000 0.000000
vn -0.000000 1.000000 0.000000
vn -0.000000 1.000000 0.000000
vn -0.000000 1.000000 0.000000
vn -0.000000 1.000000 -0.000000
vn -0.000000 1.000000 -0.000000
vn -0.000000 1.000000 -0.000000
vn -0.000000 1.000000 -0.000000
vn -0.000000 1.000000 0.000000
vn 0.000000 1.000000 -0.000000
vn 0.000000 1.000000 -0.000000
vn -0.000000 1.000000 0.000000
vn 0.000000 1.000000 0.000000
vn 0.000000 1.000000 0.000000
vn 0.000000 1.000000 0.000000
vn 0.000000 1.000000 0.000000
vn 0.000000 1.000000 -0.000000
vn -0.000000 1.000000 -0.000000
vn -0.000000 1.000000 -0.000000
vn 0.000000 1.000000 -0.000000
vn 0.000000 1.000000 0.000000
vn 0.000000 1.000000 0.000000
vn 0.000000 1.000000 0.000000
vn 0.000000 1.000000 0.000000
vn 0.000000 1.000000 0.000000
vn 0.000000 1.000000 0.000000
vn 0.000000 1.000000 0.000000
vn 0.000000 1.000000 0.000000
vn 0.000000 1.000000 0.000000
vn 0.000000 1.000000 0.000000
vn 0.000000 1.000000 0.000000
vn 0.000000 1.000000 0.000000
vn 0.000000 1.000000 0.000000
vn 0.000000 1.000000 0.000000
vn 0.000000 1.000000 0.000000
vn 0.000000 1.000000 0.000000
vn 0.000000 1.000000 -0.000000
vn 0.000000 1.000000 -0.000000
vn 0.000000 1.000000 -0.000000
vn 0.000000 1.000000 -0.000000
vn 0.000000 1.000000 0.000001
vn 0.000000 1.000000 0.000001
vn 0.000000 1.000000 0.000001
vn 0.000000 1.000000 0.000001
vn -0.000005 1.000000 0.000000
vn -0.000005 1.000000 0.000000
vn -0.000005 1.000000 0.000000
vn -0.000005 1.000000 0.000000
vn -0.000005 1.000000 0.000000
vn -0.000005 1.000000 0.000000
vn -0.000005 1.000000 0.000000
vn -0.000005 1.000000 0.000000
vn 0.000005 1.000000 -0.000000
vn 0.000005 1.000000 -0.000000
vn 0.000005 1.000000 -0.000000
vn 0.000005 1.000000 -0.000000
vn 0.000000 1.000000 0.000000
vn 0.000000 1.000000 0.000000
vn 0.000000 1.000000 0.000000
vn 0.000000 1.000000 0.000000
vn 0.000010 1.000000 0.000001
vn 0.000010 1.000000 0.000001
vn 0.000010 1.000000 0.000001
vn 0.000010 1.000000 0.000001
vn 0.000005 1.000000 0.000000
vn 0.000005 1.000000 0.000000
vn 0.000005 1.000000 0.000000
vn 0.000005 1.000000 0.000000
vn 0.000005 1.000000 0.000000
vn 0.000005 1.000000 0.000000
vn 0.000005 1.000000 0.000000
vn 0.000005 1.000000 0.000000
vn 0.000000 1.000000 0.000000
vn 0.000000 1.000000 0.000000
vn 0.000000 1.000000 0.000000
vn 0.000000 1.000000 0.000000
vn -0.000001 1.000000 0.000000
vn -0.000001 1.000000 0.000000
vn -0.000001 1.000000 0.000000
vn -0.000001 1.000000 0.000000
vn -0.000001 1.000000 -0.000001
vn -0.000001 1.000000 -0.000001
vn -0.000001 1.000000 -0.000001
vn -0.000001 1.000000 -0.000001
vn -0.000008 1.000000 0.000011
vn -0.000008 1.000000 0.000011
vn -0.000008 1.000000 0.000011
vn -0.000008 1.000000 0.000011
vn -0.000001 1.000000 0.000002
vn -0.000001 1.000000 0.000002
vn -0.000001 1.000000 0.000002
vn -0.000001 1.000000 0.000002
vn -0.000002 1.000000 -0.000004
vn -0.000002 1.000000 -0.000004
vn -0.000002 1.000000 -0.000004
vn -0.000002 1.000000 -0.000004
vn 0.000000 1.000000 -0.000003
vn 0.000000 1.000000 -0.000003
vn 0.000000 1.000000 -0.000003
vn 0.000000 1.000000 -0.000003
vn -0.000002 1.000000 0.000000
vn -0.000002 1.000000 0.000000
vn -0.000002 1.000000 0.000000
vn -0.000002 1.000000 0.000000
vn 0.000000 1.000000 -0.000002
vn 0.000000 1.000000 -0.000002
vn 0.000000 1.000000 -0.000002
vn 0.000000 1.000000 -0.000002
vn 0.000000 1.000000 0.000000
vn 0.000000 1.000000 0.000000
vn 0.000000 1.000000 0.000000
vn 0.000000 1.000000 0.000000
vn -0.000000 1.000000 0.000000
vn -0.000000 1.000000 0.000000
vn -0.000000 1.000000 0.000000
vn -0.000000 1.000000 0.000000
vn 0.000000 1.000000 0.000000
vn 0.000000 1.000000 0.000000
vn 0.000000 1.000000 0.000000
vn 0.000000 1.000000 0.000000
vn -0.000000 1.000000 0.000000
vn -0.000000 1.000000 0.000000
vn -0.000000 1.000000 0.000000
vn -0.000000 1.000000 0.000000
vn 0.000000 1.000000 0.000000
vn -0.000000 1.000000 0.000000
vn -0.000000 1.000000 0.000000
vn 0.000000 1.000000 0.000000
vn -0.000000 1.000000 -0.000000
vn -0.000000 1.000000 -0.000000
vn -0.000000 1.000000 -0.000000
vn -0.000000 1.000000 -0.000000
vn 0.000000 1.000000 0.000000
vn 0.000000 1.000000 0.000000
vn 0.000000 1.000000 0.000000
vn 0.000000 1.000000 0.000000
vn -0.181474 -0.000000 0.983396
vn -0.181474 -0.000000 0.983396
vn -0.181474 -0.000000 0.983396
vn -0.181474 -0.000000 0.983396
vn -0.181458 -0.000000 0.983399
vn -0.181458 -0.000000 0.983399
vn -0.181458 -0.000000 0.983399
vn -0.181458 -0.000000 0.983399
vn -0.181475 0.000000 0.983395
vn -0.181475 0.000000 0.983396
vn -0.181476 0.000000 0.983396
vn -0.181475 0.000000 0.983395
vn -0.181485 -0.000001 0.983394
vn -0.181485 -0.000001 0.983394
vn -0.181485 -0.000001 0.983394
vn -0.181485 -0.000001 0.983394
vn -0.181475 -0.000001 0.983395
vn -0.181475 -0.000001 0.983396
vn -0.181475 -0.000001 0.983396
vn -0.181475 -0.000001 0.983396
vn -0.181473 -0.000000 0.983396
vn -0.181473 -0.000000 0.983396
vn -0.181473 -0.000000 0.983396
vn -0.181473 -0.000000 0.983396
vn -0.181462 -0.000001 0.983398
vn -0.181462 -0.000001 0.983398
vn -0.181462 -0.000001 0.983398
vn -0.181462 -0.000001 0.983398
vn -0.181450 0.000000 0.983400
vn -0.181450 0.000000 0.983400
vn -0.181450 0.000000 0.983400
vn -0.181450 0.000000 0.983400
vn -0.181474 0.000000 0.983396
vn -0.181474 0.000000 0.983396
vn -0.181474 0.000000 0.983396
vn -0.181474 0.000000 0.983396
vn 0.571531 0.000000 0.820581
vn 0.571531 0.000000 0.820581
vn 0.571531 0.000000 0.820581
vn 0.571531 0.000000 0.820581
vn 0.571532 0.000000 0.820580
vn 0.571532 0.000000 0.820580
vn 0.571532 0.000000 0.820580
vn 0.571532 0.000000 0.820580
vn 0.571530 0.000001 0.820581
vn 0.571530 0.000001 0.820581
vn 0.571530 0.000001 0.820581
vn 0.571530 0.000001 0.820581
vn 0.571533 -0.000002 0.820579
vn 0.571533 -0.000002 0.820579
vn 0.571533 -0.000002 0.820579
vn 0.571533 -0.000002 0.820579
vn 0.571531 0.000001 0.820580
vn 0.571531 0.000001 0.820580
vn 0.571531 0.000001 0.820580
vn 0.571531 0.000001 0.820580
vn 0.571530 -0.000000 0.820581
vn 0.571530 -0.000000 0.820581
vn 0.571531 -0.000000 0.820581
vn 0.571530 -0.000000 0.820581
vn 0.571532 -0.000001 0.820580
vn 0.571532 -0.000001 0.820580
vn 0.571532 -0.000001 0.820580
vn 0.571532 -0.000001 0.820580
vn 0.571532 0.000000 0.820580
vn 0.571532 0.000000 0.820580
vn 0.571532 0.000000 0.820580
vn 0.571532 0.000000 0.820580
vn 0.571531 -0.000001 0.820580
vn 0.571531 -0.000001 0.820580
vn 0.571531 -0.000001 0.820580
vn 0.571531 -0.000001 0.820580
vn 0.983396 0.000003 0.181472
vn 0.983396 0.000003 0.181472
vn 0.983396 0.000003 0.181472
vn 0.983396 0.000003 0.181472
vn 0.983396 0.000001 0.181475
vn 0.983396 0.000001 0.181475
vn 0.983396 0.000001 0.181475
vn 0.983396 0.000001 0.181475
vn 0.983395 0.000000 0.181481
vn 0.983395 0.000000 0.181480
vn 0.983395 0.000000 0.181480
vn 0.983395 0.000000 0.181481
vn 0.983392 0.000000 0.181496
vn 0.983392 0.000000 0.181496
vn 0.983392 0.000000 0.181496
vn 0.983392 0.000000 0.181496
vn 0.983396 -0.000002 0.181472
vn 0.983396 -0.000002 0.181472
vn 0.983396 -0.000002 0.181472
vn 0.983396 -0.000002 0.181472
vn 0.983399 -0.000000 0.181458
vn 0.983399 -0.000000 0.181458
vn 0.983399 -0.000000 0.181458
vn 0.983399 -0.000000 0.181458
vn 0.983398 0.000000 0.181464
vn 0.983398 0.000000 0.181464
vn 0.983398 0.000000 0.181464
vn 0.983398 0.000000 0.181464
vn 0.983393 0.000002 0.181487
vn 0.983393 0.000002 0.181487
vn 0.983393 0.000002 0.181487
vn 0.983393 0.000002 0.181487
vn 0.983396 0.000002 0.181473
vn 0.983396 0.000002 0.181473
vn 0.983396 0.000002 0.181473
vn 0.983396 0.000002 0.181473
vn -0.571200 -0.000002 -0.820811
vn -0.571200 -0.000002 -0.820811
vn -0.571200 -0.000002 -0.820811
vn -0.571200 -0.000002 -0.820811
vn -0.571200 -0.000000 -0.820811
vn -0.571201 -0.000000 -0.820811
vn -0.571201 -0.000000 -0.820811
vn -0.571201 -0.000000 -0.820811
vn -0.571199 0.000002 -0.820812
vn -0.571199 0.000002 -0.820812
vn -0.571199 0.000002 -0.820812
vn -0.571199 0.000002 -0.820812
vn -0.571201 -0.000000 -0.820810
vn -0.571201 -0.000000 -0.820810
vn -0.571201 -0.000000 -0.820810
vn -0.571201 -0.000000 -0.820810
vn -0.571200 0.000000 -0.820811
vn -0.571200 0.000000 -0.820811
vn -0.571200 0.000000 -0.820811
vn -0.571200 0.000000 -0.820811
vn -0.571200 0.000000 -0.820811
vn -0.571200 0.000000 -0.820811
vn -0.571200 0.000000 -0.820811
vn -0.571200 0.000000 -0.820811
vn -0.571200 0.000000 -0.820811
vn -0.571200 0.000000 -0.820811
vn -0.571200 0.000000 -0.820811
vn -0.571200 0.000000 -0.820811
vn -0.571200 -0.000001 -0.820811
vn -0.571200 -0.000001 -0.820811
vn -0.571200 -0.000001 -0.820811
vn -0.571200 -0.000001 -0.820811
vn -0.571201 -0.000001 -0.820810
vn -0.571201 -0.000001 -0.820810
vn -0.571201 -0.000001 -0.820810
vn -0.571201 -0.000001 -0.820810
vn -0.596591 0.000000 0.802546
vn -0.596591 0.000000 0.802546
vn -0.596591 0.000000 0.802546
vn -0.596591 0.000000 0.802546
vn -0.596592 0.000001 0.802545
vn -0.596592 0.000001 0.802545
vn -0.596592 0.000001 0.802545
vn -0.596592 0.000001 0.802545
vn -0.596593 0.000001 0.802544
vn -0.596593 0.000001 0.802544
vn -0.596593 0.000001 0.802544
vn -0.596593 0.000001 0.802544
vn -0.596592 -0.000000 0.802545
vn -0.596592 -0.000000 0.802545
vn -0.596592 -0.000000 0.802545
vn -0.596592 -0.000000 0.802545
vn -0.596592 -0.000003 0.802545
vn -0.596592 -0.000003 0.802545
vn -0.596592 -0.000003 0.802545
vn -0.596592 -0.000003 0.802545
vn -0.596591 0.000000 0.802545
vn -0.596591 0.000000 0.802545
vn -0.596591 0.000000 0.802545
vn -0.596591 0.000000 0.802545
vn -0.596593 -0.000004 0.802544
vn -0.596593 -0.000004 0.802544
vn -0.596593 -0.000004 0.802544
vn -0.596593 -0.000004 0.802544
vn -0.596590 0.000000 0.802546
vn -0.596590 0.000000 0.802546
vn -0.596591 0.000000 0.802546
vn -0.596590 0.000000 0.802546
vn -0.596592 0.000000 0.802545
vn -0.596592 0.000000 0.802545
vn -0.596592 0.000000 0.802545
vn -0.596592 0.000000 0.802545
vn 0.981756 0.000000 -0.190146
vn 0.981756 0.000000 -0.190146
vn 0.981756 0.000000 -0.190146
vn 0.981756 0.000000 -0.190146
vn 0.981754 -0.000000 -0.190156
vn 0.981754 -0.000000 -0.190156
vn 0.981754 -0.000000 -0.190156
vn 0.981754 -0.000000 -0.190156
vn 0.981756 0.000000 -0.190147
vn 0.981756 0.000000 -0.190147
vn 0.981756 0.000000 -0.190147
vn 0.981756 0.000000 -0.190147
vn 0.981754 -0.000000 -0.190156
vn 0.981754 -0.000000 -0.190156
vn 0.981754 -0.000000 -0.190156
vn 0.981754 -0.000000 -0.190156
vn 0.981755 0.000002 -0.190150
vn 0.981755 0.000002 -0.190150
vn 0.981755 0.000002 -0.190150
vn 0.981755 0.000002 -0.190150
vn 0.981755 -0.000001 -0.190152
vn 0.981755 -0.000001 -0.190152
vn 0.981755 -0.000001 -0.190152
vn 0.981755 -0.000001 -0.190152
vn 0.981754 0.000000 -0.190155
vn 0.981754 0.000000 -0.190155
vn 0.981754 0.000000 -0.190155
vn 0.981754 0.000000 -0.190155
vn 0.981757 0.000002 -0.190141
vn 0.981757 0.000002 -0.190141
vn 0.981757 0.000002 -0.190141
vn 0.981757 0.000002 -0.190141
vn 0.981756 0.000000 -0.190148
vn 0.981756 0.000000 -0.190148
vn 0.981756 0.000000 -0.190148
vn 0.981756 0.000000 -0.190148
vn 0.591713 0.000002 -0.806149
vn 0.591713 0.000002 -0.806149
vn 0.591713 0.000002 -0.806149
vn 0.591713 0.000002 -0.806149
vn 0.591714 0.000000 -0.806148
vn 0.591714 0.000000 -0.806148
vn 0.591714 0.000000 -0.806148
vn 0.591714 0.000000 -0.806148
vn 0.591712 -0.000002 -0.806149
vn 0.591712 -0.000002 -0.806149
vn 0.591712 -0.000002 -0.806149
vn 0.591712 -0.000002 -0.806149
vn 0.591712 0.000000 -0.806150
vn 0.591712 0.000000 -0.806150
vn 0.591712 0.000000 -0.806150
vn 0.591712 0.000000 -0.806150
vn 0.591713 -0.000001 -0.806149
vn 0.591713 -0.000001 -0.806149
vn 0.591713 -0.000001 -0.806149
vn 0.591713 -0.000001 -0.806149
vn 0.591713 0.000001 -0.806149
vn 0.591713 0.000001 -0.806149
vn 0.591713 0.000001 -0.806149
vn 0.591713 0.000001 -0.806149
vn 0.591712 -0.000002 -0.806150
vn 0.591712 -0.000002 -0.806149
vn 0.591712 -0.000002 -0.806149
vn 0.591712 -0.000002 -0.806150
vn 0.591713 0.000000 -0.806149
vn 0.591713 0.000000 -0.806149
vn 0.591713 0.000000 -0.806149
vn 0.591713 0.000000 -0.806149
vn 0.591714 -0.000001 -0.806148
vn 0.591713 -0.000001 -0.806148
vn 0.591714 -0.000001 -0.806148
vn 0.591714 -0.000001 -0.806148
vn -0.190155 0.000000 -0.981754
vn -0.190155 0.000000 -0.981754
vn -0.190155 0.000000 -0.981754
vn -0.190155 0.000000 -0.981754
vn -0.190147 -0.000001 -0.981756
vn -0.190147 -0.000001 -0.981756
vn -0.190147 -0.000001 -0.981756
vn -0.190147 -0.000001 -0.981756
vn -0.190159 -0.000001 -0.981753
vn -0.190159 -0.000001 -0.981753
vn -0.190159 -0.000001 -0.981753
vn -0.190159 -0.000001 -0.981753
vn -0.190154 0.000000 -0.981754
vn -0.190154 0.000000 -0.981754
vn -0.190154 0.000000 -0.981754
vn -0.190154 0.000000 -0.981754
vn -0.190159 -0.000000 -0.981753
vn -0.190159 -0.000000 -0.981753
vn -0.190159 -0.000000 -0.981753
vn -0.190159 -0.000000 -0.981753
vn -0.190154 0.000000 -0.981754
vn -0.190154 0.000000 -0.981754
vn -0.190154 0.000000 -0.981754
vn -0.190154 0.000000 -0.981754
vn -0.190155 -0.000001 -0.981754
vn -0.190155 -0.000001 -0.981754
vn -0.190155 -0.000001 -0.981754
vn -0.190155 -0.000001 -0.981754
vn -0.190145 0.000000 -0.981756
vn -0.190145 0.000000 -0.981756
vn -0.190145 0.000000 -0.981756
vn -0.190145 0.000000 -0.981756
vn -0.190152 -0.000001 -0.981755
vn -0.190152 -0.000001 -0.981755
vn -0.190152 -0.000001 -0.981755
vn -0.190152 -0.000001 -0.981755
vn 0.000000 1.000000 0.000000
vn 0.000000 1.000000 0.000000
vn 0.000000 1.000000 0.000000
vn 0.000000 1.000000 0.000000
vn -0.000000 1.000000 0.000000
vn -0.000000 1.000000 0.000000
vn -0.000000 1.000000 0.000000
vn -0.000000 1.000000 0.000000
vn 0.000000 1.000000 0.000000
vn 0.000000 1.000000 0.000000
vn 0.000000 1.000000 0.000000
vn 0.000000 1.000000 0.000000
vn 0.000000 1.000000 0.000000
vn -0.000000 1.000000 -0.000000
vn -0.000000 1.000000 -0.000000
vn 0.000000 1.000000 0.000000
vn -0.000000 1.000000 0.000000
vn -0.000000 1.000000 0.000000
vn -0.000000 1.000000 0.000000
vn -0.000000 1.000000 0.000000
vn -0.000000 1.000000 0.000000
vn -0.000000 1.000000 0.000000
vn -0.000000 1.000000 0.000000
vn -0.000000 1.000000 0.000000
vn -0.000000 1.000000 -0.000000
vn -0.000000 1.000000 -0.000000
vn -0.000000 1.000000 -0.000000
vn -0.000000 1.000000 -0.000000
vn -0.000000 1.000000 0.000000
vn -0.000000 1.000000 0.000000
vn -0.000000 1.000000 0.000000
vn -0.000000 1.000000 0.000000
vn 0.000000 1.000000 0.000000
vn 0.000000 1.000000 0.000000
vn 0.000000 1.000000 0.000000
vn 0.000000 1.000000 0.000000
vn 0.319786 0.000000 -0.947490
vn 0.319786 0.000000 -0.947490
vn 0.319786 0.000000 -0.947490
vn 0.319786 0.000000 -0.947490
vn 0.319787 0.000000 -0.947489
vn 0.319787 0.000000 -0.947489
vn 0.319787 0.000000 -0.947489
vn 0.319787 0.000000 -0.947489
vn 0.319794 0.000000 -0.947487
vn 0.319794 0.000000 -0.947487
vn 0.319794 0.000000 -0.947487
vn 0.319794 0.000000 -0.947487
vn 0.319795 0.000000 -0.947487
vn 0.319795 0.000000 -0.947487
vn 0.319795 0.000000 -0.947487
vn 0.319795 0.000000 -0.947487
vn 0.319793 0.000000 -0.947488
vn 0.319793 0.000000 -0.947488
vn 0.319793 0.000000 -0.947488
vn 0.319793 0.000000 -0.947488
vn 0.319786 0.000000 -0.947490
vn 0.319786 0.000000 -0.947490
vn 0.319786 0.000000 -0.947490
vn 0.319786 0.000000 -0.947490
vn 0.319793 0.000000 -0.947488
vn 0.319793 0.000000 -0.947488
vn 0.319793 0.000000 -0.947488
vn 0.319793 0.000000 -0.947488
vn 0.319791 0.000000 -0.947488
vn 0.319791 0.000000 -0.947488
vn 0.319791 0.000000 -0.947488
vn 0.319791 0.000000 -0.947488
vn 0.319790 0.000000 -0.947488
vn 0.319790 0.000000 -0.947488
vn 0.319790 0.000000 -0.947488
vn 0.319790 0.000000 -0.947488
vn -0.999964 0.000000 0.008537
vn -0.999964 0.000000 0.008537
vn -0.999964 0.000000 0.008537
vn -0.999964 0.000000 0.008537
vn -0.999964 0.000002 0.008537
vn -0.999964 0.000002 0.008537
vn -0.999964 0.000002 0.008537
vn -0.999964 0.000002 0.008537
vn -0.999964 0.000000 0.008537
vn -0.999964 0.000000 0.008537
vn -0.999964 0.000000 0.008537
vn -0.999964 0.000000 0.008537
vn -0.999964 0.000001 0.008538
vn -0.999964 0.000001 0.008538
vn -0.999964 0.000001 0.008538
vn -0.999964 0.000001 0.008538
vn -0.999964 0.000001 0.008537
vn -0.999964 0.000001 0.008537
vn -0.999964 0.000001 0.008537
vn -0.999964 0.000001 0.008537
vn -0.999964 -0.000001 0.008537
vn -0.999964 -0.000001 0.008537
vn -0.999964 -0.000001 0.008537
vn -0.999964 -0.000001 0.008537
vn -0.999964 0.000000 0.008537
vn -0.999964 0.000000 0.008537
vn -0.999964 0.000000 0.008537
vn -0.999964 0.000000 0.008537
vn -0.999964 0.000001 0.008538
vn -0.999964 0.000001 0.008538
vn -0.999964 0.000001 0.008538
vn -0.999964 0.000001 0.008538
vn -0.999964 0.000001 0.008538
vn -0.999964 0.000001 0.008538
vn -0.999964 0.000001 0.008538
vn -0.999964 0.000001 0.008538
vn 0.319783 0.000000 0.947491
vn 0.319783 0.000000 0.947491
vn 0.319783 0.000000 0.947491
vn 0.319783 0.000000 0.947491
vn 0.319797 0.000000 0.947486
vn 0.319797 0.000000 0.947486
vn 0.319797 0.000000 0.947486
vn 0.319797 0.000000 0.947486
vn 0.319785 -0.000001 0.947490
vn 0.319785 -0.000001 0.947490
vn 0.319785 -0.000001 0.947490
vn 0.319785 -0.000001 0.947490
vn 0.319788 0.000001 0.947489
vn 0.319788 0.000001 0.947489
vn 0.319788 0.000001 0.947489
vn 0.319788 0.000001 0.947489
vn 0.319787 -0.000001 0.947490
vn 0.319787 -0.000001 0.947490
vn 0.319787 -0.000001 0.947490
vn 0.319787 -0.000001 0.947490
vn 0.319798 0.000000 0.947486
vn 0.319798 0.000000 0.947486
vn 0.319798 0.000000 0.947486
vn 0.319798 0.000000 0.947486
vn 0.319789 0.000001 0.947489
vn 0.319789 0.000001 0.947489
vn 0.319789 0.000001 0.947489
vn 0.319789 0.000001 0.947489
vn 0.319794 0.000001 0.947487
vn 0.319794 0.000001 0.947487
vn 0.319794 0.000001 0.947487
vn 0.319794 0.000001 0.947487
vn 0.319786 -0.000001 0.947490
vn 0.319786 -0.000001 0.947490
vn 0.319786 -0.000001 0.947490
vn 0.319786 -0.000001 0.947490
vn 1.000000 0.000000 0.000001
vn 1.000000 0.000000 0.000001
vn 1.000000 0.000000 0.000001
vn 1.000000 0.000000 0.000001
vn 1.000000 -0.000001 0.000001
vn 1.000000 -0.000001 0.000001
vn 1.000000 -0.000001 0.000001
vn 1.000000 -0.000001 0.000001
vn 1.000000 0.000000 0.000000
vn 1.000000 0.000000 0.000000
vn 1.000000 0.000000 0.000000
vn 1.000000 0.000000 0.000000
vn 1.000000 0.000001 0.000000
vn 1.000000 0.000001 0.000000
vn 1.000000 0.000001 0.000000
vn 1.000000 0.000001 0.000000
vn 1.000000 0.000001 -0.000001
vn 1.000000 0.000001 -0.000001
vn 1.000000 0.000001 -0.000001
vn 1.000000 0.000001 -0.000001
vn 1.000000 0.000000 0.000001
vn 1.000000 0.000000 0.000001
vn 1.000000 0.000000 0.000001
vn 1.000000 0.000000 0.000001
vn 1.000000 0.000000 -0.000001
vn 1.000000 0.000000 -0.000001
vn 1.000000 0.000000 -0.000001
vn 1.000000 0.000000 -0.000001
vn 1.000000 0.000000 0.000000
vn 1.000000 0.000000 0.000000
vn 1.000000 0.000000 0.000000
vn 1.000000 0.000000 0.000000
vn 1.000000 0.000000 0.000000
vn 1.000000 0.000000 0.000000
vn 1.000000 0.000000 0.000000
vn 1.000000 0.000000 0.000000
vn -0.596593 0.000001 0.802544
vn -0.596593 0.000001 0.802544
vn -0.596593 0.000001 0.802544
vn -0.596593 0.000001 0.802544
vn -0.596593 0.000000 0.802544
vn -0.596593 0.000000 0.802544
vn -0.596593 0.000000 0.802544
vn -0.596593 0.000000 0.802544
vn -0.596590 -0.000004 0.802546
vn -0.596590 -0.000004 0.802546
vn -0.596590 -0.000004 0.802546
vn -0.596590 -0.000004 0.802546
vn 0.000000 1.000000 -0.000000
vn 0.000000 1.000000 -0.000000
vn 0.000000 1.000000 -0.000000
vn 0.000000 1.000000 -0.000000
vn -0.000000 1.000000 -0.000000
vn -0.000000 1.000000 -0.000000
vn -0.000000 1.000000 0.000000
vn -0.000000 1.000000 0.000000
vn -0.000000 1.000000 0.000000
vn -0.000000 1.000000 0.000000
vn -0.000000 -1.000000 0.000000
vn -0.000000 -1.000000 0.000000
vn -0.000000 -1.000000 0.000000
vn -0.000000 -1.000000 0.000000
vn -0.000000 -1.000000 -0.000000
vn -0.000000 -1.000000 -0.000000
vn -0.000000 -1.000000 -0.000000
vn -0.000000 -1.000000 -0.000000
vn 0.000000 -1.000000 -0.000000
vn 0.000000 -1.000000 -0.000000
vn 0.000000 -1.000000 -0.000000
vn 0.000000 -1.000000 -0.000000
vn -0.571199 0.000000 -0.820811
vn -0.571199 0.000000 -0.820811
vn -0.571199 0.000000 -0.820811
vn -0.571200 0.000000 -0.820811
vn -0.571199 0.000000 -0.820812
vn -0.571199 0.000000 -0.820812
vn -0.571199 0.000000 -0.820812
vn -0.571199 0.000000 -0.820811
vn -0.571199 0.000003 -0.820812
vn -0.571199 0.000003 -0.820812
vn -0.571199 0.000003 -0.820812
vn -0.571199 0.000003 -0.820812
vn -0.000000 -1.000000 -0.000000
vn -0.000000 -1.000000 -0.000000
vn -0.000000 -1.000000 -0.000000
vn -0.000000 -1.000000 -0.000000
vn -0.000000 -1.000000 -0.000000
vn -0.000000 -1.000000 -0.000000
vn -0.000000 -1.000000 -0.000000
vn -0.000000 -1.000000 -0.000000
vn -0.000000 -1.000000 -0.000000
vn -0.000000 -1.000000 -0.000000
vn -0.000000 -1.000000 -0.000000
vn -0.000000 -1.000000 -0.000000
vn 1.000000 0.000000 0.000000
vn 1.000000 0.000000 0.000000
vn 1.000000 0.000000 0.000000
vn 1.000000 0.000000 0.000000
vn 1.000000 0.000002 0.000000
vn 1.000000 0.000002 0.000000
vn 1.000000 0.000002 0.000000
vn 1.000000 0.000002 0.000000
vn 1.000000 0.000000 -0.000001
vn 1.000000 0.000000 -0.000001
vn 1.000000 0.000000 -0.000001
vn 1.000000 0.000000 -0.000001
vn -0.000003 1.000000 0.000000
vn -0.000003 1.000000 0.000000
vn -0.000003 1.000000 0.000000
vn -0.000003 1.000000 0.000000
vn -0.000003 1.000000 0.000004
vn -0.000003 1.000000 0.000004
vn -0.000003 1.000000 0.000004
vn -0.000003 1.000000 0.000004
vn 0.000003 1.000000 0.000000
vn 0.000003 1.000000 0.000000
vn 0.000003 1.000000 0.000000
vn 0.000003 1.000000 0.000000
vn 0.432761 0.000001 0.901508
vn 0.432762 0.000001 0.901509
vn 0.432761 0.000001 0.901508
vn 0.432762 0.000001 0.901509
vn 0.432761 0.000003 0.901508
vn 0.432762 0.000003 0.901509
vn 0.432762 0.000003 0.901509
vn 0.432761 0.000003 0.901509
vn 0.432762 0.000001 0.901508
vn 0.432762 0.000001 0.901508
vn 0.432762 0.000001 0.901508
vn 0.432762 0.000001 0.901508
vn -0.000000 1.000000 0.000000
vn -0.000000 1.000000 0.000000
vn -0.000000 1.000000 0.000000
vn -0.000000 1.000000 0.000000
vn 0.000000 1.000000 0.000000
vn 0.000000 1.000000 0.000000
vn -0.000000 1.000000 -0.000000
vn -0.000000 1.000000 -0.000000
vn -0.000000 1.000000 -0.000000
vn -0.000000 1.000000 -0.000000
vn 0.000000 1.000000 0.000000
vn 0.327683 0.669708 -0.666420
vn 0.253883 0.817891 -0.516331
vn 0.000000 1.000000 0.000000
vn 0.000000 1.000000 -0.000000
vn 0.000000 1.000000 -0.000000
vn 0.000000 1.000000 0.000000
vn 0.000000 1.000000 0.000000
vn 0.000000 1.000000 0.000000
vn 0.000000 1.000000 0.000000
vn 0.441250 -0.000001 -0.897384
vn 0.290095 -0.753508 -0.589975
vn 0.168129 -0.924563 -0.341930
vn 0.441250 -0.000001 -0.897384
vn 0.441250 -0.000001 -0.897384
vn 0.441250 -0.000001 -0.897384
vn 0.441250 -0.000001 -0.897384
vn 0.441250 -0.000001 -0.897384
vn 0.441250 -0.000001 -0.897384
vn 0.441250 -0.000001 -0.897384
vn -0.000000 -1.000000 0.000000
vn 0.173619 -0.919337 -0.353095
vn 0.308157 -0.715733 -0.626710
vn -0.000000 -1.000000 0.000000
vn 0.000000 -1.000000 -0.000000
vn 0.000000 -1.000000 -0.000000
vn -0.000000 -1.000000 -0.000000
vn -0.000000 -1.000000 -0.000000
vn -0.000000 -1.000000 -0.000000
vn -0.000000 -1.000000 -0.000000
vn 0.000000 -1.000000 0.000000
vn 0.000000 -1.000000 0.000000
vn 0.000000 -1.000000 0.000000
vn 0.000000 -1.000000 0.000000
vn 0.000000 -1.000000 0.000000
vn 0.000000 -1.000000 0.000000
vn 0.000000 -1.000000 0.000000
vn 0.000000 -1.000000 0.000000
vn -0.000000 -1.000000 -0.000000
vn -0.000000 -1.000000 -0.000000
vn -0.000000 -1.000000 -0.000000
vn -0.000000 -1.000000 -0.000000
vn -0.000000 -1.000000 -0.000000
vn -0.000000 -1.000000 -0.000000
vn -0.000000 -1.000000 -0.000000
vn -0.000000 -1.000000 -0.000000
vn -0.000000 -1.000000 -0.000000
vn -0.000000 -1.000000 -0.000000
vn -0.000000 -1.000000 0.000000
vn -0.000000 -1.000000 0.000000
vn -0.000000 -1.000000 0.000000
vn -0.000000 -1.000000 0.000000
vn 0.000000 -1.000000 -0.000000
vn 0.000000 -1.000000 -0.000000
vn 0.000000 -1.000000 -0.000000
vn 0.000000 -1.000000 -0.000000
vn 0.000000 -1.000000 0.000000
vn 0.000000 -1.000000 0.000000
vn 0.000000 -1.000000 0.000000
vn 0.000000 -1.000000 0.000000
vn -0.000000 -1.000000 0.000000
vn -0.000000 -1.000000 0.000000
vn -0.000000 -1.000000 0.000000
vn -0.000000 -1.000000 0.000000
vn -0.998765 0.000000 -0.049690
vn -0.998765 0.000000 -0.049690
vn -0.998765 0.000000 -0.049690
vn -0.998765 0.000000 -0.049690
vn -0.998765 -0.000006 -0.049689
vn -0.998765 -0.000006 -0.049689
vn -0.998765 -0.000006 -0.049689
vn -0.998765 -0.000006 -0.049689
vn -0.998765 0.000000 -0.049690
vn -0.998765 0.000000 -0.049690
vn -0.998765 0.000000 -0.049690
vn -0.998765 0.000000 -0.049690
vn 0.000000 1.000000 0.000000
vn 0.000000 1.000000 0.000000
vn 0.000000 1.000000 0.000000
vn 0.000000 1.000000 0.000000
vn 0.000000 1.000000 0.000000
vn 0.000000 1.000000 0.000000
vn 0.000000 1.000000 0.000000
vn 0.000000 1.000000 0.000000
vn -0.000000 1.000000 0.000000
vn -0.000000 1.000000 0.000000
vn -0.000000 1.000000 0.000000
vn -0.000000 1.000000 0.000000
vn 0.000005 1.000000 -0.000000
vn 0.000005 1.000000 -0.000000
vn 0.000005 1.000000 -0.000000
vn 0.000005 1.000000 -0.000000
vn 0.000005 1.000000 0.000000
vn 0.000005 1.000000 0.000000
vn 0.000005 1.000000 0.000000
vn 0.000005 1.000000 0.000000
vn -0.000005 1.000000 0.000000
vn -0.000005 1.000000 0.000000
vn -0.000005 1.000000 0.000000
vn -0.000005 1.000000 0.000000
vn -0.000002 1.000000 0.000002
vn -0.000002 1.000000 0.000002
vn -0.000002 1.000000 0.000002
vn -0.000002 1.000000 0.000002
vn 0.000002 1.000000 0.000004
vn 0.000002 1.000000 0.000004
vn 0.000002 1.000000 0.000004
vn 0.000002 1.000000 0.000004
vn 0.000002 1.000000 0.000006
vn 0.000002 1.000000 0.000006
vn 0.000002 1.000000 0.000006
vn 0.000002 1.000000 0.000006
vn 0.000000 1.000000 -0.000000
vn -0.000000 1.000000 -0.000000
vn -0.000000 1.000000 -0.000000
vn 0.000000 1.000000 -0.000000
vn 0.000000 1.000000 0.000000
vn 0.000000 1.000000 0.000000
vn 0.000000 1.000000 0.000000
vn 0.000000 1.000000 0.000000
vn 0.000000 1.000000 0.000000
vn 0.000000 1.000000 0.000000
vn -0.181452 -0.000000 0.983400
vn -0.181452 -0.000000 0.983400
vn -0.181452 -0.000000 0.983400
vn -0.181452 -0.000000 0.983400
vn -0.181472 0.000001 0.983396
vn -0.181472 0.000001 0.983396
vn -0.181472 0.000001 0.983396
vn -0.181472 0.000001 0.983396
vn -0.181461 0.000001 0.983398
vn -0.181461 0.000001 0.983398
vn -0.181461 0.000001 0.983398
vn -0.181461 0.000001 0.983398
vn 0.571531 -0.000001 0.820580
vn 0.571531 -0.000001 0.820580
vn 0.571531 -0.000001 0.820580
vn 0.571531 -0.000001 0.820580
vn 0.571532 0.000001 0.820580
vn 0.571532 0.000001 0.820580
vn 0.571531 0.000001 0.820580
vn 0.571532 0.000001 0.820580
vn 0.571532 0.000001 0.820580
vn 0.571532 0.000001 0.820580
vn 0.571532 0.000001 0.820580
vn 0.571532 0.000001 0.820580
vn 0.983397 -0.000001 0.181468
vn 0.983397 -0.000001 0.181468
vn 0.983397 -0.000001 0.181468
vn 0.983397 -0.000001 0.181468
vn 0.983398 -0.000002 0.181461
vn 0.983398 -0.000002 0.181461
vn 0.983398 -0.000002 0.181461
vn 0.983398 -0.000002 0.181461
vn 0.983396 -0.000001 0.181472
vn 0.983396 -0.000001 0.181472
vn 0.983396 -0.000001 0.181472
vn 0.983396 -0.000001 0.181472
vn -0.571199 0.000001 -0.820812
vn -0.571199 0.000001 -0.820812
vn -0.571199 0.000001 -0.820812
vn -0.571199 0.000001 -0.820812
vn -0.571200 0.000000 -0.820811
vn -0.571200 0.000000 -0.820811
vn -0.571200 0.000000 -0.820811
vn -0.571200 0.000000 -0.820811
vn -0.571200 0.000002 -0.820811
vn -0.571200 0.000002 -0.820811
vn -0.571200 0.000002 -0.820811
vn -0.571200 0.000002 -0.820811
vn -0.596591 0.000000 0.802546
vn -0.596591 0.000000 0.802546
vn -0.596591 0.000000 0.802546
vn -0.596591 0.000000 0.802546
vn -0.596591 -0.000002 0.802546
vn -0.596591 -0.000002 0.802546
vn -0.596591 -0.000002 0.802546
vn -0.596591 -0.000002 0.802546
vn -0.596592 0.000000 0.802545
vn -0.596592 0.000000 0.802545
vn -0.596592 0.000000 0.802545
vn -0.596592 0.000000 0.802545
vn 0.981756 0.000001 -0.190145
vn 0.981756 0.000001 -0.190145
vn 0.981756 0.000001 -0.190145
vn 0.981756 0.000001 -0.190145
vn 0.981757 -0.000002 -0.190143
vn 0.981757 -0.000002 -0.190143
vn 0.981757 -0.000002 -0.190143
vn 0.981757 -0.000002 -0.190143
vn 0.981755 -0.000002 -0.190152
vn 0.981755 -0.000002 -0.190152
vn 0.981755 -0.000002 -0.190152
vn 0.981755 -0.000002 -0.190152
vn 0.591711 -0.000002 -0.806150
vn 0.591711 -0.000002 -0.806150
vn 0.591711 -0.000002 -0.806150
vn 0.591711 -0.000002 -0.806150
vn 0.591710 0.000002 -0.806151
vn 0.591710 0.000002 -0.806151
vn 0.591709 0.000002 -0.806151
vn 0.591709 0.000002 -0.806151
vn 0.591713 0.000001 -0.806149
vn 0.591713 0.000001 -0.806149
vn 0.591713 0.000001 -0.806149
vn 0.591713 0.000001 -0.806149
vn -0.190145 -0.000001 -0.981756
vn -0.190145 -0.000001 -0.981756
vn -0.190145 -0.000001 -0.981756
vn -0.190145 -0.000001 -0.981756
vn -0.190148 0.000001 -0.981755
vn -0.190148 0.000001 -0.981755
vn -0.190148 0.000001 -0.981755
vn -0.190148 0.000001 -0.981755
vn -0.190154 0.000001 -0.981754
vn -0.190154 0.000001 -0.981754
vn -0.190154 0.000001 -0.981754
vn -0.190154 0.000001 -0.981754
vn 0.000000 1.000000 0.000000
vn 0.000000 1.000000 0.000000
vn 0.000000 1.000000 0.000000
vn 0.000000 1.000000 0.000000
vn -0.000000 1.000000 0.000000
vn -0.000000 1.000000 0.000000
vn -0.000000 1.000000 0.000000
vn -0.000000 1.000000 0.000000
vn -0.000000 1.000000 0.000000
vn -0.000000 1.000000 0.000000
vn 0.319789 -0.000000 -0.947489
vn 0.319789 -0.000000 -0.947489
vn 0.319789 -0.000000 -0.947489
vn 0.319789 -0.000000 -0.947489
vn 0.319789 0.000001 -0.947489
vn 0.319789 0.000001 -0.947489
vn 0.319789 0.000001 -0.947489
vn 0.319789 0.000001 -0.947489
vn 0.319800 0.000001 -0.947485
vn 0.319800 0.000001 -0.947485
vn 0.319800 0.000001 -0.947485
vn 0.319800 0.000001 -0.947485
vn -0.999964 0.000001 0.008538
vn -0.999964 0.000001 0.008538
vn -0.999964 0.000001 0.008538
vn -0.999964 0.000001 0.008538
vn -0.999964 -0.000001 0.008538
vn -0.999964 -0.000001 0.008538
vn -0.999964 -0.000001 0.008538
vn -0.999964 -0.000001 0.008538
vn -0.999964 0.000000 0.008537
vn -0.999964 0.000000 0.008537
vn -0.999964 0.000000 0.008537
vn -0.999964 0.000000 0.008537
vn 0.319791 0.000000 0.947488
vn 0.319791 0.000000 0.947488
vn 0.319791 0.000000 0.947488
vn 0.319791 0.000000 0.947488
vn 0.319791 0.000000 0.947488
vn 0.319791 0.000000 0.947488
vn 0.319791 0.000000 0.947488
vn 0.319791 0.000000 0.947488
vn 0.319783 0.000001 0.947491
vn 0.319783 0.000001 0.947491
vn 0.319783 0.000001 0.947491
vn 0.319783 0.000001 0.947491
vn 1.000000 0.000000 0.000001
vn 1.000000 0.000000 0.000001
vn 1.000000 0.000000 0.000001
vn 1.000000 0.000000 0.000001
vn 1.000000 0.000000 0.000001
vn 1.000000 0.000000 0.000001
vn 1.000000 0.000000 0.000001
vn 1.000000 0.000000 0.000001
vn 1.000000 0.000000 0.000000
vn 1.000000 0.000000 0.000000
vn 1.000000 0.000000 0.000000
vn 1.000000 0.000000 0.000000
vn -0.596592 0.000000 0.802545
vn -0.596592 0.000000 0.802545
vn -0.596592 0.000000 0.802545
vn -0.596592 0.000000 0.802545
vn -0.596591 0.000000 0.802545
vn -0.596591 0.000000 0.802545
vn -0.596591 0.000000 0.802545
vn -0.596591 0.000000 0.802545
vn -0.596590 0.000000 0.802546
vn -0.596590 0.000000 0.802546
vn -0.596590 0.000000 0.802546
vn -0.596590 0.000000 0.802546
vn -0.596592 0.000000 0.802545
vn 0.222109 0.000000 0.975022
vn 0.222108 0.000000 0.975022
vn -0.596592 0.000000 0.802545
vn -0.596592 0.000000 0.802545
vn -0.596592 0.000000 0.802545
vn -0.596592 0.000000 0.802545
vn -0.596592 0.000000 0.802545
vn -0.596592 0.000000 0.802545
vn -0.596592 0.000000 0.802545
vn -0.596591 0.000000 0.802545
vn -0.596591 0.000000 0.802546
vn -0.596591 0.000000 0.802546
vn -0.596591 0.000000 0.802546
vn -0.596592 0.000003 0.802545
vn -0.596592 0.000003 0.802545
vn -0.596592 0.000003 0.802545
vn -0.596592 0.000003 0.802545
vn -0.596592 -0.000003 0.802545
vn -0.596592 -0.000003 0.802545
vn -0.596592 -0.000003 0.802545
vn -0.596592 -0.000003 0.802545
vn 0.000000 1.000000 0.000000
vn 0.000000 1.000000 0.000000
vn 0.000000 1.000000 0.000000
vn 0.000000 1.000000 0.000000
vn 0.000000 1.000000 -0.000000
vn 0.000000 1.000000 -0.000000
vn 0.000000 1.000000 -0.000000
vn 0.000000 1.000000 -0.000000
vn -0.000000 1.000000 0.000000
vn -0.000000 1.000000 0.000000
vn -0.000000 1.000000 0.000000
vn -0.000000 1.000000 0.000000
vn 0.000000 1.000000 -0.000000
vn -0.000000 1.000000 -0.000000
vn -0.000000 1.000000 -0.000000
vn 0.000000 1.000000 -0.000000
vn 0.000000 1.000000 0.000000
vn 0.000000 1.000000 0.000000
vn 0.000000 1.000000 0.000000
vn 0.000000 1.000000 0.000000
vn 0.000000 1.000000 0.000000
vn 0.000000 1.000000 0.000000
vn 0.000000 -1.000000 0.000000
vn -0.000000 -1.000000 -0.000000
vn -0.000000 -1.000000 -0.000000
vn 0.000000 -1.000000 0.000000
vn -0.000000 -1.000000 -0.000000
vn -0.000000 -1.000000 -0.000000
vn -0.000000 -1.000000 0.000000
vn -0.000000 -1.000000 0.000000
vn -0.000000 -1.000000 0.000000
vn -0.000000 -1.000000 0.000000
vn 0.000000 -1.000000 -0.000000
vn -0.000000 -1.000000 -0.000000
vn -0.000000 -1.000000 -0.000000
vn 0.000000 -1.000000 -0.000000
vn 0.000000 -1.000000 0.000000
vn 0.000000 -1.000000 0.000000
vn -0.000000 -1.000000 0.000000
vn -0.000000 -1.000000 0.000000
vn -0.000000 -1.000000 0.000000
vn -0.000000 -1.000000 0.000000
vn -0.571200 0.000003 -0.820811
vn -0.571200 0.000003 -0.820811
vn -0.571200 0.000003 -0.820811
vn -0.571200 0.000003 -0.820811
vn -0.571199 0.000000 -0.820811
vn -0.571199 0.000000 -0.820811
vn -0.571199 0.000000 -0.820811
vn -0.571199 0.000000 -0.820811
vn -0.571200 0.000003 -0.820811
vn -0.571200 0.000003 -0.820811
vn -0.571200 0.000003 -0.820811
vn -0.571200 0.000003 -0.820811
vn -0.571199 0.000000 -0.820811
vn -0.571199 0.000000 -0.820811
vn -0.571199 0.000000 -0.820811
vn -0.571199 0.000000 -0.820811
vn -0.571200 0.000000 -0.820811
vn -0.571200 0.000000 -0.820811
vn -0.571200 0.000000 -0.820811
vn -0.571200 0.000000 -0.820811
vn -0.571199 0.000000 -0.820812
vn -0.571199 0.000000 -0.820812
vn -0.571199 0.000000 -0.820812
vn -0.571199 0.000000 -0.820812
vn -0.571200 0.000000 -0.820811
vn -0.960727 0.000000 -0.277494
vn -0.960727 0.000000 -0.277494
vn -0.571200 0.000000 -0.820811
vn -0.571200 0.000000 -0.820811
vn -0.571200 0.000000 -0.820811
vn -0.571200 0.000006 -0.820811
vn -0.571200 0.000006 -0.820811
vn -0.571200 0.000006 -0.820811
vn -0.571200 0.000006 -0.820811
vn 0.000000 -1.000000 0.000000
vn -0.000000 -1.000000 0.000000
vn -0.000000 -1.000000 0.000000
vn 0.000000 -1.000000 0.000000
vn 0.000000 -1.000000 0.000000
vn 0.000000 -1.000000 0.000000
vn -0.000000 -1.000000 0.000000
vn -0.000000 -1.000000 0.000000
vn -0.000000 -1.000000 0.000000
vn -0.000000 -1.000000 0.000000
vn -0.000000 -1.000000 -0.000000
vn -0.000000 -1.000000 -0.000000
vn -0.000000 -1.000000 -0.000000
vn -0.000000 -1.000000 -0.000000
vn 0.000000 -1.000000 -0.000000
vn 0.000000 -1.000000 -0.000000
vn 0.000000 -1.000000 0.000000
vn 0.000000 -1.000000 0.000000
vn 0.000000 -1.000000 0.000000
vn 0.000000 -1.000000 0.000000
vn 1.000000 -0.000001 0.000001
vn 1.000000 -0.000001 0.000001
vn 1.000000 -0.000001 0.000001
vn 1.000000 -0.000001 0.000001
vn 1.000000 0.000000 0.000001
vn 1.000000 0.000000 0.000001
vn 1.000000 0.000000 0.000001
vn 1.000000 0.000000 0.000001
vn 1.000000 -0.000001 -0.000001
vn 1.000000 -0.000001 -0.000001
vn 1.000000 -0.000001 -0.000001
vn 1.000000 -0.000001 -0.000001
vn 1.000000 0.000000 0.000000
vn 1.000000 0.000000 0.000000
vn 1.000000 0.000000 0.000000
vn 1.000000 0.000000 0.000000
vn 1.000000 0.000000 0.000000
vn 1.000000 0.000000 0.000000
vn 1.000000 0.000000 0.000000
vn 1.000000 0.000000 0.000000
vn 1.000000 0.000000 0.000000
vn 1.000000 0.000000 0.000000
vn 1.000000 0.000000 0.000000
vn 1.000000 0.000000 0.000000
vn 1.000000 0.000001 0.000000
vn 1.000000 0.000001 0.000000
vn 1.000000 0.000001 0.000000
vn 1.000000 0.000001 0.000000
vn 1.000000 0.000000 0.000000
vn 1.000000 0.000000 0.000000
vn 1.000000 0.000000 0.000000
vn 1.000000 0.000000 0.000000
vn 1.000000 0.000002 0.000000
vn 1.000000 0.000002 0.000000
vn 1.000000 0.000002 0.000000
vn 1.000000 0.000002 0.000000
vn 0.000003 1.000000 -0.000002
vn 0.000003 1.000000 -0.000002
vn 0.000003 1.000000 -0.000002
vn 0.000003 1.000000 -0.000002
vn -0.000003 1.000000 0.000000
vn -0.000003 1.000000 0.000000
vn -0.000003 1.000000 0.000000
vn -0.000003 1.000000 0.000000
vn 0.000000 1.000000 0.000002
vn 0.000000 1.000000 0.000002
vn 0.000000 1.000000 0.000002
vn 0.000000 1.000000 0.000002
vn -0.000003 1.000000 0.000000
vn -0.000003 1.000000 0.000000
vn -0.000003 1.000000 0.000000
vn -0.000003 1.000000 0.000000
vn -0.000003 1.000000 0.000001
vn -0.000003 1.000000 0.000001
vn -0.000003 1.000000 0.000001
vn -0.000003 1.000000 0.000001
vn 0.000003 1.000000 0.000000
vn 0.000003 1.000000 0.000000
vn 0.000003 1.000000 0.000000
vn 0.000003 1.000000 0.000000
vn 0.000003 1.000000 -0.000000
vn 0.000003 1.000000 -0.000000
vn 0.000003 1.000000 -0.000000
vn 0.000003 1.000000 -0.000000
vn -0.000003 1.000000 0.000000
vn -0.000003 1.000000 0.000000
vn -0.000003 1.000000 0.000000
vn -0.000003 1.000000 0.000000
vn -0.000003 1.000000 -0.000004
vn -0.000003 1.000000 -0.000004
vn -0.000003 1.000000 -0.000004
vn -0.000003 1.000000 -0.000004
vn 0.432761 0.000000 0.901509
vn 0.222108 0.000000 0.975022
vn 0.222108 0.000000 0.975022
vn 0.432761 0.000000 0.901509
vn 0.432761 0.000000 0.901509
vn 0.432761 0.000000 0.901509
vn 0.432762 0.000003 0.901508
vn 0.432762 0.000003 0.901508
vn 0.432762 0.000003 0.901508
vn 0.432762 0.000003 0.901508
vn 0.432761 0.000004 0.901509
vn 0.432761 0.000004 0.901509
vn 0.432761 0.000004 0.901508
vn 0.432761 0.000004 0.901508
vn 0.432762 0.000003 0.901508
vn 0.432762 0.000003 0.901508
vn 0.432762 0.000003 0.901508
vn 0.432762 0.000003 0.901508
vn 0.432762 0.000000 0.901508
vn 0.432762 0.000000 0.901508
vn 0.432762 0.000000 0.901508
vn 0.432762 0.000000 0.901508
vn 0.432762 0.000002 0.901509
vn 0.432762 0.000002 0.901509
vn 0.432762 0.000002 0.901509
vn 0.432762 0.000002 0.901508
vn 0.432761 0.000000 0.901509
vn 0.432761 0.000000 0.901509
vn 0.432761 0.000000 0.901509
vn 0.432761 0.000000 0.901509
vn 0.432762 0.000002 0.901509
vn 0.432762 0.000002 0.901508
vn 0.432762 0.000002 0.901508
vn 0.432762 0.000002 0.901508
vn -0.000000 1.000000 0.000000
vn -0.000000 1.000000 0.000000
vn -0.000000 1.000000 0.000000
vn -0.000000 1.000000 0.000000
vn -0.000000 1.000000 0.000000
vn -0.000000 1.000000 0.000000
vn -0.000000 1.000000 -0.000000
vn -0.000000 1.000000 -0.000000
vn -0.000000 1.000000 -0.000000
vn -0.000000 1.000000 -0.000000
vn 0.000000 1.000000 0.000001
vn 0.000000 1.000000 0.000001
vn 0.000000 1.000000 0.000001
vn 0.000000 1.000000 0.000001
vn -0.000000 1.000000 -0.000001
vn -0.000000 1.000000 -0.000001
vn -0.000000 1.000000 -0.000001
vn -0.000000 1.000000 -0.000001
vn -0.000000 1.000000 0.000000
vn -0.000000 1.000000 0.000000
vn -0.000000 1.000000 0.000000
vn -0.000000 1.000000 0.000000
vn 0.000000 1.000000 0.000000
vn 0.000000 1.000000 0.000000
vn 0.000000 1.000000 0.000000
vn 0.000000 1.000000 0.000000
vn -0.000000 1.000000 0.000000
vn -0.000000 1.000000 0.000000
vn -0.000000 1.000000 0.000000
vn -0.000000 1.000000 0.000000
vn -0.000000 1.000000 0.000000
vn -0.000000 1.000000 0.000000
vn -0.000000 1.000000 0.000000
vn -0.000000 1.000000 0.000000
vn -0.000001 1.000000 -0.000000
vn -0.000001 1.000000 -0.000000
vn -0.000001 1.000000 -0.000000
vn -0.000001 1.000000 -0.000000
vn 0.000000 1.000000 0.000000
vn 0.000000 1.000000 0.000000
vn 0.000000 1.000000 0.000000
vn 0.000000 1.000000 0.000000
vn 0.000000 1.000000 0.000001
vn 0.000000 1.000000 0.000001
vn 0.000000 1.000000 0.000001
vn 0.000000 1.000000 0.000001
vn 0.000000 1.000000 0.000000
vn 0.000000 1.000000 0.000000
vn 0.000000 1.000000 0.000000
vn 0.000000 1.000000 0.000000
vn -0.000000 1.000000 0.000000
vn -0.000000 1.000000 0.000000
vn -0.000000 1.000000 0.000000
vn -0.000000 1.000000 0.000000
vn 0.000000 1.000000 -0.000000
vn 0.000000 1.000000 -0.000000
vn 0.000000 1.000000 -0.000000
vn 0.000000 1.000000 -0.000000
vn -0.000000 1.000000 0.000000
vn -0.000000 1.000000 0.000000
vn -0.000000 1.000000 0.000000
vn -0.000000 1.000000 0.000000
vn 0.000000 1.000000 -0.000000
vn 0.000000 1.000000 -0.000000
vn -0.000000 1.000000 -0.000000
vn -0.000000 1.000000 -0.000000
vn -0.000000 1.000000 -0.000000
vn -0.000000 1.000000 -0.000000
vn 0.000000 1.000000 0.000000
vn 0.000000 1.000000 0.000000
vn 0.000000 1.000000 0.000000
vn 0.000000 1.000000 0.000000
vn -0.000000 1.000000 0.000000
vn -0.000000 1.000000 0.000000
vn -0.000000 1.000000 0.000000
vn -0.000000 1.000000 0.000000
vn -0.000000 1.000000 0.000000
vn -0.000000 1.000000 0.000000
vn -0.000001 1.000000 0.000000
vn -0.000001 1.000000 0.000000
vn -0.000001 1.000000 0.000000
vn -0.000001 1.000000 0.000000
vn 0.000001 1.000000 0.000000
vn 0.000001 1.000000 0.000000
vn 0.000001 1.000000 0.000000
vn 0.000001 1.000000 0.000000
vn 0.000000 1.000000 -0.000000
vn 0.000000 1.000000 -0.000000
vn 0.000000 1.000000 -0.000000
vn 0.000000 1.000000 -0.000000
vn 0.441250 -0.000002 -0.897384
vn 0.441250 -0.000002 -0.897384
vn 0.441250 -0.000002 -0.897384
vn 0.441250 -0.000002 -0.897384
vn 0.441250 0.000002 -0.897384
vn 0.441250 0.000002 -0.897384
vn 0.441250 0.000002 -0.897384
vn 0.441250 0.000002 -0.897384
vn 0.441250 0.000000 -0.897384
vn 0.441250 0.000000 -0.897384
vn 0.441250 0.000000 -0.897384
vn 0.441250 0.000000 -0.897384
vn 0.441250 0.000001 -0.897384
vn 0.196052 0.895872 -0.398718
vn 0.363768 0.566003 -0.739806
vn 0.441250 0.000001 -0.897384
vn 0.441250 0.000000 -0.897384
vn 0.441250 0.000000 -0.897384
vn 0.441250 0.000002 -0.897384
vn 0.441250 0.000002 -0.897384
vn 0.441250 0.000002 -0.897384
vn 0.441250 0.000002 -0.897384
vn 0.441250 -0.000002 -0.897384
vn 0.441250 -0.000002 -0.897384
vn 0.441250 -0.000002 -0.897384
vn 0.441250 -0.000002 -0.897384
vn 0.441250 0.000000 -0.897384
vn 0.441250 0.000000 -0.897384
vn 0.441250 0.000000 -0.897384
vn 0.441250 0.000000 -0.897384
vn 0.441250 0.000000 -0.897384
vn 0.441250 0.000000 -0.897384
vn 0.441250 0.000000 -0.897384
vn 0.441250 0.000000 -0.897384
vn 0.000000 -1.000000 0.000000
vn -0.000000 -1.000000 0.000000
vn -0.000000 -1.000000 0.000000
vn 0.000000 -1.000000 0.000000
vn -0.000000 -1.000000 -0.000000
vn -0.000000 -1.000000 -0.000000
vn -0.000000 -1.000000 -0.000000
vn -0.000000 -1.000000 -0.000000
vn -0.000000 -1.000000 -0.000000
vn -0.000000 -1.000000 -0.000000
vn 0.000000 -1.000000 -0.000000
vn 0.000000 -1.000000 -0.000000
vn 0.000000 -1.000000 -0.000000
vn 0.000000 -1.000000 -0.000000
vn -0.000000 -1.000000 0.000000
vn -0.000000 -1.000000 0.000000
vn -0.000000 -1.000000 -0.000000
vn -0.000000 -1.000000 -0.000000
vn -0.000000 -1.000000 -0.000000
vn -0.000000 -1.000000 -0.000000
vn -0.000000 -1.000000 0.000000
vn -0.000000 -1.000000 0.000000
vn -0.000000 -1.000000 0.000000
vn -0.000000 -1.000000 0.000000
vn -0.000000 -1.000000 -0.000000
vn -0.000000 -1.000000 -0.000000
vn -0.000000 -1.000000 0.000000
vn -0.000000 -1.000000 0.000000
vn -0.000000 -1.000000 0.000000
vn -0.000000 -1.000000 0.000000
vn -0.000000 -1.000000 0.000000
vn -0.000000 -1.000000 -0.000000
vn -0.000000 -1.000000 -0.000000
vn -0.000000 -1.000000 0.000000
vn -0.000000 -1.000000 -0.000000
vn -0.000000 -1.000000 -0.000000
vn 0.000000 -1.000000 0.000000
vn 0.000000 -1.000000 0.000000
vn 0.000000 -1.000000 0.000000
vn 0.000000 -1.000000 0.000000
vn -0.000000 -1.000000 -0.000000
vn -0.000000 -1.000000 -0.000000
vn -0.000000 -1.000000 -0.000000
vn -0.000000 -1.000000 -0.000000
vn -0.000000 -1.000000 0.000000
vn -0.000000 -1.000000 0.000000
vn -0.000000 -1.000000 -0.000000
vn -0.000000 -1.000000 -0.000000
vn -0.000000 -1.000000 -0.000000
vn -0.000000 -1.000000 -0.000000
vn -0.000000 -1.000000 0.000000
vn -0.000000 -1.000000 -0.000000
vn -0.000000 -1.000000 -0.000000
vn -0.000000 -1.000000 0.000000
vn -0.000000 -1.000000 -0.000000
vn -0.000000 -1.000000 -0.000000
vn -0.000000 -1.000000 0.000000
vn -0.000000 -1.000000 0.000000
vn -0.000000 -1.000000 0.000000
vn -0.000000 -1.000000 0.000000
vn -0.000000 -1.000000 0.000000
vn -0.000000 -1.000000 0.000000
vn -0.000000 -1.000000 0.000000
vn -0.000000 -1.000000 0.000000
vn -0.000000 -1.000000 0.000000
vn -0.000000 -1.000000 0.000000
vn -0.000000 -1.000000 0.000000
vn -0.000000 -1.000000 0.000000
vn -0.000000 -1.000000 0.000000
vn -0.000000 -1.000000 0.000000
vn -0.000000 -1.000000 0.000000
vn -0.000000 -1.000000 0.000000
vn 0.000000 -1.000000 0.000000
vn 0.000000 -1.000000 0.000000
vn 0.000000 -1.000000 0.000000
vn 0.000000 -1.000000 0.000000
vn 0.000000 -1.000000 0.000000
vn 0.000000 -1.000000 0.000000
vn 0.000000 -1.000000 0.000000
vn 0.000000 -1.000000 0.000000
vn 0.000000 -1.000000 0.000000
vn 0.000000 -1.000000 0.000000
vn 0.000000 -1.000000 0.000000
vn -0.000000 -1.000000 0.000000
vn -0.000000 -1.000000 0.000000
vn 0.000000 -1.000000 0.000000
vn 0.000000 -1.000000 -0.000000
vn 0.000000 -1.000000 -0.000000
vn 0.000000 -1.000000 -0.000000
vn 0.000000 -1.000000 -0.000000
vn 0.000000 -1.000000 -0.000000
vn 0.000000 -1.000000 -0.000000
vn 0.000000 -1.000000 0.000000
vn 0.000000 -1.000000 -0.000000
vn 0.000000 -1.000000 0.000000
vn 0.000000 -1.000000 0.000000
vn 0.000000 -1.000000 0.000000
vn 0.000000 -1.000000 0.000000
vn -0.000000 -1.000000 -0.000000
vn -0.000000 -1.000000 -0.000000
vn -0.000000 -1.000000 -0.000000
vn -0.000000 -1.000000 -0.000000
vn -0.998765 -0.000000 -0.049689
vn -0.960727 -0.000000 -0.277494
vn -0.960727 -0.000000 -0.277494
vn -0.998765 -0.000000 -0.049689
vn -0.998765 0.000000 -0.049689
vn -0.998765 0.000000 -0.049689
vn -0.998765 -0.000000 -0.049689
vn -0.998765 -0.000000 -0.049689
vn -0.998765 -0.000000 -0.049689
vn -0.998765 -0.000000 -0.049689
vn -0.998765 0.000018 -0.049689
vn -0.998765 0.000018 -0.049689
vn -0.998765 0.000018 -0.049689
vn -0.998765 0.000018 -0.049689
vn -0.998765 0.000000 -0.049689
vn -0.998765 0.000000 -0.049689
vn -0.998765 0.000000 -0.049689
vn -0.998765 0.000000 -0.049689
vn -0.998765 0.000000 -0.049690
vn -0.998765 0.000000 -0.049690
vn -0.998765 0.000000 -0.049690
vn -0.998765 0.000000 -0.049690
vn -0.998765 0.000000 -0.049690
vn -0.998765 0.000000 -0.049690
vn -0.998765 0.000000 -0.049690
vn -0.998765 0.000000 -0.049690
vn -0.998765 0.000009 -0.049690
vn -0.998765 0.000009 -0.049690
vn -0.998765 0.000009 -0.049690
vn -0.998765 0.000009 -0.049690
vn -0.998765 -0.000001 -0.049690
vn -0.998765 -0.000001 -0.049690
vn -0.998765 -0.000001 -0.049690
vn -0.998765 -0.000001 -0.049690
vn 0.000000 1.000000 -0.000000
vn 0.000000 1.000000 -0.000000
vn 0.000000 1.000000 -0.000000
vn 0.000000 1.000000 -0.000000
vn 0.000000 1.000000 0.000000
vn 0.000000 1.000000 0.000000
vn 0.000000 1.000000 0.000000
vn 0.000000 1.000000 0.000000
vn 0.000000 1.000000 -0.000000
vn 0.000000 1.000000 -0.000000
vn 0.000000 1.000000 -0.000000
vn 0.000000 1.000000 -0.000000
vn -0.000000 1.000000 0.000000
vn -0.000000 1.000000 0.000000
vn -0.000000 1.000000 0.000000
vn -0.000000 1.000000 0.000000
vn 0.000000 1.000000 0.000000
vn 0.000000 1.000000 0.000000
vn 0.000000 1.000000 0.000000
vn 0.000000 1.000000 0.000000
vn 0.000000 1.000000 0.000000
vn 0.000000 1.000000 0.000000
vn 0.000000 1.000000 -0.000000
vn -0.000000 1.000000 -0.000000
vn -0.000000 1.000000 -0.000000
vn 0.000000 1.000000 -0.000000
vn -0.000000 1.000000 0.000000
vn -0.000000 1.000000 0.000000
vn -0.000000 1.000000 0.000000
vn -0.000000 1.000000 0.000000
vn -0.000000 1.000000 0.000000
vn -0.000000 1.000000 0.000000
vn -0.000000 1.000000 0.000000
vn -0.000000 1.000000 -0.000000
vn -0.000000 1.000000 0.000000
vn -0.000000 1.000000 0.000000
vn 0.000000 1.000000 0.000000
vn 0.000000 1.000000 0.000000
vn 0.000000 1.000000 -0.000000
vn 0.000000 1.000000 -0.000000
vn 0.000000 1.000000 -0.000000
vn 0.000000 1.000000 -0.000000
vn 0.000000 1.000000 0.000000
vn 0.000000 1.000000 0.000000
vn 0.000000 1.000000 0.000000
vn 0.000000 1.000000 0.000000
vn 0.000000 1.000000 0.000000
vn 0.000000 1.000000 0.000000
vn 0.000000 1.000000 0.000000
vn 0.000000 1.000000 0.000000
vn 0.000000 1.000000 0.000000
vn 0.000000 1.000000 0.000000
vn 0.000000 1.000000 0.000000
vn 0.000000 1.000000 0.000000
vn 0.000009 1.000000 0.000000
vn 0.000009 1.000000 0.000000
vn 0.000009 1.000000 0.000000
vn 0.000009 1.000000 0.000000
vn -0.000009 1.000000 -0.000001
vn -0.000009 1.000000 -0.000001
vn -0.000009 1.000000 -0.000001
vn -0.000009 1.000000 -0.000001
vn -0.000005 1.000000 0.000000
vn -0.000005 1.000000 0.000000
vn -0.000005 1.000000 0.000000
vn -0.000005 1.000000 0.000000
vn 0.000005 1.000000 0.000000
vn 0.000005 1.000000 0.000000
vn 0.000005 1.000000 0.000000
vn 0.000005 1.000000 0.000000
vn 0.000005 1.000000 0.000001
vn 0.000005 1.000000 0.000001
vn 0.000005 1.000000 0.000001
vn 0.000005 1.000000 0.000001
vn -0.000005 1.000000 0.000000
vn -0.000005 1.000000 0.000000
vn -0.000005 1.000000 0.000000
vn -0.000005 1.000000 0.000000
vn 0.000000 1.000000 0.000000
vn 0.000000 1.000000 0.000000
vn 0.000000 1.000000 0.000000
vn 0.000000 1.000000 0.000000
vn 0.000000 1.000000 0.000000
vn 0.000000 1.000000 0.000000
vn 0.000000 1.000000 0.000000
vn 0.000000 1.000000 0.000000
vn -0.000005 1.000000 -0.000001
vn -0.000005 1.000000 -0.000001
vn -0.000005 1.000000 -0.000001
vn -0.000005 1.000000 -0.000001
vn 0.000002 1.000000 0.000000
vn 0.000002 1.000000 0.000000
vn 0.000002 1.000000 0.000000
vn 0.000002 1.000000 0.000000
vn 0.000004 1.000000 -0.000009
vn 0.000004 1.000000 -0.000009
vn 0.000004 1.000000 -0.000009
vn 0.000004 1.000000 -0.000009
vn 0.000002 1.000000 0.000000
vn 0.000002 1.000000 0.000000
vn 0.000002 1.000000 0.000000
vn 0.000002 1.000000 0.000000
vn -0.000001 1.000000 -0.000002
vn -0.000001 1.000000 -0.000002
vn -0.000001 1.000000 -0.000002
vn -0.000001 1.000000 -0.000002
vn 0.000002 1.000000 0.000004
vn 0.000002 1.000000 0.000004
vn 0.000002 1.000000 0.000004
vn 0.000002 1.000000 0.000004
vn 0.000000 1.000000 0.000001
vn 0.000000 1.000000 0.000001
vn 0.000000 1.000000 0.000001
vn 0.000000 1.000000 0.000001
vn 0.000000 1.000000 0.000000
vn 0.000000 1.000000 0.000000
vn 0.000000 1.000000 0.000000
vn 0.000000 1.000000 0.000000
vn 0.000000 1.000000 -0.000004
vn 0.000000 1.000000 -0.000004
vn 0.000000 1.000000 -0.000004
vn 0.000000 1.000000 -0.000004
vn -0.000002 1.000000 0.000000
vn -0.000002 1.000000 0.000000
vn -0.000002 1.000000 0.000000
vn -0.000002 1.000000 0.000000
vn -0.000000 1.000000 -0.000000
vn -0.000000 1.000000 -0.000000
vn -0.000000 1.000000 -0.000000
vn -0.000000 1.000000 -0.000000
vn -0.000000 1.000000 -0.000001
vn -0.000000 1.000000 -0.000001
vn -0.000000 1.000000 -0.000001
vn -0.000000 1.000000 -0.000001
vn -0.000000 1.000000 0.000000
vn -0.000000 1.000000 0.000000
vn -0.000000 1.000000 0.000000
vn -0.000000 1.000000 0.000000
vn 0.000000 1.000000 0.000000
vn 0.000000 1.000000 0.000000
vn 0.000000 1.000000 0.000000
vn 0.000000 1.000000 0.000000
vn 0.000000 1.000000 -0.000000
vn 0.000000 1.000000 -0.000000
vn 0.000000 1.000000 0.000000
vn 0.000000 1.000000 0.000000
vn 0.000000 1.000000 0.000000
vn 0.000000 1.000000 0.000000
vn -0.181471 0.000001 0.983396
vn -0.181471 0.000001 0.983396
vn -0.181471 0.000001 0.983396
vn -0.181471 0.000001 0.983396
vn -0.181476 0.000000 0.983395
vn -0.181476 0.000000 0.983396
vn -0.181476 0.000000 0.983396
vn -0.181476 0.000000 0.983395
vn -0.181474 -0.000000 0.983396
vn -0.181474 -0.000000 0.983396
vn -0.181474 -0.000000 0.983396
vn -0.181474 -0.000000 0.983396
vn -0.181486 -0.000000 0.983394
vn -0.181486 -0.000000 0.983394
vn -0.181486 -0.000000 0.983394
vn -0.181486 -0.000000 0.983394
vn -0.181486 0.000000 0.983394
vn -0.181486 0.000000 0.983394
vn -0.181486 0.000000 0.983394
vn -0.181486 0.000000 0.983394
vn -0.181471 0.000001 0.983396
vn -0.181471 0.000001 0.983396
vn -0.181471 0.000001 0.983396
vn -0.181471 0.000001 0.983396
vn -0.181464 -0.000001 0.983398
vn -0.181464 -0.000001 0.983398
vn -0.181464 -0.000001 0.983398
vn -0.181464 -0.000001 0.983398
vn -0.181486 -0.000002 0.983394
vn -0.181486 -0.000002 0.983394
vn -0.181486 -0.000002 0.983393
vn -0.181486 -0.000002 0.983393
vn -0.181475 0.000000 0.983396
vn -0.181475 0.000000 0.983396
vn -0.181475 0.000000 0.983396
vn -0.181475 0.000000 0.983396
vn 0.571531 0.000000 0.820580
vn 0.571531 0.000000 0.820580
vn 0.571531 0.000000 0.820580
vn 0.571531 0.000000 0.820580
vn 0.571531 -0.000001 0.820581
vn 0.571531 -0.000001 0.820581
vn 0.571531 -0.000001 0.820581
vn 0.571531 -0.000001 0.820581
vn 0.571530 0.000001 0.820581
vn 0.571530 0.000001 0.820581
vn 0.571530 0.000001 0.820581
vn 0.571530 0.000001 0.820581
vn 0.571531 0.000000 0.820581
vn 0.571531 0.000000 0.820581
vn 0.571531 0.000000 0.820581
vn 0.571531 0.000000 0.820581
vn 0.571531 0.000000 0.820580
vn 0.571532 0.000000 0.820580
vn 0.571532 0.000000 0.820580
vn 0.571532 0.000000 0.820580
vn 0.571531 0.000000 0.820581
vn 0.571531 0.000000 0.820581
vn 0.571531 0.000000 0.820581
vn 0.571531 0.000000 0.820581
vn 0.571531 0.000000 0.820580
vn 0.571531 0.000000 0.820580
vn 0.571531 0.000000 0.820580
vn 0.571531 0.000000 0.820580
vn 0.571531 0.000000 0.820580
vn 0.571531 0.000000 0.820580
vn 0.571531 0.000000 0.820580
vn 0.571531 0.000000 0.820580
vn 0.571531 0.000000 0.820580
vn 0.571531 0.000000 0.820581
vn 0.571531 0.000000 0.820580
vn 0.571531 0.000000 0.820580
vn 0.983393 -0.000002 0.181488
vn 0.983393 -0.000002 0.181488
vn 0.983393 -0.000002 0.181488
vn 0.983393 -0.000002 0.181488
vn 0.983396 -0.000002 0.181470
vn 0.983397 -0.000002 0.181470
vn 0.983396 -0.000002 0.181470
vn 0.983397 -0.000002 0.181470
vn 0.983397 0.000003 0.181466
vn 0.983397 0.000003 0.181466
vn 0.983397 0.000003 0.181466
vn 0.983397 0.000003 0.181466
vn 0.983394 0.000001 0.181482
vn 0.983394 0.000001 0.181482
vn 0.983394 0.000001 0.181482
vn 0.983394 0.000001 0.181482
vn 0.983392 0.000000 0.181496
vn 0.983392 0.000000 0.181496
vn 0.983392 0.000000 0.181496
vn 0.983392 0.000000 0.181496
vn 0.983396 0.000002 0.181473
vn 0.983396 0.000002 0.181473
vn 0.983396 0.000002 0.181473
vn 0.983396 0.000002 0.181473
vn 0.983396 0.000002 0.181470
vn 0.983397 0.000002 0.181470
vn 0.983396 0.000002 0.181470
vn 0.983397 0.000002 0.181470
vn 0.983396 0.000000 0.181473
vn 0.983396 0.000000 0.181473
vn 0.983396 0.000000 0.181473
vn 0.983396 0.000000 0.181473
vn 0.983397 0.000000 0.181468
vn 0.983397 0.000000 0.181468
vn 0.983397 0.000000 0.181468
vn 0.983397 0.000000 0.181468
vn -0.571198 -0.000001 -0.820812
vn -0.571198 -0.000001 -0.820812
vn -0.571198 -0.000001 -0.820812
vn -0.571198 -0.000001 -0.820812
vn -0.571201 -0.000000 -0.820810
vn -0.571201 -0.000000 -0.820810
vn -0.571201 -0.000000 -0.820810
vn -0.571201 -0.000000 -0.820810
vn -0.571201 0.000000 -0.820810
vn -0.571201 0.000000 -0.820810
vn -0.571201 0.000000 -0.820810
vn -0.571201 0.000000 -0.820810
vn -0.571200 -0.000000 -0.820811
vn -0.571200 -0.000000 -0.820811
vn -0.571200 -0.000000 -0.820811
vn -0.571200 -0.000000 -0.820811
vn -0.571200 0.000000 -0.820811
vn -0.571200 0.000000 -0.820811
vn -0.571200 0.000000 -0.820811
vn -0.571200 0.000000 -0.820811
vn -0.571200 0.000000 -0.820811
vn -0.571200 0.000000 -0.820811
vn -0.571200 0.000000 -0.820811
vn -0.571200 0.000000 -0.820811
vn -0.571199 0.000000 -0.820812
vn -0.571199 0.000000 -0.820812
vn -0.571199 0.000000 -0.820812
vn -0.571199 0.000000 -0.820812
vn -0.571199 0.000000 -0.820812
vn -0.571199 0.000000 -0.820812
vn -0.571199 0.000000 -0.820812
vn -0.571199 0.000000 -0.820812
vn -0.571200 0.000000 -0.820811
vn -0.571200 0.000000 -0.820811
vn -0.571200 0.000000 -0.820811
vn -0.571200 0.000000 -0.820811
vn -0.596591 0.000000 0.802545
vn -0.596591 0.000000 0.802545
vn -0.596591 0.000000 0.802545
vn -0.596591 0.000000 0.802545
vn -0.596591 0.000001 0.802545
vn -0.596591 0.000001 0.802545
vn -0.596591 0.000001 0.802545
vn -0.596591 0.000001 0.802545
vn -0.596591 -0.000004 0.802545
vn -0.596591 -0.000004 0.802545
vn -0.596591 -0.000004 0.802545
vn -0.596591 -0.000004 0.802545
vn -0.596592 0.000001 0.802545
vn -0.596592 0.000001 0.802545
vn -0.596592 0.000001 0.802545
vn -0.596592 0.000001 0.802545
vn -0.596594 -0.000001 0.802544
vn -0.596594 -0.000001 0.802544
vn -0.596594 -0.000001 0.802544
vn -0.596594 -0.000001 0.802544
vn -0.596592 -0.000002 0.802544
vn -0.596592 -0.000002 0.802544
vn -0.596592 -0.000002 0.802545
vn -0.596592 -0.000002 0.802544
vn -0.596591 -0.000001 0.802545
vn -0.596591 -0.000001 0.802545
vn -0.596591 -0.000001 0.802545
vn -0.596591 -0.000001 0.802545
vn -0.596591 -0.000001 0.802546
vn -0.596591 -0.000001 0.802546
vn -0.596591 -0.000001 0.802546
vn -0.596591 -0.000001 0.802546
vn -0.596593 -0.000002 0.802544
vn -0.596593 -0.000002 0.802544
vn -0.596593 -0.000002 0.802544
vn -0.596593 -0.000002 0.802544
vn 0.981756 0.000000 -0.190147
vn 0.981756 0.000000 -0.190147
vn 0.981756 0.000000 -0.190147
vn 0.981756 0.000000 -0.190147
vn 0.981756 -0.000001 -0.190148
vn 0.981755 -0.000001 -0.190148
vn 0.981756 -0.000001 -0.190148
vn 0.981755 -0.000001 -0.190148
vn 0.981756 0.000000 -0.190147
vn 0.981756 0.000000 -0.190147
vn 0.981756 0.000000 -0.190147
vn 0.981756 0.000000 -0.190147
vn 0.981755 -0.000000 -0.190153
vn 0.981754 -0.000000 -0.190153
vn 0.981754 -0.000000 -0.190153
vn 0.981754 -0.000000 -0.190153
vn 0.981754 0.000000 -0.190156
vn 0.981754 0.000000 -0.190156
vn 0.981754 0.000000 -0.190156
vn 0.981754 0.000000 -0.190156
vn 0.981755 0.000001 -0.190148
vn 0.981755 0.000001 -0.190148
vn 0.981756 0.000001 -0.190148
vn 0.981756 0.000001 -0.190148
vn 0.981757 -0.000002 -0.190142
vn 0.981757 -0.000002 -0.190142
vn 0.981757 -0.000002 -0.190142
vn 0.981757 -0.000002 -0.190142
vn 0.981753 -0.000002 -0.190159
vn 0.981753 -0.000002 -0.190159
vn 0.981753 -0.000002 -0.190159
vn 0.981753 -0.000002 -0.190159
vn 0.981753 0.000002 -0.190163
vn 0.981753 0.000002 -0.190163
vn 0.981753 0.000002 -0.190163
vn 0.981753 0.000002 -0.190163
vn 0.591712 -0.000001 -0.806149
vn 0.591712 -0.000001 -0.806149
vn 0.591712 -0.000001 -0.806149
vn 0.591712 -0.000001 -0.806149
vn 0.591712 -0.000000 -0.806149
vn 0.591712 -0.000000 -0.806149
vn 0.591712 -0.000000 -0.806149
vn 0.591712 -0.000000 -0.806149
vn 0.591711 0.000003 -0.806151
vn 0.591711 0.000003 -0.806151
vn 0.591711 0.000003 -0.806151
vn 0.591711 0.000003 -0.806151
vn 0.591712 -0.000001 -0.806149
vn 0.591712 -0.000001 -0.806149
vn 0.591712 -0.000001 -0.806149
vn 0.591712 -0.000001 -0.806149
vn 0.591711 0.000001 -0.806150
vn 0.591711 0.000001 -0.806150
vn 0.591711 0.000001 -0.806150
vn 0.591711 0.000001 -0.806150
vn 0.591713 0.000000 -0.806149
vn 0.591713 0.000000 -0.806149
vn 0.591713 0.000000 -0.806149
vn 0.591713 0.000000 -0.806149
vn 0.591713 -0.000002 -0.806149
vn 0.591713 -0.000002 -0.806149
vn 0.591713 -0.000002 -0.806149
vn 0.591713 -0.000002 -0.806149
vn 0.591711 -0.000002 -0.806150
vn 0.591711 -0.000002 -0.806150
vn 0.591711 -0.000002 -0.806150
vn 0.591711 -0.000002 -0.806150
vn 0.591712 0.000002 -0.806150
vn 0.591712 0.000002 -0.806150
vn 0.591712 0.000002 -0.806150
vn 0.591712 0.000002 -0.806150
vn -0.190143 0.000001 -0.981756
vn -0.190143 0.000001 -0.981756
vn -0.190143 0.000001 -0.981756
vn -0.190143 0.000001 -0.981756
vn -0.190154 0.000001 -0.981754
vn -0.190154 0.000001 -0.981754
vn -0.190154 0.000001 -0.981754
vn -0.190154 0.000001 -0.981754
vn -0.190161 0.000000 -0.981753
vn -0.190161 0.000000 -0.981753
vn -0.190161 0.000000 -0.981753
vn -0.190161 0.000000 -0.981753
vn -0.190147 0.000000 -0.981756
vn -0.190147 0.000000 -0.981756
vn -0.190147 0.000000 -0.981756
vn -0.190147 0.000000 -0.981756
vn -0.190145 -0.000001 -0.981756
vn -0.190145 -0.000001 -0.981756
vn -0.190145 -0.000001 -0.981756
vn -0.190145 -0.000001 -0.981756
vn -0.190152 -0.000001 -0.981755
vn -0.190152 -0.000001 -0.981755
vn -0.190152 -0.000001 -0.981755
vn -0.190152 -0.000001 -0.981755
vn -0.190144 0.000000 -0.981756
vn -0.190144 0.000000 -0.981756
vn -0.190144 0.000000 -0.981756
vn -0.190144 0.000000 -0.981756
vn -0.190153 0.000001 -0.981754
vn -0.190153 0.000001 -0.981754
vn -0.190153 0.000001 -0.981754
vn -0.190153 0.000001 -0.981754
vn -0.190153 -0.000001 -0.981754
vn -0.190153 -0.000001 -0.981754
vn -0.190153 -0.000001 -0.981754
vn -0.190153 -0.000001 -0.981754
vn 0.000000 1.000000 -0.000000
vn 0.000000 1.000000 -0.000000
vn 0.000000 1.000000 -0.000000
vn 0.000000 1.000000 -0.000000
vn 0.000000 1.000000 0.000000
vn 0.000000 1.000000 0.000000
vn 0.000000 1.000000 0.000000
vn 0.000000 1.000000 0.000000
vn -0.000000 1.000000 -0.000000
vn -0.000000 1.000000 -0.000000
vn -0.000000 1.000000 -0.000000
vn -0.000000 1.000000 -0.000000
vn -0.000000 1.000000 0.000000
vn -0.000000 1.000000 0.000000
vn -0.000000 1.000000 0.000000
vn -0.000000 1.000000 0.000000
vn -0.000000 1.000000 0.000000
vn -0.000000 1.000000 0.000000
vn -0.000000 1.000000 0.000000
vn -0.000000 1.000000 0.000000
vn -0.000000 1.000000 0.000000
vn -0.000000 1.000000 0.000000
vn -0.000000 1.000000 0.000000
vn -0.000000 1.000000 -0.000000
vn -0.000000 1.000000 -0.000000
vn -0.000000 1.000000 0.000000
vn -0.000000 1.000000 0.000000
vn -0.000000 1.000000 0.000000
vn 0.000000 1.000000 0.000000
vn 0.000000 1.000000 0.000000
vn 0.000000 1.000000 0.000000
vn 0.000000 1.000000 0.000000
vn 0.319790 0.000000 -0.947489
vn 0.319790 0.000000 -0.947489
vn 0.319790 0.000000 -0.947489
vn 0.319790 0.000000 -0.947489
vn 0.319793 -0.000001 -0.947487
vn 0.319793 -0.000001 -0.947487
vn 0.319793 -0.000001 -0.947487
vn 0.319793 -0.000001 -0.947487
vn 0.319792 -0.000000 -0.947488
vn 0.319792 -0.000000 -0.947488
vn 0.319792 -0.000000 -0.947488
vn 0.319792 -0.000000 -0.947488
vn 0.319791 0.000000 -0.947488
vn 0.319791 0.000000 -0.947488
vn 0.319791 0.000000 -0.947488
vn 0.319791 0.000000 -0.947488
vn 0.319791 0.000000 -0.947488
vn 0.319791 0.000000 -0.947488
vn 0.319791 0.000000 -0.947488
vn 0.319791 0.000000 -0.947488
vn 0.319794 0.000000 -0.947487
vn 0.319794 0.000000 -0.947487
vn 0.319794 0.000000 -0.947487
vn 0.319794 0.000000 -0.947487
vn 0.319788 -0.000000 -0.947489
vn 0.319788 -0.000000 -0.947489
vn 0.319788 -0.000000 -0.947489
vn 0.319788 -0.000000 -0.947489
vn 0.319790 -0.000001 -0.947488
vn 0.319790 -0.000001 -0.947488
vn 0.319790 -0.000001 -0.947488
vn 0.319790 -0.000001 -0.947488
vn 0.319790 0.000000 -0.947489
vn 0.319790 0.000000 -0.947488
vn 0.319790 0.000000 -0.947489
vn 0.319790 0.000000 -0.947489
vn -0.999964 0.000000 0.008538
vn -0.999964 0.000000 0.008538
vn -0.999964 0.000000 0.008538
vn -0.999964 0.000000 0.008538
vn -0.999964 -0.000000 0.008537
vn -0.999964 -0.000000 0.008537
vn -0.999964 -0.000000 0.008537
vn -0.999964 -0.000000 0.008537
vn -0.999964 0.000000 0.008537
vn -0.999964 0.000000 0.008537
vn -0.999964 0.000000 0.008537
vn -0.999964 0.000000 0.008537
vn -0.999964 0.000001 0.008538
vn -0.999964 0.000001 0.008538
vn -0.999964 0.000001 0.008538
vn -0.999964 0.000001 0.008538
vn -0.999964 0.000000 0.008538
vn -0.999964 0.000000 0.008538
vn -0.999964 0.000000 0.008538
vn -0.999964 0.000000 0.008538
vn -0.999964 -0.000001 0.008538
vn -0.999964 -0.000001 0.008538
vn -0.999964 -0.000001 0.008538
vn -0.999964 -0.000001 0.008538
vn -0.999964 -0.000002 0.008537
vn -0.999964 -0.000002 0.008537
vn -0.999964 -0.000002 0.008537
vn -0.999964 -0.000002 0.008537
vn -0.999964 -0.000003 0.008538
vn -0.999964 -0.000003 0.008538
vn -0.999964 -0.000003 0.008538
vn -0.999964 -0.000003 0.008538
vn -0.999964 0.000002 0.008538
vn -0.999964 0.000002 0.008538
vn -0.999964 0.000002 0.008538
vn -0.999964 0.000002 0.008538
vn 0.319800 0.000000 0.947485
vn 0.319800 0.000000 0.947485
vn 0.319800 0.000000 0.947485
vn 0.319800 0.000000 0.947485
vn 0.319783 0.000001 0.947491
vn 0.319783 0.000001 0.947491
vn 0.319783 0.000001 0.947491
vn 0.319783 0.000001 0.947491
vn 0.319779 -0.000002 0.947492
vn 0.319779 -0.000002 0.947492
vn 0.319779 -0.000002 0.947492
vn 0.319779 -0.000002 0.947492
vn 0.319788 0.000001 0.947489
vn 0.319788 0.000001 0.947489
vn 0.319788 0.000001 0.947489
vn 0.319788 0.000001 0.947489
vn 0.319786 -0.000001 0.947490
vn 0.319786 -0.000001 0.947490
vn 0.319786 -0.000001 0.947490
vn 0.319786 -0.000001 0.947490
vn 0.319787 -0.000001 0.947490
vn 0.319787 -0.000001 0.947490
vn 0.319787 -0.000001 0.947490
vn 0.319787 -0.000001 0.947490
vn 0.319799 0.000001 0.947485
vn 0.319800 0.000001 0.947485
vn 0.319800 0.000001 0.947485
vn 0.319799 0.000001 0.947485
vn 0.319783 0.000001 0.947491
vn 0.319783 0.000001 0.947491
vn 0.319783 0.000001 0.947491
vn 0.319783 0.000001 0.947491
vn 0.319783 -0.000001 0.947491
vn 0.319782 -0.000001 0.947491
vn 0.319782 -0.000001 0.947491
vn 0.319782 -0.000001 0.947491
vn 1.000000 0.000000 0.000000
vn 1.000000 0.000000 0.000000
vn 1.000000 0.000000 0.000000
vn 1.000000 0.000000 0.000000
vn 1.000000 -0.000001 0.000000
vn 1.000000 -0.000001 0.000000
vn 1.000000 -0.000001 0.000000
vn 1.000000 -0.000001 0.000000
vn 1.000000 0.000001 0.000000
vn 1.000000 0.000001 0.000000
vn 1.000000 0.000001 0.000000
vn 1.000000 0.000001 0.000000
vn 1.000000 -0.000001 -0.000001
vn 1.000000 -0.000001 -0.000001
vn 1.000000 -0.000001 -0.000001
vn 1.000000 -0.000001 -0.000001
vn 1.000000 0.000000 -0.000001
vn 1.000000 0.000000 -0.000001
vn 1.000000 0.000000 -0.000001
vn 1.000000 0.000000 -0.000001
vn 1.000000 -0.000000 0.000000
vn 1.000000 -0.000000 0.000000
vn 1.000000 -0.000000 0.000000
vn 1.000000 -0.000000 0.000000
vn 1.000000 0.000000 0.000001
vn 1.000000 0.000000 0.000001
vn 1.000000 0.000000 0.000001
vn 1.000000 0.000000 0.000001
vn 1.000000 0.000000 -0.000001
vn 1.000000 0.000000 -0.000001
vn 1.000000 0.000000 -0.000001
vn 1.000000 0.000000 -0.000001
vn 1.000000 0.000000 -0.000001
vn 1.000000 0.000000 -0.000001
vn 1.000000 0.000000 -0.000001
vn 1.000000 0.000000 -0.000001
vn -0.596593 0.000000 0.802544
vn -0.596593 0.000000 0.802544
vn -0.596593 0.000000 0.802544
vn -0.596593 0.000000 0.802544
vn -0.596590 -0.000001 0.802546
vn -0.596590 -0.000001 0.802546
vn -0.596590 -0.000001 0.802546
vn -0.596590 -0.000001 0.802546
vn -0.596590 0.000000 0.802546
vn -0.596591 0.000000 0.802546
vn -0.596590 0.000000 0.802546
vn -0.596590 0.000000 0.802546
vn -0.596591 0.000000 0.802545
vn -0.596591 0.000000 0.802545
vn -0.596591 0.000000 0.802545
vn -0.596591 0.000000 0.802545
vn -0.596591 0.000000 0.802545
vn -0.596591 0.000000 0.802545
vn -0.596591 0.000000 0.802545
vn -0.596591 0.000000 0.802545
vn -0.596592 0.000003 0.802544
vn -0.596592 0.000003 0.802545
vn -0.596592 0.000003 0.802544
vn -0.596592 0.000003 0.802545
vn -0.596592 -0.000003 0.802545
vn -0.596592 -0.000003 0.802545
vn -0.596592 -0.000003 0.802545
vn -0.596592 -0.000003 0.802545
vn -0.596590 -0.000005 0.802546
vn -0.596590 -0.000005 0.802546
vn -0.596590 -0.000005 0.802546
vn -0.596590 -0.000005 0.802546
vn -0.596591 0.000006 0.802545
vn -0.596591 0.000006 0.802545
vn -0.596591 0.000006 0.802545
vn -0.596591 0.000006 0.802545
vn 0.000000 1.000000 -0.000000
vn 0.000000 1.000000 -0.000000
vn 0.000000 1.000000 0.000000
vn 0.000000 1.000000 0.000000
vn 0.000000 1.000000 -0.000000
vn 0.000000 1.000000 -0.000000
vn 0.000000 1.000000 -0.000000
vn 0.000000 1.000000 -0.000000
vn -0.000000 1.000000 0.000000
vn -0.000000 1.000000 0.000000
vn -0.000000 1.000000 0.000000
vn -0.000000 1.000000 0.000000
vn -0.000000 1.000000 0.000000
vn -0.000000 1.000000 0.000000
vn -0.000000 1.000000 0.000000
vn -0.000000 1.000000 0.000000
vn 0.000000 1.000000 -0.000000
vn 0.000000 1.000000 -0.000000
vn 0.000000 1.000000 -0.000000
vn 0.000000 1.000000 -0.000000
vn 0.000000 1.000000 -0.000000
vn 0.000000 1.000000 -0.000000
vn 0.000000 1.000000 -0.000000
vn 0.000000 1.000000 -0.000000
vn 0.000000 1.000000 0.000000
vn 0.000000 1.000000 0.000000
vn 0.000000 1.000000 0.000000
vn 0.000000 1.000000 0.000000
vn 0.000000 1.000000 -0.000000
vn 0.000000 1.000000 -0.000000
vn 0.000000 1.000000 -0.000000
vn 0.000000 1.000000 -0.000000
vn -0.000000 1.000000 0.000000
vn -0.000000 1.000000 0.000000
vn -0.000000 1.000000 0.000000
vn -0.000000 1.000000 0.000000
vn 0.000000 -1.000000 -0.000000
vn 0.000000 -1.000000 -0.000000
vn 0.000000 -1.000000 -0.000000
vn 0.000000 -1.000000 -0.000000
vn 0.000000 -1.000000 0.000000
vn 0.000000 -1.000000 0.000000
vn 0.000000 -1.000000 0.000000
vn 0.000000 -1.000000 0.000000
vn 0.000000 -1.000000 0.000000
vn 0.000000 -1.000000 0.000000
vn 0.000000 -1.000000 -0.000000
vn 0.000000 -1.000000 -0.000000
vn 0.000000 -1.000000 0.000000
vn 0.000000 -1.000000 0.000000
vn 0.000000 -1.000000 0.000000
vn 0.000000 -1.000000 0.000000
vn 0.000000 -1.000000 -0.000000
vn 0.000000 -1.000000 -0.000000
vn 0.000000 -1.000000 -0.000000
vn 0.000000 -1.000000 -0.000000
vn 0.000000 -1.000000 -0.000000
vn 0.000000 -1.000000 -0.000000
vn 0.000000 -1.000000 -0.000000
vn 0.000000 -1.000000 -0.000000
vn 0.000000 -1.000000 0.000000
vn 0.000000 -1.000000 0.000000
vn 0.000000 -1.000000 0.000000
vn 0.000000 -1.000000 0.000000
vn 0.000000 -1.000000 0.000000
vn 0.000000 -1.000000 0.000000
vn 0.000000 -1.000000 0.000000
vn 0.000000 -1.000000 0.000000
vn -0.571200 0.000007 -0.820811
vn -0.571200 0.000007 -0.820811
vn -0.571200 0.000007 -0.820811
vn -0.571200 0.000007 -0.820811
vn -0.571200 -0.000003 -0.820811
vn -0.571200 -0.000003 -0.820811
vn -0.571200 -0.000003 -0.820811
vn -0.571200 -0.000003 -0.820811
vn -0.571200 -0.000002 -0.820811
vn -0.571200 -0.000002 -0.820811
vn -0.571200 -0.000002 -0.820811
vn -0.571200 -0.000002 -0.820811
vn -0.571199 -0.000003 -0.820812
vn -0.571199 -0.000003 -0.820812
vn -0.571199 -0.000003 -0.820812
vn -0.571199 -0.000003 -0.820812
vn -0.571200 0.000002 -0.820811
vn -0.571200 0.000002 -0.820811
vn -0.571200 0.000002 -0.820811
vn -0.571200 0.000002 -0.820811
vn -0.571200 -0.000009 -0.820811
vn -0.571200 -0.000009 -0.820811
vn -0.571200 -0.000009 -0.820811
vn -0.571200 -0.000009 -0.820811
vn -0.571200 0.000000 -0.820811
vn -0.571200 0.000000 -0.820811
vn -0.571200 0.000000 -0.820811
vn -0.571200 0.000000 -0.820811
vn -0.571201 -0.000003 -0.820810
vn -0.571201 -0.000003 -0.820810
vn -0.571201 -0.000003 -0.820810
vn -0.571201 -0.000003 -0.820811
vn -0.571199 -0.000004 -0.820812
vn -0.571199 -0.000004 -0.820812
vn -0.571199 -0.000004 -0.820812
vn -0.571199 -0.000004 -0.820812
vn 0.000000 -1.000000 -0.000000
vn 0.155410 -0.935923 -0.316063
vn -0.000000 -1.000000 -0.000000
vn 0.000000 -1.000000 -0.000000
vn 0.000000 -1.000000 0.000000
vn 0.000000 -1.000000 0.000000
vn 0.000000 -1.000000 -0.000000
vn 0.000000 -1.000000 -0.000000
vn 0.000000 -1.000000 -0.000000
vn 0.000000 -1.000000 -0.000000
vn 0.000000 -1.000000 -0.000000
vn 0.000000 -1.000000 -0.000000
vn 0.000000 -1.000000 -0.000000
vn 0.000000 -1.000000 -0.000000
vn 0.000000 -1.000000 -0.000000
vn 0.000000 -1.000000 -0.000000
vn 0.000000 -1.000000 0.000000
vn 0.000000 -1.000000 0.000000
vn 0.000000 -1.000000 0.000000
vn 0.000000 -1.000000 0.000000
vn -0.000000 -1.000000 -0.000000
vn -0.000000 -1.000000 -0.000000
vn -0.000000 -1.000000 -0.000000
vn -0.000000 -1.000000 -0.000000
vn -0.000000 -1.000000 0.000000
vn -0.000000 -1.000000 0.000000
vn -0.000000 -1.000000 0.000000
vn -0.000000 -1.000000 0.000000
vn -0.000000 -1.000000 0.000000
vn -0.000000 -1.000000 0.000000
vn -0.000000 -1.000000 0.000000
vn -0.000000 -1.000000 0.000000
vn 1.000000 -0.000001 0.000001
vn 1.000000 -0.000001 0.000001
vn 1.000000 -0.000001 0.000001
vn 1.000000 -0.000001 0.000001
vn 1.000000 0.000000 0.000001
vn 1.000000 0.000000 0.000001
vn 1.000000 0.000000 0.000001
vn 1.000000 0.000000 0.000001
vn 1.000000 -0.000001 0.000000
vn 1.000000 -0.000001 0.000000
vn 1.000000 -0.000001 0.000000
vn 1.000000 -0.000001 0.000000
vn 1.000000 0.000000 0.000000
vn 1.000000 0.000000 0.000000
vn 1.000000 0.000000 0.000000
vn 1.000000 0.000000 0.000000
vn 1.000000 0.000000 0.000000
vn 1.000000 0.000000 0.000000
vn 1.000000 0.000000 0.000000
vn 1.000000 0.000000 0.000000
vn 1.000000 0.000000 0.000001
vn 1.000000 0.000000 0.000001
vn 1.000000 0.000000 0.000001
vn 1.000000 0.000000 0.000001
vn 1.000000 -0.000003 0.000000
vn 1.000000 -0.000003 0.000000
vn 1.000000 -0.000003 0.000000
vn 1.000000 -0.000003 0.000000
vn 1.000000 0.000000 0.000000
vn 1.000000 0.000000 0.000000
vn 1.000000 0.000000 0.000000
vn 1.000000 0.000000 0.000000
vn 1.000000 0.000002 -0.000001
vn 1.000000 0.000002 -0.000001
vn 1.000000 0.000002 -0.000001
vn 1.000000 0.000002 -0.000001
vn 0.000000 1.000000 0.000002
vn 0.000000 1.000000 0.000002
vn 0.000000 1.000000 0.000002
vn 0.000000 1.000000 0.000002
vn 0.000000 1.000000 0.000006
vn 0.000000 1.000000 0.000006
vn 0.000000 1.000000 0.000006
vn 0.000000 1.000000 0.000006
vn 0.000000 1.000000 0.000000
vn 0.000000 1.000000 0.000000
vn 0.000000 1.000000 0.000000
vn 0.000000 1.000000 0.000000
vn -0.000003 1.000000 0.000000
vn -0.000003 1.000000 0.000000
vn -0.000003 1.000000 0.000000
vn -0.000003 1.000000 0.000000
vn -0.000003 1.000000 0.000003
vn -0.000003 1.000000 0.000003
vn -0.000003 1.000000 0.000003
vn -0.000003 1.000000 0.000003
vn 0.000003 1.000000 0.000006
vn 0.000003 1.000000 0.000006
vn 0.000003 1.000000 0.000006
vn 0.000003 1.000000 0.000006
vn 0.000003 1.000000 -0.000002
vn 0.000003 1.000000 -0.000002
vn 0.000003 1.000000 -0.000002
vn 0.000003 1.000000 -0.000002
vn 0.000000 1.000000 0.000007
vn 0.000000 1.000000 0.000007
vn 0.000000 1.000000 0.000007
vn 0.000000 1.000000 0.000007
vn 0.000000 1.000000 0.000004
vn 0.000000 1.000000 0.000004
vn 0.000000 1.000000 0.000004
vn 0.000000 1.000000 0.000004
vn 0.432762 -0.000002 0.901508
vn 0.222109 -0.000001 0.975022
vn 0.222108 -0.000001 0.975022
vn 0.432762 -0.000002 0.901508
vn 0.432761 0.000002 0.901509
vn 0.432761 0.000002 0.901509
vn 0.432761 0.000005 0.901509
vn 0.432761 0.000005 0.901509
vn 0.432761 0.000005 0.901509
vn 0.432761 0.000005 0.901509
vn 0.432762 0.000000 0.901508
vn 0.432762 0.000000 0.901508
vn 0.432761 0.000000 0.901509
vn 0.432761 0.000000 0.901509
vn 0.432761 0.000000 0.901509
vn 0.432761 0.000000 0.901509
vn 0.432762 -0.000003 0.901509
vn 0.432762 -0.000003 0.901509
vn 0.432762 -0.000003 0.901508
vn 0.432762 -0.000003 0.901508
vn 0.432762 -0.000002 0.901508
vn 0.432762 -0.000002 0.901508
vn 0.432762 -0.000002 0.901508
vn 0.432762 -0.000002 0.901508
vn 0.432762 0.000004 0.901508
vn 0.432762 0.000004 0.901508
vn 0.432762 0.000004 0.901508
vn 0.432762 0.000004 0.901508
vn 0.432761 0.000001 0.901509
vn 0.432761 0.000001 0.901509
vn 0.432761 0.000001 0.901509
vn 0.432761 0.000001 0.901509
vn -0.000000 1.000000 0.000000
vn -0.000000 1.000000 0.000000
vn -0.000000 1.000000 0.000000
vn 0.000000 1.000000 0.000000
vn -0.000000 1.000000 -0.000000
vn -0.000000 1.000000 -0.000000
vn -0.000000 1.000000 -0.000000
vn -0.000000 1.000000 -0.000000
vn -0.000000 1.000000 -0.000000
vn -0.000000 1.000000 -0.000000
vn -0.000000 1.000000 0.000000
vn -0.000000 1.000000 0.000000
vn 0.000000 1.000000 0.000000
vn 0.000000 1.000000 0.000000
vn 0.000000 1.000000 0.000000
vn 0.000000 1.000000 0.000000
vn 0.000000 1.000000 0.000000
vn 0.000000 1.000000 0.000000
vn 0.000000 1.000000 0.000000
vn 0.000000 1.000000 0.000000
vn -0.000000 1.000000 -0.000000
vn -0.000000 1.000000 -0.000000
vn -0.000000 1.000000 -0.000000
vn -0.000000 1.000000 -0.000000
vn 0.000000 1.000000 0.000000
vn 0.000000 1.000000 0.000000
vn 0.000000 1.000000 0.000000
vn 0.000000 1.000000 0.000000
vn 0.000000 1.000000 0.000000
vn 0.000000 1.000000 0.000000
vn 0.000000 1.000000 0.000000
vn 0.000000 1.000000 0.000000
vn 0.357382 0.586527 -0.726818
vn 0.406564 0.388636 -0.826842
vn 0.000000 1.000000 -0.000000
vn 0.000000 1.000000 -0.000000
vn -0.000000 1.000000 0.000000
vn -0.000000 1.000000 0.000000
vn -0.000000 1.000000 0.000000
vn -0.000000 1.000000 0.000000
vn -0.000000 1.000000 -0.000000
vn -0.000000 1.000000 -0.000000
vn -0.000000 1.000000 -0.000000
vn -0.000000 1.000000 -0.000000
vn -0.000000 1.000000 0.000000
vn -0.000000 1.000000 0.000000
vn -0.000000 1.000000 0.000000
vn -0.000000 1.000000 0.000000
vn -0.000000 1.000000 -0.000000
vn -0.000000 1.000000 -0.000000
vn -0.000000 1.000000 -0.000000
vn -0.000000 1.000000 -0.000000
vn -0.000000 1.000000 0.000000
vn -0.000000 1.000000 0.000000
vn -0.000000 1.000000 0.000000
vn -0.000000 1.000000 0.000000
vn -0.000000 1.000000 0.000000
vn -0.000000 1.000000 0.000000
vn -0.000000 1.000000 0.000000
vn -0.000000 1.000000 0.000000
vn 0.000000 1.000000 0.000000
vn 0.000000 1.000000 0.000000
vn 0.000000 1.000000 0.000000
vn 0.000000 1.000000 0.000000
vn -0.000000 1.000000 0.000000
vn -0.000000 1.000000 0.000000
vn -0.000000 1.000000 0.000000
vn -0.000000 1.000000 0.000000
vn 0.161713 -0.930422 -0.328882
vn 0.441250 0.000002 -0.897384
vn 0.441250 0.000002 -0.897384
vn 0.441250 -0.000002 -0.897384
vn 0.441250 -0.000002 -0.897384
vn 0.441250 -0.000002 -0.897384
vn 0.441250 -0.000002 -0.897384
vn 0.441249 -0.000003 -0.897384
vn 0.441250 -0.000003 -0.897384
vn 0.441250 -0.000003 -0.897384
vn 0.441250 -0.000003 -0.897384
vn 0.441250 0.000000 -0.897384
vn 0.441250 0.000000 -0.897384
vn 0.441250 0.000000 -0.897384
vn 0.441250 0.000000 -0.897384
vn 0.441250 0.000000 -0.897384
vn 0.441250 0.000000 -0.897384
vn 0.441250 0.000000 -0.897384
vn 0.441250 0.000000 -0.897384
vn 0.441250 0.000000 -0.897384
vn 0.441250 0.000000 -0.897384
vn 0.441250 0.000000 -0.897384
vn 0.441250 0.000000 -0.897384
vn 0.441250 -0.000000 -0.897384
vn 0.441250 -0.000000 -0.897384
vn 0.441250 -0.000000 -0.897384
vn 0.441250 -0.000000 -0.897384
vn 0.441250 -0.000001 -0.897384
vn 0.441250 -0.000001 -0.897384
vn 0.441250 -0.000001 -0.897384
vn 0.441250 -0.000001 -0.897384
vn 0.441250 0.000000 -0.897384
vn 0.441250 0.000000 -0.897384
vn 0.441250 0.000000 -0.897384
vn 0.441250 0.000000 -0.897384
vn 0.146532 -0.943250 -0.298006
vn 0.073558 -0.986007 -0.149596
vn -0.000000 -1.000000 0.000000
vn -0.000000 -1.000000 -0.000000
vn -0.000000 -1.000000 0.000000
vn -0.000000 -1.000000 0.000000
vn -0.000000 -1.000000 0.000000
vn -0.000000 -1.000000 0.000000
vn -0.000000 -1.000000 0.000000
vn -0.000000 -1.000000 0.000000
vn 0.000000 -1.000000 -0.000000
vn 0.000000 -1.000000 -0.000000
vn -0.000000 -1.000000 0.000000
vn -0.000000 -1.000000 0.000000
vn -0.000000 -1.000000 0.000000
vn -0.000000 -1.000000 0.000000
vn -0.000000 -1.000000 0.000000
vn -0.000000 -1.000000 0.000000
vn -0.000000 -1.000000 0.000000
vn -0.000000 -1.000000 0.000000
vn -0.000000 -1.000000 0.000000
vn -0.000000 -1.000000 0.000000
vn -0.000000 -1.000000 0.000000
vn -0.000000 -1.000000 0.000000
vn -0.000000 -1.000000 0.000000
vn -0.000000 -1.000000 0.000000
vn -0.000000 -1.000000 0.000000
vn -0.000000 -1.000000 0.000000
vn -0.000000 -1.000000 -0.000000
vn -0.000000 -1.000000 -0.000000
vn -0.000000 -1.000000 -0.000000
vn -0.000000 -1.000000 -0.000000
vn -0.000000 -1.000000 0.000000
vn -0.000000 -1.000000 0.000000
vn -0.000000 -1.000000 0.000000
vn -0.000000 -1.000000 0.000000
vn -0.000000 -1.000000 -0.000000
vn -0.000000 -1.000000 -0.000000
vn -0.000000 -1.000000 -0.000000
vn -0.000000 -1.000000 -0.000000
vn -0.000000 -1.000000 -0.000000
vn -0.000000 -1.000000 -0.000000
vn -0.000000 -1.000000 -0.000000
vn -0.000000 -1.000000 -0.000000
vn -0.000000 -1.000000 0.000000
vn -0.000000 -1.000000 0.000000
vn -0.000000 -1.000000 0.000000
vn -0.000000 -1.000000 0.000000
vn 0.000000 -1.000000 0.000000
vn 0.000000 -1.000000 0.000000
vn 0.000000 -1.000000 0.000000
vn 0.000000 -1.000000 0.000000
vn -0.000000 -1.000000 -0.000000
vn -0.000000 -1.000000 -0.000000
vn -0.000000 -1.000000 -0.000000
vn -0.000000 -1.000000 -0.000000
vn 0.000000 -1.000000 0.000000
vn 0.000000 -1.000000 0.000000
vn 0.000000 -1.000000 0.000000
vn 0.000000 -1.000000 0.000000
vn -0.000000 -1.000000 0.000000
vn -0.000000 -1.000000 0.000000
vn -0.000000 -1.000000 0.000000
vn -0.000000 -1.000000 0.000000
vn -0.000000 -1.000000 -0.000000
vn -0.000000 -1.000000 -0.000000
vn -0.000000 -1.000000 -0.000000
vn -0.000000 -1.000000 -0.000000
vn -0.000000 -1.000000 0.000000
vn -0.000000 -1.000000 0.000000
vn -0.000000 -1.000000 -0.000000
vn -0.000000 -1.000000 -0.000000
vn -0.000000 -1.000000 -0.000000
vn -0.000000 -1.000000 -0.000000
vn -0.000000 -1.000000 0.000000
vn -0.000000 -1.000000 0.000000
vn -0.000000 -1.000000 -0.000000
vn -0.000000 -1.000000 -0.000000
vn -0.000000 -1.000000 -0.000000
vn -0.000000 -1.000000 -0.000000
vn -0.000000 -1.000000 0.000000
vn -0.000000 -1.000000 0.000000
vn -0.000000 -1.000000 0.000000
vn -0.000000 -1.000000 0.000000
vn -0.000000 -1.000000 -0.000000
vn -0.000000 -1.000000 -0.000000
vn -0.000000 -1.000000 -0.000000
vn -0.000000 -1.000000 -0.000000
vn -0.000000 -1.000000 0.000000
vn -0.000000 -1.000000 0.000000
vn -0.000000 -1.000000 0.000000
vn -0.000000 -1.000000 0.000000
vn -0.000000 -1.000000 0.000000
vn -0.000000 -1.000000 0.000000
vn -0.000000 -1.000000 0.000000
vn -0.000000 -1.000000 0.000000
vn 0.000000 -1.000000 0.000000
vn 0.000000 -1.000000 -0.000000
vn 0.000000 -1.000000 -0.000000
vn 0.000000 -1.000000 0.000000
vn 0.000000 -1.000000 0.000000
vn 0.000000 -1.000000 0.000000
vn 0.000000 -1.000000 0.000000
vn 0.000000 -1.000000 0.000000
vn 0.000000 -1.000000 0.000000
vn 0.000000 -1.000000 0.000000
vn -0.000000 -1.000000 0.000000
vn -0.000000 -1.000000 0.000000
vn -0.000000 -1.000000 0.000000
vn -0.000000 -1.000000 0.000000
vn -0.000000 -1.000000 0.000000
vn -0.000000 -1.000000 0.000000
vn 0.000000 -1.000000 0.000000
vn 0.000000 -1.000000 0.000000
vn 0.000000 -1.000000 0.000000
vn 0.000000 -1.000000 0.000000
vn 0.000000 -1.000000 0.000000
vn 0.000000 -1.000000 0.000000
vn 0.000000 -1.000000 0.000000
vn 0.000000 -1.000000 0.000000
vn 0.000000 -1.000000 0.000000
vn 0.000000 -1.000000 0.000000
vn 0.000000 -1.000000 0.000000
vn 0.000000 -1.000000 0.000000
vn 0.000000 -1.000000 0.000000
vn 0.000000 -1.000000 0.000000
vn 0.000000 -1.000000 0.000000
vn 0.000000 -1.000000 0.000000
vn -0.998765 0.000000 -0.049690
vn -0.960727 0.000000 -0.277494
vn -0.960727 0.000000 -0.277494
vn -0.998765 0.000000 -0.049690
vn -0.998765 -0.000009 -0.049689
vn -0.998765 -0.000009 -0.049689
vn -0.998765 -0.000009 -0.049689
vn -0.998765 -0.000009 -0.049689
vn -0.998765 -0.000009 -0.049689
vn -0.998765 -0.000009 -0.049689
vn -0.998765 0.000000 -0.049689
vn -0.998765 0.000000 -0.049689
vn -0.998765 0.000000 -0.049689
vn -0.998765 0.000000 -0.049689
vn -0.998765 0.000000 -0.049689
vn -0.998765 0.000000 -0.049689
vn -0.998765 0.000009 -0.049689
vn -0.998765 0.000009 -0.049689
vn -0.998765 0.000009 -0.049689
vn -0.998765 0.000009 -0.049689
vn -0.998765 -0.000001 -0.049689
vn -0.998765 -0.000001 -0.049689
vn -0.998765 -0.000001 -0.049689
vn -0.998765 -0.000001 -0.049689
vn -0.998765 -0.000009 -0.049689
vn -0.998765 -0.000009 -0.049689
vn -0.998765 -0.000009 -0.049689
vn -0.998765 -0.000009 -0.049689
vn -0.998765 -0.000001 -0.049690
vn -0.998765 -0.000001 -0.049690
vn -0.998765 -0.000001 -0.049690
vn -0.998765 -0.000001 -0.049690
vn 0.000000 1.000000 0.000000
vn 0.000000 1.000000 0.000000
vn 0.000000 1.000000 0.000000
vn 0.000000 1.000000 0.000000
vn 0.000000 1.000000 0.000000
vn 0.000000 1.000000 0.000000
vn 0.000000 1.000000 0.000000
vn 0.000000 1.000000 0.000000
vn 0.000000 1.000000 -0.000000
vn 0.000000 1.000000 -0.000000
vn 0.000000 1.000000 -0.000000
vn 0.000000 1.000000 -0.000000
vn -0.000000 1.000000 -0.000000
vn -0.000000 1.000000 -0.000000
vn -0.000000 1.000000 -0.000000
vn -0.000000 1.000000 -0.000000
vn -0.000000 1.000000 -0.000000
vn -0.000000 1.000000 -0.000000
vn -0.000000 1.000000 -0.000000
vn -0.000000 1.000000 -0.000000
vn 0.000000 1.000000 0.000000
vn 0.000000 1.000000 0.000000
vn 0.000000 1.000000 0.000000
vn 0.000000 1.000000 0.000000
vn 0.000000 1.000000 -0.000000
vn 0.000000 1.000000 -0.000000
vn 0.000000 1.000000 -0.000000
vn 0.000000 1.000000 -0.000000
vn -0.000000 1.000000 -0.000000
vn -0.000000 1.000000 -0.000000
vn -0.000000 1.000000 -0.000000
vn -0.000000 1.000000 -0.000000
vn -0.000000 1.000000 -0.000000
vn -0.000000 1.000000 -0.000000
vn -0.000000 1.000000 -0.000000
vn -0.000000 1.000000 -0.000000
vn 0.000005 1.000000 0.000001
vn 0.000005 1.000000 0.000001
vn 0.000005 1.000000 0.000001
vn 0.000005 1.000000 0.000001
vn -0.000004 1.000000 0.000000
vn -0.000004 1.000000 0.000000
vn -0.000004 1.000000 0.000000
vn -0.000004 1.000000 0.000000
vn -0.000005 1.000000 0.000000
vn -0.000005 1.000000 0.000000
vn -0.000005 1.000000 0.000000
vn -0.000005 1.000000 0.000000
vn 0.000005 1.000000 -0.000000
vn 0.000005 1.000000 -0.000000
vn 0.000005 1.000000 -0.000000
vn 0.000005 1.000000 -0.000000
vn 0.000005 1.000000 0.000000
vn 0.000005 1.000000 0.000000
vn 0.000005 1.000000 0.000000
vn 0.000005 1.000000 0.000000
vn -0.000005 1.000000 0.000000
vn -0.000005 1.000000 0.000000
vn -0.000005 1.000000 0.000000
vn -0.000005 1.000000 0.000000
vn 0.000005 1.000000 0.000000
vn 0.000005 1.000000 0.000000
vn 0.000005 1.000000 0.000000
vn 0.000005 1.000000 0.000000
vn -0.000005 1.000000 -0.000001
vn -0.000005 1.000000 -0.000001
vn -0.000005 1.000000 -0.000001
vn -0.000005 1.000000 -0.000001
vn -0.000005 1.000000 0.000000
vn -0.000005 1.000000 0.000000
vn -0.000005 1.000000 0.000000
vn -0.000005 1.000000 0.000000
vn 0.000000 1.000000 0.000000
vn 0.000000 1.000000 0.000000
vn 0.000000 1.000000 0.000000
vn 0.000000 1.000000 0.000000
vn 0.000000 1.000000 -0.000001
vn 0.000000 1.000000 -0.000001
vn 0.000000 1.000000 -0.000001
vn 0.000000 1.000000 -0.000001
vn 0.000000 1.000000 0.000000
vn 0.000000 1.000000 0.000000
vn 0.000000 1.000000 0.000000
vn 0.000000 1.000000 0.000000
vn 0.000002 1.000000 0.000000
vn 0.000002 1.000000 0.000000
vn 0.000002 1.000000 0.000000
vn 0.000002 1.000000 0.000000
vn -0.000002 1.000000 0.000000
vn -0.000002 1.000000 0.000000
vn -0.000002 1.000000 0.000000
vn -0.000002 1.000000 0.000000
vn -0.000002 1.000000 -0.000000
vn -0.000002 1.000000 -0.000000
vn -0.000002 1.000000 -0.000000
vn -0.000002 1.000000 -0.000000
vn 0.000000 1.000000 0.000000
vn 0.000000 1.000000 0.000000
vn 0.000000 1.000000 0.000000
vn 0.000000 1.000000 0.000000
vn 0.000000 1.000000 -0.000002
vn 0.000000 1.000000 -0.000002
vn 0.000000 1.000000 -0.000002
vn 0.000000 1.000000 -0.000002
vn 0.000000 1.000000 0.000000
vn 0.000000 1.000000 0.000000
vn 0.000000 1.000000 0.000000
vn 0.000000 1.000000 0.000000
vn -0.000000 1.000000 0.000000
vn -0.000000 1.000000 0.000000
vn -0.000000 1.000000 0.000000
vn -0.000000 1.000000 0.000000
vn 0.000000 1.000000 -0.000000
vn 0.000000 1.000000 -0.000000
vn 0.000000 1.000000 -0.000000
vn 0.000000 1.000000 -0.000000
vn 0.000000 1.000000 0.000000
vn 0.000000 1.000000 0.000000
vn 0.000000 1.000000 0.000000
vn 0.000000 1.000000 0.000000
vn -0.000000 1.000000 -0.000001
vn -0.000000 1.000000 -0.000001
vn -0.000000 1.000000 -0.000001
vn -0.000000 1.000000 -0.000001
vn 0.000000 1.000000 0.000000
vn 0.000000 1.000000 0.000000
vn 0.000000 1.000000 0.000000
vn 0.000000 1.000000 0.000000
vn 0.000000 1.000000 0.000000
vn 0.000000 1.000000 0.000000
vn 0.000000 1.000000 0.000000
vn 0.000000 1.000000 0.000000
vn 0.000000 1.000000 0.000000
vn 0.000000 1.000000 0.000000
vn 0.000000 1.000000 0.000000
vn 0.000000 1.000000 0.000000
vn 0.000000 1.000000 -0.000000
vn 0.000000 1.000000 -0.000000
vn 0.000000 1.000000 -0.000000
vn 0.000000 1.000000 -0.000000
vn 0.000000 1.000000 0.000000
vn 0.000000 1.000000 0.000000
vn 0.000000 1.000000 0.000000
vn 0.000000 1.000000 0.000000
vn -0.181473 -0.000000 0.983396
vn -0.181473 -0.000000 0.983396
vn -0.181473 -0.000000 0.983396
vn -0.181473 -0.000000 0.983396
vn -0.181487 -0.000000 0.983393
vn -0.181487 -0.000000 0.983393
vn -0.181487 -0.000000 0.983393
vn -0.181487 -0.000000 0.983393
vn -0.181490 0.000000 0.983393
vn -0.181490 0.000000 0.983393
vn -0.181490 0.000000 0.983393
vn -0.181490 0.000000 0.983393
vn -0.181473 0.000002 0.983396
vn -0.181473 0.000002 0.983396
vn -0.181473 0.000002 0.983396
vn -0.181473 0.000002 0.983396
vn -0.181481 -0.000000 0.983395
vn -0.181481 -0.000000 0.983395
vn -0.181481 -0.000000 0.983395
vn -0.181481 -0.000000 0.983395
vn -0.181452 0.000000 0.983400
vn -0.181452 0.000000 0.983400
vn -0.181452 0.000000 0.983400
vn -0.181452 0.000000 0.983400
vn -0.181474 0.000000 0.983396
vn -0.181474 0.000000 0.983396
vn -0.181474 0.000000 0.983396
vn -0.181474 0.000000 0.983396
vn -0.181486 -0.000000 0.983394
vn -0.181486 -0.000000 0.983393
vn -0.181486 -0.000000 0.983394
vn -0.181486 -0.000000 0.983394
vn -0.181474 0.000001 0.983396
vn -0.181474 0.000001 0.983396
vn -0.181474 0.000001 0.983396
vn -0.181474 0.000001 0.983396
vn 0.571531 0.000000 0.820580
vn 0.571531 0.000000 0.820580
vn 0.571531 0.000000 0.820580
vn 0.571531 0.000000 0.820580
vn 0.571531 0.000000 0.820581
vn 0.571531 0.000000 0.820581
vn 0.571531 0.000000 0.820581
vn 0.571531 0.000000 0.820581
vn 0.571531 0.000000 0.820581
vn 0.571531 0.000000 0.820580
vn 0.571531 0.000000 0.820581
vn 0.571531 0.000000 0.820581
vn 0.571531 0.000000 0.820580
vn 0.571531 0.000000 0.820580
vn 0.571531 0.000000 0.820580
vn 0.571531 0.000000 0.820580
vn 0.571531 0.000000 0.820580
vn 0.571531 0.000000 0.820580
vn 0.571531 0.000000 0.820580
vn 0.571531 0.000000 0.820580
vn 0.571531 0.000001 0.820580
vn 0.571531 0.000001 0.820580
vn 0.571531 0.000001 0.820580
vn 0.571531 0.000001 0.820580
vn 0.571531 0.000001 0.820580
vn 0.571531 0.000001 0.820580
vn 0.571531 0.000001 0.820580
vn 0.571531 0.000001 0.820580
vn 0.571531 0.000001 0.820581
vn 0.571531 0.000001 0.820581
vn 0.571531 0.000001 0.820581
vn 0.571531 0.000001 0.820581
vn 0.571531 0.000000 0.820581
vn 0.571531 0.000000 0.820581
vn 0.571531 0.000000 0.820581
vn 0.571531 0.000000 0.820581
vn 0.983395 0.000000 0.181478
vn 0.983395 0.000000 0.181478
vn 0.983395 0.000000 0.181478
vn 0.983395 0.000000 0.181478
vn 0.983399 0.000000 0.181456
vn 0.983399 0.000000 0.181456
vn 0.983399 0.000000 0.181456
vn 0.983399 0.000000 0.181456
vn 0.983399 0.000000 0.181459
vn 0.983399 0.000000 0.181459
vn 0.983399 0.000000 0.181459
vn 0.983399 0.000000 0.181459
vn 0.983395 0.000000 0.181477
vn 0.983395 0.000000 0.181477
vn 0.983395 0.000000 0.181477
vn 0.983395 0.000000 0.181477
vn 0.983395 0.000000 0.181478
vn 0.983395 0.000000 0.181478
vn 0.983395 0.000000 0.181478
vn 0.983395 0.000000 0.181478
vn 0.983395 -0.000000 0.181480
vn 0.983395 -0.000000 0.181480
vn 0.983395 -0.000000 0.181480
vn 0.983395 -0.000000 0.181480
vn 0.983396 -0.000002 0.181472
vn 0.983396 -0.000002 0.181472
vn 0.983396 -0.000002 0.181472
vn 0.983396 -0.000002 0.181472
vn 0.983396 -0.000002 0.181472
vn 0.983396 -0.000002 0.181472
vn 0.983396 -0.000002 0.181472
vn 0.983396 -0.000002 0.181472
vn 0.983396 -0.000002 0.181473
vn 0.983396 -0.000002 0.181473
vn 0.983396 -0.000002 0.181473
vn 0.983396 -0.000002 0.181473
vn -0.571200 -0.000001 -0.820811
vn -0.571200 -0.000001 -0.820811
vn -0.571200 -0.000001 -0.820811
vn -0.571200 -0.000001 -0.820811
vn -0.571200 0.000000 -0.820811
vn -0.571200 0.000000 -0.820811
vn -0.571200 0.000000 -0.820811
vn -0.571200 0.000000 -0.820811
vn -0.571200 -0.000002 -0.820811
vn -0.571200 -0.000002 -0.820811
vn -0.571200 -0.000002 -0.820811
vn -0.571200 -0.000002 -0.820811
vn -0.571200 0.000000 -0.820811
vn -0.571200 0.000000 -0.820811
vn -0.571200 0.000000 -0.820811
vn -0.571200 0.000000 -0.820811
vn -0.571200 -0.000001 -0.820811
vn -0.571200 -0.000001 -0.820811
vn -0.571200 -0.000001 -0.820811
vn -0.571200 -0.000001 -0.820811
vn -0.571199 -0.000001 -0.820812
vn -0.571199 -0.000001 -0.820812
vn -0.571199 -0.000001 -0.820812
vn -0.571199 -0.000001 -0.820812
vn -0.571198 0.000002 -0.820812
vn -0.571198 0.000002 -0.820812
vn -0.571198 0.000002 -0.820812
vn -0.571198 0.000002 -0.820812
vn -0.571201 0.000001 -0.820810
vn -0.571201 0.000001 -0.820810
vn -0.571201 0.000001 -0.820810
vn -0.571201 0.000001 -0.820811
vn -0.571199 0.000001 -0.820811
vn -0.571199 0.000001 -0.820811
vn -0.571199 0.000001 -0.820811
vn -0.571199 0.000001 -0.820811
vn -0.596592 0.000002 0.802545
vn -0.596592 0.000002 0.802545
vn -0.596592 0.000002 0.802545
vn -0.596592 0.000002 0.802545
vn -0.596592 0.000003 0.802545
vn -0.596592 0.000003 0.802545
vn -0.596592 0.000003 0.802545
vn -0.596592 0.000003 0.802545
vn -0.596591 0.000000 0.802545
vn -0.596591 0.000000 0.802545
vn -0.596591 0.000000 0.802545
vn -0.596591 0.000000 0.802545
vn -0.596591 0.000001 0.802545
vn -0.596591 0.000001 0.802545
vn -0.596591 0.000001 0.802545
vn -0.596591 0.000001 0.802545
vn -0.596593 0.000002 0.802544
vn -0.596593 0.000002 0.802544
vn -0.596593 0.000002 0.802544
vn -0.596593 0.000002 0.802544
vn -0.596591 0.000003 0.802546
vn -0.596591 0.000003 0.802546
vn -0.596591 0.000003 0.802546
vn -0.596591 0.000003 0.802546
vn -0.596591 0.000000 0.802545
vn -0.596591 0.000000 0.802545
vn -0.596591 0.000000 0.802545
vn -0.596591 0.000000 0.802545
vn -0.596592 0.000001 0.802545
vn -0.596592 0.000001 0.802545
vn -0.596592 0.000001 0.802545
vn -0.596591 0.000001 0.802545
vn -0.596592 -0.000002 0.802545
vn -0.596592 -0.000002 0.802545
vn -0.596592 -0.000002 0.802545
vn -0.596592 -0.000002 0.802545
vn 0.981755 0.000002 -0.190149
vn 0.981755 0.000002 -0.190149
vn 0.981755 0.000002 -0.190149
vn 0.981755 0.000002 -0.190149
vn 0.981755 -0.000001 -0.190152
vn 0.981755 -0.000001 -0.190152
vn 0.981755 -0.000001 -0.190152
vn 0.981755 -0.000001 -0.190152
vn 0.981755 0.000000 -0.190150
vn 0.981755 0.000000 -0.190150
vn 0.981755 0.000000 -0.190150
vn 0.981755 0.000000 -0.190150
vn 0.981756 0.000000 -0.190145
vn 0.981756 0.000000 -0.190145
vn 0.981756 0.000000 -0.190145
vn 0.981756 0.000000 -0.190145
vn 0.981756 0.000000 -0.190145
vn 0.981756 0.000000 -0.190145
vn 0.981756 0.000000 -0.190145
vn 0.981756 0.000000 -0.190145
vn 0.981754 -0.000000 -0.190158
vn 0.981754 -0.000000 -0.190158
vn 0.981754 -0.000000 -0.190158
vn 0.981754 -0.000000 -0.190158
vn 0.981756 -0.000003 -0.190146
vn 0.981756 -0.000003 -0.190146
vn 0.981756 -0.000003 -0.190146
vn 0.981756 -0.000003 -0.190146
vn 0.981753 -0.000002 -0.190159
vn 0.981753 -0.000002 -0.190159
vn 0.981753 -0.000002 -0.190159
vn 0.981753 -0.000002 -0.190159
vn 0.981752 0.000000 -0.190164
vn 0.981752 0.000000 -0.190164
vn 0.981752 0.000000 -0.190164
vn 0.981752 0.000000 -0.190164
vn 0.591711 0.000001 -0.806150
vn 0.591711 0.000001 -0.806150
vn 0.591711 0.000001 -0.806150
vn 0.591711 0.000001 -0.806150
vn 0.591713 0.000002 -0.806149
vn 0.591713 0.000002 -0.806149
vn 0.591713 0.000002 -0.806149
vn 0.591713 0.000002 -0.806149
vn 0.591713 0.000000 -0.806149
vn 0.591713 0.000000 -0.806149
vn 0.591713 0.000000 -0.806149
vn 0.591713 0.000000 -0.806149
vn 0.591713 0.000002 -0.806148
vn 0.591713 0.000002 -0.806148
vn 0.591713 0.000002 -0.806148
vn 0.591713 0.000002 -0.806148
vn 0.591713 -0.000002 -0.806149
vn 0.591713 -0.000002 -0.806149
vn 0.591713 -0.000002 -0.806149
vn 0.591713 -0.000002 -0.806149
vn 0.591712 -0.000001 -0.806149
vn 0.591712 -0.000001 -0.806149
vn 0.591713 -0.000001 -0.806149
vn 0.591713 -0.000001 -0.806149
vn 0.591712 0.000001 -0.806150
vn 0.591712 0.000001 -0.806150
vn 0.591712 0.000001 -0.806150
vn 0.591712 0.000001 -0.806150
vn 0.591712 -0.000001 -0.806149
vn 0.591713 -0.000001 -0.806149
vn 0.591713 -0.000001 -0.806149
vn 0.591713 -0.000001 -0.806149
vn 0.591713 0.000000 -0.806149
vn 0.591713 0.000000 -0.806149
vn 0.591713 0.000000 -0.806149
vn 0.591713 0.000000 -0.806149
vn -0.190146 0.000001 -0.981756
vn -0.190146 0.000001 -0.981756
vn -0.190146 0.000001 -0.981756
vn -0.190146 0.000001 -0.981756
vn -0.190162 0.000001 -0.981753
vn -0.190162 0.000001 -0.981753
vn -0.190162 0.000001 -0.981753
vn -0.190162 0.000001 -0.981753
vn -0.190156 -0.000001 -0.981754
vn -0.190156 -0.000001 -0.981754
vn -0.190156 -0.000001 -0.981754
vn -0.190156 -0.000001 -0.981754
vn -0.190146 0.000000 -0.981756
vn -0.190146 0.000000 -0.981756
vn -0.190146 0.000000 -0.981756
vn -0.190146 0.000000 -0.981756
vn -0.190147 0.000000 -0.981756
vn -0.190147 0.000000 -0.981756
vn -0.190147 0.000000 -0.981756
vn -0.190147 0.000000 -0.981756
vn -0.190151 0.000000 -0.981755
vn -0.190151 0.000000 -0.981755
vn -0.190151 0.000000 -0.981755
vn -0.190151 0.000000 -0.981755
vn -0.190143 0.000000 -0.981756
vn -0.190143 0.000000 -0.981756
vn -0.190143 0.000000 -0.981756
vn -0.190143 0.000000 -0.981756
vn -0.190151 0.000001 -0.981755
vn -0.190151 0.000001 -0.981755
vn -0.190151 0.000001 -0.981755
vn -0.190151 0.000001 -0.981755
vn -0.190159 -0.000001 -0.981753
vn -0.190159 -0.000001 -0.981753
vn -0.190159 -0.000001 -0.981753
vn -0.190159 -0.000001 -0.981753
vn 0.000000 1.000000 -0.000000
vn 0.000000 1.000000 -0.000000
vn 0.000000 1.000000 -0.000000
vn 0.000000 1.000000 -0.000000
vn 0.000000 1.000000 0.000000
vn 0.000000 1.000000 0.000000
vn 0.000000 1.000000 0.000000
vn 0.000000 1.000000 0.000000
vn -0.000000 1.000000 0.000000
vn -0.000000 1.000000 0.000000
vn -0.000000 1.000000 0.000000
vn -0.000000 1.000000 0.000000
vn 0.000000 1.000000 0.000000
vn 0.000000 1.000000 0.000000
vn 0.000000 1.000000 0.000000
vn 0.000000 1.000000 0.000000
vn -0.000000 1.000000 -0.000000
vn -0.000000 1.000000 -0.000000
vn -0.000000 1.000000 -0.000000
vn -0.000000 1.000000 -0.000000
vn -0.000000 1.000000 0.000000
vn -0.000000 1.000000 0.000000
vn -0.000000 1.000000 0.000000
vn -0.000000 1.000000 0.000000
vn 0.000000 1.000000 0.000000
vn 0.000000 1.000000 0.000000
vn 0.000000 1.000000 0.000000
vn 0.000000 1.000000 0.000000
vn 0.000000 1.000000 0.000000
vn 0.000000 1.000000 0.000000
vn 0.000000 1.000000 0.000000
vn 0.000000 1.000000 0.000000
vn -0.000000 1.000000 0.000000
vn -0.000000 1.000000 0.000000
vn -0.000000 1.000000 0.000000
vn -0.000000 1.000000 0.000000
vn 0.319795 -0.000001 -0.947487
vn 0.319795 -0.000001 -0.947487
vn 0.319795 -0.000001 -0.947487
vn 0.319795 -0.000001 -0.947487
vn 0.319791 -0.000001 -0.947488
vn 0.319791 -0.000001 -0.947488
vn 0.319791 -0.000001 -0.947488
vn 0.319791 -0.000001 -0.947488
vn 0.319793 0.000000 -0.947488
vn 0.319793 0.000000 -0.947488
vn 0.319793 0.000000 -0.947488
vn 0.319793 0.000000 -0.947488
vn 0.319786 0.000000 -0.947490
vn 0.319786 0.000000 -0.947490
vn 0.319786 0.000000 -0.947490
vn 0.319786 0.000000 -0.947490
vn 0.319787 0.000000 -0.947490
vn 0.319787 0.000000 -0.947490
vn 0.319787 0.000000 -0.947490
vn 0.319787 0.000000 -0.947490
vn 0.319788 -0.000000 -0.947489
vn 0.319788 -0.000000 -0.947489
vn 0.319788 -0.000000 -0.947489
vn 0.319788 -0.000000 -0.947489
vn 0.319789 -0.000000 -0.947489
vn 0.319789 -0.000000 -0.947489
vn 0.319789 -0.000000 -0.947489
vn 0.319789 -0.000000 -0.947489
vn 0.319789 -0.000001 -0.947489
vn 0.319789 -0.000001 -0.947489
vn 0.319789 -0.000001 -0.947489
vn 0.319788 -0.000001 -0.947489
vn 0.319787 0.000001 -0.947490
vn 0.319786 0.000001 -0.947490
vn 0.319787 0.000001 -0.947490
vn 0.319786 0.000001 -0.947490
vn -0.999964 0.000000 0.008538
vn -0.999964 0.000000 0.008538
vn -0.999964 0.000000 0.008538
vn -0.999964 0.000000 0.008538
vn -0.999964 0.000001 0.008537
vn -0.999964 0.000001 0.008537
vn -0.999964 0.000001 0.008537
vn -0.999964 0.000001 0.008537
vn -0.999964 0.000000 0.008537
vn -0.999964 0.000000 0.008537
vn -0.999964 0.000000 0.008537
vn -0.999964 0.000000 0.008537
vn -0.999964 -0.000000 0.008538
vn -0.999964 -0.000000 0.008538
vn -0.999964 -0.000000 0.008538
vn -0.999964 -0.000000 0.008538
vn -0.999964 0.000000 0.008538
vn -0.999964 0.000000 0.008538
vn -0.999964 0.000000 0.008538
vn -0.999964 0.000000 0.008538
vn -0.999964 -0.000001 0.008538
vn -0.999964 -0.000001 0.008538
vn -0.999964 -0.000001 0.008538
vn -0.999964 -0.000001 0.008538
vn -0.999964 0.000000 0.008538
vn -0.999964 0.000000 0.008538
vn -0.999964 0.000000 0.008538
vn -0.999964 0.000000 0.008538
vn -0.999964 0.000001 0.008537
vn -0.999964 0.000001 0.008537
vn -0.999964 0.000001 0.008537
vn -0.999964 0.000001 0.008537
vn -0.999964 -0.000001 0.008537
vn -0.999964 -0.000001 0.008537
vn -0.999964 -0.000001 0.008537
vn -0.999964 -0.000001 0.008537
vn 0.319794 0.000001 0.947487
vn 0.319794 0.000001 0.947487
vn 0.319794 0.000001 0.947487
vn 0.319794 0.000001 0.947487
vn 0.319788 0.000000 0.947489
vn 0.319788 0.000000 0.947489
vn 0.319788 0.000000 0.947489
vn 0.319788 0.000000 0.947489
vn 0.319788 -0.000001 0.947489
vn 0.319788 -0.000001 0.947489
vn 0.319788 -0.000001 0.947489
vn 0.319788 -0.000001 0.947489
vn 0.319794 0.000000 0.947487
vn 0.319794 0.000000 0.947487
vn 0.319794 0.000000 0.947487
vn 0.319794 0.000000 0.947487
vn 0.319794 0.000000 0.947487
vn 0.319794 0.000000 0.947487
vn 0.319794 0.000000 0.947487
vn 0.319794 0.000000 0.947487
vn 0.319786 0.000001 0.947490
vn 0.319786 0.000001 0.947490
vn 0.319786 0.000001 0.947490
vn 0.319786 0.000001 0.947490
vn 0.319795 0.000000 0.947487
vn 0.319795 0.000000 0.947487
vn 0.319795 0.000000 0.947487
vn 0.319795 0.000000 0.947487
vn 0.319786 0.000001 0.947490
vn 0.319786 0.000001 0.947490
vn 0.319786 0.000001 0.947490
vn 0.319786 0.000001 0.947490
vn 0.319786 -0.000001 0.947490
vn 0.319786 -0.000001 0.947490
vn 0.319786 -0.000001 0.947490
vn 0.319786 -0.000001 0.947490
vn 1.000000 0.000000 0.000000
vn 1.000000 0.000000 0.000000
vn 1.000000 0.000000 0.000000
vn 1.000000 0.000000 0.000000
vn 1.000000 0.000000 0.000000
vn 1.000000 0.000000 0.000000
vn 1.000000 0.000000 0.000000
vn 1.000000 0.000000 0.000000
vn 1.000000 0.000000 0.000001
vn 1.000000 0.000000 0.000001
vn 1.000000 0.000000 0.000001
vn 1.000000 0.000000 0.000001
vn 1.000000 0.000000 -0.000001
vn 1.000000 0.000000 -0.000001
vn 1.000000 0.000000 -0.000001
vn 1.000000 0.000000 -0.000001
vn 1.000000 0.000000 -0.000001
vn 1.000000 0.000000 -0.000001
vn 1.000000 0.000000 -0.000001
vn 1.000000 0.000000 -0.000001
vn 1.000000 0.000000 -0.000000
vn 1.000000 0.000000 -0.000000
vn 1.000000 0.000000 -0.000000
vn 1.000000 0.000000 -0.000000
vn 1.000000 0.000000 0.000001
vn 1.000000 0.000000 0.000001
vn 1.000000 0.000000 0.000001
vn 1.000000 0.000000 0.000001
vn 1.000000 0.000000 -0.000001
vn 1.000000 0.000000 -0.000001
vn 1.000000 0.000000 -0.000001
vn 1.000000 0.000000 -0.000001
vn 1.000000 0.000000 -0.000001
vn 1.000000 0.000000 -0.000001
vn 1.000000 0.000000 -0.000001
vn 1.000000 0.000000 -0.000001
vn -0.596592 0.000000 0.802545
vn 0.222109 0.000001 0.975022
vn 0.222109 0.000001 0.975022
vn -0.596592 0.000000 0.802545
vn -0.596592 0.000000 0.802545
vn -0.596592 0.000000 0.802545
vn -0.596592 -0.000003 0.802545
vn -0.596592 -0.000003 0.802545
vn -0.596592 -0.000003 0.802544
vn -0.596592 -0.000003 0.802545
vn -0.596591 0.000000 0.802545
vn -0.596591 0.000000 0.802545
vn -0.596591 -0.000003 0.802545
vn -0.596591 -0.000003 0.802545
vn -0.596591 -0.000003 0.802545
vn -0.596591 -0.000003 0.802545
vn -0.596591 0.000003 0.802545
vn -0.596591 0.000003 0.802545
vn -0.596591 0.000003 0.802545
vn -0.596591 0.000003 0.802545
vn -0.596593 -0.000003 0.802544
vn -0.596593 -0.000003 0.802544
vn -0.596593 -0.000003 0.802544
vn -0.596593 -0.000003 0.802544
vn -0.596592 0.000003 0.802545
vn -0.596592 0.000003 0.802545
vn -0.596592 0.000003 0.802545
vn -0.596592 0.000003 0.802545
vn -0.596591 0.000003 0.802545
vn -0.596591 0.000003 0.802545
vn -0.596591 0.000003 0.802545
vn -0.596591 0.000003 0.802545
vn -0.596592 0.000000 0.802545
vn -0.596592 0.000000 0.802545
vn -0.596591 -0.000006 0.802545
vn -0.596591 -0.000006 0.802545
vn -0.596591 -0.000006 0.802545
vn -0.596591 -0.000006 0.802545
vn -0.596591 0.000006 0.802545
vn -0.596591 0.000006 0.802545
vn -0.596591 0.000006 0.802545
vn -0.596591 0.000006 0.802545
vn -0.596592 0.000000 0.802545
vn -0.596592 0.000000 0.802545
vn -0.596592 0.000000 0.802545
vn -0.596592 0.000000 0.802545
vn -0.596592 0.000000 0.802545
vn -0.596592 0.000000 0.802545
vn -0.596592 0.000000 0.802545
vn -0.596592 0.000000 0.802545
vn -0.596591 0.000000 0.802546
vn -0.596591 0.000000 0.802546
vn -0.596591 0.000000 0.802545
vn -0.596591 0.000000 0.802545
vn -0.596592 0.000003 0.802545
vn -0.596592 0.000003 0.802545
vn -0.596592 0.000003 0.802545
vn -0.596592 0.000003 0.802545
vn -0.596591 0.000003 0.802545
vn -0.596591 0.000003 0.802545
vn -0.596591 0.000003 0.802545
vn -0.596591 0.000003 0.802545
vn -0.596591 -0.000003 0.802545
vn -0.596591 -0.000003 0.802545
vn -0.596591 -0.000003 0.802545
vn -0.596591 -0.000003 0.802545
vn -0.596593 0.000001 0.802544
vn -0.596593 0.000001 0.802544
vn -0.596593 0.000001 0.802544
vn -0.596593 0.000001 0.802544
vn -0.596592 0.000000 0.802545
vn -0.596592 0.000000 0.802545
vn -0.596592 0.000000 0.802545
vn -0.596592 0.000000 0.802545
vn -0.596591 -0.000004 0.802545
vn -0.596591 -0.000004 0.802545
vn -0.596591 -0.000004 0.802545
vn -0.596591 -0.000004 0.802545
vn -0.596594 0.000000 0.802544
vn -0.596594 0.000000 0.802544
vn -0.596593 0.000000 0.802544
vn -0.596594 0.000000 0.802544
vn -0.596591 -0.000004 0.802545
vn -0.596591 -0.000004 0.802545
vn -0.596591 -0.000004 0.802545
vn -0.596591 -0.000004 0.802545
vn -0.596591 0.000006 0.802546
vn -0.596591 0.000006 0.802546
vn -0.596591 0.000006 0.802546
vn -0.596591 0.000006 0.802546
vn -0.596592 0.000000 0.802545
vn -0.596592 0.000000 0.802545
vn -0.596592 0.000000 0.802545
vn -0.596592 0.000000 0.802545
vn -0.596592 0.000000 0.802545
vn -0.596592 0.000000 0.802545
vn -0.596592 0.000000 0.802545
vn -0.596592 0.000000 0.802545
vn -0.596591 0.000000 0.802545
vn -0.596591 0.000000 0.802545
vn -0.596591 0.000000 0.802545
vn -0.596591 0.000000 0.802545
vn 0.000000 1.000000 0.000000
vn -0.000000 1.000000 0.000000
vn -0.000000 1.000000 0.000000
vn 0.000000 1.000000 0.000000
vn 0.000000 1.000000 0.000000
vn 0.000000 1.000000 0.000000
vn 0.000000 1.000000 -0.000000
vn 0.000000 1.000000 -0.000000
vn 0.000000 1.000000 -0.000000
vn 0.000000 1.000000 -0.000000
vn -0.000000 1.000000 0.000000
vn -0.000000 1.000000 0.000000
vn 0.000000 1.000000 0.000000
vn 0.000000 1.000000 0.000000
vn 0.000000 1.000000 0.000000
vn 0.000000 1.000000 0.000000
vn 0.000000 1.000000 -0.000000
vn 0.000000 1.000000 -0.000000
vn 0.000000 1.000000 -0.000000
vn 0.000000 1.000000 -0.000000
vn -0.000000 1.000000 -0.000000
vn -0.000000 1.000000 -0.000000
vn -0.000000 1.000000 -0.000000
vn -0.000000 1.000000 -0.000000
vn -0.000000 1.000000 0.000000
vn -0.000000 1.000000 0.000000
vn -0.000000 1.000000 0.000000
vn -0.000000 1.000000 0.000000
vn 0.000000 1.000000 0.000000
vn 0.000000 1.000000 0.000000
vn 0.000000 1.000000 0.000000
vn 0.000000 1.000000 0.000000
vn 0.000000 1.000000 0.000000
vn -0.000000 1.000000 0.000000
vn 0.000000 1.000000 0.000000
vn 0.000000 1.000000 0.000000
vn 0.000000 1.000000 0.000000
vn 0.000000 1.000000 0.000000
vn 0.000000 1.000000 0.000000
vn 0.000000 1.000000 0.000000
vn -0.000000 1.000000 -0.000000
vn -0.000000 1.000000 -0.000000
vn -0.000000 1.000000 0.000000
vn -0.000000 1.000000 0.000000
vn -0.000000 1.000000 0.000000
vn -0.000000 1.000000 0.000000
vn 0.000000 1.000000 0.000000
vn 0.000000 1.000000 0.000000
vn 0.000000 1.000000 0.000000
vn 0.000000 1.000000 0.000000
vn 0.000000 1.000000 0.000000
vn 0.000000 1.000000 0.000000
vn 0.000000 1.000000 0.000000
vn 0.000000 1.000000 0.000000
vn 0.000000 1.000000 -0.000000
vn 0.000000 1.000000 -0.000000
vn 0.000000 1.000000 -0.000000
vn 0.000000 1.000000 -0.000000
vn 0.000000 1.000000 0.000000
vn 0.000000 1.000000 0.000000
vn 0.000000 1.000000 0.000000
vn 0.000000 1.000000 0.000000
vn -0.000000 -1.000000 -0.000000
vn -0.000000 -1.000000 -0.000000
vn -0.000000 -1.000000 -0.000000
vn -0.000000 -1.000000 0.000000
vn -0.000000 -1.000000 0.000000
vn 0.000000 -1.000000 -0.000000
vn 0.000000 -1.000000 -0.000000
vn 0.000000 -1.000000 -0.000000
vn 0.000000 -1.000000 -0.000000
vn -0.000000 -1.000000 0.000000
vn -0.000000 -1.000000 0.000000
vn 0.000000 -1.000000 -0.000000
vn 0.000000 -1.000000 -0.000000
vn 0.000000 -1.000000 -0.000000
vn 0.000000 -1.000000 -0.000000
vn 0.000000 -1.000000 0.000000
vn 0.000000 -1.000000 0.000000
vn 0.000000 -1.000000 0.000000
vn 0.000000 -1.000000 0.000000
vn -0.000000 -1.000000 -0.000000
vn -0.000000 -1.000000 -0.000000
vn -0.000000 -1.000000 -0.000000
vn -0.000000 -1.000000 -0.000000
vn 0.000000 -1.000000 0.000000
vn 0.000000 -1.000000 0.000000
vn 0.000000 -1.000000 0.000000
vn 0.000000 -1.000000 0.000000
vn -0.000000 -1.000000 0.000000
vn -0.000000 -1.000000 0.000000
vn -0.000000 -1.000000 0.000000
vn -0.000000 -1.000000 0.000000
vn 0.000000 -1.000000 -0.000000
vn 0.000000 -1.000000 -0.000000
vn 0.000000 -1.000000 0.000000
vn 0.000000 -1.000000 0.000000
vn 0.000000 -1.000000 0.000000
vn 0.000000 -1.000000 0.000000
vn -0.000000 -1.000000 0.000000
vn -0.000000 -1.000000 0.000000
vn -0.000000 -1.000000 0.000000
vn -0.000000 -1.000000 0.000000
vn 0.000000 -1.000000 -0.000000
vn 0.000000 -1.000000 -0.000000
vn 0.000000 -1.000000 -0.000000
vn 0.000000 -1.000000 -0.000000
vn 0.000000 -1.000000 0.000000
vn 0.000000 -1.000000 0.000000
vn 0.000000 -1.000000 0.000000
vn 0.000000 -1.000000 0.000000
vn 0.000000 -1.000000 0.000000
vn 0.000000 -1.000000 0.000000
vn 0.000000 -1.000000 0.000000
vn 0.000000 -1.000000 0.000000
vn -0.000000 -1.000000 0.000000
vn -0.000000 -1.000000 0.000000
vn -0.000000 -1.000000 0.000000
vn -0.000000 -1.000000 0.000000
vn 0.000000 -1.000000 0.000000
vn 0.000000 -1.000000 0.000000
vn 0.000000 -1.000000 0.000000
vn 0.000000 -1.000000 0.000000
vn 0.000000 -1.000000 0.000000
vn 0.000000 -1.000000 0.000000
vn 0.000000 -1.000000 0.000000
vn 0.000000 -1.000000 0.000000
vn -0.571200 -0.000003 -0.820811
vn -0.571200 -0.000003 -0.820811
vn -0.571200 -0.000003 -0.820811
vn -0.571200 -0.000003 -0.820811
vn -0.571200 0.000000 -0.820811
vn -0.571200 0.000000 -0.820811
vn -0.571200 0.000000 -0.820811
vn -0.571200 0.000000 -0.820811
vn -0.571201 -0.000003 -0.820810
vn -0.571201 -0.000003 -0.820810
vn -0.571201 -0.000003 -0.820811
vn -0.571201 -0.000003 -0.820810
vn -0.571199 0.000003 -0.820812
vn -0.571199 0.000003 -0.820812
vn -0.571199 0.000003 -0.820812
vn -0.571199 0.000003 -0.820812
vn -0.571199 -0.000003 -0.820812
vn -0.571199 -0.000003 -0.820812
vn -0.571199 -0.000003 -0.820812
vn -0.571199 -0.000003 -0.820812
vn -0.571200 -0.000004 -0.820811
vn -0.571200 -0.000004 -0.820811
vn -0.571200 -0.000004 -0.820811
vn -0.571200 -0.000004 -0.820811
vn -0.571199 -0.000003 -0.820812
vn -0.571199 -0.000003 -0.820812
vn -0.571199 -0.000003 -0.820812
vn -0.571199 -0.000003 -0.820812
vn -0.571200 -0.000004 -0.820811
vn -0.571200 -0.000004 -0.820811
vn -0.571200 -0.000004 -0.820811
vn -0.571200 -0.000004 -0.820811
vn -0.571202 0.000003 -0.820810
vn -0.571202 0.000003 -0.820810
vn -0.571202 0.000003 -0.820810
vn -0.571202 0.000003 -0.820810
vn -0.571200 0.000000 -0.820811
vn -0.960727 0.000007 -0.277494
vn -0.960727 0.000007 -0.277494
vn -0.571200 0.000000 -0.820811
vn -0.571201 -0.000003 -0.820811
vn -0.571201 -0.000003 -0.820811
vn -0.571200 0.000000 -0.820811
vn -0.571200 0.000000 -0.820811
vn -0.571200 0.000000 -0.820811
vn -0.571200 0.000000 -0.820811
vn -0.571200 0.000000 -0.820811
vn -0.571200 0.000000 -0.820811
vn -0.571200 0.000006 -0.820811
vn -0.571200 0.000006 -0.820811
vn -0.571200 0.000006 -0.820811
vn -0.571200 0.000006 -0.820811
vn -0.571200 0.000000 -0.820811
vn -0.571200 0.000000 -0.820811
vn -0.571200 0.000000 -0.820811
vn -0.571200 0.000000 -0.820811
vn -0.571199 0.000000 -0.820812
vn -0.571199 0.000000 -0.820812
vn -0.571199 0.000000 -0.820812
vn -0.571199 0.000000 -0.820812
vn -0.571199 0.000000 -0.820812
vn -0.571199 0.000000 -0.820811
vn -0.571199 0.000000 -0.820812
vn -0.571199 0.000000 -0.820812
vn -0.571200 0.000000 -0.820811
vn -0.571200 0.000000 -0.820811
vn -0.571200 0.000000 -0.820811
vn -0.571200 0.000000 -0.820811
vn -0.571200 0.000000 -0.820811
vn -0.571200 0.000000 -0.820811
vn -0.571199 -0.000000 -0.820812
vn -0.571199 -0.000000 -0.820812
vn -0.571199 -0.000000 -0.820812
vn -0.571199 -0.000000 -0.820812
vn -0.571199 -0.000006 -0.820811
vn -0.571199 -0.000006 -0.820811
vn -0.571199 -0.000006 -0.820811
vn -0.571199 -0.000006 -0.820811
vn -0.571200 0.000000 -0.820811
vn -0.571200 0.000000 -0.820811
vn -0.571200 0.000000 -0.820811
vn -0.571200 0.000000 -0.820811
vn -0.571201 0.000000 -0.820811
vn -0.571201 0.000000 -0.820811
vn -0.571201 0.000000 -0.820811
vn -0.571201 0.000000 -0.820811
vn -0.571199 -0.000003 -0.820811
vn -0.571199 -0.000003 -0.820811
vn -0.571199 -0.000003 -0.820811
vn -0.571199 -0.000003 -0.820811
vn -0.571200 0.000000 -0.820811
vn -0.571200 0.000000 -0.820811
vn -0.571200 0.000000 -0.820811
vn -0.571200 0.000000 -0.820811
vn -0.571199 0.000009 -0.820811
vn -0.571199 0.000009 -0.820811
vn -0.571199 0.000009 -0.820811
vn -0.571199 0.000009 -0.820811
vn -0.571199 0.000000 -0.820811
vn -0.571199 0.000000 -0.820811
vn -0.571199 0.000000 -0.820811
vn -0.571199 0.000000 -0.820811
vn -0.000000 -1.000000 -0.000000
vn -0.000000 -1.000000 -0.000000
vn 0.000000 -1.000000 0.000000
vn -0.000000 -1.000000 -0.000000
vn 0.000000 -1.000000 0.000000
vn 0.000000 -1.000000 0.000000
vn 0.000000 -1.000000 0.000000
vn 0.000000 -1.000000 0.000000
vn 0.000000 -1.000000 0.000000
vn 0.000000 -1.000000 0.000000
vn 0.000000 -1.000000 -0.000000
vn 0.000000 -1.000000 -0.000000
vn 0.000000 -1.000000 0.000000
vn 0.000000 -1.000000 0.000000
vn 0.000000 -1.000000 0.000000
vn 0.000000 -1.000000 0.000000
vn -0.000000 -1.000000 0.000000
vn -0.000000 -1.000000 0.000000
vn -0.000000 -1.000000 0.000000
vn -0.000000 -1.000000 0.000000
vn 0.000000 -1.000000 -0.000000
vn 0.000000 -1.000000 -0.000000
vn 0.000000 -1.000000 -0.000000
vn 0.000000 -1.000000 -0.000000
vn -0.000000 -1.000000 0.000000
vn -0.000000 -1.000000 0.000000
vn -0.000000 -1.000000 0.000000
vn -0.000000 -1.000000 0.000000
vn -0.000000 -1.000000 0.000000
vn -0.000000 -1.000000 0.000000
vn -0.000000 -1.000000 0.000000
vn -0.000000 -1.000000 0.000000
vn 0.000000 -1.000000 -0.000000
vn 0.000000 -1.000000 -0.000000
vn 0.000000 -1.000000 -0.000000
vn 0.000000 -1.000000 -0.000000
vn 0.000000 -1.000000 -0.000000
vn 0.000000 -1.000000 -0.000000
vn 0.000000 -1.000000 0.000000
vn 0.000000 -1.000000 0.000000
vn 0.000000 -1.000000 0.000000
vn 0.000000 -1.000000 0.000000
vn -0.000000 -1.000000 0.000000
vn -0.000000 -1.000000 0.000000
vn -0.000000 -1.000000 0.000000
vn -0.000000 -1.000000 0.000000
vn 0.000000 -1.000000 0.000000
vn 0.000000 -1.000000 0.000000
vn 0.000000 -1.000000 0.000000
vn 0.000000 -1.000000 0.000000
vn 0.000000 -1.000000 0.000000
vn 0.000000 -1.000000 0.000000
vn 0.000000 -1.000000 0.000000
vn 0.000000 -1.000000 0.000000
vn 0.000000 -1.000000 0.000000
vn 0.000000 -1.000000 0.000000
vn 0.000000 -1.000000 0.000000
vn 0.000000 -1.000000 0.000000
vn 0.000000 -1.000000 0.000000
vn 0.000000 -1.000000 0.000000
vn 0.000000 -1.000000 0.000000
vn 0.000000 -1.000000 0.000000
vn -0.000000 -1.000000 -0.000000
vn -0.000000 -1.000000 -0.000000
vn -0.000000 -1.000000 -0.000000
vn -0.000000 -1.000000 -0.000000
vn 1.000000 0.000000 -0.000001
vn 1.000000 0.000000 -0.000001
vn 1.000000 0.000000 -0.000001
vn 1.000000 0.000000 -0.000001
vn 1.000000 0.000000 0.000001
vn 1.000000 0.000000 0.000001
vn 1.000000 0.000000 0.000001
vn 1.000000 0.000000 0.000001
vn 1.000000 0.000000 0.000001
vn 1.000000 0.000000 0.000001
vn 1.000000 0.000000 0.000001
vn 1.000000 0.000000 0.000001
vn 1.000000 0.000002 -0.000001
vn 1.000000 0.000002 -0.000001
vn 1.000000 0.000002 -0.000001
vn 1.000000 0.000002 -0.000001
vn 1.000000 0.000000 -0.000001
vn 1.000000 0.000000 -0.000001
vn 1.000000 0.000000 -0.000001
vn 1.000000 0.000000 -0.000001
vn 1.000000 0.000000 0.000001
vn 1.000000 0.000000 0.000001
vn 1.000000 0.000000 0.000001
vn 1.000000 0.000000 0.000001
vn 1.000000 0.000004 0.000000
vn 1.000000 0.000004 0.000000
vn 1.000000 0.000004 0.000000
vn 1.000000 0.000004 0.000000
vn 1.000000 0.000001 0.000000
vn 1.000000 0.000001 0.000000
vn 1.000000 0.000001 0.000000
vn 1.000000 0.000001 0.000000
vn 1.000000 -0.000004 0.000000
vn 1.000000 -0.000004 0.000000
vn 1.000000 -0.000004 0.000000
vn 1.000000 -0.000004 0.000000
vn 1.000000 0.000000 -0.000001
vn 1.000000 0.000000 -0.000001
vn 1.000000 0.000000 -0.000001
vn 1.000000 0.000000 -0.000001
vn 1.000000 0.000000 -0.000001
vn 1.000000 0.000000 -0.000001
vn 1.000000 0.000000 -0.000001
vn 1.000000 0.000000 -0.000001
vn 1.000000 0.000000 0.000001
vn 1.000000 0.000000 0.000001
vn 1.000000 0.000000 0.000001
vn 1.000000 0.000000 0.000001
vn 1.000000 -0.000004 0.000000
vn 1.000000 -0.000004 0.000000
vn 1.000000 -0.000004 0.000000
vn 1.000000 -0.000004 0.000000
vn 1.000000 -0.000002 0.000000
vn 1.000000 -0.000002 0.000000
vn 1.000000 -0.000002 0.000000
vn 1.000000 -0.000002 0.000000
vn 1.000000 -0.000004 0.000000
vn 1.000000 -0.000004 0.000000
vn 1.000000 -0.000004 0.000000
vn 1.000000 -0.000004 0.000000
vn 1.000000 -0.000003 0.000000
vn 1.000000 -0.000003 0.000000
vn 1.000000 -0.000003 0.000000
vn 1.000000 -0.000003 0.000000
vn 1.000000 0.000000 0.000000
vn 1.000000 0.000000 0.000000
vn 1.000000 0.000000 0.000000
vn 1.000000 0.000000 0.000000
vn 1.000000 0.000000 0.000000
vn 1.000000 0.000000 0.000000
vn 1.000000 0.000000 0.000000
vn 1.000000 0.000000 0.000000
vn 1.000000 -0.000004 0.000000
vn 1.000000 -0.000004 0.000000
vn 1.000000 -0.000004 0.000000
vn 1.000000 -0.000004 0.000000
vn 1.000000 0.000002 0.000000
vn 1.000000 0.000002 0.000000
vn 1.000000 0.000002 0.000000
vn 1.000000 0.000002 0.000000
vn 1.000000 -0.000004 0.000000
vn 1.000000 -0.000004 0.000000
vn 1.000000 -0.000004 0.000000
vn 1.000000 -0.000004 0.000000
vn 1.000000 0.000001 0.000000
vn 1.000000 0.000001 0.000000
vn 1.000000 0.000001 0.000000
vn 1.000000 0.000001 0.000000
vn 1.000000 0.000000 0.000000
vn 1.000000 0.000000 0.000000
vn 1.000000 0.000000 0.000000
vn 1.000000 0.000000 0.000000
vn 1.000000 -0.000003 0.000000
vn 1.000000 -0.000003 0.000000
vn 1.000000 -0.000003 0.000000
vn 1.000000 -0.000003 0.000000
vn 1.000000 0.000000 0.000000
vn 1.000000 0.000000 0.000000
vn 1.000000 0.000000 0.000000
vn 1.000000 0.000000 0.000000
vn 1.000000 -0.000005 0.000000
vn 1.000000 -0.000005 0.000000
vn 1.000000 -0.000005 0.000000
vn 1.000000 -0.000005 0.000000
vn 1.000000 0.000004 0.000000
vn 1.000000 0.000004 0.000000
vn 1.000000 0.000004 0.000000
vn 1.000000 0.000004 0.000000
vn 0.000000 1.000000 -0.000007
vn 0.000000 1.000000 -0.000007
vn 0.000000 1.000000 -0.000007
vn 0.000000 1.000000 -0.000007
vn 0.000000 1.000000 -0.000002
vn 0.000000 1.000000 -0.000002
vn 0.000000 1.000000 -0.000002
vn 0.000000 1.000000 -0.000002
vn -0.000003 1.000000 0.000007
vn -0.000003 1.000000 0.000007
vn -0.000003 1.000000 0.000007
vn -0.000003 1.000000 0.000007
vn -0.000006 1.000000 -0.000013
vn -0.000006 1.000000 -0.000013
vn -0.000006 1.000000 -0.000013
vn -0.000006 1.000000 -0.000013
vn 0.000005 1.000000 0.000006
vn 0.000005 1.000000 0.000006
vn 0.000005 1.000000 0.000006
vn 0.000005 1.000000 0.000006
vn 0.000003 1.000000 0.000010
vn 0.000003 1.000000 0.000010
vn 0.000003 1.000000 0.000010
vn 0.000003 1.000000 0.000010
vn 0.000003 1.000000 0.000013
vn 0.000003 1.000000 0.000013
vn 0.000003 1.000000 0.000013
vn 0.000003 1.000000 0.000013
vn 0.000006 1.000000 0.000010
vn 0.000006 1.000000 0.000010
vn 0.000006 1.000000 0.000010
vn 0.000006 1.000000 0.000010
vn -0.000003 1.000000 -0.000013
vn -0.000003 1.000000 -0.000013
vn -0.000003 1.000000 -0.000013
vn -0.000003 1.000000 -0.000013
vn 0.000003 1.000000 -0.000008
vn 0.000003 1.000000 -0.000008
vn 0.000003 1.000000 -0.000008
vn 0.000003 1.000000 -0.000008
vn -0.000003 1.000000 0.000007
vn -0.000003 1.000000 0.000007
vn -0.000003 1.000000 0.000007
vn -0.000003 1.000000 0.000007
vn -0.000003 1.000000 0.000006
vn -0.000003 1.000000 0.000006
vn -0.000003 1.000000 0.000006
vn -0.000003 1.000000 0.000006
vn -0.000003 1.000000 0.000000
vn -0.000003 1.000000 0.000000
vn -0.000003 1.000000 0.000000
vn -0.000003 1.000000 0.000000
vn -0.000003 1.000000 0.000001
vn -0.000003 1.000000 0.000001
vn -0.000003 1.000000 0.000001
vn -0.000003 1.000000 0.000001
vn 0.000003 1.000000 -0.000007
vn 0.000003 1.000000 -0.000007
vn 0.000003 1.000000 -0.000007
vn 0.000003 1.000000 -0.000007
vn -0.000003 1.000000 -0.000003
vn -0.000003 1.000000 -0.000003
vn -0.000003 1.000000 -0.000003
vn -0.000003 1.000000 -0.000003
vn 0.000000 1.000000 -0.000006
vn 0.000000 1.000000 -0.000006
vn 0.000000 1.000000 -0.000006
vn 0.000000 1.000000 -0.000006
vn 0.000000 1.000000 -0.000002
vn 0.000000 1.000000 -0.000002
vn 0.000000 1.000000 -0.000002
vn 0.000000 1.000000 -0.000002
vn -0.000003 1.000000 0.000006
vn -0.000003 1.000000 0.000006
vn -0.000003 1.000000 0.000006
vn -0.000003 1.000000 0.000006
vn -0.000003 1.000000 0.000009
vn -0.000003 1.000000 0.000009
vn -0.000003 1.000000 0.000009
vn -0.000003 1.000000 0.000009
vn 0.000003 1.000000 -0.000013
vn 0.000003 1.000000 -0.000013
vn 0.000003 1.000000 -0.000013
vn 0.000003 1.000000 -0.000013
vn 0.000000 1.000000 0.000004
vn 0.000000 1.000000 0.000004
vn 0.000000 1.000000 0.000004
vn 0.000000 1.000000 0.000004
vn 0.000000 1.000000 -0.000013
vn 0.000000 1.000000 -0.000013
vn 0.000000 1.000000 -0.000013
vn 0.000000 1.000000 -0.000013
vn 0.000000 1.000000 0.000003
vn 0.000000 1.000000 0.000003
vn 0.000000 1.000000 0.000003
vn 0.000000 1.000000 0.000003
vn 0.000003 1.000000 0.000013
vn 0.000003 1.000000 0.000013
vn 0.000003 1.000000 0.000013
vn 0.000003 1.000000 0.000013
vn 0.000000 1.000000 -0.000004
vn 0.000000 1.000000 -0.000004
vn 0.000000 1.000000 -0.000004
vn 0.000000 1.000000 -0.000004
vn 0.000000 1.000000 -0.000007
vn 0.000000 1.000000 -0.000007
vn 0.000000 1.000000 -0.000007
vn 0.000000 1.000000 -0.000007
vn 0.432762 0.000002 0.901508
vn 0.432762 0.000002 0.901508
vn 0.432761 0.000000 0.901509
vn 0.432761 0.000000 0.901508
vn 0.432761 0.000000 0.901509
vn 0.432761 0.000000 0.901509
vn 0.432762 -0.000005 0.901508
vn 0.432762 -0.000005 0.901508
vn 0.432762 -0.000005 0.901508
vn 0.432762 -0.000005 0.901508
vn 0.432762 -0.000001 0.901508
vn 0.432762 -0.000001 0.901508
vn 0.432762 -0.000001 0.901508
vn 0.432762 -0.000001 0.901508
vn 0.432762 0.000001 0.901508
vn 0.432762 0.000001 0.901508
vn 0.432762 0.000001 0.901508
vn 0.432762 0.000001 0.901508
vn 0.432762 -0.000001 0.901508
vn 0.432762 -0.000001 0.901508
vn 0.432762 -0.000001 0.901508
vn 0.432762 -0.000001 0.901508
vn 0.432761 -0.000000 0.901509
vn 0.432761 -0.000000 0.901509
vn 0.432761 -0.000000 0.901509
vn 0.432761 -0.000000 0.901509
vn 0.432762 0.000000 0.901508
vn 0.432762 0.000000 0.901508
vn 0.432762 0.000000 0.901508
vn 0.432762 0.000000 0.901508
vn 0.432762 0.000001 0.901508
vn 0.432762 0.000001 0.901508
vn 0.432762 0.000001 0.901508
vn 0.432762 0.000001 0.901508
vn 0.432761 0.000003 0.901509
vn 0.432761 0.000003 0.901509
vn 0.432761 0.000003 0.901509
vn 0.432761 0.000003 0.901509
vn 0.432762 -0.000002 0.901509
vn 0.432761 -0.000002 0.901509
vn 0.432762 -0.000002 0.901509
vn 0.432761 -0.000002 0.901509
vn 0.432762 -0.000002 0.901508
vn 0.432762 -0.000002 0.901508
vn 0.432762 -0.000002 0.901508
vn 0.432762 -0.000002 0.901508
vn 0.432762 -0.000002 0.901508
vn 0.432762 -0.000002 0.901508
vn 0.432762 -0.000002 0.901508
vn 0.432762 -0.000002 0.901508
vn 0.432762 -0.000005 0.901508
vn 0.432762 -0.000005 0.901508
vn 0.432762 -0.000005 0.901508
vn 0.432762 -0.000005 0.901508
vn 0.432762 0.000000 0.901508
vn 0.432762 0.000000 0.901508
vn 0.432762 0.000000 0.901508
vn 0.432762 0.000000 0.901508
vn 0.432762 -0.000000 0.901508
vn 0.432762 -0.000000 0.901508
vn 0.432762 -0.000000 0.901508
vn 0.432762 -0.000000 0.901508
vn 0.432762 -0.000001 0.901509
vn 0.432762 -0.000001 0.901508
vn 0.432762 -0.000001 0.901508
vn 0.432762 -0.000001 0.901508
vn 0.432762 -0.000001 0.901508
vn 0.432762 -0.000001 0.901508
vn 0.432762 -0.000001 0.901508
vn 0.432762 -0.000001 0.901508
vn 0.432761 -0.000003 0.901509
vn 0.432761 -0.000003 0.901509
vn 0.432761 -0.000003 0.901509
vn 0.432761 -0.000003 0.901509
vn 0.432761 -0.000004 0.901508
vn 0.432761 -0.000004 0.901508
vn 0.432761 -0.000004 0.901508
vn 0.432762 -0.000004 0.901508
vn 0.432762 0.000000 0.901508
vn 0.432762 0.000000 0.901508
vn 0.432762 0.000000 0.901508
vn 0.432762 0.000000 0.901508
vn 0.432762 -0.000006 0.901508
vn 0.432762 -0.000006 0.901508
vn 0.432762 -0.000006 0.901508
vn 0.432762 -0.000006 0.901508
vn 0.432762 0.000003 0.901508
vn 0.432762 0.000003 0.901508
vn 0.432762 0.000003 0.901508
vn 0.432762 0.000003 0.901508
vn 0.432762 0.000003 0.901508
vn 0.432762 0.000003 0.901508
vn 0.432762 0.000003 0.901508
vn 0.432762 0.000003 0.901508
vn 0.432762 0.000001 0.901508
vn 0.432762 0.000001 0.901508
vn 0.432762 0.000001 0.901508
vn 0.432762 0.000001 0.901508
vn 0.432762 0.000003 0.901508
vn 0.432762 0.000003 0.901508
vn 0.432762 0.000003 0.901508
vn 0.432762 0.000003 0.901508
vn 0.432762 0.000002 0.901508
vn 0.432762 0.000002 0.901508
vn 0.432762 0.000002 0.901508
vn 0.432762 0.000002 0.901508
vn -0.000000 1.000000 0.000000
vn -0.000000 1.000000 0.000000
vn -0.000000 1.000000 0.000000
vn -0.000000 1.000000 0.000000
vn -0.000000 1.000000 0.000000
vn -0.000000 1.000000 0.000000
vn -0.000000 1.000000 0.000000
vn -0.000000 1.000000 0.000000
vn -0.000000 1.000000 0.000000
vn -0.000000 1.000000 0.000000
vn -0.000000 1.000000 0.000000
vn -0.000000 1.000000 0.000000
vn -0.000000 1.000000 0.000000
vn -0.000000 1.000000 0.000000
vn 0.000000 1.000000 0.000000
vn 0.000000 1.000000 0.000000
vn 0.000000 1.000000 0.000000
vn 0.000000 1.000000 0.000000
vn 0.000000 1.000000 0.000000
vn 0.000000 1.000000 0.000000
vn 0.000000 1.000000 0.000000
vn 0.000000 1.000000 0.000000
vn -0.000000 1.000000 0.000000
vn -0.000000 1.000000 0.000000
vn -0.000000 1.000000 0.000000
vn -0.000000 1.000000 0.000000
vn 0.000000 1.000000 0.000000
vn 0.000000 1.000000 0.000000
vn 0.000000 1.000000 0.000000
vn 0.000000 1.000000 0.000000
vn 0.000000 1.000000 0.000000
vn 0.000000 1.000000 0.000000
vn 0.000000 1.000000 0.000000
vn 0.000000 1.000000 0.000000
vn -0.000000 1.000000 0.000000
vn -0.000000 1.000000 0.000000
vn -0.000000 1.000000 0.000000
vn -0.000000 1.000000 0.000000
vn 0.000000 1.000000 0.000000
vn 0.000000 1.000000 0.000000
vn 0.000000 1.000000 0.000000
vn 0.000000 1.000000 0.000000
vn 0.000000 1.000000 0.000000
vn 0.000000 1.000000 0.000000
vn 0.000000 1.000000 0.000000
vn 0.000000 1.000000 0.000000
vn 0.000000 1.000000 0.000000
vn 0.000000 1.000000 0.000000
vn 0.000000 1.000000 0.000000
vn 0.000000 1.000000 0.000000
vn 0.000000 1.000000 0.000000
vn 0.000000 1.000000 0.000000
vn 0.000000 1.000000 0.000000
vn 0.000000 1.000000 0.000000
vn 0.000000 1.000000 0.000000
vn 0.000000 1.000000 0.000000
vn 0.000000 1.000000 0.000000
vn 0.000000 1.000000 0.000000
vn -0.000000 1.000000 0.000000
vn -0.000000 1.000000 0.000000
vn -0.000000 1.000000 0.000000
vn -0.000000 1.000000 0.000000
vn -0.000000 1.000000 -0.000000
vn -0.000000 1.000000 -0.000000
vn -0.000000 1.000000 -0.000000
vn -0.000000 1.000000 -0.000000
vn -0.000000 1.000000 -0.000000
vn -0.000000 1.000000 -0.000000
vn -0.000000 1.000000 -0.000000
vn -0.000000 1.000000 -0.000000
vn 0.000000 1.000000 -0.000000
vn 0.000000 1.000000 -0.000000
vn 0.000000 1.000000 -0.000000
vn 0.000000 1.000000 -0.000000
vn 0.000000 1.000000 0.000000
vn 0.000000 1.000000 0.000000
vn 0.000000 1.000000 0.000000
vn 0.000000 1.000000 0.000000
vn -0.000000 1.000000 0.000000
vn -0.000000 1.000000 0.000000
vn -0.000000 1.000000 0.000000
vn -0.000000 1.000000 0.000000
vn -0.000001 1.000000 0.000000
vn -0.000001 1.000000 0.000000
vn -0.000001 1.000000 0.000000
vn -0.000001 1.000000 0.000000
vn -0.000000 1.000000 -0.000000
vn -0.000000 1.000000 -0.000000
vn -0.000000 1.000000 -0.000000
vn -0.000000 1.000000 -0.000000
vn 0.000000 1.000000 0.000000
vn 0.000000 1.000000 0.000000
vn 0.000000 1.000000 0.000000
vn 0.000000 1.000000 0.000000
vn -0.000000 1.000000 0.000000
vn -0.000000 1.000000 0.000000
vn -0.000000 1.000000 0.000000
vn -0.000000 1.000000 0.000000
vn 0.000000 1.000000 0.000000
vn 0.000000 1.000000 0.000000
vn 0.000000 1.000000 0.000000
vn 0.000000 1.000000 0.000000
vn 0.000000 1.000000 0.000001
vn 0.000000 1.000000 0.000001
vn 0.000000 1.000000 0.000001
vn 0.000000 1.000000 0.000001
vn 0.000000 1.000000 0.000000
vn 0.000000 1.000000 0.000000
vn -0.000000 1.000000 -0.000000
vn -0.000000 1.000000 -0.000000
vn -0.000000 1.000000 0.000000
vn -0.000000 1.000000 0.000000
vn -0.000000 1.000000 0.000000
vn -0.000000 1.000000 0.000000
vn 0.000000 1.000000 0.000000
vn 0.000000 1.000000 0.000000
vn 0.000000 1.000000 0.000000
vn 0.000000 1.000000 0.000000
vn 0.000000 1.000000 0.000000
vn 0.000000 1.000000 0.000000
vn -0.000000 1.000000 0.000000
vn -0.000000 1.000000 0.000000
vn -0.000000 1.000000 0.000000
vn -0.000000 1.000000 0.000000
vn -0.000000 1.000000 0.000000
vn -0.000000 1.000000 0.000000
vn -0.000000 1.000000 0.000000
vn -0.000000 1.000000 0.000000
vn -0.000000 1.000000 -0.000000
vn -0.000000 1.000000 -0.000000
vn -0.000000 1.000000 -0.000000
vn -0.000000 1.000000 -0.000000
vn -0.000000 1.000000 0.000000
vn -0.000000 1.000000 0.000000
vn -0.000000 1.000000 0.000000
vn -0.000000 1.000000 0.000000
vn -0.000000 1.000000 0.000000
vn -0.000000 1.000000 0.000000
vn -0.000000 1.000000 0.000000
vn -0.000000 1.000000 0.000000
vn 0.000000 1.000000 -0.000000
vn 0.000000 1.000000 -0.000000
vn 0.000000 1.000000 -0.000000
vn 0.000000 1.000000 -0.000000
vn -0.000000 1.000000 0.000000
vn -0.000000 1.000000 0.000000
vn -0.000000 1.000000 0.000000
vn -0.000000 1.000000 0.000000
vn -0.000000 1.000000 0.000000
vn -0.000000 1.000000 0.000000
vn 0.000000 1.000000 0.000000
vn 0.000000 1.000000 0.000000
vn 0.000000 1.000000 0.000000
vn 0.000000 1.000000 0.000000
vn -0.000000 1.000000 0.000000
vn -0.000000 1.000000 0.000000
vn -0.000000 1.000000 0.000000
vn -0.000000 1.000000 0.000000
vn -0.000000 1.000000 0.000000
vn -0.000000 1.000000 0.000000
vn -0.000000 1.000000 0.000000
vn -0.000000 1.000000 0.000000
vn 0.000000 1.000000 0.000000
vn 0.000000 1.000000 0.000000
vn 0.000000 1.000000 0.000000
vn 0.000000 1.000000 0.000000
vn -0.000000 1.000000 -0.000000
vn -0.000000 1.000000 0.000000
vn -0.000000 1.000000 0.000000
vn -0.000000 1.000000 0.000000
vn -0.000000 1.000000 -0.000000
vn -0.000000 1.000000 -0.000000
vn -0.000000 1.000000 0.000000
vn -0.000000 1.000000 0.000000
vn -0.000000 1.000000 0.000000
vn -0.000000 1.000000 0.000000
vn -0.000000 1.000000 0.000000
vn -0.000000 1.000000 0.000000
vn -0.000000 1.000000 0.000000
vn -0.000000 1.000000 0.000000
vn -0.000000 1.000000 0.000000
vn -0.000000 1.000000 0.000000
vn -0.000000 1.000000 0.000000
vn -0.000000 1.000000 0.000000
vn -0.000000 1.000000 0.000000
vn -0.000000 1.000000 0.000000
vn -0.000000 1.000000 0.000000
vn -0.000000 1.000000 0.000000
vn -0.000000 1.000000 0.000000
vn -0.000000 1.000000 0.000000
vn 0.000000 1.000000 0.000000
vn 0.000000 1.000000 0.000000
vn 0.000000 1.000000 0.000000
vn 0.000000 1.000000 0.000000
vn 0.000000 1.000000 -0.000000
vn 0.000000 1.000000 -0.000000
vn 0.000000 1.000000 -0.000000
vn 0.000000 1.000000 -0.000000
vn 0.000000 1.000000 -0.000000
vn 0.000000 1.000000 -0.000000
vn 0.000000 1.000000 -0.000000
vn 0.000000 1.000000 -0.000000
vn 0.000000 1.000000 0.000000
vn 0.000000 1.000000 0.000000
vn 0.000000 1.000000 0.000000
vn 0.000000 1.000000 0.000000
vn -0.000000 1.000000 -0.000000
vn -0.000000 1.000000 -0.000000
vn -0.000000 1.000000 -0.000000
vn -0.000000 1.000000 -0.000000
vn 0.000000 1.000000 0.000000
vn 0.000000 1.000000 0.000000
vn 0.000000 1.000000 0.000000
vn 0.000000 1.000000 0.000000
vn -0.000000 1.000000 -0.000000
vn -0.000000 1.000000 -0.000000
vn -0.000000 1.000000 -0.000000
vn -0.000000 1.000000 -0.000000
vn -0.000000 1.000000 0.000000
vn -0.000000 1.000000 0.000000
vn -0.000000 1.000000 0.000000
vn -0.000000 1.000000 0.000000
vn 0.000000 1.000000 0.000000
vn 0.000000 1.000000 0.000000
vn 0.000000 1.000000 0.000000
vn 0.000000 1.000000 0.000000
vn 0.000000 1.000000 0.000000
vn 0.000000 1.000000 0.000000
vn 0.000000 1.000000 0.000000
vn 0.000000 1.000000 0.000000
vn -0.000000 1.000000 0.000000
vn -0.000000 1.000000 0.000000
vn -0.000000 1.000000 0.000000
vn -0.000000 1.000000 0.000000
vn 0.000000 1.000000 0.000000
vn 0.441131 0.023163 -0.897144
vn 0.394653 0.447270 -0.802620
vn 0.000000 1.000000 0.000000
vn 0.000000 1.000000 -0.000000
vn 0.000000 1.000000 -0.000000
vn -0.000000 1.000000 0.000000
vn -0.000000 1.000000 0.000000
vn -0.000000 1.000000 0.000000
vn -0.000000 1.000000 0.000000
vn 0.000000 1.000000 0.000000
vn 0.000000 1.000000 0.000000
vn 0.000000 1.000000 0.000000
vn 0.000000 1.000000 0.000000
vn 0.000000 1.000000 0.000000
vn 0.000000 1.000000 0.000000
vn -0.000000 1.000000 0.000000
vn -0.000000 1.000000 0.000000
vn -0.000000 1.000000 0.000000
vn -0.000000 1.000000 0.000000
vn 0.000000 1.000000 -0.000000
vn 0.000000 1.000000 -0.000000
vn 0.000000 1.000000 -0.000000
vn 0.000000 1.000000 -0.000000
vn -0.000000 1.000000 0.000000
vn -0.000000 1.000000 0.000000
vn -0.000000 1.000000 0.000000
vn -0.000000 1.000000 0.000000
vn -0.000000 1.000000 0.000000
vn -0.000000 1.000000 0.000000
vn -0.000000 1.000000 0.000000
vn -0.000000 1.000000 0.000000
vn 0.441250 0.000004 -0.897384
vn 0.441250 0.000004 -0.897384
vn 0.441250 0.000002 -0.897385
vn 0.441250 0.000002 -0.897384
vn 0.441250 0.000000 -0.897385
vn 0.441250 0.000000 -0.897385
vn 0.441250 0.000000 -0.897384
vn 0.441250 0.000000 -0.897385
vn 0.441250 0.000001 -0.897384
vn 0.441250 0.000001 -0.897384
vn 0.441250 0.000001 -0.897384
vn 0.441250 0.000001 -0.897384
vn 0.441250 0.000001 -0.897384
vn 0.441250 0.000001 -0.897384
vn 0.441250 0.000001 -0.897384
vn 0.441250 0.000001 -0.897384
vn 0.441250 0.000001 -0.897384
vn 0.441250 0.000001 -0.897384
vn 0.441250 -0.000001 -0.897384
vn 0.441250 -0.000001 -0.897384
vn 0.441250 -0.000001 -0.897384
vn 0.441250 -0.000001 -0.897384
vn 0.441250 -0.000002 -0.897384
vn 0.441250 -0.000002 -0.897384
vn 0.441250 -0.000002 -0.897384
vn 0.441250 -0.000002 -0.897384
vn 0.441250 0.000002 -0.897384
vn 0.441250 0.000002 -0.897384
vn 0.441250 0.000002 -0.897384
vn 0.441250 0.000002 -0.897384
vn 0.441250 -0.000002 -0.897384
vn 0.441250 -0.000002 -0.897384
vn 0.441250 0.000000 -0.897384
vn 0.441250 0.000000 -0.897384
vn 0.441250 0.000000 -0.897384
vn 0.441250 0.000000 -0.897384
vn 0.441250 0.000000 -0.897384
vn 0.441250 0.000000 -0.897384
vn 0.441250 0.000000 -0.897384
vn 0.441250 0.000000 -0.897384
vn 0.441250 0.000002 -0.897384
vn 0.441250 0.000002 -0.897384
vn 0.441250 0.000002 -0.897384
vn 0.441250 0.000002 -0.897384
vn 0.441250 0.000002 -0.897384
vn 0.441250 0.000002 -0.897384
vn 0.441250 0.000002 -0.897384
vn 0.441250 0.000002 -0.897384
vn 0.441250 0.000000 -0.897384
vn 0.441250 0.000000 -0.897384
vn 0.441250 0.000000 -0.897384
vn 0.441250 0.000000 -0.897384
vn 0.441250 0.000001 -0.897384
vn 0.441250 0.000001 -0.897384
vn 0.441250 0.000001 -0.897384
vn 0.441250 0.000001 -0.897384
vn 0.441250 0.000000 -0.897384
vn 0.441250 0.000000 -0.897384
vn 0.441250 0.000000 -0.897384
vn 0.441250 0.000000 -0.897384
vn 0.441250 -0.000002 -0.897384
vn 0.441250 -0.000002 -0.897384
vn 0.441250 -0.000002 -0.897384
vn 0.441250 -0.000002 -0.897384
vn 0.441250 0.000002 -0.897384
vn 0.441250 0.000002 -0.897384
vn 0.441250 0.000000 -0.897384
vn 0.441250 0.000000 -0.897384
vn 0.441250 0.000000 -0.897384
vn 0.441250 0.000000 -0.897384
vn 0.441250 0.000000 -0.897384
vn 0.441250 0.000000 -0.897384
vn 0.441250 -0.000002 -0.897384
vn 0.441250 -0.000002 -0.897384
vn 0.441250 0.000000 -0.897384
vn 0.441250 0.000000 -0.897384
vn 0.441250 0.000000 -0.897384
vn 0.441250 0.000000 -0.897384
vn 0.441250 -0.000000 -0.897384
vn 0.441250 -0.000000 -0.897384
vn 0.441250 -0.000000 -0.897384
vn 0.441250 -0.000000 -0.897384
vn 0.441250 -0.000001 -0.897384
vn 0.441250 -0.000001 -0.897384
vn 0.441250 -0.000001 -0.897384
vn 0.441250 -0.000001 -0.897384
vn 0.441250 -0.000002 -0.897384
vn 0.441250 -0.000002 -0.897384
vn 0.441250 -0.000002 -0.897384
vn 0.441250 -0.000002 -0.897384
vn 0.441250 0.000002 -0.897384
vn 0.441250 0.000002 -0.897384
vn 0.441250 0.000002 -0.897384
vn 0.441250 0.000002 -0.897384
vn -0.000000 -1.000000 -0.000000
vn -0.000000 -1.000000 -0.000000
vn -0.000000 -1.000000 0.000000
vn -0.000000 -1.000000 0.000000
vn -0.000000 -1.000000 0.000000
vn -0.000000 -1.000000 0.000000
vn -0.000000 -1.000000 0.000000
vn -0.000000 -1.000000 0.000000
vn -0.000000 -1.000000 0.000000
vn -0.000000 -1.000000 0.000000
vn -0.000000 -1.000000 0.000000
vn -0.000000 -1.000000 0.000000
vn -0.000000 -1.000000 0.000000
vn -0.000000 -1.000000 0.000000
vn -0.000000 -1.000000 -0.000000
vn -0.000000 -1.000000 -0.000000
vn -0.000000 -1.000000 -0.000000
vn -0.000000 -1.000000 -0.000000
vn -0.000000 -1.000000 0.000000
vn -0.000000 -1.000000 0.000000
vn -0.000000 -1.000000 0.000000
vn -0.000000 -1.000000 0.000000
vn -0.000000 -1.000000 -0.000000
vn -0.000000 -1.000000 -0.000000
vn -0.000000 -1.000000 -0.000000
vn -0.000000 -1.000000 -0.000000
vn -0.000000 -1.000000 0.000000
vn -0.000000 -1.000000 0.000000
vn -0.000000 -1.000000 0.000000
vn -0.000000 -1.000000 0.000000
vn -0.000000 -1.000000 -0.000000
vn 0.000000 -1.000000 -0.000000
vn 0.000000 -1.000000 -0.000000
vn -0.000000 -1.000000 0.000000
vn -0.000000 -1.000000 0.000000
vn -0.000000 -1.000000 0.000000
vn -0.000000 -1.000000 0.000000
vn -0.000000 -1.000000 -0.000000
vn -0.000000 -1.000000 -0.000000
vn -0.000000 -1.000000 0.000000
vn -0.000000 -1.000000 0.000000
vn -0.000000 -1.000000 0.000000
vn -0.000000 -1.000000 0.000000
vn -0.000000 -1.000000 0.000000
vn -0.000000 -1.000000 0.000000
vn -0.000000 -1.000000 0.000000
vn -0.000000 -1.000000 0.000000
vn -0.000000 -1.000000 0.000000
vn -0.000000 -1.000000 0.000000
vn -0.000000 -1.000000 0.000000
vn -0.000000 -1.000000 0.000000
vn -0.000000 -1.000000 0.000000
vn -0.000000 -1.000000 0.000000
vn -0.000000 -1.000000 0.000000
vn -0.000000 -1.000000 0.000000
vn -0.000000 -1.000000 0.000000
vn -0.000000 -1.000000 0.000000
vn -0.000000 -1.000000 0.000000
vn -0.000000 -1.000000 0.000000
vn -0.000000 -1.000000 0.000000
vn -0.000000 -1.000000 0.000000
vn -0.000000 -1.000000 0.000000
vn -0.000000 -1.000000 0.000000
vn -0.000000 -1.000000 0.000000
vn -0.000000 -1.000000 0.000000
vn -0.000000 -1.000000 0.000000
vn -0.000000 -1.000000 -0.000000
vn -0.000000 -1.000000 -0.000000
vn -0.000000 -1.000000 0.000000
vn -0.000000 -1.000000 0.000000
vn -0.000000 -1.000000 0.000000
vn -0.000000 -1.000000 0.000000
vn -0.000000 -1.000000 0.000000
vn -0.000000 -1.000000 0.000000
vn -0.000000 -1.000000 0.000000
vn -0.000000 -1.000000 0.000000
vn -0.000000 -1.000000 0.000000
vn -0.000000 -1.000000 0.000000
vn -0.000000 -1.000000 0.000000
vn -0.000000 -1.000000 0.000000
vn -0.000000 -1.000000 0.000000
vn -0.000000 -1.000000 0.000000
vn -0.000000 -1.000000 0.000000
vn -0.000000 -1.000000 0.000000
vn -0.000000 -1.000000 -0.000000
vn -0.000000 -1.000000 -0.000000
vn -0.000000 -1.000000 -0.000000
vn -0.000000 -1.000000 -0.000000
vn -0.000000 -1.000000 -0.000000
vn -0.000000 -1.000000 -0.000000
vn -0.000000 -1.000000 0.000000
vn -0.000000 -1.000000 0.000000
vn -0.000000 -1.000000 -0.000000
vn -0.000000 -1.000000 -0.000000
vn -0.000000 -1.000000 -0.000000
vn -0.000000 -1.000000 -0.000000
vn -0.000000 -1.000000 0.000000
vn -0.000000 -1.000000 0.000000
vn -0.000000 -1.000000 0.000000
vn -0.000000 -1.000000 0.000000
vn 0.000000 -1.000000 0.000000
vn 0.000000 -1.000000 0.000000
vn 0.000000 -1.000000 0.000000
vn 0.000000 -1.000000 0.000000
vn -0.000000 -1.000000 -0.000000
vn -0.000000 -1.000000 -0.000000
vn -0.000000 -1.000000 -0.000000
vn -0.000000 -1.000000 -0.000000
vn -0.000000 -1.000000 -0.000000
vn -0.000000 -1.000000 -0.000000
vn -0.000000 -1.000000 -0.000000
vn -0.000000 -1.000000 -0.000000
vn -0.000000 -1.000000 0.000000
vn -0.000000 -1.000000 0.000000
vn -0.000000 -1.000000 0.000000
vn -0.000000 -1.000000 0.000000
vn -0.000000 -1.000000 0.000000
vn -0.000000 -1.000000 0.000000
vn -0.000000 -1.000000 0.000000
vn -0.000000 -1.000000 0.000000
vn -0.000000 -1.000000 0.000000
vn -0.000000 -1.000000 0.000000
vn -0.000000 -1.000000 0.000000
vn -0.000000 -1.000000 0.000000
vn -0.000000 -1.000000 -0.000000
vn -0.000000 -1.000000 -0.000000
vn -0.000000 -1.000000 -0.000000
vn -0.000000 -1.000000 -0.000000
vn -0.000000 -1.000000 0.000000
vn -0.000000 -1.000000 0.000000
vn -0.000000 -1.000000 0.000000
vn -0.000000 -1.000000 0.000000
vn -0.000000 -1.000000 0.000000
vn -0.000000 -1.000000 0.000000
vn -0.000000 -1.000000 -0.000000
vn -0.000000 -1.000000 -0.000000
vn -0.000000 -1.000000 -0.000000
vn -0.000000 -1.000000 -0.000000
vn -0.000000 -1.000000 0.000000
vn -0.000000 -1.000000 0.000000
vn -0.000000 -1.000000 0.000000
vn -0.000000 -1.000000 0.000000
vn -0.000000 -1.000000 -0.000000
vn -0.000000 -1.000000 -0.000000
vn -0.000000 -1.000000 -0.000000
vn -0.000000 -1.000000 -0.000000
vn 0.000000 -1.000000 -0.000000
vn 0.000000 -1.000000 -0.000000
vn 0.000000 -1.000000 -0.000000
vn 0.000000 -1.000000 -0.000000
vn -0.000000 -1.000000 0.000000
vn -0.000000 -1.000000 0.000000
vn -0.000000 -1.000000 0.000000
vn -0.000000 -1.000000 0.000000
vn -0.000000 -1.000000 0.000000
vn -0.000000 -1.000000 0.000000
vn -0.000000 -1.000000 0.000000
vn -0.000000 -1.000000 0.000000
vn -0.000000 -1.000000 0.000000
vn -0.000000 -1.000000 0.000000
vn -0.000000 -1.000000 -0.000000
vn -0.000000 -1.000000 -0.000000
vn -0.000000 -1.000000 -0.000000
vn -0.000000 -1.000000 -0.000000
vn -0.000000 -1.000000 0.000000
vn -0.000000 -1.000000 0.000000
vn -0.000000 -1.000000 0.000000
vn -0.000000 -1.000000 0.000000
vn -0.000000 -1.000000 0.000000
vn -0.000000 -1.000000 0.000000
vn -0.000000 -1.000000 0.000000
vn -0.000000 -1.000000 0.000000
vn -0.000000 -1.000000 0.000000
vn -0.000000 -1.000000 0.000000
vn -0.000000 -1.000000 0.000000
vn -0.000000 -1.000000 0.000000
vn -0.000000 -1.000000 -0.000000
vn -0.000000 -1.000000 -0.000000
vn -0.000000 -1.000000 -0.000000
vn -0.000000 -1.000000 -0.000000
vn -0.000000 -1.000000 0.000000
vn -0.000000 -1.000000 0.000000
vn -0.000000 -1.000000 0.000000
vn -0.000000 -1.000000 0.000000
vn -0.000000 -1.000000 0.000000
vn -0.000000 -1.000000 0.000000
vn -0.000000 -1.000000 0.000000
vn -0.000000 -1.000000 0.000000
vn -0.000000 -1.000000 -0.000000
vn -0.000000 -1.000000 -0.000000
vn -0.000000 -1.000000 0.000000
vn -0.000000 -1.000000 0.000000
vn -0.000000 -1.000000 -0.000000
vn -0.000000 -1.000000 -0.000000
vn -0.000000 -1.000000 -0.000000
vn -0.000000 -1.000000 -0.000000
vn -0.000000 -1.000000 -0.000000
vn -0.000000 -1.000000 -0.000000
vn -0.000000 -1.000000 0.000000
vn -0.000000 -1.000000 0.000000
vn -0.000000 -1.000000 0.000000
vn -0.000000 -1.000000 0.000000
vn -0.000000 -1.000000 -0.000000
vn -0.000000 -1.000000 -0.000000
vn -0.000000 -1.000000 -0.000000
vn -0.000000 -1.000000 -0.000000
vn -0.000000 -1.000000 0.000000
vn -0.000000 -1.000000 0.000000
vn -0.000000 -1.000000 0.000000
vn -0.000000 -1.000000 0.000000
vn -0.000000 -1.000000 0.000000
vn -0.000000 -1.000000 0.000000
vn -0.000000 -1.000000 0.000000
vn -0.000000 -1.000000 0.000000
vn -0.000000 -1.000000 0.000000
vn -0.000000 -1.000000 0.000000
vn -0.000000 -1.000000 0.000000
vn -0.000000 -1.000000 0.000000
vn 0.000000 -1.000000 0.000000
vn -0.000000 -1.000000 0.000000
vn -0.000000 -1.000000 0.000000
vn -0.000000 -1.000000 0.000000
vn -0.000000 -1.000000 0.000000
vn -0.000000 -1.000000 0.000000
vn -0.000000 -1.000000 0.000000
vn -0.000000 -1.000000 -0.000000
vn -0.000000 -1.000000 -0.000000
vn -0.000000 -1.000000 -0.000000
vn -0.000000 -1.000000 -0.000000
vn -0.000000 -1.000000 -0.000000
vn -0.000000 -1.000000 -0.000000
vn -0.000000 -1.000000 0.000000
vn -0.000000 -1.000000 0.000000
vn -0.000000 -1.000000 0.000000
vn -0.000000 -1.000000 0.000000
vn 0.000000 -1.000000 0.000000
vn 0.000000 -1.000000 0.000000
vn 0.000000 -1.000000 0.000000
vn 0.000000 -1.000000 0.000000
vn 0.000000 -1.000000 0.000000
vn 0.000000 -1.000000 0.000000
vn 0.000000 -1.000000 0.000000
vn 0.000000 -1.000000 0.000000
vn -0.000000 -1.000000 -0.000000
vn -0.000000 -1.000000 -0.000000
vn -0.000000 -1.000000 -0.000000
vn -0.000000 -1.000000 -0.000000
vn -0.000000 -1.000000 0.000000
vn 0.000000 -1.000000 -0.000000
vn 0.000000 -1.000000 -0.000000
vn 0.000000 -1.000000 0.000000
vn 0.000000 -1.000000 0.000000
vn 0.000000 -1.000000 0.000000
vn 0.000000 -1.000000 0.000000
vn -0.000000 -1.000000 -0.000000
vn -0.000000 -1.000000 -0.000000
vn -0.000000 -1.000000 0.000000
vn -0.000000 -1.000000 0.000000
vn -0.000000 -1.000000 0.000000
vn -0.000000 -1.000000 0.000000
vn 0.000000 -1.000000 0.000000
vn 0.000000 -1.000000 0.000000
vn 0.000000 -1.000000 0.000000
vn 0.000000 -1.000000 0.000000
vn -0.000000 -1.000000 -0.000000
vn -0.000000 -1.000000 -0.000000
vn -0.000000 -1.000000 -0.000000
vn -0.000000 -1.000000 -0.000000
vn -0.000000 -1.000000 -0.000000
vn -0.000000 -1.000000 -0.000000
vn -0.000000 -1.000000 -0.000000
vn -0.000000 -1.000000 -0.000000
vn -0.000000 -1.000000 0.000000
vn -0.000000 -1.000000 0.000000
vn -0.000000 -1.000000 0.000000
vn -0.000000 -1.000000 0.000000
vn 0.000000 -1.000000 -0.000000
vn 0.000000 -1.000000 -0.000000
vn 0.000000 -1.000000 -0.000000
vn 0.000000 -1.000000 -0.000000
vn 0.000000 -1.000000 -0.000000
vn 0.000000 -1.000000 -0.000000
vn 0.000000 -1.000000 0.000000
vn 0.000000 -1.000000 0.000000
vn 0.000000 -1.000000 0.000000
vn 0.000000 -1.000000 0.000000
vn 0.000000 -1.000000 0.000000
vn 0.000000 -1.000000 0.000000
vn 0.000000 -1.000000 0.000000
vn 0.000000 -1.000000 0.000000
vn 0.000000 -1.000000 0.000000
vn 0.000000 -1.000000 0.000000
vn 0.000000 -1.000000 0.000000
vn 0.000000 -1.000000 0.000000
vn 0.000000 -1.000000 0.000000
vn 0.000000 -1.000000 0.000000
vn 0.000000 -1.000000 0.000000
vn 0.000000 -1.000000 0.000000
vn 0.000000 -1.000000 0.000000
vn 0.000000 -1.000000 0.000000
vn 0.000000 -1.000000 0.000000
vn 0.000000 -1.000000 0.000000
vn 0.000000 -1.000000 0.000000
vn 0.000000 -1.000000 0.000000
vn 0.000000 -1.000000 0.000000
vn 0.000000 -1.000000 0.000000
vn 0.000000 -1.000000 0.000000
vn 0.000000 -1.000000 0.000000
vn 0.000000 -1.000000 0.000000
vn 0.000000 -1.000000 0.000000
vn -0.998765 0.000009 -0.049689
vn -0.998765 0.000009 -0.049689
vn -0.998765 0.000000 -0.049689
vn -0.998765 0.000000 -0.049689
vn -0.998765 0.000000 -0.049689
vn -0.998765 0.000000 -0.049689
vn -0.998765 0.000009 -0.049689
vn -0.998765 0.000009 -0.049689
vn -0.998765 0.000009 -0.049689
vn -0.998765 0.000009 -0.049689
vn -0.998765 0.000002 -0.049690
vn -0.998765 0.000002 -0.049690
vn -0.998765 0.000002 -0.049690
vn -0.998765 0.000002 -0.049690
vn -0.998765 0.000000 -0.049690
vn -0.998765 0.000000 -0.049690
vn -0.998765 0.000000 -0.049690
vn -0.998765 0.000000 -0.049690
vn -0.998765 0.000002 -0.049690
vn -0.998765 0.000002 -0.049690
vn -0.998765 0.000002 -0.049690
vn -0.998765 0.000002 -0.049690
vn -0.998765 0.000000 -0.049689
vn -0.998765 0.000000 -0.049689
vn -0.998765 0.000000 -0.049689
vn -0.998765 0.000000 -0.049689
vn -0.998765 0.000005 -0.049689
vn -0.998765 0.000005 -0.049689
vn -0.998765 0.000005 -0.049689
vn -0.998765 0.000005 -0.049689
vn -0.998765 0.000000 -0.049689
vn -0.998765 0.000000 -0.049689
vn -0.998765 0.000000 -0.049689
vn -0.998765 0.000000 -0.049689
vn -0.998765 0.000000 -0.049690
vn -0.998765 0.000000 -0.049690
vn -0.998765 0.000000 -0.049690
vn -0.998765 0.000000 -0.049690
vn -0.998765 0.000000 -0.049690
vn -0.998765 0.000000 -0.049690
vn -0.998765 0.000000 -0.049690
vn -0.998765 0.000000 -0.049690
vn -0.998765 0.000000 -0.049690
vn -0.998765 0.000000 -0.049690
vn -0.998765 0.000000 -0.049690
vn -0.998765 0.000000 -0.049690
vn -0.998765 0.000000 -0.049689
vn -0.998765 0.000000 -0.049689
vn -0.998765 0.000000 -0.049689
vn -0.998765 0.000000 -0.049689
vn -0.998765 0.000009 -0.049690
vn -0.998765 0.000009 -0.049690
vn -0.998765 0.000009 -0.049690
vn -0.998765 0.000009 -0.049690
vn -0.998765 -0.000009 -0.049690
vn -0.998765 -0.000009 -0.049690
vn -0.998765 -0.000009 -0.049690
vn -0.998765 -0.000009 -0.049690
vn -0.998765 0.000000 -0.049689
vn -0.998765 0.000000 -0.049689
vn -0.998765 0.000000 -0.049689
vn -0.998765 0.000000 -0.049689
vn -0.998765 0.000009 -0.049689
vn -0.998765 0.000009 -0.049689
vn -0.998765 0.000009 -0.049689
vn -0.998765 0.000009 -0.049689
vn -0.998765 0.000009 -0.049690
vn -0.998765 0.000009 -0.049690
vn -0.998765 0.000009 -0.049690
vn -0.998765 0.000009 -0.049690
vn -0.998765 0.000000 -0.049690
vn -0.998765 0.000000 -0.049690
vn -0.998765 0.000000 -0.049690
vn -0.998765 0.000000 -0.049690
vn -0.998765 0.000000 -0.049690
vn -0.998765 0.000000 -0.049690
vn -0.998765 0.000000 -0.049690
vn -0.998765 0.000000 -0.049690
vn -0.998765 0.000000 -0.049690
vn -0.998765 0.000000 -0.049690
vn -0.998765 0.000000 -0.049690
vn -0.998765 0.000000 -0.049690
vn -0.998765 -0.000000 -0.049690
vn -0.998765 -0.000000 -0.049690
vn -0.998765 -0.000000 -0.049690
vn -0.998765 -0.000000 -0.049690
vn -0.998765 -0.000018 -0.049689
vn -0.998765 -0.000018 -0.049689
vn -0.998765 -0.000018 -0.049689
vn -0.998765 -0.000018 -0.049689
vn -0.998765 -0.000009 -0.049689
vn -0.998765 -0.000009 -0.049689
vn -0.998765 -0.000009 -0.049689
vn -0.998765 -0.000009 -0.049689
vn -0.998765 0.000000 -0.049690
vn -0.998765 0.000000 -0.049690
vn -0.998765 0.000000 -0.049690
vn -0.998765 0.000000 -0.049690
vn -0.998765 0.000000 -0.049690
vn -0.998765 0.000000 -0.049690
vn -0.998765 0.000000 -0.049690
vn -0.998765 0.000000 -0.049690
vn -0.998765 0.000009 -0.049689
vn -0.998765 0.000009 -0.049689
vn -0.998765 0.000009 -0.049689
vn -0.998765 0.000009 -0.049689
vn -0.000000 1.000000 -0.000000
vn -0.000000 1.000000 -0.000000
vn -0.000000 1.000000 -0.000000
vn -0.000000 1.000000 -0.000000
vn 0.000000 1.000000 0.000000
vn 0.000000 1.000000 0.000000
vn 0.000000 1.000000 0.000000
vn 0.000000 1.000000 0.000000
vn 0.000000 1.000000 0.000000
vn 0.000000 1.000000 0.000000
vn 0.000000 1.000000 0.000000
vn 0.000000 1.000000 0.000000
vn 0.000000 1.000000 0.000000
vn 0.000000 1.000000 0.000000
vn 0.000000 1.000000 0.000000
vn 0.000000 1.000000 0.000000
vn 0.000000 1.000000 0.000000
vn 0.000000 1.000000 0.000000
vn 0.000000 1.000000 0.000000
vn 0.000000 1.000000 0.000000
vn 0.000000 1.000000 0.000000
vn 0.000000 1.000000 0.000000
vn 0.000000 1.000000 0.000000
vn 0.000000 1.000000 0.000000
vn 0.000000 1.000000 0.000000
vn 0.000000 1.000000 0.000000
vn 0.000000 1.000000 0.000000
vn 0.000000 1.000000 0.000000
vn 0.000000 1.000000 0.000000
vn 0.000000 1.000000 0.000000
vn -0.000000 1.000000 0.000000
vn 0.000000 1.000000 0.000000
vn 0.000000 1.000000 0.000000
vn 0.000000 1.000000 0.000000
vn -0.000000 1.000000 -0.000000
vn -0.000000 1.000000 -0.000000
vn -0.000000 1.000000 -0.000000
vn -0.000000 1.000000 -0.000000
vn 0.000000 1.000000 -0.000000
vn 0.000000 1.000000 -0.000000
vn -0.000000 1.000000 -0.000000
vn -0.000000 1.000000 -0.000000
vn -0.000000 1.000000 -0.000000
vn -0.000000 1.000000 -0.000000
vn 0.000000 1.000000 0.000000
vn 0.000000 1.000000 0.000000
vn 0.000000 1.000000 0.000000
vn 0.000000 1.000000 0.000000
vn 0.000000 1.000000 -0.000000
vn 0.000000 1.000000 -0.000000
vn 0.000000 1.000000 -0.000000
vn 0.000000 1.000000 -0.000000
vn -0.000000 1.000000 -0.000000
vn -0.000000 1.000000 -0.000000
vn -0.000000 1.000000 -0.000000
vn -0.000000 1.000000 -0.000000
vn -0.000000 1.000000 -0.000000
vn -0.000000 1.000000 -0.000000
vn -0.000000 1.000000 -0.000000
vn -0.000000 1.000000 -0.000000
vn -0.000000 1.000000 0.000000
vn -0.000000 1.000000 -0.000000
vn -0.000000 1.000000 0.000000
vn -0.000000 1.000000 0.000000
vn -0.000000 1.000000 0.000000
vn -0.000000 1.000000 0.000000
vn -0.000000 1.000000 0.000000
vn -0.000000 1.000000 0.000000
vn -0.000000 1.000000 0.000000
vn 0.000000 1.000000 0.000000
vn 0.000000 1.000000 0.000000
vn 0.000000 1.000000 0.000000
vn 0.000000 1.000000 0.000000
vn 0.000000 1.000000 0.000000
vn 0.000000 1.000000 0.000000
vn 0.000000 1.000000 -0.000000
vn 0.000000 1.000000 -0.000000
vn 0.000000 1.000000 -0.000000
vn 0.000000 1.000000 -0.000000
vn 0.000000 1.000000 0.000000
vn 0.000000 1.000000 0.000000
vn 0.000000 1.000000 0.000000
vn 0.000000 1.000000 0.000000
vn 0.000000 1.000000 -0.000000
vn 0.000000 1.000000 -0.000000
vn 0.000000 1.000000 -0.000000
vn 0.000000 1.000000 -0.000000
vn 0.000000 1.000000 0.000000
vn 0.000000 1.000000 0.000000
vn 0.000000 1.000000 0.000000
vn 0.000000 1.000000 0.000000
vn 0.000000 1.000000 -0.000000
vn 0.000000 1.000000 -0.000000
vn 0.000000 1.000000 -0.000000
vn 0.000000 1.000000 -0.000000
vn 0.000000 1.000000 0.000000
vn 0.000000 1.000000 0.000000
vn 0.000000 1.000000 0.000000
vn 0.000000 1.000000 0.000000
vn 0.000000 1.000000 0.000000
vn 0.000000 1.000000 0.000000
vn 0.000000 1.000000 0.000000
vn 0.000000 1.000000 0.000000
vn 0.000000 1.000000 0.000000
vn 0.000000 1.000000 0.000000
vn 0.000000 1.000000 0.000000
vn 0.000000 1.000000 0.000000
vn 0.000000 1.000000 0.000000
vn 0.000000 1.000000 0.000000
vn 0.000000 1.000000 0.000000
vn 0.000000 1.000000 0.000000
vn 0.000000 1.000000 0.000000
vn 0.000000 1.000000 0.000000
vn 0.000000 1.000000 0.000000
vn 0.000000 1.000000 0.000000
vn 0.000000 1.000000 0.000000
vn 0.000000 1.000000 0.000000
vn 0.000000 1.000000 0.000000
vn 0.000000 1.000000 0.000000
vn 0.000000 1.000000 0.000000
vn 0.000000 1.000000 0.000000
vn 0.000000 1.000000 0.000000
vn 0.000000 1.000000 0.000000
vn 0.000000 1.000000 -0.000000
vn 0.000000 1.000000 -0.000000
vn 0.000000 1.000000 -0.000000
vn 0.000000 1.000000 -0.000000
vn 0.000000 1.000000 0.000000
vn 0.000000 1.000000 0.000000
vn 0.000000 1.000000 0.000000
vn 0.000000 1.000000 0.000000
vn 0.000000 1.000000 -0.000000
vn 0.000000 1.000000 -0.000000
vn 0.000000 1.000000 -0.000000
vn 0.000000 1.000000 -0.000000
vn 0.000000 1.000000 0.000000
vn 0.000000 1.000000 0.000000
vn 0.000000 1.000000 0.000000
vn 0.000000 1.000000 0.000000
vn 0.000000 1.000000 0.000000
vn 0.000000 1.000000 0.000000
vn 0.000000 1.000000 0.000000
vn 0.000000 1.000000 0.000000
vn 0.000000 1.000000 0.000000
vn 0.000000 1.000000 0.000000
vn 0.000000 1.000000 0.000000
vn 0.000000 1.000000 0.000000
vn 0.000000 1.000000 0.000000
vn 0.000000 1.000000 0.000000
vn 0.000000 1.000000 0.000000
vn 0.000000 1.000000 0.000000
vn -0.000000 1.000000 0.000000
vn -0.000000 1.000000 0.000000
vn -0.000000 1.000000 0.000000
vn -0.000000 1.000000 0.000000
vn -0.000000 1.000000 0.000000
vn -0.000000 1.000000 0.000000
vn -0.000000 1.000000 0.000000
vn -0.000000 1.000000 0.000000
vn 0.000000 1.000000 0.000000
vn 0.000000 1.000000 0.000000
vn 0.000000 1.000000 0.000000
vn 0.000000 1.000000 0.000000
vn 0.000000 1.000000 -0.000000
vn 0.000000 1.000000 -0.000000
vn 0.000000 1.000000 -0.000000
vn 0.000000 1.000000 -0.000000
vn 0.000000 1.000000 0.000000
vn 0.000000 1.000000 0.000000
vn 0.000000 1.000000 0.000000
vn 0.000000 1.000000 0.000000
vn -0.000005 1.000000 -0.000000
vn -0.000005 1.000000 -0.000000
vn -0.000005 1.000000 -0.000000
vn -0.000005 1.000000 -0.000000
vn -0.000005 1.000000 -0.000001
vn -0.000005 1.000000 -0.000001
vn -0.000005 1.000000 -0.000001
vn -0.000005 1.000000 -0.000001
vn 0.000005 1.000000 0.000001
vn 0.000005 1.000000 0.000001
vn 0.000005 1.000000 0.000001
vn 0.000005 1.000000 0.000001
vn 0.000000 1.000000 0.000000
vn 0.000000 1.000000 0.000000
vn 0.000000 1.000000 0.000000
vn 0.000000 1.000000 0.000000
vn 0.000005 1.000000 0.000000
vn 0.000005 1.000000 0.000000
vn 0.000005 1.000000 0.000000
vn 0.000005 1.000000 0.000000
vn 0.000005 1.000000 0.000000
vn 0.000005 1.000000 0.000000
vn 0.000005 1.000000 0.000000
vn 0.000005 1.000000 0.000000
vn 0.000000 1.000000 -0.000000
vn 0.000000 1.000000 -0.000000
vn 0.000000 1.000000 -0.000000
vn 0.000000 1.000000 -0.000000
vn 0.000005 1.000000 0.000000
vn 0.000005 1.000000 0.000000
vn 0.000005 1.000000 0.000000
vn 0.000005 1.000000 0.000000
vn -0.000005 1.000000 0.000001
vn -0.000005 1.000000 0.000001
vn -0.000005 1.000000 0.000001
vn -0.000005 1.000000 0.000001
vn -0.000005 1.000000 -0.000001
vn -0.000005 1.000000 -0.000001
vn -0.000005 1.000000 -0.000001
vn -0.000005 1.000000 -0.000001
vn 0.000000 1.000000 -0.000000
vn 0.000000 1.000000 -0.000000
vn 0.000000 1.000000 -0.000000
vn 0.000000 1.000000 -0.000000
vn 0.000000 1.000000 0.000001
vn 0.000000 1.000000 0.000001
vn 0.000000 1.000000 0.000001
vn 0.000000 1.000000 0.000001
vn 0.000000 1.000000 0.000000
vn 0.000000 1.000000 0.000000
vn 0.000000 1.000000 0.000000
vn 0.000000 1.000000 0.000000
vn 0.000010 1.000000 -0.000001
vn 0.000010 1.000000 -0.000001
vn 0.000010 1.000000 -0.000001
vn 0.000010 1.000000 -0.000001
vn -0.000010 1.000000 -0.000001
vn -0.000010 1.000000 -0.000001
vn -0.000010 1.000000 -0.000001
vn -0.000010 1.000000 -0.000001
vn -0.000010 1.000000 0.000001
vn -0.000010 1.000000 0.000001
vn -0.000010 1.000000 0.000001
vn -0.000010 1.000000 0.000001
vn -0.000005 1.000000 -0.000000
vn -0.000005 1.000000 -0.000000
vn -0.000005 1.000000 -0.000000
vn -0.000005 1.000000 -0.000000
vn -0.000005 1.000000 0.000000
vn -0.000005 1.000000 0.000000
vn -0.000005 1.000000 0.000000
vn -0.000005 1.000000 0.000000
vn 0.000010 1.000000 -0.000000
vn 0.000010 1.000000 -0.000000
vn 0.000010 1.000000 -0.000000
vn 0.000010 1.000000 -0.000000
vn 0.000005 1.000000 0.000000
vn 0.000005 1.000000 0.000000
vn 0.000005 1.000000 0.000000
vn 0.000005 1.000000 0.000000
vn -0.000005 1.000000 0.000001
vn -0.000005 1.000000 0.000001
vn -0.000005 1.000000 0.000001
vn -0.000005 1.000000 0.000001
vn 0.000000 1.000000 0.000001
vn 0.000000 1.000000 0.000001
vn 0.000000 1.000000 0.000001
vn 0.000000 1.000000 0.000001
vn 0.000000 1.000000 -0.000000
vn 0.000000 1.000000 -0.000000
vn 0.000000 1.000000 -0.000000
vn 0.000000 1.000000 -0.000000
vn 0.000000 1.000000 -0.000001
vn 0.000000 1.000000 -0.000001
vn 0.000000 1.000000 -0.000001
vn 0.000000 1.000000 -0.000001
vn -0.000005 1.000000 -0.000000
vn -0.000005 1.000000 -0.000000
vn -0.000005 1.000000 -0.000000
vn -0.000005 1.000000 -0.000000
vn -0.000001 1.000000 -0.000001
vn -0.000001 1.000000 -0.000001
vn -0.000001 1.000000 -0.000001
vn -0.000001 1.000000 -0.000001
vn 0.000003 1.000000 0.000000
vn 0.000003 1.000000 0.000000
vn 0.000003 1.000000 0.000000
vn 0.000003 1.000000 0.000000
vn 0.000005 1.000000 -0.000009
vn 0.000005 1.000000 -0.000009
vn 0.000005 1.000000 -0.000009
vn 0.000005 1.000000 -0.000009
vn -0.000002 1.000000 0.000000
vn -0.000002 1.000000 0.000000
vn -0.000002 1.000000 0.000000
vn -0.000002 1.000000 0.000000
vn -0.000003 1.000000 0.000002
vn -0.000003 1.000000 0.000002
vn -0.000003 1.000000 0.000002
vn -0.000003 1.000000 0.000002
vn -0.000002 1.000000 0.000004
vn -0.000002 1.000000 0.000004
vn -0.000002 1.000000 0.000004
vn -0.000002 1.000000 0.000004
vn -0.000005 1.000000 0.000009
vn -0.000005 1.000000 0.000009
vn -0.000005 1.000000 0.000009
vn -0.000005 1.000000 0.000009
vn 0.000005 1.000000 -0.000008
vn 0.000005 1.000000 -0.000008
vn 0.000005 1.000000 -0.000008
vn 0.000005 1.000000 -0.000008
vn 0.000002 1.000000 -0.000001
vn 0.000002 1.000000 -0.000001
vn 0.000002 1.000000 -0.000001
vn 0.000002 1.000000 -0.000001
vn 0.000002 1.000000 0.000004
vn 0.000002 1.000000 0.000004
vn 0.000002 1.000000 0.000004
vn 0.000002 1.000000 0.000004
vn 0.000001 1.000000 0.000001
vn 0.000001 1.000000 0.000001
vn 0.000001 1.000000 0.000001
vn 0.000001 1.000000 0.000001
vn 0.000000 1.000000 -0.000004
vn 0.000000 1.000000 -0.000004
vn 0.000000 1.000000 -0.000004
vn 0.000000 1.000000 -0.000004
vn -0.000001 1.000000 -0.000002
vn -0.000001 1.000000 -0.000002
vn -0.000001 1.000000 -0.000002
vn -0.000001 1.000000 -0.000002
vn 0.000002 1.000000 -0.000004
vn 0.000002 1.000000 -0.000004
vn 0.000002 1.000000 -0.000004
vn 0.000002 1.000000 -0.000004
vn 0.000003 1.000000 -0.000001
vn 0.000003 1.000000 -0.000001
vn 0.000003 1.000000 -0.000001
vn 0.000003 1.000000 -0.000001
vn 0.000000 1.000000 0.000000
vn 0.000000 1.000000 0.000000
vn 0.000000 1.000000 0.000000
vn 0.000000 1.000000 0.000000
vn 0.000000 1.000000 0.000003
vn 0.000000 1.000000 0.000003
vn 0.000000 1.000000 0.000003
vn 0.000000 1.000000 0.000003
vn -0.000002 1.000000 0.000000
vn -0.000002 1.000000 0.000000
vn -0.000002 1.000000 0.000000
vn -0.000002 1.000000 0.000000
vn -0.000002 1.000000 0.000005
vn -0.000002 1.000000 0.000005
vn -0.000002 1.000000 0.000005
vn -0.000002 1.000000 0.000005
vn 0.000002 1.000000 0.000000
vn 0.000002 1.000000 0.000000
vn 0.000002 1.000000 0.000000
vn 0.000002 1.000000 0.000000
vn 0.000000 1.000000 0.000002
vn 0.000000 1.000000 0.000002
vn 0.000000 1.000000 0.000002
vn 0.000000 1.000000 0.000002
vn 0.000000 1.000000 0.000000
vn 0.000000 1.000000 0.000000
vn 0.000000 1.000000 0.000000
vn 0.000000 1.000000 0.000000
vn 0.000000 1.000000 -0.000001
vn 0.000000 1.000000 -0.000001
vn 0.000000 1.000000 -0.000001
vn 0.000000 1.000000 -0.000001
vn 0.000002 1.000000 0.000004
vn 0.000002 1.000000 0.000004
vn 0.000002 1.000000 0.000004
vn 0.000002 1.000000 0.000004
vn 0.000000 1.000000 0.000002
vn 0.000000 1.000000 0.000002
vn 0.000000 1.000000 0.000002
vn 0.000000 1.000000 0.000002
vn 0.000000 1.000000 0.000000
vn 0.000000 1.000000 0.000000
vn 0.000000 1.000000 0.000000
vn 0.000000 1.000000 0.000000
vn 0.000002 1.000000 -0.000000
vn 0.000002 1.000000 -0.000000
vn 0.000002 1.000000 -0.000000
vn 0.000002 1.000000 -0.000000
vn 0.000000 1.000000 0.000000
vn 0.000000 1.000000 0.000000
vn -0.000000 1.000000 -0.000000
vn -0.000000 1.000000 -0.000000
vn -0.000000 1.000000 -0.000000
vn -0.000000 1.000000 -0.000000
vn -0.000000 1.000000 -0.000000
vn -0.000000 1.000000 -0.000000
vn -0.000000 1.000000 -0.000000
vn -0.000000 1.000000 -0.000000
vn -0.000000 1.000000 0.000000
vn -0.000000 1.000000 0.000000
vn -0.000000 1.000000 0.000000
vn -0.000000 1.000000 0.000000
vn 0.000000 1.000000 0.000000
vn 0.000000 1.000000 0.000000
vn 0.000000 1.000000 0.000000
vn 0.000000 1.000000 0.000000
vn -0.000000 1.000000 -0.000000
vn -0.000000 1.000000 -0.000000
vn -0.000000 1.000000 -0.000000
vn -0.000000 1.000000 -0.000000
vn 0.000000 1.000000 0.000000
vn 0.000000 1.000000 0.000000
vn 0.000000 1.000000 0.000000
vn 0.000000 1.000000 0.000000
vn 0.000000 1.000000 0.000000
vn 0.000000 1.000000 0.000000
vn 0.000000 1.000000 0.000000
vn 0.000000 1.000000 0.000000
vn -0.000000 1.000000 -0.000000
vn -0.000000 1.000000 -0.000000
vn -0.000000 1.000000 -0.000000
vn 0.000000 1.000000 0.000000
vn 0.000000 1.000000 0.000000
vn 0.000000 1.000000 0.000000
vn 0.000000 1.000000 0.000000
vn -0.000000 1.000000 0.000000
vn -0.000000 1.000000 0.000000
vn 0.000000 1.000000 0.000000
vn 0.000000 1.000000 0.000000
vn 0.000000 1.000000 0.000000
vn 0.000000 1.000000 0.000000
vn 0.000000 1.000000 0.000000
vn 0.000000 1.000000 0.000000
vn 0.000000 1.000000 0.000000
vn 0.000000 1.000000 0.000000
vn 0.000000 1.000000 0.000000
vn 0.000000 1.000000 0.000000
vn 0.000000 1.000000 0.000000
vn 0.000000 1.000000 0.000000
vn 0.000000 1.000000 0.000000
vn 0.000000 1.000000 0.000000
vn 0.000000 1.000000 0.000000
vn 0.000000 1.000000 0.000000
vn 0.000000 1.000000 0.000000
vn 0.000000 1.000000 0.000000
vn 0.000000 1.000000 0.000000
vn 0.000000 1.000000 0.000000
vn -0.181470 -0.000001 0.983396
vn -0.181470 -0.000001 0.983396
vn -0.181470 -0.000001 0.983396
vn -0.181470 -0.000001 0.983396
vn -0.181465 0.000000 0.983397
vn -0.181465 0.000000 0.983397
vn -0.181465 0.000000 0.983397
vn -0.181465 0.000000 0.983397
vn -0.181474 0.000000 0.983396
vn -0.181474 0.000000 0.983396
vn -0.181474 0.000000 0.983396
vn -0.181474 0.000000 0.983396
vn -0.181461 0.000001 0.983398
vn -0.181461 0.000001 0.983398
vn -0.181461 0.000001 0.983398
vn -0.181461 0.000001 0.983398
vn -0.181483 0.000001 0.983394
vn -0.181483 0.000001 0.983394
vn -0.181483 0.000001 0.983394
vn -0.181483 0.000001 0.983394
vn -0.181489 -0.000001 0.983393
vn -0.181489 -0.000001 0.983393
vn -0.181489 -0.000001 0.983393
vn -0.181489 -0.000001 0.983393
vn -0.181474 0.000001 0.983396
vn -0.181474 0.000001 0.983396
vn -0.181474 0.000001 0.983396
vn -0.181474 0.000001 0.983396
vn -0.181488 0.000000 0.983393
vn -0.181488 0.000000 0.983393
vn -0.181488 0.000000 0.983393
vn -0.181488 0.000000 0.983393
vn -0.181477 -0.000000 0.983395
vn -0.181477 -0.000000 0.983395
vn -0.181477 -0.000000 0.983395
vn -0.181477 -0.000000 0.983395
vn -0.181485 0.000001 0.983394
vn -0.181485 0.000001 0.983394
vn -0.181485 0.000001 0.983394
vn -0.181485 0.000001 0.983394
vn -0.181473 0.000000 0.983396
vn -0.181473 0.000000 0.983396
vn -0.181473 0.000000 0.983396
vn -0.181473 0.000000 0.983396
vn -0.181473 -0.000001 0.983396
vn -0.181473 -0.000001 0.983396
vn -0.181473 -0.000001 0.983396
vn -0.181473 -0.000001 0.983396
vn -0.181474 -0.000001 0.983396
vn -0.181474 -0.000001 0.983396
vn -0.181474 -0.000001 0.983396
vn -0.181474 -0.000001 0.983396
vn -0.181463 0.000001 0.983398
vn -0.181463 0.000001 0.983398
vn -0.181463 0.000001 0.983398
vn -0.181463 0.000001 0.983398
vn -0.181486 0.000000 0.983394
vn -0.181486 0.000000 0.983394
vn -0.181486 0.000000 0.983394
vn -0.181486 0.000000 0.983394
vn -0.181473 0.000000 0.983396
vn -0.181473 0.000000 0.983396
vn -0.181473 0.000000 0.983396
vn -0.181473 0.000000 0.983396
vn -0.181488 0.000000 0.983393
vn -0.181488 0.000000 0.983393
vn -0.181488 0.000000 0.983393
vn -0.181488 0.000000 0.983393
vn -0.181476 0.000000 0.983396
vn -0.181476 0.000000 0.983396
vn -0.181476 0.000000 0.983395
vn -0.181476 0.000000 0.983396
vn -0.181486 -0.000000 0.983394
vn -0.181486 -0.000000 0.983394
vn -0.181486 -0.000000 0.983394
vn -0.181486 -0.000000 0.983394
vn -0.181453 -0.000000 0.983400
vn -0.181454 -0.000000 0.983400
vn -0.181454 -0.000000 0.983400
vn -0.181454 -0.000000 0.983400
vn -0.181486 -0.000001 0.983394
vn -0.181486 -0.000001 0.983393
vn -0.181486 -0.000001 0.983394
vn -0.181486 -0.000001 0.983393
vn -0.181471 0.000000 0.983396
vn -0.181471 0.000000 0.983396
vn -0.181471 0.000000 0.983396
vn -0.181471 0.000000 0.983396
vn -0.181464 0.000000 0.983398
vn -0.181464 0.000000 0.983398
vn -0.181464 0.000000 0.983398
vn -0.181464 0.000000 0.983398
vn -0.181486 0.000000 0.983394
vn -0.181486 0.000000 0.983394
vn -0.181486 0.000000 0.983394
vn -0.181486 0.000000 0.983394
vn -0.181474 0.000000 0.983396
vn -0.181474 0.000000 0.983396
vn -0.181474 0.000000 0.983396
vn -0.181474 0.000000 0.983396
vn -0.181473 -0.000000 0.983396
vn -0.181473 -0.000000 0.983396
vn -0.181473 -0.000000 0.983396
vn -0.181473 -0.000000 0.983396
vn -0.181474 -0.000001 0.983396
vn -0.181474 -0.000001 0.983396
vn -0.181474 -0.000001 0.983396
vn -0.181474 -0.000001 0.983396
vn 0.571532 0.000000 0.820580
vn 0.571532 0.000000 0.820580
vn 0.571532 0.000000 0.820580
vn 0.571532 0.000000 0.820580
vn 0.571532 0.000000 0.820580
vn 0.571532 0.000000 0.820580
vn 0.571532 0.000000 0.820580
vn 0.571532 0.000000 0.820580
vn 0.571531 0.000000 0.820580
vn 0.571531 0.000000 0.820580
vn 0.571531 0.000000 0.820581
vn 0.571531 0.000000 0.820581
vn 0.571531 0.000000 0.820580
vn 0.571531 0.000000 0.820580
vn 0.571531 0.000000 0.820580
vn 0.571531 0.000000 0.820580
vn 0.571532 0.000001 0.820580
vn 0.571532 0.000001 0.820580
vn 0.571532 0.000001 0.820580
vn 0.571532 0.000001 0.820580
vn 0.571531 0.000001 0.820580
vn 0.571531 0.000001 0.820580
vn 0.571531 0.000001 0.820580
vn 0.571531 0.000001 0.820580
vn 0.571532 0.000001 0.820580
vn 0.571532 0.000001 0.820580
vn 0.571532 0.000001 0.820580
vn 0.571532 0.000001 0.820580
vn 0.571531 0.000000 0.820580
vn 0.571531 0.000000 0.820580
vn 0.571531 0.000000 0.820580
vn 0.571531 0.000000 0.820580
vn 0.571531 -0.000000 0.820581
vn 0.571531 -0.000000 0.820581
vn 0.571531 -0.000000 0.820581
vn 0.571531 -0.000000 0.820581
vn 0.571532 0.000001 0.820580
vn 0.571532 0.000001 0.820580
vn 0.571532 0.000001 0.820580
vn 0.571532 0.000001 0.820580
vn 0.571531 0.000001 0.820581
vn 0.571531 0.000001 0.820581
vn 0.571531 0.000001 0.820581
vn 0.571531 0.000001 0.820581
vn 0.571530 -0.000002 0.820581
vn 0.571530 -0.000002 0.820581
vn 0.571530 -0.000002 0.820581
vn 0.571530 -0.000002 0.820581
vn 0.571531 0.000000 0.820581
vn 0.571531 0.000000 0.820581
vn 0.571531 0.000000 0.820581
vn 0.571531 0.000000 0.820581
vn 0.571530 0.000000 0.820581
vn 0.571530 0.000000 0.820581
vn 0.571530 0.000000 0.820581
vn 0.571530 0.000000 0.820581
vn 0.571532 0.000001 0.820580
vn 0.571531 0.000001 0.820580
vn 0.571532 0.000001 0.820580
vn 0.571532 0.000001 0.820580
vn 0.571532 -0.000001 0.820579
vn 0.571532 -0.000001 0.820580
vn 0.571532 -0.000001 0.820579
vn 0.571532 -0.000001 0.820580
vn 0.571530 0.000000 0.820581
vn 0.571530 0.000000 0.820581
vn 0.571530 0.000000 0.820581
vn 0.571530 0.000000 0.820581
vn 0.571532 -0.000003 0.820580
vn 0.571532 -0.000003 0.820580
vn 0.571532 -0.000003 0.820580
vn 0.571532 -0.000003 0.820580
vn 0.571531 -0.000001 0.820580
vn 0.571531 -0.000001 0.820580
vn 0.571531 -0.000001 0.820580
vn 0.571531 -0.000001 0.820580
vn 0.571531 0.000001 0.820580
vn 0.571531 0.000001 0.820580
vn 0.571531 0.000001 0.820580
vn 0.571531 0.000001 0.820580
vn 0.571531 0.000001 0.820580
vn 0.571531 0.000001 0.820580
vn 0.571531 0.000001 0.820580
vn 0.571531 0.000001 0.820580
vn 0.571532 0.000000 0.820580
vn 0.571532 0.000000 0.820580
vn 0.571532 0.000000 0.820580
vn 0.571532 0.000000 0.820580
vn 0.571531 0.000001 0.820581
vn 0.571531 0.000001 0.820580
vn 0.571531 0.000001 0.820581
vn 0.571531 0.000001 0.820580
vn 0.571531 -0.000001 0.820580
vn 0.571531 -0.000001 0.820581
vn 0.571531 -0.000001 0.820581
vn 0.571531 -0.000001 0.820580
vn 0.571531 -0.000001 0.820581
vn 0.571531 -0.000001 0.820581
vn 0.571531 -0.000001 0.820581
vn 0.571531 -0.000001 0.820581
vn 0.571531 0.000000 0.820581
vn 0.571531 0.000000 0.820581
vn 0.571531 0.000000 0.820581
vn 0.571531 0.000000 0.820581
vn 0.571532 -0.000001 0.820580
vn 0.571532 -0.000001 0.820580
vn 0.571532 -0.000001 0.820580
vn 0.571532 -0.000001 0.820580
vn 0.983396 -0.000001 0.181475
vn 0.983396 -0.000001 0.181475
vn 0.983396 -0.000001 0.181475
vn 0.983396 -0.000001 0.181475
vn 0.983394 0.000000 0.181482
vn 0.983394 0.000000 0.181482
vn 0.983394 0.000000 0.181482
vn 0.983394 0.000000 0.181482
vn 0.983396 0.000000 0.181473
vn 0.983396 0.000000 0.181473
vn 0.983396 0.000000 0.181473
vn 0.983396 0.000000 0.181473
vn 0.983397 -0.000002 0.181469
vn 0.983397 -0.000002 0.181469
vn 0.983397 -0.000002 0.181469
vn 0.983397 -0.000002 0.181469
vn 0.983395 0.000001 0.181478
vn 0.983395 0.000001 0.181478
vn 0.983395 0.000001 0.181478
vn 0.983395 0.000001 0.181478
vn 0.983395 -0.000003 0.181479
vn 0.983395 -0.000003 0.181479
vn 0.983395 -0.000003 0.181479
vn 0.983395 -0.000003 0.181479
vn 0.983396 -0.000001 0.181472
vn 0.983396 -0.000001 0.181472
vn 0.983396 -0.000001 0.181472
vn 0.983396 -0.000001 0.181472
vn 0.983395 0.000000 0.181478
vn 0.983395 0.000000 0.181478
vn 0.983395 0.000000 0.181478
vn 0.983395 0.000000 0.181478
vn 0.983396 -0.000001 0.181475
vn 0.983396 -0.000001 0.181475
vn 0.983396 -0.000001 0.181475
vn 0.983396 -0.000001 0.181475
vn 0.983394 0.000002 0.181482
vn 0.983394 0.000002 0.181482
vn 0.983394 0.000002 0.181482
vn 0.983394 0.000002 0.181482
vn 0.983396 -0.000003 0.181472
vn 0.983396 -0.000003 0.181472
vn 0.983396 -0.000003 0.181472
vn 0.983396 -0.000003 0.181472
vn 0.983396 -0.000002 0.181472
vn 0.983396 -0.000002 0.181472
vn 0.983396 -0.000002 0.181472
vn 0.983396 -0.000002 0.181472
vn 0.983395 -0.000000 0.181478
vn 0.983395 -0.000000 0.181478
vn 0.983395 -0.000000 0.181478
vn 0.983395 -0.000000 0.181478
vn 0.983396 -0.000002 0.181472
vn 0.983396 -0.000002 0.181472
vn 0.983396 -0.000002 0.181472
vn 0.983396 -0.000002 0.181472
vn 0.983397 0.000000 0.181465
vn 0.983397 0.000000 0.181465
vn 0.983397 0.000000 0.181465
vn 0.983397 0.000000 0.181465
vn 0.983399 0.000003 0.181457
vn 0.983399 0.000003 0.181457
vn 0.983399 0.000003 0.181457
vn 0.983399 0.000003 0.181457
vn 0.983394 0.000003 0.181485
vn 0.983394 0.000003 0.181485
vn 0.983394 0.000003 0.181485
vn 0.983394 0.000003 0.181485
vn 0.983395 -0.000002 0.181479
vn 0.983395 -0.000002 0.181479
vn 0.983395 -0.000002 0.181479
vn 0.983395 -0.000002 0.181479
vn 0.983395 0.000000 0.181478
vn 0.983395 0.000000 0.181478
vn 0.983395 0.000000 0.181478
vn 0.983395 0.000000 0.181478
vn 0.983395 0.000000 0.181479
vn 0.983395 0.000000 0.181479
vn 0.983395 0.000000 0.181479
vn 0.983395 0.000000 0.181479
vn 0.983397 0.000000 0.181465
vn 0.983397 0.000000 0.181465
vn 0.983397 0.000000 0.181465
vn 0.983397 0.000000 0.181465
vn 0.983394 -0.000003 0.181483
vn 0.983394 -0.000003 0.181483
vn 0.983394 -0.000003 0.181483
vn 0.983394 -0.000003 0.181483
vn 0.983396 -0.000002 0.181473
vn 0.983396 -0.000002 0.181473
vn 0.983396 -0.000002 0.181473
vn 0.983396 -0.000002 0.181473
vn 0.983398 0.000003 0.181463
vn 0.983398 0.000003 0.181463
vn 0.983398 0.000003 0.181463
vn 0.983398 0.000003 0.181463
vn 0.983397 -0.000000 0.181465
vn 0.983397 -0.000000 0.181465
vn 0.983397 -0.000000 0.181465
vn 0.983397 -0.000000 0.181465
vn 0.983396 0.000002 0.181472
vn 0.983396 0.000002 0.181472
vn 0.983396 0.000002 0.181472
vn 0.983396 0.000002 0.181472
vn 0.983398 -0.000000 0.181463
vn 0.983398 -0.000000 0.181463
vn 0.983398 -0.000000 0.181463
vn 0.983398 -0.000000 0.181463
vn -0.571200 -0.000000 -0.820811
vn -0.571200 -0.000000 -0.820811
vn -0.571200 -0.000000 -0.820811
vn -0.571200 -0.000000 -0.820811
vn -0.571200 0.000000 -0.820811
vn -0.571200 0.000000 -0.820811
vn -0.571200 0.000000 -0.820811
vn -0.571200 0.000000 -0.820811
vn -0.571200 0.000002 -0.820811
vn -0.571200 0.000002 -0.820811
vn -0.571200 0.000002 -0.820811
vn -0.571200 0.000002 -0.820811
vn -0.571200 0.000000 -0.820811
vn -0.571200 0.000000 -0.820811
vn -0.571200 0.000000 -0.820811
vn -0.571200 0.000000 -0.820811
vn -0.571200 0.000002 -0.820811
vn -0.571200 0.000002 -0.820811
vn -0.571200 0.000002 -0.820811
vn -0.571200 0.000002 -0.820811
vn -0.571200 0.000000 -0.820811
vn -0.571200 0.000000 -0.820811
vn -0.571200 0.000000 -0.820811
vn -0.571200 0.000000 -0.820811
vn -0.571201 0.000003 -0.820811
vn -0.571201 0.000003 -0.820810
vn -0.571201 0.000003 -0.820810
vn -0.571201 0.000003 -0.820810
vn -0.571200 0.000000 -0.820811
vn -0.571200 0.000000 -0.820811
vn -0.571200 0.000000 -0.820811
vn -0.571200 0.000000 -0.820811
vn -0.571200 0.000001 -0.820811
vn -0.571200 0.000001 -0.820811
vn -0.571200 0.000001 -0.820811
vn -0.571200 0.000001 -0.820811
vn -0.571200 0.000000 -0.820811
vn -0.571200 0.000000 -0.820811
vn -0.571200 0.000000 -0.820811
vn -0.571200 0.000000 -0.820811
vn -0.571199 0.000001 -0.820811
vn -0.571199 0.000001 -0.820811
vn -0.571199 0.000001 -0.820811
vn -0.571199 0.000001 -0.820811
vn -0.571200 -0.000001 -0.820811
vn -0.571200 -0.000001 -0.820811
vn -0.571200 -0.000001 -0.820811
vn -0.571200 -0.000001 -0.820811
vn -0.571199 0.000001 -0.820812
vn -0.571199 0.000001 -0.820812
vn -0.571199 0.000001 -0.820812
vn -0.571199 0.000001 -0.820812
vn -0.571199 -0.000001 -0.820812
vn -0.571199 -0.000001 -0.820812
vn -0.571199 -0.000001 -0.820812
vn -0.571199 -0.000001 -0.820812
vn -0.571201 -0.000000 -0.820811
vn -0.571201 -0.000000 -0.820811
vn -0.571201 -0.000000 -0.820811
vn -0.571201 -0.000000 -0.820810
vn -0.571200 -0.000003 -0.820811
vn -0.571200 -0.000003 -0.820811
vn -0.571200 -0.000003 -0.820811
vn -0.571200 -0.000003 -0.820811
vn -0.571199 -0.000002 -0.820812
vn -0.571199 -0.000002 -0.820812
vn -0.571199 -0.000002 -0.820812
vn -0.571199 -0.000002 -0.820812
vn -0.571200 -0.000001 -0.820811
vn -0.571200 -0.000001 -0.820811
vn -0.571200 -0.000001 -0.820811
vn -0.571200 -0.000001 -0.820811
vn -0.571199 0.000001 -0.820811
vn -0.571199 0.000001 -0.820811
vn -0.571200 0.000001 -0.820811
vn -0.571199 0.000001 -0.820811
vn -0.571200 0.000000 -0.820811
vn -0.571200 0.000000 -0.820811
vn -0.571200 0.000000 -0.820811
vn -0.571200 0.000000 -0.820811
vn -0.571200 0.000001 -0.820811
vn -0.571200 0.000001 -0.820811
vn -0.571200 0.000001 -0.820811
vn -0.571200 0.000001 -0.820811
vn -0.571200 0.000000 -0.820811
vn -0.571200 0.000000 -0.820811
vn -0.571200 0.000000 -0.820811
vn -0.571200 0.000000 -0.820811
vn -0.571200 0.000001 -0.820811
vn -0.571200 0.000001 -0.820811
vn -0.571200 0.000001 -0.820811
vn -0.571200 0.000001 -0.820811
vn -0.571200 -0.000002 -0.820811
vn -0.571200 -0.000002 -0.820811
vn -0.571200 -0.000002 -0.820811
vn -0.571200 -0.000002 -0.820811
vn -0.571198 -0.000002 -0.820812
vn -0.571198 -0.000002 -0.820812
vn -0.571198 -0.000002 -0.820812
vn -0.571198 -0.000002 -0.820812
vn -0.571199 0.000000 -0.820811
vn -0.571199 0.000000 -0.820811
vn -0.571199 0.000000 -0.820811
vn -0.571199 0.000000 -0.820811
vn -0.571200 0.000000 -0.820811
vn -0.571200 0.000000 -0.820811
vn -0.571200 0.000000 -0.820811
vn -0.571200 0.000000 -0.820811
vn -0.596592 0.000000 0.802544
vn -0.596592 0.000000 0.802544
vn -0.596593 0.000000 0.802544
vn -0.596593 0.000000 0.802544
vn -0.596592 -0.000001 0.802545
vn -0.596592 -0.000001 0.802545
vn -0.596592 -0.000001 0.802545
vn -0.596592 -0.000001 0.802545
vn -0.596592 0.000000 0.802545
vn -0.596592 0.000000 0.802545
vn -0.596592 0.000000 0.802545
vn -0.596592 0.000000 0.802545
vn -0.596592 0.000000 0.802545
vn -0.596592 0.000000 0.802545
vn -0.596592 0.000000 0.802545
vn -0.596592 0.000000 0.802545
vn -0.596591 -0.000002 0.802545
vn -0.596591 -0.000002 0.802545
vn -0.596591 -0.000002 0.802545
vn -0.596591 -0.000002 0.802545
vn -0.596591 0.000002 0.802545
vn -0.596591 0.000002 0.802545
vn -0.596591 0.000002 0.802545
vn -0.596591 0.000002 0.802545
vn -0.596592 0.000000 0.802545
vn -0.596592 0.000000 0.802545
vn -0.596592 0.000000 0.802545
vn -0.596592 0.000000 0.802545
vn -0.596592 0.000001 0.802544
vn -0.596592 0.000001 0.802544
vn -0.596592 0.000001 0.802544
vn -0.596593 0.000001 0.802544
vn -0.596592 0.000004 0.802545
vn -0.596592 0.000004 0.802545
vn -0.596592 0.000004 0.802545
vn -0.596592 0.000004 0.802545
vn -0.596591 0.000000 0.802545
vn -0.596591 0.000000 0.802545
vn -0.596591 0.000000 0.802545
vn -0.596591 0.000000 0.802545
vn -0.596591 0.000000 0.802545
vn -0.596591 0.000000 0.802545
vn -0.596591 0.000000 0.802545
vn -0.596591 0.000000 0.802545
vn -0.596594 -0.000001 0.802543
vn -0.596594 -0.000001 0.802543
vn -0.596594 -0.000001 0.802543
vn -0.596594 -0.000001 0.802543
vn -0.596591 -0.000001 0.802545
vn -0.596591 -0.000001 0.802545
vn -0.596591 -0.000001 0.802545
vn -0.596591 -0.000001 0.802545
vn -0.596590 -0.000001 0.802546
vn -0.596590 -0.000001 0.802546
vn -0.596590 -0.000001 0.802546
vn -0.596590 -0.000001 0.802546
vn -0.596591 -0.000001 0.802545
vn -0.596591 -0.000001 0.802545
vn -0.596591 -0.000001 0.802545
vn -0.596591 -0.000001 0.802545
vn -0.596590 0.000000 0.802546
vn -0.596590 0.000000 0.802546
vn -0.596590 0.000000 0.802546
vn -0.596591 0.000000 0.802546
vn -0.596592 0.000002 0.802545
vn -0.596592 0.000002 0.802545
vn -0.596592 0.000002 0.802545
vn -0.596592 0.000002 0.802545
vn -0.596591 -0.000001 0.802545
vn -0.596591 -0.000001 0.802545
vn -0.596591 -0.000001 0.802545
vn -0.596591 -0.000001 0.802545
vn -0.596591 -0.000003 0.802546
vn -0.596591 -0.000003 0.802546
vn -0.596591 -0.000003 0.802546
vn -0.596591 -0.000003 0.802546
vn -0.596590 0.000000 0.802546
vn -0.596590 0.000000 0.802546
vn -0.596590 0.000000 0.802546
vn -0.596590 0.000000 0.802546
vn -0.596592 0.000000 0.802545
vn -0.596592 0.000000 0.802545
vn -0.596592 0.000000 0.802545
vn -0.596592 0.000000 0.802545
vn -0.596591 0.000002 0.802546
vn -0.596591 0.000002 0.802546
vn -0.596591 0.000002 0.802546
vn -0.596591 0.000002 0.802546
vn -0.596592 0.000000 0.802545
vn -0.596592 0.000000 0.802545
vn -0.596592 0.000000 0.802545
vn -0.596592 0.000000 0.802545
vn -0.596591 0.000002 0.802545
vn -0.596591 0.000002 0.802545
vn -0.596591 0.000002 0.802545
vn -0.596591 0.000002 0.802545
vn -0.596591 0.000001 0.802545
vn -0.596592 0.000001 0.802545
vn -0.596591 0.000001 0.802545
vn -0.596592 0.000001 0.802545
vn -0.596591 -0.000002 0.802545
vn -0.596591 -0.000002 0.802545
vn -0.596591 -0.000002 0.802545
vn -0.596591 -0.000002 0.802545
vn -0.596591 0.000001 0.802545
vn -0.596591 0.000001 0.802545
vn -0.596591 0.000001 0.802545
vn -0.596591 0.000001 0.802545
vn 0.981754 0.000000 -0.190156
vn 0.981754 0.000000 -0.190156
vn 0.981754 0.000000 -0.190156
vn 0.981754 0.000000 -0.190156
vn 0.981754 0.000000 -0.190156
vn 0.981754 0.000000 -0.190156
vn 0.981754 0.000000 -0.190156
vn 0.981754 0.000000 -0.190156
vn 0.981756 0.000000 -0.190145
vn 0.981756 0.000000 -0.190145
vn 0.981756 0.000000 -0.190145
vn 0.981756 0.000000 -0.190145
vn 0.981754 0.000000 -0.190156
vn 0.981754 0.000000 -0.190156
vn 0.981754 0.000000 -0.190156
vn 0.981754 0.000000 -0.190156
vn 0.981756 0.000001 -0.190148
vn 0.981756 0.000001 -0.190148
vn 0.981756 0.000001 -0.190148
vn 0.981756 0.000001 -0.190148
vn 0.981756 -0.000002 -0.190148
vn 0.981756 -0.000002 -0.190148
vn 0.981756 -0.000002 -0.190148
vn 0.981756 -0.000002 -0.190148
vn 0.981755 -0.000002 -0.190149
vn 0.981755 -0.000002 -0.190149
vn 0.981755 -0.000002 -0.190149
vn 0.981755 -0.000002 -0.190149
vn 0.981756 0.000000 -0.190145
vn 0.981756 0.000000 -0.190145
vn 0.981756 0.000000 -0.190145
vn 0.981756 0.000000 -0.190145
vn 0.981755 0.000001 -0.190148
vn 0.981756 0.000001 -0.190148
vn 0.981755 0.000001 -0.190148
vn 0.981755 0.000001 -0.190148
vn 0.981754 0.000000 -0.190156
vn 0.981754 0.000000 -0.190156
vn 0.981754 0.000000 -0.190156
vn 0.981754 0.000000 -0.190156
vn 0.981756 0.000001 -0.190148
vn 0.981756 0.000001 -0.190148
vn 0.981756 0.000001 -0.190148
vn 0.981756 0.000001 -0.190148
vn 0.981756 -0.000002 -0.190145
vn 0.981756 -0.000002 -0.190145
vn 0.981756 -0.000002 -0.190145
vn 0.981756 -0.000002 -0.190145
vn 0.981756 0.000001 -0.190144
vn 0.981756 0.000001 -0.190144
vn 0.981756 0.000001 -0.190144
vn 0.981756 0.000001 -0.190144
vn 0.981757 -0.000002 -0.190143
vn 0.981757 -0.000002 -0.190143
vn 0.981757 -0.000002 -0.190143
vn 0.981757 -0.000002 -0.190143
vn 0.981754 -0.000000 -0.190154
vn 0.981754 -0.000000 -0.190154
vn 0.981754 -0.000000 -0.190154
vn 0.981754 -0.000000 -0.190154
vn 0.981754 0.000003 -0.190156
vn 0.981754 0.000003 -0.190156
vn 0.981754 0.000003 -0.190156
vn 0.981754 0.000003 -0.190156
vn 0.981756 0.000001 -0.190144
vn 0.981756 0.000001 -0.190144
vn 0.981756 0.000001 -0.190144
vn 0.981756 0.000001 -0.190144
vn 0.981757 -0.000002 -0.190141
vn 0.981757 -0.000002 -0.190141
vn 0.981757 -0.000002 -0.190141
vn 0.981757 -0.000002 -0.190141
vn 0.981756 -0.000000 -0.190145
vn 0.981756 -0.000000 -0.190145
vn 0.981756 -0.000000 -0.190145
vn 0.981756 -0.000000 -0.190145
vn 0.981756 0.000000 -0.190145
vn 0.981756 0.000000 -0.190145
vn 0.981756 0.000000 -0.190145
vn 0.981756 0.000000 -0.190145
vn 0.981755 0.000000 -0.190151
vn 0.981755 0.000000 -0.190151
vn 0.981755 0.000000 -0.190151
vn 0.981755 0.000000 -0.190151
vn 0.981756 -0.000002 -0.190144
vn 0.981756 -0.000002 -0.190144
vn 0.981756 -0.000002 -0.190144
vn 0.981756 -0.000002 -0.190144
vn 0.981755 -0.000002 -0.190149
vn 0.981755 -0.000002 -0.190149
vn 0.981755 -0.000002 -0.190149
vn 0.981755 -0.000002 -0.190149
vn 0.981754 0.000003 -0.190153
vn 0.981754 0.000003 -0.190153
vn 0.981754 0.000003 -0.190153
vn 0.981754 0.000003 -0.190153
vn 0.981754 0.000000 -0.190157
vn 0.981754 0.000000 -0.190157
vn 0.981754 0.000000 -0.190157
vn 0.981754 0.000000 -0.190157
vn 0.981754 0.000002 -0.190153
vn 0.981754 0.000002 -0.190153
vn 0.981754 0.000002 -0.190153
vn 0.981754 0.000002 -0.190153
vn 0.981754 0.000001 -0.190154
vn 0.981754 0.000001 -0.190154
vn 0.981754 0.000001 -0.190154
vn 0.981754 0.000001 -0.190154
vn 0.591712 -0.000000 -0.806150
vn 0.591712 -0.000000 -0.806150
vn 0.591712 -0.000000 -0.806150
vn 0.591712 -0.000000 -0.806150
vn 0.591713 0.000001 -0.806149
vn 0.591713 0.000001 -0.806149
vn 0.591713 0.000001 -0.806149
vn 0.591713 0.000001 -0.806149
vn 0.591713 0.000002 -0.806149
vn 0.591713 0.000002 -0.806149
vn 0.591713 0.000002 -0.806149
vn 0.591713 0.000002 -0.806149
vn 0.591713 -0.000001 -0.806149
vn 0.591713 -0.000001 -0.806149
vn 0.591713 -0.000001 -0.806149
vn 0.591713 -0.000001 -0.806149
vn 0.591713 -0.000001 -0.806149
vn 0.591713 -0.000001 -0.806149
vn 0.591713 -0.000001 -0.806149
vn 0.591713 -0.000001 -0.806149
vn 0.591713 -0.000001 -0.806149
vn 0.591713 -0.000001 -0.806149
vn 0.591713 -0.000001 -0.806149
vn 0.591713 -0.000001 -0.806149
vn 0.591712 0.000000 -0.806150
vn 0.591712 0.000000 -0.806150
vn 0.591712 0.000000 -0.806150
vn 0.591712 0.000000 -0.806150
vn 0.591711 0.000000 -0.806150
vn 0.591711 0.000000 -0.806150
vn 0.591711 0.000000 -0.806150
vn 0.591711 0.000000 -0.806150
vn 0.591712 0.000001 -0.806150
vn 0.591712 0.000001 -0.806150
vn 0.591712 0.000001 -0.806150
vn 0.591712 0.000001 -0.806150
vn 0.591711 0.000000 -0.806150
vn 0.591711 0.000000 -0.806150
vn 0.591711 0.000000 -0.806150
vn 0.591711 0.000000 -0.806150
vn 0.591713 -0.000001 -0.806149
vn 0.591713 -0.000001 -0.806149
vn 0.591713 -0.000001 -0.806149
vn 0.591713 -0.000001 -0.806149
vn 0.591712 0.000000 -0.806149
vn 0.591712 0.000000 -0.806149
vn 0.591712 0.000000 -0.806149
vn 0.591712 0.000000 -0.806149
vn 0.591713 -0.000002 -0.806149
vn 0.591713 -0.000002 -0.806149
vn 0.591713 -0.000002 -0.806149
vn 0.591713 -0.000002 -0.806149
vn 0.591711 0.000002 -0.806150
vn 0.591711 0.000002 -0.806150
vn 0.591711 0.000002 -0.806150
vn 0.591711 0.000002 -0.806150
vn 0.591713 0.000000 -0.806148
vn 0.591713 0.000000 -0.806148
vn 0.591713 0.000000 -0.806148
vn 0.591713 0.000000 -0.806148
vn 0.591713 -0.000003 -0.806149
vn 0.591713 -0.000003 -0.806149
vn 0.591713 -0.000003 -0.806149
vn 0.591713 -0.000003 -0.806149
vn 0.591711 -0.000002 -0.806150
vn 0.591711 -0.000002 -0.806150
vn 0.591711 -0.000002 -0.806150
vn 0.591711 -0.000002 -0.806150
vn 0.591711 0.000001 -0.806150
vn 0.591711 0.000001 -0.806150
vn 0.591711 0.000001 -0.806150
vn 0.591711 0.000001 -0.806150
vn 0.591712 -0.000001 -0.806150
vn 0.591712 -0.000001 -0.806150
vn 0.591712 -0.000001 -0.806150
vn 0.591712 -0.000001 -0.806150
vn 0.591711 0.000001 -0.806150
vn 0.591711 0.000001 -0.806150
vn 0.591711 0.000001 -0.806150
vn 0.591711 0.000001 -0.806150
vn 0.591713 0.000003 -0.806149
vn 0.591713 0.000003 -0.806149
vn 0.591713 0.000003 -0.806149
vn 0.591713 0.000003 -0.806149
vn 0.591711 0.000000 -0.806150
vn 0.591711 0.000000 -0.806150
vn 0.591711 0.000000 -0.806150
vn 0.591711 0.000000 -0.806150
vn 0.591712 -0.000002 -0.806150
vn 0.591711 -0.000002 -0.806150
vn 0.591712 -0.000002 -0.806150
vn 0.591712 -0.000002 -0.806150
vn 0.591711 0.000000 -0.806150
vn 0.591711 0.000000 -0.806150
vn 0.591711 0.000000 -0.806150
vn 0.591711 0.000000 -0.806150
vn 0.591712 -0.000004 -0.806149
vn 0.591712 -0.000004 -0.806149
vn 0.591712 -0.000004 -0.806149
vn 0.591712 -0.000004 -0.806149
vn 0.591714 0.000002 -0.806148
vn 0.591714 0.000002 -0.806148
vn 0.591714 0.000002 -0.806148
vn 0.591714 0.000002 -0.806148
vn 0.591712 -0.000001 -0.806150
vn 0.591712 -0.000001 -0.806150
vn 0.591712 -0.000001 -0.806150
vn 0.591712 -0.000001 -0.806150
vn -0.190154 0.000000 -0.981754
vn -0.190154 0.000000 -0.981754
vn -0.190154 0.000000 -0.981754
vn -0.190154 0.000000 -0.981754
vn -0.190148 0.000000 -0.981755
vn -0.190148 0.000000 -0.981755
vn -0.190148 0.000000 -0.981755
vn -0.190148 0.000000 -0.981755
vn -0.190152 0.000000 -0.981755
vn -0.190152 0.000000 -0.981755
vn -0.190152 0.000000 -0.981755
vn -0.190152 0.000000 -0.981755
vn -0.190147 0.000001 -0.981756
vn -0.190147 0.000001 -0.981756
vn -0.190147 0.000001 -0.981756
vn -0.190147 0.000001 -0.981756
vn -0.190154 0.000001 -0.981754
vn -0.190154 0.000001 -0.981754
vn -0.190154 0.000001 -0.981754
vn -0.190154 0.000001 -0.981754
vn -0.190152 -0.000001 -0.981755
vn -0.190152 -0.000001 -0.981755
vn -0.190152 -0.000001 -0.981755
vn -0.190152 -0.000001 -0.981755
vn -0.190145 -0.000001 -0.981756
vn -0.190145 -0.000001 -0.981756
vn -0.190145 -0.000001 -0.981756
vn -0.190145 -0.000001 -0.981756
vn -0.190151 0.000001 -0.981755
vn -0.190151 0.000001 -0.981755
vn -0.190151 0.000001 -0.981755
vn -0.190151 0.000001 -0.981755
vn -0.190152 0.000001 -0.981755
vn -0.190152 0.000001 -0.981755
vn -0.190152 0.000001 -0.981755
vn -0.190152 0.000001 -0.981755
vn -0.190145 0.000001 -0.981756
vn -0.190145 0.000001 -0.981756
vn -0.190145 0.000001 -0.981756
vn -0.190145 0.000001 -0.981756
vn -0.190154 0.000001 -0.981754
vn -0.190154 0.000001 -0.981754
vn -0.190154 0.000001 -0.981754
vn -0.190154 0.000001 -0.981754
vn -0.190150 0.000000 -0.981755
vn -0.190150 0.000000 -0.981755
vn -0.190150 0.000000 -0.981755
vn -0.190150 0.000000 -0.981755
vn -0.190143 -0.000001 -0.981756
vn -0.190143 -0.000001 -0.981756
vn -0.190143 -0.000001 -0.981756
vn -0.190143 -0.000001 -0.981756
vn -0.190143 0.000001 -0.981756
vn -0.190143 0.000001 -0.981756
vn -0.190143 0.000001 -0.981756
vn -0.190143 0.000001 -0.981756
vn -0.190154 0.000001 -0.981754
vn -0.190154 0.000001 -0.981754
vn -0.190154 0.000001 -0.981754
vn -0.190154 0.000001 -0.981754
vn -0.190140 0.000000 -0.981757
vn -0.190140 0.000000 -0.981757
vn -0.190140 0.000000 -0.981757
vn -0.190140 0.000000 -0.981757
vn -0.190160 0.000000 -0.981753
vn -0.190160 0.000000 -0.981753
vn -0.190160 0.000000 -0.981753
vn -0.190160 0.000000 -0.981753
vn -0.190154 -0.000000 -0.981754
vn -0.190154 -0.000000 -0.981754
vn -0.190154 -0.000000 -0.981754
vn -0.190154 -0.000000 -0.981754
vn -0.190144 -0.000001 -0.981756
vn -0.190144 -0.000001 -0.981756
vn -0.190144 -0.000001 -0.981756
vn -0.190144 -0.000001 -0.981756
vn -0.190145 0.000000 -0.981756
vn -0.190145 0.000000 -0.981756
vn -0.190145 0.000000 -0.981756
vn -0.190145 0.000000 -0.981756
vn -0.190155 0.000001 -0.981754
vn -0.190155 0.000001 -0.981754
vn -0.190155 0.000001 -0.981754
vn -0.190155 0.000001 -0.981754
vn -0.190144 0.000000 -0.981756
vn -0.190144 0.000000 -0.981756
vn -0.190144 0.000000 -0.981756
vn -0.190144 0.000000 -0.981756
vn -0.190162 0.000000 -0.981753
vn -0.190162 0.000000 -0.981753
vn -0.190162 0.000000 -0.981753
vn -0.190162 0.000000 -0.981753
vn -0.190155 0.000000 -0.981754
vn -0.190155 0.000000 -0.981754
vn -0.190155 0.000000 -0.981754
vn -0.190155 0.000000 -0.981754
vn -0.190152 -0.000001 -0.981755
vn -0.190152 -0.000001 -0.981755
vn -0.190152 -0.000001 -0.981755
vn -0.190152 -0.000001 -0.981755
vn -0.190146 0.000000 -0.981756
vn -0.190146 0.000000 -0.981756
vn -0.190146 0.000000 -0.981756
vn -0.190146 0.000000 -0.981756
vn -0.190152 0.000001 -0.981755
vn -0.190152 0.000001 -0.981755
vn -0.190152 0.000001 -0.981755
vn -0.190152 0.000001 -0.981755
vn 0.000000 1.000000 0.000000
vn 0.000000 1.000000 0.000000
vn -0.000000 1.000000 -0.000000
vn -0.000000 1.000000 -0.000000
vn -0.000000 1.000000 0.000000
vn -0.000000 1.000000 0.000000
vn -0.000000 1.000000 0.000000
vn -0.000000 1.000000 0.000000
vn 0.000000 1.000000 0.000000
vn 0.000000 1.000000 0.000000
vn 0.000000 1.000000 0.000000
vn 0.000000 1.000000 0.000000
vn 0.000000 1.000000 0.000000
vn 0.000000 1.000000 0.000000
vn -0.000000 1.000000 0.000000
vn -0.000000 1.000000 0.000000
vn -0.000000 1.000000 0.000000
vn -0.000000 1.000000 0.000000
vn 0.000000 1.000000 0.000000
vn 0.000000 1.000000 0.000000
vn 0.000000 1.000000 0.000000
vn 0.000000 1.000000 0.000000
vn -0.000000 1.000000 0.000000
vn -0.000000 1.000000 0.000000
vn -0.000000 1.000000 0.000000
vn -0.000000 1.000000 0.000000
vn -0.000000 1.000000 0.000000
vn -0.000000 1.000000 0.000000
vn -0.000000 1.000000 0.000000
vn -0.000000 1.000000 0.000000
vn -0.000000 1.000000 0.000000
vn -0.000000 1.000000 0.000000
vn -0.000000 1.000000 0.000000
vn 0.000000 1.000000 -0.000000
vn 0.000000 1.000000 -0.000000
vn 0.000000 1.000000 -0.000000
vn 0.000000 1.000000 -0.000000
vn -0.000000 1.000000 0.000000
vn -0.000000 1.000000 0.000000
vn 0.000000 1.000000 0.000000
vn 0.000000 1.000000 0.000000
vn 0.000000 1.000000 0.000000
vn 0.000000 1.000000 0.000000
vn 0.000000 1.000000 0.000000
vn 0.000000 1.000000 0.000000
vn 0.000000 1.000000 0.000000
vn 0.000000 1.000000 0.000000
vn -0.000000 1.000000 0.000000
vn -0.000000 1.000000 0.000000
vn -0.000000 1.000000 0.000000
vn -0.000000 1.000000 0.000000
vn -0.000000 1.000000 -0.000000
vn -0.000000 1.000000 -0.000000
vn -0.000000 1.000000 -0.000000
vn -0.000000 1.000000 -0.000000
vn -0.000000 1.000000 0.000000
vn -0.000000 1.000000 0.000000
vn -0.000000 1.000000 0.000000
vn -0.000000 1.000000 0.000000
vn -0.000000 1.000000 0.000000
vn 0.000000 1.000000 0.000000
vn 0.000000 1.000000 0.000000
vn 0.000000 1.000000 0.000000
vn 0.000000 1.000000 0.000000
vn 0.000000 1.000000 0.000000
vn 0.000000 1.000000 0.000000
vn -0.000000 1.000000 0.000000
vn -0.000000 1.000000 0.000000
vn 0.000000 1.000000 0.000000
vn 0.000000 1.000000 0.000000
vn 0.000000 1.000000 0.000000
vn 0.000000 1.000000 0.000000
vn -0.000000 1.000000 0.000000
vn -0.000000 1.000000 0.000000
vn -0.000000 1.000000 0.000000
vn -0.000000 1.000000 0.000000
vn -0.000000 1.000000 0.000000
vn -0.000000 1.000000 0.000000
vn -0.000000 1.000000 0.000000
vn -0.000000 1.000000 0.000000
vn -0.000000 1.000000 0.000000
vn -0.000000 1.000000 0.000000
vn -0.000000 1.000000 0.000000
vn -0.000000 1.000000 0.000000
vn -0.000000 1.000000 -0.000000
vn -0.000000 1.000000 -0.000000
vn -0.000000 1.000000 -0.000000
vn -0.000000 1.000000 -0.000000
vn 0.319794 0.000000 -0.947487
vn 0.319794 0.000000 -0.947487
vn 0.319794 0.000000 -0.947487
vn 0.319794 0.000000 -0.947487
vn 0.319791 -0.000001 -0.947488
vn 0.319791 -0.000001 -0.947488
vn 0.319791 -0.000001 -0.947488
vn 0.319791 -0.000001 -0.947488
vn 0.319783 -0.000000 -0.947491
vn 0.319783 -0.000000 -0.947491
vn 0.319783 -0.000000 -0.947491
vn 0.319783 -0.000000 -0.947491
vn 0.319789 0.000000 -0.947489
vn 0.319789 0.000000 -0.947489
vn 0.319789 0.000000 -0.947489
vn 0.319789 0.000000 -0.947489
vn 0.319793 0.000000 -0.947488
vn 0.319793 0.000000 -0.947488
vn 0.319793 0.000000 -0.947488
vn 0.319793 0.000000 -0.947488
vn 0.319790 0.000000 -0.947489
vn 0.319790 0.000000 -0.947489
vn 0.319790 0.000000 -0.947489
vn 0.319790 0.000000 -0.947489
vn 0.319789 0.000000 -0.947489
vn 0.319789 0.000000 -0.947489
vn 0.319789 0.000000 -0.947489
vn 0.319789 0.000000 -0.947489
vn 0.319795 0.000000 -0.947487
vn 0.319795 0.000000 -0.947487
vn 0.319795 0.000000 -0.947487
vn 0.319795 0.000000 -0.947487
vn 0.319792 0.000000 -0.947488
vn 0.319792 0.000000 -0.947488
vn 0.319792 0.000000 -0.947488
vn 0.319792 0.000000 -0.947488
vn 0.319794 -0.000000 -0.947487
vn 0.319794 -0.000000 -0.947487
vn 0.319794 -0.000000 -0.947487
vn 0.319794 -0.000000 -0.947487
vn 0.319790 -0.000000 -0.947488
vn 0.319790 -0.000000 -0.947488
vn 0.319790 -0.000000 -0.947488
vn 0.319790 -0.000000 -0.947488
vn 0.319790 0.000000 -0.947489
vn 0.319790 0.000000 -0.947489
vn 0.319790 0.000000 -0.947489
vn 0.319790 0.000000 -0.947489
vn 0.319786 0.000000 -0.947490
vn 0.319786 0.000000 -0.947490
vn 0.319786 0.000000 -0.947490
vn 0.319786 0.000000 -0.947490
vn 0.319787 0.000000 -0.947490
vn 0.319787 0.000000 -0.947490
vn 0.319787 0.000000 -0.947490
vn 0.319787 0.000000 -0.947490
vn 0.319793 0.000000 -0.947488
vn 0.319793 0.000000 -0.947488
vn 0.319793 0.000000 -0.947488
vn 0.319793 0.000000 -0.947488
vn 0.319786 0.000000 -0.947490
vn 0.319786 0.000000 -0.947490
vn 0.319786 0.000000 -0.947490
vn 0.319786 0.000000 -0.947490
vn 0.319793 0.000000 -0.947488
vn 0.319793 0.000000 -0.947488
vn 0.319793 0.000000 -0.947488
vn 0.319793 0.000000 -0.947488
vn 0.319793 0.000000 -0.947488
vn 0.319793 0.000000 -0.947488
vn 0.319793 0.000000 -0.947488
vn 0.319793 0.000000 -0.947488
vn 0.319792 0.000000 -0.947488
vn 0.319792 0.000000 -0.947488
vn 0.319792 0.000000 -0.947488
vn 0.319792 0.000000 -0.947488
vn 0.319791 0.000000 -0.947488
vn 0.319791 0.000000 -0.947488
vn 0.319791 0.000000 -0.947488
vn 0.319791 0.000000 -0.947488
vn 0.319793 0.000000 -0.947487
vn 0.319793 0.000000 -0.947487
vn 0.319793 0.000000 -0.947487
vn 0.319793 0.000000 -0.947487
vn 0.319792 -0.000000 -0.947488
vn 0.319791 -0.000000 -0.947488
vn 0.319791 -0.000000 -0.947488
vn 0.319792 -0.000000 -0.947488
vn 0.319793 -0.000000 -0.947488
vn 0.319793 -0.000000 -0.947488
vn 0.319793 -0.000000 -0.947488
vn 0.319793 -0.000000 -0.947488
vn 0.319793 0.000000 -0.947487
vn 0.319793 0.000000 -0.947487
vn 0.319793 0.000000 -0.947487
vn 0.319793 0.000000 -0.947487
vn 0.319788 0.000000 -0.947489
vn 0.319788 0.000000 -0.947489
vn 0.319788 0.000000 -0.947489
vn 0.319788 0.000000 -0.947489
vn 0.319789 -0.000000 -0.947489
vn 0.319789 -0.000000 -0.947489
vn 0.319789 -0.000000 -0.947489
vn 0.319789 -0.000000 -0.947489
vn 0.319789 -0.000001 -0.947489
vn 0.319789 -0.000001 -0.947489
vn 0.319789 -0.000001 -0.947489
vn 0.319789 -0.000001 -0.947489
vn -0.999964 0.000000 0.008538
vn -0.999964 0.000000 0.008538
vn -0.999964 0.000000 0.008538
vn -0.999964 0.000000 0.008538
vn -0.999964 0.000000 0.008538
vn -0.999964 0.000000 0.008538
vn -0.999964 0.000000 0.008538
vn -0.999964 0.000000 0.008538
vn -0.999964 0.000000 0.008537
vn -0.999964 0.000000 0.008537
vn -0.999964 0.000000 0.008537
vn -0.999964 0.000000 0.008537
vn -0.999964 -0.000001 0.008537
vn -0.999964 -0.000001 0.008537
vn -0.999964 -0.000001 0.008537
vn -0.999964 -0.000001 0.008537
vn -0.999964 -0.000004 0.008538
vn -0.999964 -0.000004 0.008538
vn -0.999964 -0.000004 0.008538
vn -0.999964 -0.000004 0.008538
vn -0.999964 0.000004 0.008538
vn -0.999964 0.000004 0.008538
vn -0.999964 0.000004 0.008538
vn -0.999964 0.000004 0.008538
vn -0.999964 0.000000 0.008538
vn -0.999964 0.000000 0.008538
vn -0.999964 0.000000 0.008538
vn -0.999964 0.000000 0.008538
vn -0.999964 0.000000 0.008538
vn -0.999964 0.000000 0.008538
vn -0.999964 0.000000 0.008538
vn -0.999964 0.000000 0.008538
vn -0.999964 0.000000 0.008537
vn -0.999964 0.000000 0.008537
vn -0.999964 0.000000 0.008537
vn -0.999964 0.000000 0.008537
vn -0.999964 0.000000 0.008538
vn -0.999964 0.000000 0.008538
vn -0.999964 0.000000 0.008538
vn -0.999964 0.000000 0.008538
vn -0.999964 -0.000001 0.008538
vn -0.999964 -0.000001 0.008538
vn -0.999964 -0.000001 0.008538
vn -0.999964 -0.000001 0.008538
vn -0.999964 0.000001 0.008538
vn -0.999964 0.000001 0.008538
vn -0.999964 0.000001 0.008538
vn -0.999964 0.000001 0.008538
vn -0.999964 0.000000 0.008538
vn -0.999964 0.000000 0.008538
vn -0.999964 0.000000 0.008538
vn -0.999964 0.000000 0.008538
vn -0.999964 0.000000 0.008538
vn -0.999964 0.000000 0.008538
vn -0.999964 0.000000 0.008538
vn -0.999964 0.000000 0.008538
vn -0.999964 0.000002 0.008536
vn -0.999964 0.000002 0.008536
vn -0.999964 0.000002 0.008536
vn -0.999964 0.000002 0.008536
vn -0.999964 0.000001 0.008538
vn -0.999964 0.000001 0.008538
vn -0.999964 0.000001 0.008538
vn -0.999964 0.000001 0.008538
vn -0.999964 -0.000003 0.008537
vn -0.999964 -0.000003 0.008537
vn -0.999964 -0.000003 0.008537
vn -0.999964 -0.000003 0.008537
vn -0.999964 0.000000 0.008537
vn -0.999964 0.000000 0.008537
vn -0.999964 0.000000 0.008537
vn -0.999964 0.000000 0.008537
vn -0.999964 -0.000000 0.008538
vn -0.999964 -0.000000 0.008538
vn -0.999964 -0.000000 0.008538
vn -0.999964 -0.000000 0.008538
vn -0.999964 0.000000 0.008538
vn -0.999964 0.000000 0.008538
vn -0.999964 0.000000 0.008538
vn -0.999964 0.000000 0.008538
vn -0.999964 -0.000000 0.008537
vn -0.999964 -0.000000 0.008537
vn -0.999964 -0.000000 0.008537
vn -0.999964 -0.000000 0.008537
vn -0.999964 -0.000001 0.008538
vn -0.999964 -0.000001 0.008538
vn -0.999964 -0.000001 0.008538
vn -0.999964 -0.000001 0.008538
vn -0.999964 -0.000001 0.008538
vn -0.999964 -0.000001 0.008538
vn -0.999964 -0.000001 0.008538
vn -0.999964 -0.000001 0.008538
vn -0.999964 0.000001 0.008538
vn -0.999964 0.000001 0.008538
vn -0.999964 0.000001 0.008538
vn -0.999964 0.000001 0.008538
vn -0.999964 0.000000 0.008538
vn -0.999964 0.000000 0.008538
vn -0.999964 0.000000 0.008538
vn -0.999964 0.000000 0.008538
vn -0.999964 0.000000 0.008538
vn -0.999964 0.000000 0.008538
vn -0.999964 0.000000 0.008538
vn -0.999964 0.000000 0.008538
vn -0.999964 -0.000001 0.008538
vn -0.999964 -0.000001 0.008538
vn -0.999964 -0.000001 0.008538
vn -0.999964 -0.000001 0.008538
vn 0.319798 0.000000 0.947486
vn 0.319798 0.000000 0.947486
vn 0.319798 0.000000 0.947486
vn 0.319798 0.000000 0.947486
vn 0.319801 -0.000001 0.947485
vn 0.319801 -0.000001 0.947485
vn 0.319801 -0.000001 0.947485
vn 0.319801 -0.000001 0.947485
vn 0.319783 0.000000 0.947491
vn 0.319783 0.000000 0.947491
vn 0.319783 0.000000 0.947491
vn 0.319783 0.000000 0.947491
vn 0.319795 0.000001 0.947487
vn 0.319795 0.000001 0.947487
vn 0.319795 0.000001 0.947487
vn 0.319795 0.000001 0.947487
vn 0.319780 0.000000 0.947492
vn 0.319780 0.000000 0.947492
vn 0.319780 0.000000 0.947492
vn 0.319780 0.000000 0.947492
vn 0.319781 0.000000 0.947492
vn 0.319781 0.000000 0.947492
vn 0.319781 0.000000 0.947492
vn 0.319781 0.000000 0.947492
vn 0.319801 0.000000 0.947485
vn 0.319801 0.000000 0.947485
vn 0.319801 0.000000 0.947485
vn 0.319801 0.000000 0.947485
vn 0.319801 0.000000 0.947485
vn 0.319801 0.000000 0.947485
vn 0.319801 0.000000 0.947485
vn 0.319801 0.000000 0.947485
vn 0.319783 0.000001 0.947491
vn 0.319783 0.000001 0.947491
vn 0.319783 0.000001 0.947491
vn 0.319783 0.000001 0.947491
vn 0.319788 -0.000001 0.947489
vn 0.319788 -0.000001 0.947489
vn 0.319788 -0.000001 0.947489
vn 0.319788 -0.000001 0.947489
vn 0.319787 -0.000001 0.947490
vn 0.319787 -0.000001 0.947490
vn 0.319787 -0.000001 0.947490
vn 0.319787 -0.000001 0.947490
vn 0.319784 0.000001 0.947491
vn 0.319784 0.000001 0.947491
vn 0.319784 0.000001 0.947491
vn 0.319784 0.000001 0.947490
vn 0.319802 0.000000 0.947485
vn 0.319801 0.000000 0.947485
vn 0.319801 0.000000 0.947485
vn 0.319801 0.000000 0.947485
vn 0.319796 0.000000 0.947487
vn 0.319796 0.000000 0.947487
vn 0.319796 0.000000 0.947487
vn 0.319796 0.000000 0.947487
vn 0.319794 0.000001 0.947487
vn 0.319794 0.000001 0.947487
vn 0.319794 0.000001 0.947487
vn 0.319794 0.000001 0.947487
vn 0.319798 0.000000 0.947486
vn 0.319798 0.000000 0.947486
vn 0.319798 0.000000 0.947486
vn 0.319798 0.000000 0.947486
vn 0.319789 0.000000 0.947489
vn 0.319789 0.000000 0.947489
vn 0.319789 0.000000 0.947489
vn 0.319789 0.000000 0.947489
vn 0.319788 0.000000 0.947489
vn 0.319788 0.000000 0.947489
vn 0.319788 0.000000 0.947489
vn 0.319788 0.000000 0.947489
vn 0.319788 0.000000 0.947489
vn 0.319788 0.000000 0.947489
vn 0.319788 0.000000 0.947489
vn 0.319788 0.000000 0.947489
vn 0.319786 -0.000001 0.947490
vn 0.319786 -0.000001 0.947490
vn 0.319786 -0.000001 0.947490
vn 0.319786 -0.000001 0.947490
vn 0.319793 -0.000001 0.947487
vn 0.319793 -0.000001 0.947487
vn 0.319793 -0.000001 0.947487
vn 0.319793 -0.000001 0.947487
vn 0.319791 0.000000 0.947488
vn 0.319791 0.000000 0.947488
vn 0.319791 0.000000 0.947488
vn 0.319791 0.000000 0.947488
vn 0.319783 -0.000000 0.947491
vn 0.319783 -0.000000 0.947491
vn 0.319783 -0.000000 0.947491
vn 0.319783 -0.000000 0.947491
vn 0.319784 0.000001 0.947491
vn 0.319784 0.000001 0.947491
vn 0.319784 0.000001 0.947491
vn 0.319784 0.000001 0.947491
vn 0.319794 0.000000 0.947487
vn 0.319794 0.000000 0.947487
vn 0.319794 0.000000 0.947487
vn 0.319794 0.000000 0.947487
vn 0.319796 0.000000 0.947486
vn 0.319797 0.000000 0.947486
vn 0.319796 0.000000 0.947486
vn 0.319797 0.000000 0.947486
vn 0.319784 0.000001 0.947491
vn 0.319784 0.000001 0.947491
vn 0.319784 0.000001 0.947491
vn 0.319784 0.000001 0.947491
vn 1.000000 -0.000000 -0.000001
vn 1.000000 -0.000000 -0.000001
vn 1.000000 -0.000000 -0.000001
vn 1.000000 -0.000000 -0.000001
vn 1.000000 0.000001 -0.000001
vn 1.000000 0.000001 -0.000001
vn 1.000000 0.000001 -0.000001
vn 1.000000 0.000001 -0.000001
vn 1.000000 0.000000 0.000001
vn 1.000000 0.000000 0.000001
vn 1.000000 0.000000 0.000001
vn 1.000000 0.000000 0.000001
vn 1.000000 0.000000 0.000001
vn 1.000000 0.000000 0.000001
vn 1.000000 0.000000 0.000001
vn 1.000000 0.000000 0.000001
vn 1.000000 -0.000000 -0.000001
vn 1.000000 -0.000000 -0.000001
vn 1.000000 -0.000000 -0.000001
vn 1.000000 -0.000000 -0.000001
vn 1.000000 0.000000 -0.000001
vn 1.000000 0.000000 -0.000001
vn 1.000000 0.000000 -0.000001
vn 1.000000 0.000000 -0.000001
vn 1.000000 0.000000 -0.000001
vn 1.000000 0.000000 -0.000001
vn 1.000000 0.000000 -0.000001
vn 1.000000 0.000000 -0.000001
vn 1.000000 0.000000 0.000000
vn 1.000000 0.000000 0.000000
vn 1.000000 0.000000 0.000000
vn 1.000000 0.000000 0.000000
vn 1.000000 0.000000 0.000000
vn 1.000000 0.000000 0.000000
vn 1.000000 0.000000 0.000000
vn 1.000000 0.000000 0.000000
vn 1.000000 0.000000 0.000000
vn 1.000000 0.000000 0.000000
vn 1.000000 0.000000 0.000000
vn 1.000000 0.000000 0.000000
vn 1.000000 0.000000 0.000000
vn 1.000000 0.000000 0.000000
vn 1.000000 0.000000 0.000000
vn 1.000000 0.000000 0.000000
vn 1.000000 -0.000001 -0.000001
vn 1.000000 -0.000001 -0.000001
vn 1.000000 -0.000001 -0.000001
vn 1.000000 -0.000001 -0.000001
vn 1.000000 0.000001 0.000001
vn 1.000000 0.000001 0.000001
vn 1.000000 0.000001 0.000001
vn 1.000000 0.000001 0.000001
vn 1.000000 0.000000 0.000001
vn 1.000000 0.000000 0.000001
vn 1.000000 0.000000 0.000001
vn 1.000000 0.000000 0.000001
vn 1.000000 -0.000001 0.000000
vn 1.000000 -0.000001 0.000000
vn 1.000000 -0.000001 0.000000
vn 1.000000 -0.000001 0.000000
vn 1.000000 0.000000 0.000000
vn 1.000000 0.000000 0.000000
vn 1.000000 0.000000 0.000000
vn 1.000000 0.000000 0.000000
vn 1.000000 -0.000001 -0.000001
vn 1.000000 -0.000001 -0.000001
vn 1.000000 -0.000001 -0.000001
vn 1.000000 -0.000001 -0.000001
vn 1.000000 0.000000 0.000000
vn 1.000000 0.000000 0.000000
vn 1.000000 0.000000 0.000000
vn 1.000000 0.000000 0.000000
vn 1.000000 0.000000 0.000001
vn 1.000000 0.000000 0.000001
vn 1.000000 0.000000 0.000001
vn 1.000000 0.000000 0.000001
vn 1.000000 0.000000 0.000001
vn 1.000000 0.000000 0.000001
vn 1.000000 0.000000 0.000001
vn 1.000000 0.000000 0.000001
vn 1.000000 0.000000 -0.000001
vn 1.000000 0.000000 -0.000001
vn 1.000000 0.000000 -0.000001
vn 1.000000 0.000000 -0.000001
vn 1.000000 0.000000 0.000000
vn 1.000000 0.000000 0.000000
vn 1.000000 0.000000 0.000000
vn 1.000000 0.000000 0.000000
vn 1.000000 0.000000 0.000000
vn 1.000000 0.000000 0.000000
vn 1.000000 0.000000 0.000000
vn 1.000000 0.000000 0.000000
vn 1.000000 0.000000 0.000000
vn 1.000000 0.000000 0.000000
vn 1.000000 0.000000 0.000000
vn 1.000000 0.000000 0.000000
vn 1.000000 0.000000 0.000001
vn 1.000000 0.000000 0.000001
vn 1.000000 0.000000 0.000001
vn 1.000000 0.000000 0.000001
vn 1.000000 0.000000 0.000000
vn 1.000000 0.000000 0.000000
vn 1.000000 0.000000 0.000000
vn 1.000000 0.000000 0.000000
vn 1.000000 0.000000 0.000000
vn 1.000000 0.000000 0.000000
vn 1.000000 0.000000 0.000000
vn 1.000000 0.000000 0.000000
s off
g pCube1
usemtl initialShadingGroup
f 527/596/1 137/167/2 524/593/3 523/592/4
f 532/601/5 142/172/6 529/598/7 528/597/8
f 537/607/9 146/177/10 534/603/11 533/602/12
f 542/613/13 151/184/14 539/609/15 538/608/16
f 547/619/17 156/190/18 544/615/19 543/614/20
f 552/625/21 161/196/22 549/621/23 548/620/24
f 557/630/25 166/201/26 554/627/27 553/626/28
f 562/635/29 171/206/30 559/632/31 558/631/32
f 567/640/33 176/211/34 564/637/35 563/636/36
f 572/645/37 181/216/38 569/642/39 568/641/40
f 577/650/41 186/222/42 574/647/43 573/646/44
f 582/655/45 191/227/46 579/652/47 578/651/48
f 587/661/49 196/233/50 584/657/51 583/656/52
f 592/666/53 201/238/54 589/663/55 588/662/56
f 597/672/57 206/244/58 594/668/59 593/667/60
f 602/678/61 211/250/62 599/674/63 598/673/64
f 607/684/65 216/256/66 604/680/67 603/679/68
f 612/689/69 221/261/70 609/686/71 608/685/72
f 617/694/73 226/266/74 614/691/75 613/690/76
f 622/699/77 231/271/78 619/696/79 618/695/80
f 627/704/81 236/276/82 624/701/83 623/700/84
f 632/709/85 241/281/86 629/706/87 628/705/88
f 637/714/89 246/286/90 634/711/91 633/710/92
f 642/719/93 250/291/94 639/716/95 638/715/96
f 647/724/97 255/296/98 644/721/99 643/720/100
f 652/729/101 260/301/102 649/726/103 648/725/104
f 657/734/105 265/306/106 654/731/107 653/730/108
f 662/739/109 270/311/110 659/736/111 658/735/112
f 667/744/113 275/316/114 664/741/115 663/740/116
f 672/749/117 280/321/118 669/746/119 668/745/120
f 677/754/121 285/326/122 674/751/123 673/750/124
f 682/759/125 290/331/126 679/756/127 678/755/128
f 687/764/129 294/336/130 684/761/131 683/760/132
f 692/770/133 136/166/134 689/766/135 688/765/136
f 697/775/137 298/341/138 694/772/139 693/771/140
f 702/780/141 301/344/142 699/777/143 698/776/144
f 707/785/145 141/171/146 704/782/147 703/781/148
f 712/790/149 306/349/150 709/787/151 708/786/152
f 717/795/153 145/176/154 714/792/155 713/791/156
f 722/800/157 312/355/158 719/797/159 718/796/160
f 727/806/161 150/183/162 724/802/163 723/801/164
f 732/812/165 315/361/166 729/808/167 728/807/168
f 737/817/169 319/366/170 734/814/171 733/813/172
f 742/822/173 155/189/174 739/819/175 738/818/176
f 747/827/177 325/373/178 744/824/179 743/823/180
f 752/832/181 160/195/182 749/829/183 748/828/184
f 757/838/185 330/380/186 754/834/187 753/833/188
f 762/844/189 334/386/190 759/840/191 758/839/192
f 767/849/193 165/200/194 764/846/195 763/845/196
f 772/854/197 341/395/198 769/851/199 768/850/200
f 777/859/201 345/399/202 774/856/203 773/855/204
f 782/864/205 170/205/206 779/861/207 778/860/208
f 787/870/209 350/405/210 784/866/211 783/865/212
f 792/875/213 353/409/214 789/872/215 788/871/216
f 797/880/217 175/210/218 794/877/219 793/876/220
f 802/885/221 358/414/222 799/882/223 798/881/224
f 807/890/225 360/416/226 804/887/227 803/886/228
f 812/895/229 363/419/230 809/892/231 808/891/232
f 817/900/233 180/215/234 814/897/235 813/896/236
f 822/905/237 366/422/238 819/902/239 818/901/240
f 827/910/241 370/426/242 824/907/243 823/906/244
f 832/915/245 374/430/246 829/912/247 828/911/248
f 837/921/249 185/221/250 834/917/251 833/916/252
f 842/926/253 378/435/254 839/923/255 838/922/256
f 847/932/257 380/438/258 844/928/259 843/927/260
f 852/937/261 190/226/262 849/934/263 848/933/264
f 857/942/265 384/443/266 854/939/267 853/938/268
f 862/947/269 195/232/270 859/944/271 858/943/272
f 867/952/273 387/446/274 864/949/275 863/948/276
f 872/957/277 200/237/278 869/954/279 868/953/280
f 877/962/281 392/452/282 874/959/283 873/958/284
f 882/968/285 394/455/286 879/964/287 878/963/288
f 887/973/289 205/243/290 884/970/291 883/969/292
f 892/978/293 397/459/294 889/975/295 888/974/296
f 897/983/297 399/461/298 894/980/299 893/979/300
f 902/988/301 210/249/302 899/985/303 898/984/304
f 907/994/305 403/467/306 904/990/307 903/989/308
f 912/999/309 405/470/310 909/996/311 908/995/312
f 917/1004/313 215/255/314 914/1001/315 913/1000/316
f 922/1009/317 408/474/318 919/1006/319 918/1005/320
f 927/1014/321 411/477/322 924/1011/323 923/1010/324
f 932/1019/325 415/481/326 929/1016/327 928/1015/328
f 937/1024/329 419/485/330 934/1021/331 933/1020/332
f 942/1029/333 220/260/334 939/1026/335 938/1025/336
f 947/1034/337 424/491/338 944/1031/339 943/1030/340
f 952/1039/341 428/495/342 949/1036/343 948/1035/344
f 957/1044/345 225/265/346 954/1041/347 953/1040/348
f 962/1049/349 435/502/350 959/1046/351 958/1045/352
f 967/1054/353 439/506/354 964/1051/355 963/1050/356
f 972/1059/357 230/270/358 969/1056/359 968/1055/360
f 977/1064/361 444/511/362 974/1061/363 973/1060/364
f 982/1069/365 235/275/366 979/1066/367 978/1065/368
f 987/1074/369 447/514/370 984/1071/371 983/1070/372
f 992/1079/373 450/517/374 989/1076/375 988/1075/376
f 997/1084/377 240/280/378 994/1081/379 993/1080/380
f 1002/1089/381 454/521/382 999/1086/383 998/1085/384
f 1007/1094/385 457/524/386 1004/1091/387 1003/1090/388
f 1012/1099/389 245/285/390 1009/1096/391 1008/1095/392
f 1017/1104/393 460/527/394 1014/1101/395 1013/1100/396
f 1022/1109/397 463/530/398 1019/1106/399 1018/1105/400
f 1027/1115/401 249/290/402 1024/1111/403 1023/1110/404
f 1032/1120/405 466/534/406 1029/1117/407 1028/1116/408
f 1037/1125/409 468/536/410 1034/1122/411 1033/1121/412
f 1042/1130/413 254/295/414 1039/1127/415 1038/1126/416
f 1047/1135/417 471/539/418 1044/1132/419 1043/1131/420
f 1052/1140/421 474/542/422 1049/1137/423 1048/1136/424
f 1057/1145/425 259/300/426 1054/1142/427 1053/1141/428
f 1062/1150/429 478/546/430 1059/1147/431 1058/1146/432
f 1067/1155/433 481/549/434 1064/1152/435 1063/1151/436
f 1072/1160/437 264/305/438 1069/1157/439 1068/1156/440
f 1077/1165/441 484/552/442 1074/1162/443 1073/1161/444
f 1082/1170/445 487/555/446 1079/1167/447 1078/1166/448
f 1087/1175/449 269/310/450 1084/1172/451 1083/1171/452
f 1092/1180/453 490/558/454 1089/1177/455 1088/1176/456
f 1097/1185/457 492/560/458 1094/1182/459 1093/1181/460
f 1102/1190/461 274/315/462 1099/1187/463 1098/1186/464
f 1107/1195/465 495/563/466 1104/1192/467 1103/1191/468
f 1112/1200/469 497/565/470 1109/1197/471 1108/1196/472
f 1117/1205/473 279/320/474 1114/1202/475 1113/1201/476
f 1122/1210/477 500/568/478 1119/1207/479 1118/1206/480
f 1127/1215/481 503/571/482 1124/1212/483 1123/1211/484
f 1132/1220/485 284/325/486 1129/1217/487 1128/1216/488
f 1137/1225/489 507/575/490 1134/1222/491 1133/1221/492
f 1142/1230/493 510/578/494 1139/1227/495 1138/1226/496
f 1147/1235/497 289/330/498 1144/1232/499 1143/1231/500
f 1152/1240/501 513/581/502 1149/1237/503 1148/1236/504
f 1157/1245/505 516/584/506 1154/1242/507 1153/1241/508
f 1162/1251/509 293/335/510 1159/1247/511 1158/1246/512
f 1167/1256/513 519/588/514 1164/1253/515 1163/1252/516
f 1172/1261/517 521/590/518 1169/1258/519 1168/1257/520
f 526/595/521 134/163/522 1174/1263/523 1173/1262/524
f 1176/1266/525 135/164/526 535/1268/527 1177/1267/528
f 1178/1269/529 136/166/530 1180/1271/531 1179/1270/532
s 1
f 531/600/533 139/169/534 1183/1274/535 1182/1273/536
s off
f 1185/1276/537 140/170/538 1070/1158/539 1186/1277/540
f 1187/1278/541 141/171/542 1189/1280/543 1188/1279/544
f 536/606/545 135/174/546 1175/1283/547 1191/1282/548
s 2
f 1193/1285/549 144/175/550 895/981/551 1194/1286/552
s off
f 1195/1287/553 145/176/554 1197/1289/555 1196/1288/556
f 541/612/557 148/179/558 1200/1292/559 1199/1291/560
f 1202/1296/561 149/181/562 835/1298/563 1203/1297/564
f 1204/1299/565 150/183/566 1206/1301/567 1205/1300/568
f 546/618/569 153/187/570 1209/1305/571 1208/1303/572
s 3
f 1211/1307/573 154/188/574 855/940/575 1212/1308/576
s off
f 1213/1309/577 155/189/578 1215/1311/579 1214/1310/580
f 551/624/581 158/193/582 1218/1315/583 1217/1313/584
f 1220/1317/585 159/194/586 790/873/587 1221/1318/588
f 1222/1319/589 160/195/590 1224/1321/591 1223/1320/592
f 556/629/593 163/198/594 1227/1324/595 1226/1323/596
f 1229/1326/597 164/199/598 990/1077/599 1230/1327/600
f 1231/1328/601 165/200/602 1233/1330/603 1232/1329/604
f 561/634/605 168/203/606 1236/1333/607 1235/1332/608
s 4
f 1238/1335/609 169/204/610 695/773/611 1239/1336/612
s off
f 1240/1337/613 170/205/614 1242/1339/615 1241/1338/616
s 5
f 566/639/617 173/208/618 1245/1342/619 1244/1341/620
s 6
f 1247/1344/621 174/209/622 710/788/623 1248/1345/624
s off
f 1249/1346/625 175/210/626 1251/1348/627 1250/1347/628
s 7
f 571/644/629 178/213/630 1254/1351/631 1253/1350/632
s off
f 1256/1353/633 179/214/634 1010/1097/635 1257/1354/636
f 1258/1355/637 180/215/638 1260/1357/639 1259/1356/640
s 8
f 576/649/641 183/218/642 1263/1360/643 1262/1359/644
s off
f 1265/1363/645 184/220/646 725/1365/647 1266/1364/648
f 1267/1366/649 185/221/650 1269/1368/651 1268/1367/652
s 9
f 581/654/653 188/224/654 1272/1371/655 1271/1370/656
s 10
f 1274/1373/657 189/225/658 875/960/659 1275/1374/660
s off
f 1276/1375/661 190/226/662 1278/1377/663 1277/1376/664
f 586/660/665 193/230/666 1281/1381/667 1280/1379/668
s 11
f 1283/1383/669 194/231/670 720/798/671 1284/1384/672
s off
f 1285/1385/673 195/232/674 1287/1387/675 1286/1386/676
s 12
f 591/665/677 198/235/678 1290/1390/679 1289/1389/680
s 13
f 1292/1392/681 199/236/682 890/976/683 1293/1393/684
s off
f 1294/1394/685 200/237/686 1296/1396/687 1295/1395/688
f 596/671/689 203/241/690 1299/1400/691 1298/1398/692
s 14
f 1301/1402/693 204/242/694 745/825/695 1302/1403/696
s off
f 1303/1404/697 205/243/698 1305/1406/699 1304/1405/700
f 601/677/701 208/246/702 1308/1409/703 1307/1408/704
s 15
f 1310/1412/705 209/248/706 735/815/707 1311/1413/708
s off
f 1312/1414/709 210/249/710 1314/1416/711 1313/1415/712
f 606/683/713 213/253/714 1317/1420/715 1316/1418/716
f 1319/1422/717 214/254/718 1085/1173/719 1320/1423/720
f 1321/1424/721 215/255/722 1323/1426/723 1322/1425/724
f 611/688/725 218/258/726 1326/1429/727 1325/1428/728
f 1328/1431/729 219/259/730 1125/1213/731 1329/1432/732
f 1330/1433/733 220/260/734 1332/1435/735 1331/1434/736
f 616/693/737 223/263/738 1335/1438/739 1334/1437/740
f 1337/1440/741 224/264/742 1050/1138/743 1338/1441/744
f 1339/1442/745 225/265/746 1341/1444/747 1340/1443/748
s 16
f 621/698/749 228/268/750 1344/1447/751 1343/1446/752
s off
f 1346/1449/753 229/269/754 995/1082/755 1347/1450/756
f 1348/1451/757 230/270/758 1350/1453/759 1349/1452/760
f 626/703/761 233/273/762 1353/1456/763 1352/1455/764
f 1355/1458/765 234/274/766 935/1022/767 1356/1459/768
f 1357/1460/769 235/275/770 1359/1462/771 1358/1461/772
f 631/708/773 238/278/774 1362/1465/775 1361/1464/776
f 1364/1467/777 239/279/778 970/1057/779 1365/1468/780
f 1366/1469/781 240/280/782 1368/1471/783 1367/1470/784
f 636/713/785 243/283/786 1371/1474/787 1370/1473/788
f 1373/1476/789 244/284/790 815/898/791 1374/1477/792
f 1375/1478/793 245/285/794 1377/1480/795 1376/1479/796
f 641/718/797 248/288/798 1380/1483/799 1379/1482/800
f 1381/1485/801 148/289/802 540/1487/803 1382/1486/804
f 1383/1488/805 249/290/806 1385/1490/807 1384/1489/808
f 646/723/809 252/293/810 1388/1493/811 1387/1492/812
f 1390/1495/813 253/294/814 700/778/815 1391/1496/816
f 1392/1497/817 254/295/818 1394/1499/819 1393/1498/820
f 651/728/821 257/298/822 1397/1502/823 1396/1501/824
f 1399/1504/825 258/299/826 800/883/827 1400/1505/828
f 1401/1506/829 259/300/830 1403/1508/831 1402/1507/832
f 656/733/833 262/303/834 1406/1511/835 1405/1510/836
f 1408/1513/837 263/304/838 705/783/839 1409/1514/840
f 1410/1515/841 264/305/842 1412/1517/843 1411/1516/844
f 661/738/845 267/308/846 1415/1520/847 1414/1519/848
f 1417/1522/849 268/309/850 915/1002/851 1418/1523/852
f 1419/1524/853 269/310/854 1421/1526/855 1420/1525/856
s 17
f 666/743/857 272/313/858 1424/1529/859 1423/1528/860
s off
f 1426/1531/861 273/314/862 1130/1218/863 1427/1532/864
f 1428/1533/865 274/315/866 1430/1535/867 1429/1534/868
f 671/748/869 277/318/870 1433/1538/871 1432/1537/872
f 1435/1540/873 278/319/874 830/913/875 1436/1541/876
f 1437/1542/877 279/320/878 1439/1544/879 1438/1543/880
f 676/753/881 282/323/882 1442/1547/883 1441/1546/884
f 1444/1549/885 283/324/886 1100/1188/887 1445/1550/888
f 1446/1551/889 284/325/890 1448/1553/891 1447/1552/892
f 681/758/893 287/328/894 1451/1556/895 1450/1555/896
f 1453/1558/897 288/329/898 810/893/899 1454/1559/900
f 1455/1560/901 289/330/902 1457/1562/903 1456/1561/904
f 686/763/905 292/333/906 1460/1565/907 1459/1564/908
f 1461/1567/909 158/334/910 550/1569/911 1462/1568/912
f 1463/1570/913 293/335/914 1465/1572/915 1464/1571/916
f 691/769/917 296/338/918 1468/1575/919 1467/1574/920
s 18
f 1470/1578/921 297/340/922 780/862/923 1471/1579/924
s off
f 1472/1580/925 298/341/926 1474/1582/927 1473/1581/928
s 19
f 696/774/929 169/204/930 1237/1334/931 1475/1583/932
s off
f 1477/1585/933 300/343/934 1040/1128/935 1478/1586/936
f 1479/1587/937 301/344/938 1481/1589/939 1480/1588/940
f 701/779/941 253/294/942 1389/1494/943 1482/1590/944
f 1484/1592/945 303/346/946 910/997/947 1485/1593/948
f 1486/1594/949 137/167/950 1181/1272/951 1487/1595/952
f 706/784/953 263/304/954 1407/1512/955 1488/1596/956
s 20
f 1490/1598/957 305/348/958 795/878/959 1491/1599/960
s off
f 1492/1600/961 306/349/962 1494/1602/963 1493/1601/964
s 21
f 711/789/965 174/209/966 1246/1343/967 1495/1603/968
s 22
f 1497/1605/969 308/351/970 920/1007/971 1498/1606/972
s off
f 1499/1607/973 142/172/974 1190/1281/975 1500/1608/976
s 23
f 716/794/977 310/353/978 1502/1610/979 1501/1609/980
s 24
f 1504/1612/981 311/354/982 860/945/983 1505/1613/984
s off
f 1506/1614/985 312/355/986 1508/1616/987 1507/1615/988
s 25
f 721/799/989 194/231/990 1282/1382/991 1509/1617/992
s off
f 1510/1619/993 296/357/994 690/1621/995 1511/1620/996
f 1512/1622/997 146/177/998 1198/1290/999 1513/1623/1000
f 726/805/1001 184/359/1002 1264/1625/1003 1514/1624/1004
f 1515/1627/1005 153/360/1006 545/1629/1007 1516/1628/1008
f 1517/1630/1009 315/361/1010 1519/1632/1011 1518/1631/1012
f 731/811/1013 317/363/1014 1521/1634/1015 1520/1633/1016
s 26
f 1523/1637/1017 318/365/1018 900/986/1019 1524/1638/1020
s off
f 1525/1639/1021 319/366/1022 1527/1641/1023 1526/1640/1024
s 27
f 736/816/1025 209/248/1026 1309/1411/1027 1528/1642/1028
s off
f 1530/1645/1029 321/368/1030 1025/1647/1031 1531/1646/1032
f 1532/1648/1033 151/184/1034 1207/1302/1035 1533/1649/1036
s 28
f 741/821/1037 323/371/1038 1535/1651/1039 1534/1650/1040
s 29
f 1537/1653/1041 324/372/1042 885/971/1043 1538/1654/1044
s off
f 1539/1655/1045 325/373/1046 1541/1657/1047 1540/1656/1048
s 30
f 746/826/1049 204/242/1050 1300/1401/1051 1542/1658/1052
s off
f 1543/1660/1053 317/375/1054 730/1662/1055 1544/1661/1056
f 1545/1663/1057 156/190/1058 1216/1312/1059 1546/1664/1060
f 751/831/1061 328/377/1062 1548/1666/1063 1547/1665/1064
f 1550/1669/1065 329/379/1066 880/1671/1067 1551/1670/1068
f 1552/1672/1069 330/380/1070 1554/1674/1071 1553/1673/1072
f 756/837/1073 332/383/1074 1556/1677/1075 1555/1675/1076
f 1558/1680/1077 333/385/1078 845/1682/1079 1559/1681/1080
f 1560/1683/1081 334/386/1082 1562/1685/1083 1561/1684/1084
f 761/843/1085 336/389/1086 1564/1688/1087 1563/1686/1088
f 1566/1691/1089 337/391/1090 1160/1693/1091 1567/1692/1092
f 1568/1694/1093 161/196/1094 1225/1322/1095 1569/1695/1096
f 766/848/1097 339/393/1098 1571/1697/1099 1570/1696/1100
f 1573/1699/1101 340/394/1102 1005/1092/1103 1574/1700/1104
f 1575/1701/1105 341/395/1106 1577/1703/1107 1576/1702/1108
f 771/853/1109 343/397/1110 1579/1705/1111 1578/1704/1112
f 1581/1707/1113 344/398/1114 1020/1107/1115 1582/1708/1116
f 1583/1709/1117 345/399/1118 1585/1711/1119 1584/1710/1120
f 776/858/1121 347/401/1122 1587/1713/1123 1586/1712/1124
f 1589/1715/1125 348/402/1126 1035/1123/1127 1590/1716/1128
f 1591/1717/1129 166/201/1130 1234/1331/1131 1592/1718/1132
s 31
f 781/863/1133 297/340/1134 1469/1577/1135 1593/1719/1136
s off
f 1594/1721/1137 193/404/1138 585/1723/1139 1595/1722/1140
f 1596/1724/1141 350/405/1142 1598/1726/1143 1597/1725/1144
f 786/869/1145 352/407/1146 1600/1728/1147 1599/1727/1148
f 1601/1730/1149 328/377/1150 750/830/1151 1602/1731/1152
f 1603/1732/1153 353/409/1154 1605/1734/1155 1604/1733/1156
f 791/874/1157 159/194/1158 1219/1316/1159 1606/1735/1160
f 1608/1737/1161 355/411/1162 805/888/1163 1609/1738/1164
f 1610/1739/1165 171/206/1166 1243/1340/1167 1611/1740/1168
s 32
f 796/879/1169 305/348/1170 1489/1597/1171 1612/1741/1172
s off
f 1614/1743/1173 357/413/1174 1055/1143/1175 1615/1744/1176
f 1616/1745/1177 358/414/1178 1618/1747/1179 1617/1746/1180
f 801/884/1181 258/299/1182 1398/1503/1183 1619/1748/1184
f 1620/1749/1185 168/203/1186 560/633/1187 1621/1750/1188
f 1622/1751/1189 360/416/1190 1624/1753/1191 1623/1752/1192
f 806/889/1193 355/411/1194 1607/1736/1195 1625/1754/1196
f 1627/1756/1197 362/418/1198 1145/1233/1199 1628/1757/1200
f 1629/1758/1201 363/419/1202 1631/1760/1203 1630/1759/1204
f 811/894/1205 288/329/1206 1452/1557/1207 1632/1761/1208
s 33
f 1633/1762/1209 272/313/1210 665/742/1211 1634/1763/1212
s off
f 1635/1764/1213 176/211/1214 1252/1349/1215 1636/1765/1216
f 816/899/1217 244/284/1218 1372/1475/1219 1637/1766/1220
s 34
f 1638/1767/1221 228/268/1222 620/697/1223 1639/1768/1224
s off
f 1640/1769/1225 366/422/1226 1642/1771/1227 1641/1770/1228
s 35
f 821/904/1229 368/424/1230 1644/1773/1231 1643/1772/1232
s 36
f 1646/1775/1233 369/425/1234 1105/1193/1235 1647/1776/1236
s off
f 1648/1777/1237 370/426/1238 1650/1779/1239 1649/1778/1240
s 37
f 826/909/1241 372/428/1242 1652/1781/1243 1651/1780/1244
s off
f 1654/1783/1245 373/429/1246 1115/1203/1247 1655/1784/1248
f 1656/1785/1249 374/430/1250 1658/1787/1251 1657/1786/1252
f 831/914/1253 278/319/1254 1434/1539/1255 1659/1788/1256
s 38
f 1661/1790/1257 376/432/1258 840/924/1259 1662/1791/1260
s off
f 1663/1792/1261 181/216/1262 1261/1358/1263 1664/1793/1264
f 836/920/1265 149/434/1266 1201/1795/1267 1665/1794/1268
s 39
f 1666/1796/1269 178/213/1270 570/643/1271 1667/1797/1272
s off
f 1668/1798/1273 378/435/1274 1670/1800/1275 1669/1799/1276
s 40
f 841/925/1277 376/432/1278 1660/1789/1279 1671/1801/1280
s off
f 1672/1803/1281 336/437/1282 760/1805/1283 1673/1804/1284
f 1674/1806/1285 380/438/1286 1676/1808/1287 1675/1807/1288
f 846/931/1289 333/440/1290 1557/1810/1291 1677/1809/1292
s 41
f 1678/1811/1293 188/224/1294 580/653/1295 1679/1812/1296
s off
f 1680/1813/1297 186/222/1298 1270/1369/1299 1681/1814/1300
s 42
f 851/936/1301 383/442/1302 1683/1816/1303 1682/1815/1304
s 43
f 1684/1817/1305 323/371/1306 740/820/1307 1685/1818/1308
s off
f 1686/1819/1309 384/443/1310 1688/1821/1311 1687/1820/1312
s 44
f 856/941/1313 154/188/1314 1210/1306/1315 1689/1822/1316
s 45
f 1690/1823/1317 183/218/1318 575/648/1319 1691/1824/1320
s off
f 1692/1825/1321 191/227/1322 1279/1378/1323 1693/1826/1324
s 46
f 861/946/1325 311/354/1326 1503/1611/1327 1694/1827/1328
s 47
f 1695/1828/1329 198/235/1330 590/664/1331 1696/1829/1332
s off
f 1697/1830/1333 387/446/1334 1699/1832/1335 1698/1831/1336
s 48
f 866/951/1337 389/448/1338 1701/1834/1339 1700/1833/1340
s off
f 1702/1836/1341 352/449/1342 785/1838/1343 1703/1837/1344
f 1704/1839/1345 196/233/1346 1288/1388/1347 1705/1840/1348
s 49
f 871/956/1349 391/451/1350 1707/1842/1351 1706/1841/1352
s 50
f 1708/1843/1353 383/442/1354 850/935/1355 1709/1844/1356
s off
f 1710/1845/1357 392/452/1358 1712/1847/1359 1711/1846/1360
s 51
f 876/961/1361 189/225/1362 1273/1372/1363 1713/1848/1364
s off
f 1714/1850/1365 332/454/1366 755/1852/1367 1715/1851/1368
f 1716/1853/1369 394/455/1370 1718/1855/1371 1717/1854/1372
f 881/967/1373 329/457/1374 1549/1857/1375 1719/1856/1376
s 52
f 1720/1858/1377 389/448/1378 865/950/1379 1721/1859/1380
s off
f 1722/1860/1381 201/238/1382 1297/1397/1383 1723/1861/1384
s 53
f 886/972/1385 324/372/1386 1536/1652/1387 1724/1862/1388
s 54
f 1725/1863/1389 391/451/1390 870/955/1391 1726/1864/1392
s off
f 1727/1865/1393 397/459/1394 1729/1867/1395 1728/1866/1396
s 55
f 891/977/1397 199/236/1398 1291/1391/1399 1730/1868/1400
s 56
f 1731/1869/1401 310/353/1402 715/793/1403 1732/1870/1404
s off
f 1733/1871/1405 399/461/1406 1735/1873/1407 1734/1872/1408
s 57
f 896/982/1409 144/175/1410 1192/1284/1411 1736/1874/1412
s off
f 1738/1877/1413 401/464/1414 905/1879/1415 1739/1878/1416
f 1740/1880/1417 206/244/1418 1306/1407/1419 1741/1881/1420
s 58
f 901/987/1421 318/365/1422 1522/1636/1423 1742/1882/1424
s off
f 1743/1884/1425 203/466/1426 595/1886/1427 1744/1885/1428
f 1745/1887/1429 403/467/1430 1747/1889/1431 1746/1888/1432
f 906/993/1433 401/469/1434 1737/1891/1435 1748/1890/1436
f 1749/1892/1437 134/163/1438 525/594/1439 1750/1893/1440
f 1751/1894/1441 405/470/1442 1753/1896/1443 1752/1895/1444
f 911/998/1445 303/346/1446 1483/1591/1447 1754/1897/1448
f 1755/1899/1449 213/472/1450 605/1901/1451 1756/1900/1452
f 1757/1902/1453 211/250/1454 1315/1417/1455 1758/1903/1456
f 916/1003/1457 268/309/1458 1416/1521/1459 1759/1904/1460
s 59
f 1760/1905/1461 139/169/1462 530/599/1463 1761/1906/1464
s off
f 1762/1907/1465 408/474/1466 1764/1909/1467 1763/1908/1468
s 60
f 921/1008/1469 308/351/1470 1496/1604/1471 1765/1910/1472
s 61
f 1767/1912/1473 410/476/1474 1110/1198/1475 1768/1913/1476
s off
f 1769/1914/1477 411/477/1478 1771/1916/1479 1770/1915/1480
s 62
f 926/1013/1481 413/479/1482 1773/1918/1483 1772/1917/1484
s 63
f 1775/1920/1485 414/480/1486 975/1062/1487 1776/1921/1488
s off
f 1777/1922/1489 415/481/1490 1779/1924/1491 1778/1923/1492
s 64
f 931/1018/1493 417/483/1494 1781/1926/1495 1780/1925/1496
s off
f 1783/1928/1497 418/484/1498 980/1067/1499 1784/1929/1500
f 1785/1930/1501 419/485/1502 1787/1932/1503 1786/1931/1504
f 936/1023/1505 234/274/1506 1354/1457/1507 1788/1933/1508
f 1789/1935/1509 208/487/1510 600/1937/1511 1790/1936/1512
f 1791/1938/1513 216/256/1514 1324/1427/1515 1792/1939/1516
f 941/1028/1517 422/489/1518 1794/1941/1519 1793/1940/1520
f 1796/1943/1521 423/490/1522 1140/1228/1523 1797/1944/1524
f 1798/1945/1525 424/491/1526 1800/1947/1527 1799/1946/1528
f 946/1033/1529 426/493/1530 1802/1949/1531 1801/1948/1532
f 1804/1951/1533 427/494/1534 1155/1243/1535 1805/1952/1536
f 1806/1953/1537 428/495/1538 1808/1955/1539 1807/1954/1540
f 951/1038/1541 430/497/1542 1810/1957/1543 1809/1956/1544
f 1812/1959/1545 431/498/1546 1170/1259/1547 1813/1960/1548
f 1814/1961/1549 221/261/1550 1333/1436/1551 1815/1962/1552
f 956/1043/1553 433/500/1554 1817/1964/1555 1816/1963/1556
f 1819/1966/1557 434/501/1558 1065/1153/1559 1820/1967/1560
f 1821/1968/1561 435/502/1562 1823/1970/1563 1822/1969/1564
f 961/1048/1565 437/504/1566 1825/1972/1567 1824/1971/1568
f 1827/1974/1569 438/505/1570 1080/1168/1571 1828/1975/1572
f 1829/1976/1573 439/506/1574 1831/1978/1575 1830/1977/1576
f 966/1053/1577 441/508/1578 1833/1980/1579 1832/1979/1580
f 1835/1982/1581 442/509/1582 1095/1183/1583 1836/1983/1584
f 1837/1984/1585 226/266/1586 1342/1445/1587 1838/1985/1588
f 971/1058/1589 239/279/1590 1363/1466/1591 1839/1986/1592
s 65
f 1840/1987/1593 417/483/1594 930/1017/1595 1841/1988/1596
s off
f 1842/1989/1597 444/511/1598 1844/1991/1599 1843/1990/1600
s 66
f 976/1063/1601 414/480/1602 1774/1919/1603 1845/1992/1604
s 67
f 1846/1993/1605 368/424/1606 820/903/1607 1847/1994/1608
s off
f 1848/1995/1609 231/271/1610 1351/1454/1611 1849/1996/1612
f 981/1068/1613 418/484/1614 1782/1927/1615 1850/1997/1616
f 1851/1998/1617 238/278/1618 630/707/1619 1852/1999/1620
f 1853/2000/1621 447/514/1622 1855/2002/1623 1854/2001/1624
f 986/1073/1625 449/516/1626 1857/2004/1627 1856/2003/1628
f 1858/2005/1629 339/393/1630 765/847/1631 1859/2006/1632
f 1860/2007/1633 450/517/1634 1862/2009/1635 1861/2008/1636
f 991/1078/1637 164/199/1638 1228/1325/1639 1863/2010/1640
f 1865/2012/1641 452/519/1642 1030/1118/1643 1866/2013/1644
f 1867/2014/1645 236/276/1646 1360/1463/1647 1868/2015/1648
f 996/1083/1649 229/269/1650 1345/1448/1651 1869/2016/1652
f 1870/2017/1653 243/283/1654 635/712/1655 1871/2018/1656
f 1872/2019/1657 454/521/1658 1874/2021/1659 1873/2020/1660
f 1001/1088/1661 456/523/1662 1876/2023/1663 1875/2022/1664
f 1877/2024/1665 343/397/1666 770/852/1667 1878/2025/1668
f 1879/2026/1669 457/524/1670 1881/2028/1671 1880/2027/1672
f 1006/1093/1673 340/394/1674 1572/1698/1675 1882/2029/1676
f 1883/2030/1677 449/516/1678 985/1072/1679 1884/2031/1680
f 1885/2032/1681 241/281/1682 1369/1472/1683 1886/2033/1684
f 1011/1098/1685 179/214/1686 1255/1352/1687 1887/2034/1688
f 1888/2035/1689 248/288/1690 640/717/1691 1889/2036/1692
f 1890/2037/1693 460/527/1694 1892/2039/1695 1891/2038/1696
f 1016/1103/1697 462/529/1698 1894/2041/1699 1893/2040/1700
f 1895/2042/1701 347/401/1702 775/857/1703 1896/2043/1704
f 1897/2044/1705 463/530/1706 1899/2046/1707 1898/2045/1708
f 1021/1108/1709 344/398/1710 1580/1706/1711 1900/2047/1712
f 1901/2048/1713 456/523/1714 1000/1087/1715 1902/2049/1716
f 1903/2050/1717 246/286/1718 1378/1481/1719 1904/2051/1720
f 1026/1114/1721 321/533/1722 1529/2053/1723 1905/2052/1724
f 1906/2054/1725 233/273/1726 625/702/1727 1907/2055/1728
f 1908/2056/1729 466/534/1730 1910/2058/1731 1909/2057/1732
f 1031/1119/1733 452/519/1734 1864/2011/1735 1911/2059/1736
f 1912/2060/1737 163/198/1738 555/628/1739 1913/2061/1740
f 1914/2062/1741 468/536/1742 1916/2064/1743 1915/2063/1744
f 1036/1124/1745 348/402/1746 1588/1714/1747 1917/2065/1748
f 1918/2066/1749 462/529/1750 1015/1102/1751 1919/2067/1752
f 1920/2068/1753 250/291/1754 1386/1491/1755 1921/2069/1756
f 1041/1129/1757 300/343/1758 1476/1584/1759 1922/2070/1760
f 1923/2071/1761 257/298/1762 650/727/1763 1924/2072/1764
f 1925/2073/1765 471/539/1766 1927/2075/1767 1926/2074/1768
f 1046/1134/1769 473/541/1770 1929/2077/1771 1928/2076/1772
f 1930/2078/1773 433/500/1774 955/1042/1775 1931/2079/1776
f 1932/2080/1777 474/542/1778 1934/2082/1779 1933/2081/1780
f 1051/1139/1781 224/264/1782 1336/1439/1783 1935/2083/1784
f 1937/2085/1785 476/544/1786 1090/1178/1787 1938/2086/1788
f 1939/2087/1789 255/296/1790 1395/1500/1791 1940/2088/1792
f 1056/1144/1793 357/413/1794 1613/1742/1795 1941/2089/1796
f 1942/2090/1797 262/303/1798 655/732/1799 1943/2091/1800
f 1944/2092/1801 478/546/1802 1946/2094/1803 1945/2093/1804
f 1061/1149/1805 480/548/1806 1948/2096/1807 1947/2095/1808
f 1949/2097/1809 437/504/1810 960/1047/1811 1950/2098/1812
f 1951/2099/1813 481/549/1814 1953/2101/1815 1952/2100/1816
f 1066/1154/1817 434/501/1818 1818/1965/1819 1954/2102/1820
f 1955/2103/1821 473/541/1822 1045/1133/1823 1956/2104/1824
f 1957/2105/1825 260/301/1826 1404/1509/1827 1958/2106/1828
f 1071/1159/1829 140/170/1830 1184/1275/1831 1959/2107/1832
f 1960/2108/1833 267/308/1834 660/737/1835 1961/2109/1836
f 1962/2110/1837 484/552/1838 1964/2112/1839 1963/2111/1840
f 1076/1164/1841 486/554/1842 1966/2114/1843 1965/2113/1844
f 1967/2115/1845 441/508/1846 965/1052/1847 1968/2116/1848
f 1969/2117/1849 487/555/1850 1971/2119/1851 1970/2118/1852
f 1081/1169/1853 438/505/1854 1826/1973/1855 1972/2120/1856
f 1973/2121/1857 480/548/1858 1060/1148/1859 1974/2122/1860
f 1975/2123/1861 265/306/1862 1413/1518/1863 1976/2124/1864
f 1086/1174/1865 214/254/1866 1318/1421/1867 1977/2125/1868
f 1978/2126/1869 252/293/1870 645/722/1871 1979/2127/1872
f 1980/2128/1873 490/558/1874 1982/2130/1875 1981/2129/1876
f 1091/1179/1877 476/544/1878 1936/2084/1879 1983/2131/1880
f 1984/2132/1881 223/263/1882 615/692/1883 1985/2133/1884
f 1986/2134/1885 492/560/1886 1988/2136/1887 1987/2135/1888
f 1096/1184/1889 442/509/1890 1834/1981/1891 1989/2137/1892
f 1990/2138/1893 486/554/1894 1075/1163/1895 1991/2139/1896
f 1992/2140/1897 270/311/1898 1422/1527/1899 1993/2141/1900
f 1101/1189/1901 283/324/1902 1443/1548/1903 1994/2142/1904
s 68
f 1995/2143/1905 372/428/1906 825/908/1907 1996/2144/1908
s off
f 1997/2145/1909 495/563/1910 1999/2147/1911 1998/2146/1912
s 69
f 1106/1194/1913 369/425/1914 1645/1774/1915 2000/2148/1916
s 70
f 2001/2149/1917 413/479/1918 925/1012/1919 2002/2150/1920
s off
f 2003/2151/1921 497/565/1922 2005/2153/1923 2004/2152/1924
s 71
f 1111/1199/1925 410/476/1926 1766/1911/1927 2006/2154/1928
s 72
f 2007/2155/1929 173/208/1930 565/638/1931 2008/2156/1932
s off
f 2009/2157/1933 275/316/1934 1431/1536/1935 2010/2158/1936
f 1116/1204/1937 373/429/1938 1653/1782/1939 2011/2159/1940
f 2012/2160/1941 282/323/1942 675/752/1943 2013/2161/1944
f 2014/2162/1945 500/568/1946 2016/2164/1947 2015/2163/1948
f 1121/1209/1949 502/570/1950 2018/2166/1951 2017/2165/1952
f 2019/2167/1953 422/489/1954 940/1027/1955 2020/2168/1956
f 2021/2169/1957 503/571/1958 2023/2171/1959 2022/2170/1960
f 1126/1214/1961 219/259/1962 1327/1430/1963 2024/2172/1964
f 2026/2174/1965 505/573/1966 1165/1254/1967 2027/2175/1968
f 2028/2176/1969 280/321/1970 1440/1545/1971 2029/2177/1972
f 1131/1219/1973 273/314/1974 1425/1530/1975 2030/2178/1976
f 2031/2179/1977 287/328/1978 680/757/1979 2032/2180/1980
f 2033/2181/1981 507/575/1982 2035/2183/1983 2034/2182/1984
f 1136/1224/1985 509/577/1986 2037/2185/1987 2036/2184/1988
f 2038/2186/1989 426/493/1990 945/1032/1991 2039/2187/1992
f 2040/2188/1993 510/578/1994 2042/2190/1995 2041/2189/1996
f 1141/1229/1997 423/490/1998 1795/1942/1999 2043/2191/2000
f 2044/2192/2001 502/570/2002 1120/1208/2003 2045/2193/2004
f 2046/2194/2005 285/326/2006 1449/1554/2007 2047/2195/2008
f 1146/1234/2009 362/418/2010 1626/1755/2011 2048/2196/2012
f 2049/2197/2013 292/333/2014 685/762/2015 2050/2198/2016
f 2051/2199/2017 513/581/2018 2053/2201/2019 2052/2200/2020
f 1151/1239/2021 515/583/2022 2055/2203/2023 2054/2202/2024
f 2056/2204/2025 430/497/2026 950/1037/2027 2057/2205/2028
f 2058/2206/2029 516/584/2030 2060/2208/2031 2059/2207/2032
f 1156/1244/2033 427/494/2034 1803/1950/2035 2061/2209/2036
f 2062/2210/2037 509/577/2038 1135/1223/2039 2063/2211/2040
f 2064/2212/2041 290/331/2042 1458/1563/2043 2065/2213/2044
f 1161/1250/2045 337/587/2046 1565/2215/2047 2066/2214/2048
f 2067/2216/2049 277/318/2050 670/747/2051 2068/2217/2052
f 2069/2218/2053 519/588/2054 2071/2220/2055 2070/2219/2056
f 1166/1255/2057 505/573/2058 2025/2173/2059 2072/2221/2060
f 2073/2222/2061 218/258/2062 610/687/2063 2074/2223/2064
f 2075/2224/2065 521/590/2066 2077/2226/2067 2076/2225/2068
f 1171/1260/2069 431/498/2070 1811/1958/2071 2078/2227/2072
f 2079/2228/2073 515/583/2074 1150/1238/2075 2080/2229/2076
f 2081/2230/2077 294/336/2078 1466/1573/2079 2082/2231/2080
f 524/593/2081 39/49/2082 525/594/2083 523/592/2084
f 525/594/2085 134/163/2086 526/595/2087 523/592/2088
f 526/595/2089 133/162/2090 527/596/2091 523/592/2092
s 73
f 529/598/2093 43/53/2094 530/599/2095 528/597/2096
s 59
f 530/599/1463 139/169/1462 531/600/2097 528/597/2098
s off
f 531/600/2099 138/168/2100 532/601/2101 528/597/2102
f 534/603/2103 36/57/2104 535/605/2105 533/602/2106
f 535/605/2107 135/174/2108 536/606/2109 533/602/2110
f 536/606/2111 143/173/2112 537/607/2113 533/602/2114
f 539/609/2115 51/64/2116 540/610/2117 538/608/2118
f 540/610/2119 148/179/2120 541/612/2121 538/608/2122
f 541/612/2123 147/178/2124 542/613/2125 538/608/2126
f 544/615/2127 49/69/2128 545/617/2129 543/614/2130
f 545/617/2131 153/187/2132 546/618/2133 543/614/2134
f 546/618/2135 152/185/2136 547/619/2137 543/614/2138
f 549/621/2139 59/77/2140 550/623/2141 548/620/2142
f 550/623/2143 158/193/2144 551/624/2145 548/620/2146
f 551/624/2147 157/191/2148 552/625/2149 548/620/2150
f 554/627/2151 64/82/2152 555/628/2153 553/626/2154
f 555/628/2155 163/198/2156 556/629/2157 553/626/2158
f 556/629/2159 162/197/2160 557/630/2161 553/626/2162
f 559/632/2163 67/86/2164 560/633/2165 558/631/2166
f 560/633/2167 168/203/2168 561/634/2169 558/631/2170
f 561/634/2171 167/202/2172 562/635/2173 558/631/2174
s 74
f 564/637/2175 71/90/2176 565/638/2177 563/636/2178
s 72
f 565/638/1931 173/208/1930 566/639/2179 563/636/2180
s off
f 566/639/2181 172/207/2182 567/640/2183 563/636/2184
s 75
f 569/642/2185 77/96/2186 570/643/2187 568/641/2188
s 39
f 570/643/1271 178/213/1270 571/644/2189 568/641/2190
s off
f 571/644/2191 177/212/2192 572/645/2193 568/641/2194
s 76
f 574/647/2195 79/100/2196 575/648/2197 573/646/2198
s 45
f 575/648/1319 183/218/1318 576/649/2199 573/646/2200
s off
f 576/649/2201 182/217/2202 577/650/2203 573/646/2204
s 77
f 579/652/2205 79/100/2206 580/653/2207 578/651/2208
s 41
f 580/653/1295 188/224/1294 581/654/2209 578/651/2210
s off
f 581/654/2211 187/223/2212 582/655/2213 578/651/2214
f 584/657/2215 66/105/2216 585/659/2217 583/656/2218
f 585/659/2219 193/230/2220 586/660/2221 583/656/2222
f 586/660/2223 192/228/2224 587/661/2225 583/656/2226
s 78
f 589/663/2227 83/104/2228 590/664/2229 588/662/2230
s 47
f 590/664/1331 198/235/1330 591/665/2231 588/662/2232
s off
f 591/665/2233 197/234/2234 592/666/2235 588/662/2236
f 594/668/2237 87/111/2238 595/670/2239 593/667/2240
f 595/670/2241 203/241/2242 596/671/2243 593/667/2244
f 596/671/2245 202/239/2246 597/672/2247 593/667/2248
f 599/674/2249 89/114/2250 600/675/2251 598/673/2252
f 600/675/2253 208/246/2254 601/677/2255 598/673/2256
f 601/677/2257 207/245/2258 602/678/2259 598/673/2260
f 604/680/2261 89/121/2262 605/682/2263 603/679/2264
f 605/682/2265 213/253/2266 606/683/2267 603/679/2268
f 606/683/2269 212/251/2270 607/684/2271 603/679/2272
f 609/686/2273 99/126/2274 610/687/2275 608/685/2276
f 610/687/2277 218/258/2278 611/688/2279 608/685/2280
f 611/688/2281 217/257/2282 612/689/2283 608/685/2284
f 614/691/2285 104/131/2286 615/692/2287 613/690/2288
f 615/692/2289 223/263/2290 616/693/2291 613/690/2292
f 616/693/2293 222/262/2294 617/694/2295 613/690/2296
s 79
f 619/696/2297 74/93/2298 620/697/2299 618/695/2300
s 34
f 620/697/1223 228/268/1222 621/698/2301 618/695/2302
s off
f 621/698/2303 227/267/2304 622/699/2305 618/695/2306
f 624/701/2307 109/136/2308 625/702/2309 623/700/2310
f 625/702/2311 233/273/2312 626/703/2313 623/700/2314
f 626/703/2315 232/272/2316 627/704/2317 623/700/2318
f 629/706/2319 108/135/2320 630/707/2321 628/705/2322
f 630/707/2323 238/278/2324 631/708/2325 628/705/2326
f 631/708/2327 237/277/2328 632/709/2329 628/705/2330
f 634/711/2331 111/138/2332 635/712/2333 633/710/2334
f 635/712/2335 243/283/2336 636/713/2337 633/710/2338
f 636/713/2339 242/282/2340 637/714/2341 633/710/2342
f 639/716/2343 113/140/2344 640/717/2345 638/715/2346
f 640/717/2347 248/288/2348 641/718/2349 638/715/2350
f 641/718/2351 247/287/2352 642/719/2353 638/715/2354
f 644/721/2355 117/145/2356 645/722/2357 643/720/2358
f 645/722/2359 252/293/2360 646/723/2361 643/720/2362
f 646/723/2363 251/292/2364 647/724/2365 643/720/2366
f 649/726/2367 116/144/2368 650/727/2369 648/725/2370
f 650/727/2371 257/298/2372 651/728/2373 648/725/2374
f 651/728/2375 256/297/2376 652/729/2377 648/725/2378
f 654/731/2379 119/147/2380 655/732/2381 653/730/2382
f 655/732/2383 262/303/2384 656/733/2385 653/730/2386
f 656/733/2387 261/302/2388 657/734/2389 653/730/2390
f 659/736/2391 121/149/2392 660/737/2393 658/735/2394
f 660/737/2395 267/308/2396 661/738/2397 658/735/2398
f 661/738/2399 266/307/2400 662/739/2401 658/735/2402
s 80
f 664/741/2403 71/90/2404 665/742/2405 663/740/2406
s 33
f 665/742/1211 272/313/1210 666/743/2407 663/740/2408
s off
f 666/743/2409 271/312/2410 667/744/2411 663/740/2412
f 669/746/2413 127/155/2414 670/747/2415 668/745/2416
f 670/747/2417 277/318/2418 671/748/2419 668/745/2420
f 671/748/2421 276/317/2422 672/749/2423 668/745/2424
f 674/751/2425 126/154/2426 675/752/2427 673/750/2428
f 675/752/2429 282/323/2430 676/753/2431 673/750/2432
f 676/753/2433 281/322/2434 677/754/2435 673/750/2436
f 679/756/2437 129/157/2438 680/757/2439 678/755/2440
f 680/757/2441 287/328/2442 681/758/2443 678/755/2444
f 681/758/2445 286/327/2446 682/759/2447 678/755/2448
f 684/761/2449 131/159/2450 685/762/2451 683/760/2452
f 685/762/2453 292/333/2454 686/763/2455 683/760/2456
f 686/763/2457 291/332/2458 687/764/2459 683/760/2460
f 689/766/2461 36/45/2462 690/767/2463 688/765/2464
f 690/767/2465 296/338/2466 691/769/2467 688/765/2468
f 691/769/2469 295/337/2470 692/770/2471 688/765/2472
s 81
f 694/772/2473 37/47/2474 695/773/2475 693/771/2476
s 4
f 695/773/611 169/204/610 696/774/2477 693/771/2478
s off
f 696/774/2479 299/342/2480 697/775/2481 693/771/2482
f 699/777/2483 38/48/2484 700/778/2485 698/776/2486
f 700/778/2487 253/294/2488 701/779/2489 698/776/2490
f 701/779/2491 302/345/2492 702/780/2493 698/776/2494
f 704/782/2495 41/51/2496 705/783/2497 703/781/2498
f 705/783/2499 263/304/2500 706/784/2501 703/781/2502
f 706/784/2503 304/347/2504 707/785/2505 703/781/2506
s 82
f 709/787/2507 42/52/2508 710/788/2509 708/786/2510
s 6
f 710/788/623 174/209/622 711/789/2511 708/786/2512
s off
f 711/789/2513 307/350/2514 712/790/2515 708/786/2516
s 83
f 714/792/2517 45/55/2518 715/793/2519 713/791/2520
s 56
f 715/793/1403 310/353/1402 716/794/2521 713/791/2522
s off
f 716/794/2523 309/352/2524 717/795/2525 713/791/2526
s 84
f 719/797/2527 46/56/2528 720/798/2529 718/796/2530
s 11
f 720/798/671 194/231/670 721/799/2531 718/796/2532
s off
f 721/799/2533 313/356/2534 722/800/2535 718/796/2536
f 724/802/2537 48/59/2538 725/803/2539 723/801/2540
f 725/803/2541 184/359/2542 726/805/2543 723/801/2544
f 726/805/2545 314/358/2546 727/806/2547 723/801/2548
f 729/808/2549 49/61/2550 730/809/2551 728/807/2552
f 730/809/2553 317/363/2554 731/811/2555 728/807/2556
f 731/811/2557 316/362/2558 732/812/2559 728/807/2560
s 85
f 734/814/2561 50/63/2562 735/815/2563 733/813/2564
s 15
f 735/815/707 209/248/706 736/816/2565 733/813/2566
s off
f 736/816/2567 320/367/2568 737/817/2569 733/813/2570
s 86
f 739/819/2571 53/67/2572 740/820/2573 738/818/2574
s 43
f 740/820/1307 323/371/1306 741/821/2575 738/818/2576
s off
f 741/821/2577 322/370/2578 742/822/2579 738/818/2580
s 87
f 744/824/2581 54/68/2582 745/825/2583 743/823/2584
s 14
f 745/825/695 204/242/694 746/826/2585 743/823/2586
s off
f 746/826/2587 326/374/2588 747/827/2589 743/823/2590
f 749/829/2591 56/71/2592 750/830/2593 748/828/2594
f 750/830/2595 328/377/2596 751/831/2597 748/828/2598
f 751/831/2599 327/376/2600 752/832/2601 748/828/2602
f 754/834/2603 57/73/2604 755/836/2605 753/833/2606
f 755/836/2607 332/383/2608 756/837/2609 753/833/2610
f 756/837/2611 331/381/2612 757/838/2613 753/833/2614
f 759/840/2615 58/75/2616 760/842/2617 758/839/2618
f 760/842/2619 336/389/2620 761/843/2621 758/839/2622
f 761/843/2623 335/387/2624 762/844/2625 758/839/2626
f 764/846/2627 61/79/2628 765/847/2629 763/845/2630
f 765/847/2631 339/393/2632 766/848/2633 763/845/2634
f 766/848/2635 338/392/2636 767/849/2637 763/845/2638
f 769/851/2639 62/80/2640 770/852/2641 768/850/2642
f 770/852/2643 343/397/2644 771/853/2645 768/850/2646
f 771/853/2647 342/396/2648 772/854/2649 768/850/2650
f 774/856/2651 63/81/2652 775/857/2653 773/855/2654
f 775/857/2655 347/401/2656 776/858/2657 773/855/2658
f 776/858/2659 346/400/2660 777/859/2661 773/855/2662
s 88
f 779/861/2663 37/47/2664 780/862/2665 778/860/2666
s 18
f 780/862/923 297/340/922 781/863/2667 778/860/2668
s off
f 781/863/2669 349/403/2670 782/864/2671 778/860/2672
f 784/866/2673 66/84/2674 785/867/2675 783/865/2676
f 785/867/2677 352/407/2678 786/869/2679 783/865/2680
f 786/869/2681 351/406/2682 787/870/2683 783/865/2684
f 789/872/2685 56/71/2686 790/873/2687 788/871/2688
f 790/873/2689 159/194/2690 791/874/2691 788/871/2692
f 791/874/2693 354/410/2694 792/875/2695 788/871/2696
s 89
f 794/877/2697 42/52/2698 795/878/2699 793/876/2700
s 20
f 795/878/959 305/348/958 796/879/2701 793/876/2702
s off
f 796/879/2703 356/412/2704 797/880/2705 793/876/2706
f 799/882/2707 69/88/2708 800/883/2709 798/881/2710
f 800/883/2711 258/299/2712 801/884/2713 798/881/2714
f 801/884/2715 359/415/2716 802/885/2717 798/881/2718
f 804/887/2719 67/86/2720 805/888/2721 803/886/2722
f 805/888/2723 355/411/2724 806/889/2725 803/886/2726
f 806/889/2727 361/417/2728 807/890/2729 803/886/2730
f 809/892/2731 70/89/2732 810/893/2733 808/891/2734
f 810/893/2735 288/329/2736 811/894/2737 808/891/2738
f 811/894/2739 364/420/2740 812/895/2741 808/891/2742
f 814/897/2743 73/92/2744 815/898/2745 813/896/2746
f 815/898/2747 244/284/2748 816/899/2749 813/896/2750
f 816/899/2751 365/421/2752 817/900/2753 813/896/2754
s 90
f 819/902/2755 74/93/2756 820/903/2757 818/901/2758
s 67
f 820/903/1607 368/424/1606 821/904/2759 818/901/2760
s off
f 821/904/2761 367/423/2762 822/905/2763 818/901/2764
s 91
f 824/907/2765 75/94/2766 825/908/2767 823/906/2768
s 68
f 825/908/1907 372/428/1906 826/909/2769 823/906/2770
s off
f 826/909/2771 371/427/2772 827/910/2773 823/906/2774
f 829/912/2775 76/95/2776 830/913/2777 828/911/2778
f 830/913/2779 278/319/2780 831/914/2781 828/911/2782
f 831/914/2783 375/431/2784 832/915/2785 828/911/2786
f 834/917/2787 48/98/2788 835/919/2789 833/916/2790
f 835/919/2791 149/434/2792 836/920/2793 833/916/2794
f 836/920/2795 377/433/2796 837/921/2797 833/916/2798
s 92
f 839/923/2799 77/96/2800 840/924/2801 838/922/2802
s 38
f 840/924/1259 376/432/1258 841/925/2803 838/922/2804
s off
f 841/925/2805 379/436/2806 842/926/2807 838/922/2808
f 844/928/2809 58/99/2810 845/929/2811 843/927/2812
f 845/929/2813 333/440/2814 846/931/2815 843/927/2816
f 846/931/2817 381/439/2818 847/932/2819 843/927/2820
s 93
f 849/934/2821 81/102/2822 850/935/2823 848/933/2824
s 50
f 850/935/1355 383/442/1354 851/936/2825 848/933/2826
s off
f 851/936/2827 382/441/2828 852/937/2829 848/933/2830
s 94
f 854/939/2831 53/67/2832 855/940/2833 853/938/2834
s 3
f 855/940/575 154/188/574 856/941/2835 853/938/2836
s off
f 856/941/2837 385/444/2838 857/942/2839 853/938/2840
s 95
f 859/944/2841 46/56/2842 860/945/2843 858/943/2844
s 24
f 860/945/983 311/354/982 861/946/2845 858/943/2846
s off
f 861/946/2847 386/445/2848 862/947/2849 858/943/2850
s 96
f 864/949/2851 83/104/2852 865/950/2853 863/948/2854
s 52
f 865/950/1379 389/448/1378 866/951/2855 863/948/2856
s off
f 866/951/2857 388/447/2858 867/952/2859 863/948/2860
s 97
f 869/954/2861 85/107/2862 870/955/2863 868/953/2864
s 54
f 870/955/1391 391/451/1390 871/956/2865 868/953/2866
s off
f 871/956/2867 390/450/2868 872/957/2869 868/953/2870
s 98
f 874/959/2871 81/102/2872 875/960/2873 873/958/2874
s 10
f 875/960/659 189/225/658 876/961/2875 873/958/2876
s off
f 876/961/2877 393/453/2878 877/962/2879 873/958/2880
f 879/964/2881 57/108/2882 880/965/2883 878/963/2884
f 880/965/2885 329/457/2886 881/967/2887 878/963/2888
f 881/967/2889 395/456/2890 882/968/2891 878/963/2892
s 99
f 884/970/2893 54/68/2894 885/971/2895 883/969/2896
s 29
f 885/971/1043 324/372/1042 886/972/2897 883/969/2898
s off
f 886/972/2899 396/458/2900 887/973/2901 883/969/2902
s 100
f 889/975/2903 85/107/2904 890/976/2905 888/974/2906
s 13
f 890/976/683 199/236/682 891/977/2907 888/974/2908
s off
f 891/977/2909 398/460/2910 892/978/2911 888/974/2912
s 101
f 894/980/2913 45/55/2914 895/981/2915 893/979/2916
s 2
f 895/981/551 144/175/550 896/982/2917 893/979/2918
s off
f 896/982/2919 400/462/2920 897/983/2921 893/979/2922
s 102
f 899/985/2923 50/63/2924 900/986/2925 898/984/2926
s 26
f 900/986/1019 318/365/1018 901/987/2927 898/984/2928
s off
f 901/987/2929 402/465/2930 902/988/2931 898/984/2932
f 904/990/2933 87/113/2934 905/991/2935 903/989/2936
f 905/991/2937 401/469/2938 906/993/2939 903/989/2940
f 906/993/2941 404/468/2942 907/994/2943 903/989/2944
f 909/996/2945 39/49/2946 910/997/2947 908/995/2948
f 910/997/2949 303/346/2950 911/998/2951 908/995/2952
f 911/998/2953 406/471/2954 912/999/2955 908/995/2956
f 914/1001/2957 91/117/2958 915/1002/2959 913/1000/2960
f 915/1002/2961 268/309/2962 916/1003/2963 913/1000/2964
f 916/1003/2965 407/473/2966 917/1004/2967 913/1000/2968
s 103
f 919/1006/2969 43/53/2970 920/1007/2971 918/1005/2972
s 22
f 920/1007/971 308/351/970 921/1008/2973 918/1005/2974
s off
f 921/1008/2975 409/475/2976 922/1009/2977 918/1005/2978
s 104
f 924/1011/2979 92/118/2980 925/1012/2981 923/1010/2982
s 70
f 925/1012/1919 413/479/1918 926/1013/2983 923/1010/2984
s off
f 926/1013/2985 412/478/2986 927/1014/2987 923/1010/2988
s 105
f 929/1016/2989 93/119/2990 930/1017/2991 928/1015/2992
s 65
f 930/1017/1595 417/483/1594 931/1018/2993 928/1015/2994
s off
f 931/1018/2995 416/482/2996 932/1019/2997 928/1015/2998
f 934/1021/2999 94/120/3000 935/1022/3001 933/1020/3002
f 935/1022/3003 234/274/3004 936/1023/3005 933/1020/3006
f 936/1023/3007 420/486/3008 937/1024/3009 933/1020/3010
f 939/1026/3011 96/123/3012 940/1027/3013 938/1025/3014
f 940/1027/3015 422/489/3016 941/1028/3017 938/1025/3018
f 941/1028/3019 421/488/3020 942/1029/3021 938/1025/3022
f 944/1031/3023 97/124/3024 945/1032/3025 943/1030/3026
f 945/1032/3027 426/493/3028 946/1033/3029 943/1030/3030
f 946/1033/3031 425/492/3032 947/1034/3033 943/1030/3034
f 949/1036/3035 98/125/3036 950/1037/3037 948/1035/3038
f 950/1037/3039 430/497/3040 951/1038/3041 948/1035/3042
f 951/1038/3043 429/496/3044 952/1039/3045 948/1035/3046
f 954/1041/3047 101/128/3048 955/1042/3049 953/1040/3050
f 955/1042/3051 433/500/3052 956/1043/3053 953/1040/3054
f 956/1043/3055 432/499/3056 957/1044/3057 953/1040/3058
f 959/1046/3059 102/129/3060 960/1047/3061 958/1045/3062
f 960/1047/3063 437/504/3064 961/1048/3065 958/1045/3066
f 961/1048/3067 436/503/3068 962/1049/3069 958/1045/3070
f 964/1051/3071 103/130/3072 965/1052/3073 963/1050/3074
f 965/1052/3075 441/508/3076 966/1053/3077 963/1050/3078
f 966/1053/3079 440/507/3080 967/1054/3081 963/1050/3082
f 969/1056/3083 106/133/3084 970/1057/3085 968/1055/3086
f 970/1057/3087 239/279/3088 971/1058/3089 968/1055/3090
f 971/1058/3091 443/510/3092 972/1059/3093 968/1055/3094
s 106
f 974/1061/3095 93/119/3096 975/1062/3097 973/1060/3098
s 63
f 975/1062/1487 414/480/1486 976/1063/3099 973/1060/3100
s off
f 976/1063/3101 445/512/3102 977/1064/3103 973/1060/3104
f 979/1066/3105 94/120/3106 980/1067/3107 978/1065/3108
f 980/1067/3109 418/484/3110 981/1068/3111 978/1065/3112
f 981/1068/3113 446/513/3114 982/1069/3115 978/1065/3116
f 984/1071/3117 108/135/3118 985/1072/3119 983/1070/3120
f 985/1072/3121 449/516/3122 986/1073/3123 983/1070/3124
f 986/1073/3125 448/515/3126 987/1074/3127 983/1070/3128
f 989/1076/3129 61/79/3130 990/1077/3131 988/1075/3132
f 990/1077/3133 164/199/3134 991/1078/3135 988/1075/3136
f 991/1078/3137 451/518/3138 992/1079/3139 988/1075/3140
f 994/1081/3141 106/133/3142 995/1082/3143 993/1080/3144
f 995/1082/3145 229/269/3146 996/1083/3147 993/1080/3148
f 996/1083/3149 453/520/3150 997/1084/3151 993/1080/3152
f 999/1086/3153 111/138/3154 1000/1087/3155 998/1085/3156
f 1000/1087/3157 456/523/3158 1001/1088/3159 998/1085/3160
f 1001/1088/3161 455/522/3162 1002/1089/3163 998/1085/3164
f 1004/1091/3165 62/80/3166 1005/1092/3167 1003/1090/3168
f 1005/1092/3169 340/394/3170 1006/1093/3171 1003/1090/3172
f 1006/1093/3173 458/525/3174 1007/1094/3175 1003/1090/3176
f 1009/1096/3177 73/92/3178 1010/1097/3179 1008/1095/3180
f 1010/1097/3181 179/214/3182 1011/1098/3183 1008/1095/3184
f 1011/1098/3185 459/526/3186 1012/1099/3187 1008/1095/3188
f 1014/1101/3189 113/140/3190 1015/1102/3191 1013/1100/3192
f 1015/1102/3193 462/529/3194 1016/1103/3195 1013/1100/3196
f 1016/1103/3197 461/528/3198 1017/1104/3199 1013/1100/3200
f 1019/1106/3201 63/81/3202 1020/1107/3203 1018/1105/3204
f 1020/1107/3205 344/398/3206 1021/1108/3207 1018/1105/3208
f 1021/1108/3209 464/531/3210 1022/1109/3211 1018/1105/3212
f 1024/1111/3213 51/142/3214 1025/1113/3215 1023/1110/3216
f 1025/1113/3217 321/533/3218 1026/1114/3219 1023/1110/3220
f 1026/1114/3221 465/532/3222 1027/1115/3223 1023/1110/3224
f 1029/1117/3225 109/136/3226 1030/1118/3227 1028/1116/3228
f 1030/1118/3229 452/519/3230 1031/1119/3231 1028/1116/3232
f 1031/1119/3233 467/535/3234 1032/1120/3235 1028/1116/3236
f 1034/1122/3237 64/82/3238 1035/1123/3239 1033/1121/3240
f 1035/1123/3241 348/402/3242 1036/1124/3243 1033/1121/3244
f 1036/1124/3245 469/537/3246 1037/1125/3247 1033/1121/3248
f 1039/1127/3249 38/48/3250 1040/1128/3251 1038/1126/3252
f 1040/1128/3253 300/343/3254 1041/1129/3255 1038/1126/3256
f 1041/1129/3257 470/538/3258 1042/1130/3259 1038/1126/3260
f 1044/1132/3261 116/144/3262 1045/1133/3263 1043/1131/3264
f 1045/1133/3265 473/541/3266 1046/1134/3267 1043/1131/3268
f 1046/1134/3269 472/540/3270 1047/1135/3271 1043/1131/3272
f 1049/1137/3273 101/128/3274 1050/1138/3275 1048/1136/3276
f 1050/1138/3277 224/264/3278 1051/1139/3279 1048/1136/3280
f 1051/1139/3281 475/543/3282 1052/1140/3283 1048/1136/3284
f 1054/1142/3285 69/88/3286 1055/1143/3287 1053/1141/3288
f 1055/1143/3289 357/413/3290 1056/1144/3291 1053/1141/3292
f 1056/1144/3293 477/545/3294 1057/1145/3295 1053/1141/3296
f 1059/1147/3297 119/147/3298 1060/1148/3299 1058/1146/3300
f 1060/1148/3301 480/548/3302 1061/1149/3303 1058/1146/3304
f 1061/1149/3305 479/547/3306 1062/1150/3307 1058/1146/3308
f 1064/1152/3309 102/129/3310 1065/1153/3311 1063/1151/3312
f 1065/1153/3313 434/501/3314 1066/1154/3315 1063/1151/3316
f 1066/1154/3317 482/550/3318 1067/1155/3319 1063/1151/3320
f 1069/1157/3321 41/51/3322 1070/1158/3323 1068/1156/3324
f 1070/1158/3325 140/170/3326 1071/1159/3327 1068/1156/3328
f 1071/1159/3329 483/551/3330 1072/1160/3331 1068/1156/3332
f 1074/1162/3333 121/149/3334 1075/1163/3335 1073/1161/3336
f 1075/1163/3337 486/554/3338 1076/1164/3339 1073/1161/3340
f 1076/1164/3341 485/553/3342 1077/1165/3343 1073/1161/3344
f 1079/1167/3345 103/130/3346 1080/1168/3347 1078/1166/3348
f 1080/1168/3349 438/505/3350 1081/1169/3351 1078/1166/3352
f 1081/1169/3353 488/556/3354 1082/1170/3355 1078/1166/3356
f 1084/1172/3357 91/117/3358 1085/1173/3359 1083/1171/3360
f 1085/1173/3361 214/254/3362 1086/1174/3363 1083/1171/3364
f 1086/1174/3365 489/557/3366 1087/1175/3367 1083/1171/3368
f 1089/1177/3369 117/145/3370 1090/1178/3371 1088/1176/3372
f 1090/1178/3373 476/544/3374 1091/1179/3375 1088/1176/3376
f 1091/1179/3377 491/559/3378 1092/1180/3379 1088/1176/3380
f 1094/1182/3381 104/131/3382 1095/1183/3383 1093/1181/3384
f 1095/1183/3385 442/509/3386 1096/1184/3387 1093/1181/3388
f 1096/1184/3389 493/561/3390 1097/1185/3391 1093/1181/3392
f 1099/1187/3393 124/152/3394 1100/1188/3395 1098/1186/3396
f 1100/1188/3397 283/324/3398 1101/1189/3399 1098/1186/3400
f 1101/1189/3401 494/562/3402 1102/1190/3403 1098/1186/3404
s 107
f 1104/1192/3405 75/94/3406 1105/1193/3407 1103/1191/3408
s 36
f 1105/1193/1235 369/425/1234 1106/1194/3409 1103/1191/3410
s off
f 1106/1194/3411 496/564/3412 1107/1195/3413 1103/1191/3414
s 108
f 1109/1197/3415 92/118/3416 1110/1198/3417 1108/1196/3418
s 61
f 1110/1198/1475 410/476/1474 1111/1199/3419 1108/1196/3420
s off
f 1111/1199/3421 498/566/3422 1112/1200/3423 1108/1196/3424
f 1114/1202/3425 76/95/3426 1115/1203/3427 1113/1201/3428
f 1115/1203/3429 373/429/3430 1116/1204/3431 1113/1201/3432
f 1116/1204/3433 499/567/3434 1117/1205/3435 1113/1201/3436
f 1119/1207/3437 126/154/3438 1120/1208/3439 1118/1206/3440
f 1120/1208/3441 502/570/3442 1121/1209/3443 1118/1206/3444
f 1121/1209/3445 501/569/3446 1122/1210/3447 1118/1206/3448
f 1124/1212/3449 96/123/3450 1125/1213/3451 1123/1211/3452
f 1125/1213/3453 219/259/3454 1126/1214/3455 1123/1211/3456
f 1126/1214/3457 504/572/3458 1127/1215/3459 1123/1211/3460
f 1129/1217/3461 124/152/3462 1130/1218/3463 1128/1216/3464
f 1130/1218/3465 273/314/3466 1131/1219/3467 1128/1216/3468
f 1131/1219/3469 506/574/3470 1132/1220/3471 1128/1216/3472
f 1134/1222/3473 129/157/3474 1135/1223/3475 1133/1221/3476
f 1135/1223/3477 509/577/3478 1136/1224/3479 1133/1221/3480
f 1136/1224/3481 508/576/3482 1137/1225/3483 1133/1221/3484
f 1139/1227/3485 97/124/3486 1140/1228/3487 1138/1226/3488
f 1140/1228/3489 423/490/3490 1141/1229/3491 1138/1226/3492
f 1141/1229/3493 511/579/3494 1142/1230/3495 1138/1226/3496
f 1144/1232/3497 70/89/3498 1145/1233/3499 1143/1231/3500
f 1145/1233/3501 362/418/3502 1146/1234/3503 1143/1231/3504
f 1146/1234/3505 512/580/3506 1147/1235/3507 1143/1231/3508
f 1149/1237/3509 131/159/3510 1150/1238/3511 1148/1236/3512
f 1150/1238/3513 515/583/3514 1151/1239/3515 1148/1236/3516
f 1151/1239/3517 514/582/3518 1152/1240/3519 1148/1236/3520
f 1154/1242/3521 98/125/3522 1155/1243/3523 1153/1241/3524
f 1155/1243/3525 427/494/3526 1156/1244/3527 1153/1241/3528
f 1156/1244/3529 517/585/3530 1157/1245/3531 1153/1241/3532
f 1159/1247/3533 59/161/3534 1160/1248/3535 1158/1246/3536
f 1160/1248/3537 337/587/3538 1161/1250/3539 1158/1246/3540
f 1161/1250/3541 518/586/3542 1162/1251/3543 1158/1246/3544
f 1164/1253/3545 127/155/3546 1165/1254/3547 1163/1252/3548
f 1165/1254/3549 505/573/3550 1166/1255/3551 1163/1252/3552
f 1166/1255/3553 520/589/3554 1167/1256/3555 1163/1252/3556
f 1169/1258/3557 99/126/3558 1170/1259/3559 1168/1257/3560
f 1170/1259/3561 431/498/3562 1171/1260/3563 1168/1257/3564
f 1171/1260/3565 522/591/3566 1172/1261/3567 1168/1257/3568
f 1174/1263/3569 1/1/3570 1175/1264/3571 1173/1262/3572
f 1175/1264/3573 135/164/3574 1176/1266/3575 1173/1262/3576
f 1176/1266/3577 133/162/3578 526/595/3579 1173/1262/3580
f 535/1268/3581 36/45/3582 689/766/3583 1177/1267/3584
f 689/766/3585 136/166/3586 1178/1269/3587 1177/1267/3588
f 1178/1269/3589 133/162/3590 1176/1266/3591 1177/1267/3592
f 1180/1271/3593 35/44/3594 1181/1272/3595 1179/1270/3596
f 1181/1272/3597 137/167/3598 527/596/3599 1179/1270/3600
f 527/596/3601 133/162/3602 1178/1269/3603 1179/1270/3604
s 109
f 1183/1274/3605 17/26/3606 1184/1275/3607 1182/1273/3608
s off
f 1184/1275/3609 140/170/3610 1185/1276/3611 1182/1273/3612
f 1185/1276/3613 138/168/3614 531/600/3615 1182/1273/3616
f 1070/1158/3617 41/51/3618 704/782/3619 1186/1277/3620
f 704/782/3621 141/171/3622 1187/1278/3623 1186/1277/3624
f 1187/1278/3625 138/168/3626 1185/1276/3627 1186/1277/3628
f 1189/1280/3629 40/50/3630 1190/1281/3631 1188/1279/3632
f 1190/1281/3633 142/172/3634 532/601/3635 1188/1279/3636
f 532/601/3637 138/168/3638 1187/1278/3639 1188/1279/3640
s 110
f 1175/1283/3641 1/9/3642 1192/1284/3643 1191/1282/3644
s 57
f 1192/1284/1411 144/175/1410 1193/1285/3645 1191/1282/3646
s off
f 1193/1285/3647 143/173/3648 536/606/3649 1191/1282/3650
s 101
f 895/981/2915 45/55/2914 714/792/3651 1194/1286/3652
s off
f 714/792/3653 145/176/3654 1195/1287/3655 1194/1286/3656
f 1195/1287/3657 143/173/3658 1193/1285/3659 1194/1286/3660
f 1197/1289/3661 44/54/3662 1198/1290/3663 1196/1288/3664
f 1198/1290/3665 146/177/3666 537/607/3667 1196/1288/3668
f 537/607/3669 143/173/3670 1195/1287/3671 1196/1288/3672
f 1200/1292/3673 5/14/3674 1201/1294/3675 1199/1291/3676
f 1201/1294/3677 149/181/3678 1202/1296/3679 1199/1291/3680
f 1202/1296/3681 147/178/3682 541/612/3683 1199/1291/3684
f 835/1298/3685 48/59/3686 724/802/3687 1203/1297/3688
f 724/802/3689 150/183/3690 1204/1299/3691 1203/1297/3692
f 1204/1299/3693 147/178/3694 1202/1296/3695 1203/1297/3696
f 1206/1301/3697 47/58/3698 1207/1302/3699 1205/1300/3700
f 1207/1302/3701 151/184/3702 542/613/3703 1205/1300/3704
f 542/613/3705 147/178/3706 1204/1299/3707 1205/1300/3708
s 111
f 1209/1305/3709 7/7/3710 1210/1306/3711 1208/1303/3712
s 44
f 1210/1306/1315 154/188/1314 1211/1307/3713 1208/1303/3714
s off
f 1211/1307/3715 152/185/3716 546/618/3717 1208/1303/3718
s 94
f 855/940/2833 53/67/2832 739/819/3719 1212/1308/3720
s off
f 739/819/3721 155/189/3722 1213/1309/3723 1212/1308/3724
f 1213/1309/3725 152/185/3726 1211/1307/3727 1212/1308/3728
f 1215/1311/3729 52/66/3730 1216/1312/3731 1214/1310/3732
f 1216/1312/3733 156/190/3734 547/619/3735 1214/1310/3736
f 547/619/3737 152/185/3738 1213/1309/3739 1214/1310/3740
f 1218/1315/3741 4/4/3742 1219/1316/3743 1217/1313/3744
f 1219/1316/3745 159/194/3746 1220/1317/3747 1217/1313/3748
f 1220/1317/3749 157/191/3750 551/624/3751 1217/1313/3752
f 790/873/3753 56/71/3754 749/829/3755 1221/1318/3756
f 749/829/3757 160/195/3758 1222/1319/3759 1221/1318/3760
f 1222/1319/3761 157/191/3762 1220/1317/3763 1221/1318/3764
f 1224/1321/3765 55/70/3766 1225/1322/3767 1223/1320/3768
f 1225/1322/3769 161/196/3770 552/625/3771 1223/1320/3772
f 552/625/3773 157/191/3774 1222/1319/3775 1223/1320/3776
f 1227/1324/3777 21/30/3778 1228/1325/3779 1226/1323/3780
f 1228/1325/3781 164/199/3782 1229/1326/3783 1226/1323/3784
f 1229/1326/3785 162/197/3786 556/629/3787 1226/1323/3788
f 990/1077/3789 61/79/3790 764/846/3791 1230/1327/3792
f 764/846/3793 165/200/3794 1231/1328/3795 1230/1327/3796
f 1231/1328/3797 162/197/3798 1229/1326/3799 1230/1327/3800
f 1233/1330/3801 60/78/3802 1234/1331/3803 1232/1329/3804
f 1234/1331/3805 166/201/3806 557/630/3807 1232/1329/3808
f 557/630/3809 162/197/3810 1231/1328/3811 1232/1329/3812
s 112
f 1236/1333/3813 10/17/3814 1237/1334/3815 1235/1332/3816
s 19
f 1237/1334/931 169/204/930 1238/1335/3817 1235/1332/3818
s off
f 1238/1335/3819 167/202/3820 561/634/3821 1235/1332/3822
s 81
f 695/773/2475 37/47/2474 779/861/3823 1239/1336/3824
s off
f 779/861/3825 170/205/3826 1240/1337/3827 1239/1336/3828
f 1240/1337/3829 167/202/3830 1238/1335/3831 1239/1336/3832
f 1242/1339/3833 65/83/3834 1243/1340/3835 1241/1338/3836
f 1243/1340/3837 171/206/3838 562/635/3839 1241/1338/3840
f 562/635/3841 167/202/3842 1240/1337/3843 1241/1338/3844
s 113
f 1245/1342/3845 11/18/3846 1246/1343/3847 1244/1341/3848
s 21
f 1246/1343/967 174/209/966 1247/1344/3849 1244/1341/3850
s off
f 1247/1344/3851 172/207/3852 566/639/3853 1244/1341/3854
s 82
f 710/788/2509 42/52/2508 794/877/3855 1248/1345/3856
s off
f 794/877/3857 175/210/3858 1249/1346/3859 1248/1345/3860
f 1249/1346/3861 172/207/3862 1247/1344/3863 1248/1345/3864
f 1251/1348/3865 68/87/3866 1252/1349/3867 1250/1347/3868
f 1252/1349/3869 176/211/3870 567/640/3871 1250/1347/3872
f 567/640/3873 172/207/3874 1249/1346/3875 1250/1347/3876
s 114
f 1254/1351/3877 5/5/3878 1255/1352/3879 1253/1350/3880
s off
f 1255/1352/3881 179/214/3882 1256/1353/3883 1253/1350/3884
f 1256/1353/3885 177/212/3886 571/644/3887 1253/1350/3888
f 1010/1097/3889 73/92/3890 814/897/3891 1257/1354/3892
f 814/897/3893 180/215/3894 1258/1355/3895 1257/1354/3896
f 1258/1355/3897 177/212/3898 1256/1353/3899 1257/1354/3900
f 1260/1357/3901 72/91/3902 1261/1358/3903 1259/1356/3904
f 1261/1358/3905 181/216/3906 572/645/3907 1259/1356/3908
f 572/645/3909 177/212/3910 1258/1355/3911 1259/1356/3912
s 111
f 1263/1360/3913 7/7/3710 1264/1362/3914 1262/1359/3915
s off
f 1264/1362/3916 184/220/3917 1265/1363/3918 1262/1359/3919
f 1265/1363/3920 182/217/3921 576/649/3922 1262/1359/3923
f 725/1365/3924 48/98/3925 834/917/3926 1266/1364/3927
f 834/917/3928 185/221/3929 1267/1366/3930 1266/1364/3931
f 1267/1366/3932 182/217/3933 1265/1363/3934 1266/1364/3935
f 1269/1368/3936 78/97/3937 1270/1369/3938 1268/1367/3939
f 1270/1369/3940 186/222/3941 577/650/3942 1268/1367/3943
f 577/650/3944 182/217/3945 1267/1366/3946 1268/1367/3947
s 115
f 1272/1371/3948 8/8/3949 1273/1372/3950 1271/1370/3951
s 51
f 1273/1372/1363 189/225/1362 1274/1373/3952 1271/1370/3953
s off
f 1274/1373/3954 187/223/3955 581/654/3956 1271/1370/3957
s 98
f 875/960/2873 81/102/2872 849/934/3958 1275/1374/3959
s off
f 849/934/3960 190/226/3961 1276/1375/3962 1275/1374/3963
f 1276/1375/3964 187/223/3965 1274/1373/3966 1275/1374/3967
f 1278/1377/3968 80/101/3969 1279/1378/3970 1277/1376/3971
f 1279/1378/3972 191/227/3973 582/655/3974 1277/1376/3975
f 582/655/3976 187/223/3977 1276/1375/3978 1277/1376/3979
s 116
f 1281/1381/3980 9/16/3981 1282/1382/3982 1280/1379/3983
s 25
f 1282/1382/991 194/231/990 1283/1383/3984 1280/1379/3985
s off
f 1283/1383/3986 192/228/3987 586/660/3988 1280/1379/3989
s 84
f 720/798/2529 46/56/2528 859/944/3990 1284/1384/3991
s off
f 859/944/3992 195/232/3993 1285/1385/3994 1284/1384/3995
f 1285/1385/3996 192/228/3997 1283/1383/3998 1284/1384/3999
f 1287/1387/4000 82/103/4001 1288/1388/4002 1286/1386/4003
f 1288/1388/4004 196/233/4005 587/661/4006 1286/1386/4007
f 587/661/4008 192/228/4009 1285/1385/4010 1286/1386/4011
s 117
f 1290/1390/4012 12/19/4013 1291/1391/4014 1289/1389/4015
s 55
f 1291/1391/1399 199/236/1398 1292/1392/4016 1289/1389/4017
s off
f 1292/1392/4018 197/234/4019 591/665/4020 1289/1389/4021
s 100
f 890/976/2905 85/107/2904 869/954/4022 1293/1393/4023
s off
f 869/954/4024 200/237/4025 1294/1394/4026 1293/1393/4027
f 1294/1394/4028 197/234/4029 1292/1392/4030 1293/1393/4031
f 1296/1396/4032 84/106/4033 1297/1397/4034 1295/1395/4035
f 1297/1397/4036 201/238/4037 592/666/4038 1295/1395/4039
f 592/666/4040 197/234/4041 1294/1394/4042 1295/1395/4043
s 118
f 1299/1400/4044 14/22/4045 1300/1401/4046 1298/1398/4047
s 30
f 1300/1401/1051 204/242/1050 1301/1402/4048 1298/1398/4049
s off
f 1301/1402/4050 202/239/4051 596/671/4052 1298/1398/4053
s 87
f 745/825/2583 54/68/2582 884/970/4054 1302/1403/4055
s off
f 884/970/4056 205/243/4057 1303/1404/4058 1302/1403/4059
f 1303/1404/4060 202/239/4061 1301/1402/4062 1302/1403/4063
f 1305/1406/4064 86/109/4065 1306/1407/4066 1304/1405/4067
f 1306/1407/4068 206/244/4069 597/672/4070 1304/1405/4071
f 597/672/4072 202/239/4073 1303/1404/4074 1304/1405/4075
s 119
f 1308/1409/4076 15/23/4077 1309/1411/4078 1307/1408/4079
s 27
f 1309/1411/1027 209/248/1026 1310/1412/4080 1307/1408/4081
s off
f 1310/1412/4082 207/245/4083 601/677/4084 1307/1408/4085
s 85
f 735/815/2563 50/63/2562 899/985/4086 1311/1413/4087
s off
f 899/985/4088 210/249/4089 1312/1414/4090 1311/1413/4091
f 1312/1414/4092 207/245/4093 1310/1412/4094 1311/1413/4095
f 1314/1416/4096 88/112/4097 1315/1417/4098 1313/1415/4099
f 1315/1417/4100 211/250/4101 602/678/4102 1313/1415/4103
f 602/678/4104 207/245/4105 1312/1414/4106 1313/1415/4107
f 1317/1420/4108 3/3/4109 1318/1421/4110 1316/1418/4111
f 1318/1421/4112 214/254/4113 1319/1422/4114 1316/1418/4115
f 1319/1422/4116 212/251/4117 606/683/4118 1316/1418/4119
f 1085/1173/4120 91/117/4121 914/1001/4122 1320/1423/4123
f 914/1001/4124 215/255/4125 1321/1424/4126 1320/1423/4127
f 1321/1424/4128 212/251/4129 1319/1422/4130 1320/1423/4131
f 1323/1426/4132 90/116/4133 1324/1427/4134 1322/1425/4135
f 1324/1427/4136 216/256/4137 607/684/4138 1322/1425/4139
f 607/684/4140 212/251/4141 1321/1424/4142 1322/1425/4143
f 1326/1429/4144 32/40/4145 1327/1430/4146 1325/1428/4147
f 1327/1430/4148 219/259/4149 1328/1431/4150 1325/1428/4151
f 1328/1431/4152 217/257/4153 611/688/4154 1325/1428/4155
f 1125/1213/4156 96/123/4157 939/1026/4158 1329/1432/4159
f 939/1026/4160 220/260/4161 1330/1433/4162 1329/1432/4163
f 1330/1433/4164 217/257/4165 1328/1431/4166 1329/1432/4167
f 1332/1435/4168 95/122/4169 1333/1436/4170 1331/1434/4171
f 1333/1436/4172 221/261/4173 612/689/4174 1331/1434/4175
f 612/689/4176 217/257/4177 1330/1433/4178 1331/1434/4179
f 1335/1438/4180 25/34/4181 1336/1439/4182 1334/1437/4183
f 1336/1439/4184 224/264/4185 1337/1440/4186 1334/1437/4187
f 1337/1440/4188 222/262/4189 616/693/4190 1334/1437/4191
f 1050/1138/4192 101/128/4193 954/1041/4194 1338/1441/4195
f 954/1041/4196 225/265/4197 1339/1442/4198 1338/1441/4199
f 1339/1442/4200 222/262/4201 1337/1440/4202 1338/1441/4203
f 1341/1444/4204 100/127/4205 1342/1445/4206 1340/1443/4207
f 1342/1445/4208 226/266/4209 617/694/4210 1340/1443/4211
f 617/694/4212 222/262/4213 1339/1442/4214 1340/1443/4215
s 120
f 1344/1447/4216 20/29/4217 1345/1448/4218 1343/1446/4219
s off
f 1345/1448/4220 229/269/4221 1346/1449/4222 1343/1446/4223
f 1346/1449/4224 227/267/4225 621/698/4226 1343/1446/4227
f 995/1082/4228 106/133/4229 969/1056/4230 1347/1450/4231
f 969/1056/4232 230/270/4233 1348/1451/4234 1347/1450/4235
f 1348/1451/4236 227/267/4237 1346/1449/4238 1347/1450/4239
f 1350/1453/4240 105/132/4241 1351/1454/4242 1349/1452/4243
f 1351/1454/4244 231/271/4245 622/699/4246 1349/1452/4247
f 622/699/4248 227/267/4249 1348/1451/4250 1349/1452/4251
f 1353/1456/4252 15/24/4253 1354/1457/4254 1352/1455/4255
f 1354/1457/4256 234/274/4257 1355/1458/4258 1352/1455/4259
f 1355/1458/4260 232/272/4261 626/703/4262 1352/1455/4263
f 935/1022/4264 94/120/4265 979/1066/4266 1356/1459/4267
f 979/1066/4268 235/275/4269 1357/1460/4270 1356/1459/4271
f 1357/1460/4272 232/272/4273 1355/1458/4274 1356/1459/4275
f 1359/1462/4276 107/134/4277 1360/1463/4278 1358/1461/4279
f 1360/1463/4280 236/276/4281 627/704/4282 1358/1461/4283
f 627/704/4284 232/272/4285 1357/1460/4286 1358/1461/4287
f 1362/1465/4288 19/28/4289 1363/1466/4290 1361/1464/4291
f 1363/1466/4292 239/279/4293 1364/1467/4294 1361/1464/4295
f 1364/1467/4296 237/277/4297 631/708/4298 1361/1464/4299
f 970/1057/4300 106/133/4301 994/1081/4302 1365/1468/4303
f 994/1081/4304 240/280/4305 1366/1469/4306 1365/1468/4307
f 1366/1469/4308 237/277/4309 1364/1467/4310 1365/1468/4311
f 1368/1471/4312 110/137/4313 1369/1472/4314 1367/1470/4315
f 1369/1472/4316 241/281/4317 632/709/4318 1367/1470/4319
f 632/709/4320 237/277/4321 1366/1469/4322 1367/1470/4323
f 1371/1474/4324 20/29/4325 1372/1475/4326 1370/1473/4327
f 1372/1475/4328 244/284/4329 1373/1476/4330 1370/1473/4331
f 1373/1476/4332 242/282/4333 636/713/4334 1370/1473/4335
f 815/898/4336 73/92/4337 1009/1096/4338 1374/1477/4339
f 1009/1096/4340 245/285/4341 1375/1478/4342 1374/1477/4343
f 1375/1478/4344 242/282/4345 1373/1476/4346 1374/1477/4347
f 1377/1480/4348 112/139/4349 1378/1481/4350 1376/1479/4351
f 1378/1481/4352 246/286/4353 637/714/4354 1376/1479/4355
f 637/714/4356 242/282/4357 1375/1478/4358 1376/1479/4359
f 1380/1483/4360 5/5/4361 1200/1484/4362 1379/1482/4363
f 1200/1484/4364 148/289/4365 1381/1485/4366 1379/1482/4367
f 1381/1485/4368 247/287/4369 641/718/4370 1379/1482/4371
f 540/1487/4372 51/142/4373 1024/1111/4374 1382/1486/4375
f 1024/1111/4376 249/290/4377 1383/1488/4378 1382/1486/4379
f 1383/1488/4380 247/287/4381 1381/1485/4382 1382/1486/4383
f 1385/1490/4384 114/141/4385 1386/1491/4386 1384/1489/4387
f 1386/1491/4388 250/291/4389 642/719/4390 1384/1489/4391
f 642/719/4392 247/287/4393 1383/1488/4394 1384/1489/4395
f 1388/1493/4396 3/3/4397 1389/1494/4398 1387/1492/4399
f 1389/1494/4400 253/294/4401 1390/1495/4402 1387/1492/4403
f 1390/1495/4404 251/292/4405 646/723/4406 1387/1492/4407
f 700/778/4408 38/48/4409 1039/1127/4410 1391/1496/4411
f 1039/1127/4412 254/295/4413 1392/1497/4414 1391/1496/4415
f 1392/1497/4416 251/292/4417 1390/1495/4418 1391/1496/4419
f 1394/1499/4420 115/143/4421 1395/1500/4422 1393/1498/4423
f 1395/1500/4424 255/296/4425 647/724/4426 1393/1498/4427
f 647/724/4428 251/292/4429 1392/1497/4430 1393/1498/4431
f 1397/1502/4432 10/17/4433 1398/1503/4434 1396/1501/4435
f 1398/1503/4436 258/299/4437 1399/1504/4438 1396/1501/4439
f 1399/1504/4440 256/297/4441 651/728/4442 1396/1501/4443
f 800/883/4444 69/88/4445 1054/1142/4446 1400/1505/4447
f 1054/1142/4448 259/300/4449 1401/1506/4450 1400/1505/4451
f 1401/1506/4452 256/297/4453 1399/1504/4454 1400/1505/4455
f 1403/1508/4456 118/146/4457 1404/1509/4458 1402/1507/4459
f 1404/1509/4460 260/301/4461 652/729/4462 1402/1507/4463
f 652/729/4464 256/297/4465 1401/1506/4466 1402/1507/4467
f 1406/1511/4468 18/27/4469 1407/1512/4470 1405/1510/4471
f 1407/1512/4472 263/304/4473 1408/1513/4474 1405/1510/4475
f 1408/1513/4476 261/302/4477 656/733/4478 1405/1510/4479
f 705/783/4480 41/51/4481 1069/1157/4482 1409/1514/4483
f 1069/1157/4484 264/305/4485 1410/1515/4486 1409/1514/4487
f 1410/1515/4488 261/302/4489 1408/1513/4490 1409/1514/4491
f 1412/1517/4492 120/148/4493 1413/1518/4494 1411/1516/4495
f 1413/1518/4496 265/306/4497 657/734/4498 1411/1516/4499
f 657/734/4500 261/302/4501 1410/1515/4502 1411/1516/4503
f 1415/1520/4504 17/26/4505 1416/1521/4506 1414/1519/4507
f 1416/1521/4508 268/309/4509 1417/1522/4510 1414/1519/4511
f 1417/1522/4512 266/307/4513 661/738/4514 1414/1519/4515
f 915/1002/4516 91/117/4517 1084/1172/4518 1418/1523/4519
f 1084/1172/4520 269/310/4521 1419/1524/4522 1418/1523/4523
f 1419/1524/4524 266/307/4525 1417/1522/4526 1418/1523/4527
f 1421/1526/4528 122/150/4529 1422/1527/4530 1420/1525/4531
f 1422/1527/4532 270/311/4533 662/739/4534 1420/1525/4535
f 662/739/4536 266/307/4537 1419/1524/4538 1420/1525/4539
s 121
f 1424/1529/4540 30/39/4541 1425/1530/4542 1423/1528/4543
s off
f 1425/1530/4544 273/314/4545 1426/1531/4546 1423/1528/4547
f 1426/1531/4548 271/312/4549 666/743/4550 1423/1528/4551
f 1130/1218/4552 124/152/4553 1099/1187/4554 1427/1532/4555
f 1099/1187/4556 274/315/4557 1428/1533/4558 1427/1532/4559
f 1428/1533/4560 271/312/4561 1426/1531/4562 1427/1532/4563
f 1430/1535/4564 123/151/4565 1431/1536/4566 1429/1534/4567
f 1431/1536/4568 275/316/4569 667/744/4570 1429/1534/4571
f 667/744/4572 271/312/4573 1428/1533/4574 1429/1534/4575
f 1433/1538/4576 6/6/4577 1434/1539/4578 1432/1537/4579
f 1434/1539/4580 278/319/4581 1435/1540/4582 1432/1537/4583
f 1435/1540/4584 276/317/4585 671/748/4586 1432/1537/4587
f 830/913/4588 76/95/4589 1114/1202/4590 1436/1541/4591
f 1114/1202/4592 279/320/4593 1437/1542/4594 1436/1541/4595
f 1437/1542/4596 276/317/4597 1435/1540/4598 1436/1541/4599
f 1439/1544/4600 125/153/4601 1440/1545/4602 1438/1543/4603
f 1440/1545/4604 280/321/4605 672/749/4606 1438/1543/4607
f 672/749/4608 276/317/4609 1437/1542/4610 1438/1543/4611
f 1442/1547/4612 29/38/4613 1443/1548/4614 1441/1546/4615
f 1443/1548/4616 283/324/4617 1444/1549/4618 1441/1546/4619
f 1444/1549/4620 281/322/4621 676/753/4622 1441/1546/4623
f 1100/1188/4624 124/152/4625 1129/1217/4626 1445/1550/4627
f 1129/1217/4628 284/325/4629 1446/1551/4630 1445/1550/4631
f 1446/1551/4632 281/322/4633 1444/1549/4634 1445/1550/4635
f 1448/1553/4636 128/156/4637 1449/1554/4638 1447/1552/4639
f 1449/1554/4640 285/326/4641 677/754/4642 1447/1552/4643
f 677/754/4644 281/322/4645 1446/1551/4646 1447/1552/4647
f 1451/1556/4648 30/39/4649 1452/1557/4650 1450/1555/4651
f 1452/1557/4652 288/329/4653 1453/1558/4654 1450/1555/4655
f 1453/1558/4656 286/327/4657 681/758/4658 1450/1555/4659
f 810/893/4660 70/89/4661 1144/1232/4662 1454/1559/4663
f 1144/1232/4664 289/330/4665 1455/1560/4666 1454/1559/4667
f 1455/1560/4668 286/327/4669 1453/1558/4670 1454/1559/4671
f 1457/1562/4672 130/158/4673 1458/1563/4674 1456/1561/4675
f 1458/1563/4676 290/331/4677 682/759/4678 1456/1561/4679
f 682/759/4680 286/327/4681 1455/1560/4682 1456/1561/4683
f 1460/1565/4684 4/4/4685 1218/1566/4686 1459/1564/4687
f 1218/1566/4688 158/334/4689 1461/1567/4690 1459/1564/4691
f 1461/1567/4692 291/332/4693 686/763/4694 1459/1564/4695
f 550/1569/4696 59/161/4697 1159/1247/4698 1462/1568/4699
f 1159/1247/4700 293/335/4701 1463/1570/4702 1462/1568/4703
f 1463/1570/4704 291/332/4705 1461/1567/4706 1462/1568/4707
f 1465/1572/4708 132/160/4709 1466/1573/4710 1464/1571/4711
f 1466/1573/4712 294/336/4713 687/764/4714 1464/1571/4715
f 687/764/4716 291/332/4717 1463/1570/4718 1464/1571/4719
s 122
f 1468/1575/4720 9/15/4721 1469/1577/4722 1467/1574/4723
s 31
f 1469/1577/1135 297/340/1134 1470/1578/4724 1467/1574/4725
s off
f 1470/1578/4726 295/337/4727 691/769/4728 1467/1574/4729
s 88
f 780/862/2665 37/47/2664 694/772/4730 1471/1579/4731
s off
f 694/772/4732 298/341/4733 1472/1580/4734 1471/1579/4735
f 1472/1580/4736 295/337/4737 1470/1578/4738 1471/1579/4739
f 1474/1582/4740 35/44/4741 1180/1271/4742 1473/1581/4743
f 1180/1271/4744 136/166/4745 692/770/4746 1473/1581/4747
f 692/770/4748 295/337/4749 1472/1580/4750 1473/1581/4751
s 112
f 1237/1334/3815 10/17/3814 1476/1584/4752 1475/1583/4753
s off
f 1476/1584/4754 300/343/4755 1477/1585/4756 1475/1583/4757
f 1477/1585/4758 299/342/4759 696/774/4760 1475/1583/4761
f 1040/1128/4762 38/48/4763 699/777/4764 1478/1586/4765
f 699/777/4766 301/344/4767 1479/1587/4768 1478/1586/4769
f 1479/1587/4770 299/342/4771 1477/1585/4772 1478/1586/4773
f 1481/1589/4774 35/44/4775 1474/1582/4776 1480/1588/4777
f 1474/1582/4778 298/341/4779 697/775/4780 1480/1588/4781
f 697/775/4782 299/342/4783 1479/1587/4784 1480/1588/4785
f 1389/1494/4786 3/3/4787 1483/1591/4788 1482/1590/4789
f 1483/1591/4790 303/346/4791 1484/1592/4792 1482/1590/4793
f 1484/1592/4794 302/345/4795 701/779/4796 1482/1590/4797
f 910/997/4798 39/49/4799 524/593/4800 1485/1593/4801
f 524/593/4802 137/167/4803 1486/1594/4804 1485/1593/4805
f 1486/1594/4806 302/345/4807 1484/1592/4808 1485/1593/4809
f 1181/1272/4810 35/44/4811 1481/1589/4812 1487/1595/4813
f 1481/1589/4814 301/344/4815 702/780/4816 1487/1595/4817
f 702/780/4818 302/345/4819 1486/1594/4820 1487/1595/4821
s 123
f 1407/1512/4822 18/27/4823 1489/1597/4824 1488/1596/4825
s 32
f 1489/1597/1171 305/348/1170 1490/1598/4826 1488/1596/4827
s off
f 1490/1598/4828 304/347/4829 706/784/4830 1488/1596/4831
s 89
f 795/878/2699 42/52/2698 709/787/4832 1491/1599/4833
s off
f 709/787/4834 306/349/4835 1492/1600/4836 1491/1599/4837
f 1492/1600/4838 304/347/4839 1490/1598/4840 1491/1599/4841
f 1494/1602/4842 40/50/4843 1189/1280/4844 1493/1601/4845
f 1189/1280/4846 141/171/4847 707/785/4848 1493/1601/4849
f 707/785/4850 304/347/4851 1492/1600/4852 1493/1601/4853
s 113
f 1246/1343/3847 11/18/3846 1496/1604/4854 1495/1603/4855
s 60
f 1496/1604/1471 308/351/1470 1497/1605/4856 1495/1603/4857
s off
f 1497/1605/4858 307/350/4859 711/789/4860 1495/1603/4861
s 103
f 920/1007/2971 43/53/2970 529/598/4862 1498/1606/4863
s off
f 529/598/4864 142/172/4865 1499/1607/4866 1498/1606/4867
f 1499/1607/4868 307/350/4869 1497/1605/4870 1498/1606/4871
f 1190/1281/4872 40/50/4873 1494/1602/4874 1500/1608/4875
f 1494/1602/4876 306/349/4877 712/790/4878 1500/1608/4879
f 712/790/4880 307/350/4881 1499/1607/4882 1500/1608/4883
s 117
f 1502/1610/4884 12/19/4013 1503/1611/4885 1501/1609/4886
s 46
f 1503/1611/1327 311/354/1326 1504/1612/4887 1501/1609/4888
s off
f 1504/1612/4889 309/352/4890 716/794/4891 1501/1609/4892
s 95
f 860/945/2843 46/56/2842 719/797/4893 1505/1613/4894
s off
f 719/797/4895 312/355/4896 1506/1614/4897 1505/1613/4898
f 1506/1614/4899 309/352/4900 1504/1612/4901 1505/1613/4902
f 1508/1616/4903 44/54/4904 1197/1289/4905 1507/1615/4906
f 1197/1289/4907 145/176/4908 717/795/4909 1507/1615/4910
f 717/795/4911 309/352/4912 1506/1614/4913 1507/1615/4914
s 116
f 1282/1382/3982 9/16/3981 1468/1618/4915 1509/1617/4916
s off
f 1468/1618/4917 296/357/4918 1510/1619/4919 1509/1617/4920
f 1510/1619/4921 313/356/4922 721/799/4923 1509/1617/4924
f 690/1621/4925 36/57/4926 534/603/4927 1511/1620/4928
f 534/603/4929 146/177/4930 1512/1622/4931 1511/1620/4932
f 1512/1622/4933 313/356/4934 1510/1619/4935 1511/1620/4936
f 1198/1290/4937 44/54/4938 1508/1616/4939 1513/1623/4940
f 1508/1616/4941 312/355/4942 722/800/4943 1513/1623/4944
f 722/800/4945 313/356/4946 1512/1622/4947 1513/1623/4948
f 1264/1625/4949 7/13/4950 1209/1626/4951 1514/1624/4952
f 1209/1626/4953 153/360/4954 1515/1627/4955 1514/1624/4956
f 1515/1627/4957 314/358/4958 726/805/4959 1514/1624/4960
f 545/1629/4961 49/61/4962 729/808/4963 1516/1628/4964
f 729/808/4965 315/361/4966 1517/1630/4967 1516/1628/4968
f 1517/1630/4969 314/358/4970 1515/1627/4971 1516/1628/4972
f 1519/1632/4973 47/58/4974 1206/1301/4975 1518/1631/4976
f 1206/1301/4977 150/183/4978 727/806/4979 1518/1631/4980
f 727/806/4981 314/358/4982 1517/1630/4983 1518/1631/4984
s 124
f 1521/1634/4985 14/21/4986 1522/1636/4987 1520/1633/4988
s 58
f 1522/1636/1423 318/365/1422 1523/1637/4989 1520/1633/4990
s off
f 1523/1637/4991 316/362/4992 731/811/4993 1520/1633/4994
s 102
f 900/986/2925 50/63/2924 734/814/4995 1524/1638/4996
s off
f 734/814/4997 319/366/4998 1525/1639/4999 1524/1638/5000
f 1525/1639/5001 316/362/5002 1523/1637/5003 1524/1638/5004
f 1527/1641/5005 47/58/5006 1519/1632/5007 1526/1640/5008
f 1519/1632/5009 315/361/5010 732/812/5011 1526/1640/5012
f 732/812/5013 316/362/5014 1525/1639/5015 1526/1640/5016
s 119
f 1309/1411/4078 15/23/4077 1529/1643/5017 1528/1642/5018
s off
f 1529/1643/5019 321/368/5020 1530/1645/5021 1528/1642/5022
f 1530/1645/5023 320/367/5024 736/816/5025 1528/1642/5026
f 1025/1647/5027 51/64/5028 539/609/5029 1531/1646/5030
f 539/609/5031 151/184/5032 1532/1648/5033 1531/1646/5034
f 1532/1648/5035 320/367/5036 1530/1645/5037 1531/1646/5038
f 1207/1302/5039 47/58/5040 1527/1641/5041 1533/1649/5042
f 1527/1641/5043 319/366/5044 737/817/5045 1533/1649/5046
f 737/817/5047 320/367/5048 1532/1648/5049 1533/1649/5050
s 125
f 1535/1651/5051 13/20/5052 1536/1652/5053 1534/1650/5054
s 53
f 1536/1652/1387 324/372/1386 1537/1653/5055 1534/1650/5056
s off
f 1537/1653/5057 322/370/5058 741/821/5059 1534/1650/5060
s 99
f 885/971/2895 54/68/2894 744/824/5061 1538/1654/5062
s off
f 744/824/5063 325/373/5064 1539/1655/5065 1538/1654/5066
f 1539/1655/5067 322/370/5068 1537/1653/5069 1538/1654/5070
f 1541/1657/5071 52/66/5072 1215/1311/5073 1540/1656/5074
f 1215/1311/5075 155/189/5076 742/822/5077 1540/1656/5078
f 742/822/5079 322/370/5080 1539/1655/5081 1540/1656/5082
s 118
f 1300/1401/4046 14/22/4045 1521/1659/5083 1542/1658/5084
s off
f 1521/1659/5085 317/375/5086 1543/1660/5087 1542/1658/5088
f 1543/1660/5089 326/374/5090 746/826/5091 1542/1658/5092
f 730/1662/5093 49/69/5094 544/615/5095 1544/1661/5096
f 544/615/5097 156/190/5098 1545/1663/5099 1544/1661/5100
f 1545/1663/5101 326/374/5102 1543/1660/5103 1544/1661/5104
f 1216/1312/5105 52/66/5106 1541/1657/5107 1546/1664/5108
f 1541/1657/5109 325/373/5110 747/827/5111 1546/1664/5112
f 747/827/5113 326/374/5114 1545/1663/5115 1546/1664/5116
f 1548/1666/5117 2/2/5118 1549/1668/5119 1547/1665/5120
f 1549/1668/5121 329/379/5122 1550/1669/5123 1547/1665/5124
f 1550/1669/5125 327/376/5126 751/831/5127 1547/1665/5128
f 880/1671/5129 57/73/5130 754/834/5131 1551/1670/5132
f 754/834/5133 330/380/5134 1552/1672/5135 1551/1670/5136
f 1552/1672/5137 327/376/5138 1550/1669/5139 1551/1670/5140
f 1554/1674/5141 55/70/5142 1224/1321/5143 1553/1673/5144
f 1224/1321/5145 160/195/5146 752/832/5147 1553/1673/5148
f 752/832/5149 327/376/5150 1552/1672/5151 1553/1673/5152
f 1556/1677/5153 8/11/5154 1557/1679/5155 1555/1675/5156
f 1557/1679/5157 333/385/5158 1558/1680/5159 1555/1675/5160
f 1558/1680/5161 331/381/5162 756/837/5163 1555/1675/5164
f 845/1682/5165 58/75/5166 759/840/5167 1559/1681/5168
f 759/840/5169 334/386/5170 1560/1683/5171 1559/1681/5172
f 1560/1683/5173 331/381/5174 1558/1680/5175 1559/1681/5176
f 1562/1685/5177 55/70/5178 1554/1674/5179 1561/1684/5180
f 1554/1674/5181 330/380/5182 757/838/5183 1561/1684/5184
f 757/838/5185 331/381/5186 1560/1683/5187 1561/1684/5188
f 1564/1688/5189 6/12/5190 1565/1690/5191 1563/1686/5192
f 1565/1690/5193 337/391/5194 1566/1691/5195 1563/1686/5196
f 1566/1691/5197 335/387/5198 761/843/5199 1563/1686/5200
f 1160/1693/5201 59/77/5202 549/621/5203 1567/1692/5204
f 549/621/5205 161/196/5206 1568/1694/5207 1567/1692/5208
f 1568/1694/5209 335/387/5210 1566/1691/5211 1567/1692/5212
f 1225/1322/5213 55/70/5214 1562/1685/5215 1569/1695/5216
f 1562/1685/5217 334/386/5218 762/844/5219 1569/1695/5220
f 762/844/5221 335/387/5222 1568/1694/5223 1569/1695/5224
f 1571/1697/5225 22/31/5226 1572/1698/5227 1570/1696/5228
f 1572/1698/5229 340/394/5230 1573/1699/5231 1570/1696/5232
f 1573/1699/5233 338/392/5234 766/848/5235 1570/1696/5236
f 1005/1092/5237 62/80/5238 769/851/5239 1574/1700/5240
f 769/851/5241 341/395/5242 1575/1701/5243 1574/1700/5244
f 1575/1701/5245 338/392/5246 1573/1699/5247 1574/1700/5248
f 1577/1703/5249 60/78/5250 1233/1330/5251 1576/1702/5252
f 1233/1330/5253 165/200/5254 767/849/5255 1576/1702/5256
f 767/849/5257 338/392/5258 1575/1701/5259 1576/1702/5260
f 1579/1705/5261 23/32/5262 1580/1706/5263 1578/1704/5264
f 1580/1706/5265 344/398/5266 1581/1707/5267 1578/1704/5268
f 1581/1707/5269 342/396/5270 771/853/5271 1578/1704/5272
f 1020/1107/5273 63/81/5274 774/856/5275 1582/1708/5276
f 774/856/5277 345/399/5278 1583/1709/5279 1582/1708/5280
f 1583/1709/5281 342/396/5282 1581/1707/5283 1582/1708/5284
f 1585/1711/5285 60/78/5286 1577/1703/5287 1584/1710/5288
f 1577/1703/5289 341/395/5290 772/854/5291 1584/1710/5292
f 772/854/5293 342/396/5294 1583/1709/5295 1584/1710/5296
f 1587/1713/5297 24/33/5298 1588/1714/5299 1586/1712/5300
f 1588/1714/5301 348/402/5302 1589/1715/5303 1586/1712/5304
f 1589/1715/5305 346/400/5306 776/858/5307 1586/1712/5308
f 1035/1123/5309 64/82/5310 554/627/5311 1590/1716/5312
f 554/627/5313 166/201/5314 1591/1717/5315 1590/1716/5316
f 1591/1717/5317 346/400/5318 1589/1715/5319 1590/1716/5320
f 1234/1331/5321 60/78/5322 1585/1711/5323 1592/1718/5324
f 1585/1711/5325 345/399/5326 777/859/5327 1592/1718/5328
f 777/859/5329 346/400/5330 1591/1717/5331 1592/1718/5332
s 122
f 1469/1577/4722 9/15/4721 1281/1720/5333 1593/1719/5334
s off
f 1281/1720/5335 193/404/5336 1594/1721/5337 1593/1719/5338
f 1594/1721/5339 349/403/5340 781/863/5341 1593/1719/5342
f 585/1723/5343 66/84/5344 784/866/5345 1595/1722/5346
f 784/866/5347 350/405/5348 1596/1724/5349 1595/1722/5350
f 1596/1724/5351 349/403/5352 1594/1721/5353 1595/1722/5354
f 1598/1726/5355 65/83/5356 1242/1339/5357 1597/1725/5358
f 1242/1339/5359 170/205/5360 782/864/5361 1597/1725/5362
f 782/864/5363 349/403/5364 1596/1724/5365 1597/1725/5366
f 1600/1728/5367 2/2/5368 1548/1666/5369 1599/1727/5370
f 1548/1666/5371 328/377/5372 1601/1730/5373 1599/1727/5374
f 1601/1730/5375 351/406/5376 786/869/5377 1599/1727/5378
f 750/830/5379 56/71/5380 789/872/5381 1602/1731/5382
f 789/872/5383 353/409/5384 1603/1732/5385 1602/1731/5386
f 1603/1732/5387 351/406/5388 1601/1730/5389 1602/1731/5390
f 1605/1734/5391 65/83/5392 1598/1726/5393 1604/1733/5394
f 1598/1726/5395 350/405/5396 787/870/5397 1604/1733/5398
f 787/870/5399 351/406/5400 1603/1732/5401 1604/1733/5402
f 1219/1316/5403 4/4/5404 1607/1736/5405 1606/1735/5406
f 1607/1736/5407 355/411/5408 1608/1737/5409 1606/1735/5410
f 1608/1737/5411 354/410/5412 791/874/5413 1606/1735/5414
f 805/888/5415 67/86/5416 559/632/5417 1609/1738/5418
f 559/632/5419 171/206/5420 1610/1739/5421 1609/1738/5422
f 1610/1739/5423 354/410/5424 1608/1737/5425 1609/1738/5426
f 1243/1340/5427 65/83/5428 1605/1734/5429 1611/1740/5430
f 1605/1734/5431 353/409/5432 792/875/5433 1611/1740/5434
f 792/875/5435 354/410/5436 1610/1739/5437 1611/1740/5438
s 123
f 1489/1597/4824 18/27/4823 1613/1742/5439 1612/1741/5440
s off
f 1613/1742/5441 357/413/5442 1614/1743/5443 1612/1741/5444
f 1614/1743/5445 356/412/5446 796/879/5447 1612/1741/5448
f 1055/1143/5449 69/88/5450 799/882/5451 1615/1744/5452
f 799/882/5453 358/414/5454 1616/1745/5455 1615/1744/5456
f 1616/1745/5457 356/412/5458 1614/1743/5459 1615/1744/5460
f 1618/1747/5461 68/87/5462 1251/1348/5463 1617/1746/5464
f 1251/1348/5465 175/210/5466 797/880/5467 1617/1746/5468
f 797/880/5469 356/412/5470 1616/1745/5471 1617/1746/5472
f 1398/1503/5473 10/17/5474 1236/1333/5475 1619/1748/5476
f 1236/1333/5477 168/203/5478 1620/1749/5479 1619/1748/5480
f 1620/1749/5481 359/415/5482 801/884/5483 1619/1748/5484
f 560/633/5485 67/86/5486 804/887/5487 1621/1750/5488
f 804/887/5489 360/416/5490 1622/1751/5491 1621/1750/5492
f 1622/1751/5493 359/415/5494 1620/1749/5495 1621/1750/5496
f 1624/1753/5497 68/87/5498 1618/1747/5499 1623/1752/5500
f 1618/1747/5501 358/414/5502 802/885/5503 1623/1752/5504
f 802/885/5505 359/415/5506 1622/1751/5507 1623/1752/5508
f 1607/1736/5509 4/4/5510 1626/1755/5511 1625/1754/5512
f 1626/1755/5513 362/418/5514 1627/1756/5515 1625/1754/5516
f 1627/1756/5517 361/417/5518 806/889/5519 1625/1754/5520
f 1145/1233/5521 70/89/5522 809/892/5523 1628/1757/5524
f 809/892/5525 363/419/5526 1629/1758/5527 1628/1757/5528
f 1629/1758/5529 361/417/5530 1627/1756/5531 1628/1757/5532
f 1631/1760/5533 68/87/5534 1624/1753/5535 1630/1759/5536
f 1624/1753/5537 360/416/5538 807/890/5539 1630/1759/5540
f 807/890/5541 361/417/5542 1629/1758/5543 1630/1759/5544
s 121
f 1452/1557/5545 30/39/4541 1424/1529/4540 1632/1761/5546
s 17
f 1424/1529/859 272/313/858 1633/1762/5547 1632/1761/5548
s off
f 1633/1762/5549 364/420/5550 811/894/5551 1632/1761/5552
s 80
f 665/742/2405 71/90/2404 564/637/5553 1634/1763/5554
s off
f 564/637/5555 176/211/5556 1635/1764/5557 1634/1763/5558
f 1635/1764/5559 364/420/5560 1633/1762/5561 1634/1763/5562
f 1252/1349/5563 68/87/5564 1631/1760/5565 1636/1765/5566
f 1631/1760/5567 363/419/5568 812/895/5569 1636/1765/5570
f 812/895/5571 364/420/5572 1635/1764/5573 1636/1765/5574
s 120
f 1372/1475/5575 20/29/4217 1344/1447/4216 1637/1766/5576
s 16
f 1344/1447/751 228/268/750 1638/1767/5577 1637/1766/5578
s off
f 1638/1767/5579 365/421/5580 816/899/5581 1637/1766/5582
s 79
f 620/697/2299 74/93/2298 819/902/5583 1639/1768/5584
s off
f 819/902/5585 366/422/5586 1640/1769/5587 1639/1768/5588
f 1640/1769/5589 365/421/5590 1638/1767/5591 1639/1768/5592
f 1642/1771/5593 72/91/5594 1260/1357/5595 1641/1770/5596
f 1260/1357/5597 180/215/5598 817/900/5599 1641/1770/5600
f 817/900/5601 365/421/5602 1640/1769/5603 1641/1770/5604
s 126
f 1644/1773/5605 16/25/5606 1645/1774/5607 1643/1772/5608
s 69
f 1645/1774/1915 369/425/1914 1646/1775/5609 1643/1772/5610
s off
f 1646/1775/5611 367/423/5612 821/904/5613 1643/1772/5614
s 107
f 1105/1193/3407 75/94/3406 824/907/5615 1647/1776/5616
s off
f 824/907/5617 370/426/5618 1648/1777/5619 1647/1776/5620
f 1648/1777/5621 367/423/5622 1646/1775/5623 1647/1776/5624
f 1650/1779/5625 72/91/5626 1642/1771/5627 1649/1778/5628
f 1642/1771/5629 366/422/5630 822/905/5631 1649/1778/5632
f 822/905/5633 367/423/5634 1648/1777/5635 1649/1778/5636
s 127
f 1652/1781/5637 29/38/5638 1653/1782/5639 1651/1780/5640
s off
f 1653/1782/5641 373/429/5642 1654/1783/5643 1651/1780/5644
f 1654/1783/5645 371/427/5646 826/909/5647 1651/1780/5648
f 1115/1203/5649 76/95/5650 829/912/5651 1655/1784/5652
f 829/912/5653 374/430/5654 1656/1785/5655 1655/1784/5656
f 1656/1785/5657 371/427/5658 1654/1783/5659 1655/1784/5660
f 1658/1787/5661 72/91/5662 1650/1779/5663 1657/1786/5664
f 1650/1779/5665 370/426/5666 827/910/5667 1657/1786/5668
f 827/910/5669 371/427/5670 1656/1785/5671 1657/1786/5672
s 128
f 1434/1539/5673 6/6/5674 1660/1789/5675 1659/1788/5676
s 40
f 1660/1789/1279 376/432/1278 1661/1790/5677 1659/1788/5678
s off
f 1661/1790/5679 375/431/5680 831/914/5681 1659/1788/5682
s 92
f 840/924/2801 77/96/2800 569/642/5683 1662/1791/5684
s off
f 569/642/5685 181/216/5686 1663/1792/5687 1662/1791/5688
f 1663/1792/5689 375/431/5690 1661/1790/5691 1662/1791/5692
f 1261/1358/5693 72/91/5694 1658/1787/5695 1664/1793/5696
f 1658/1787/5697 374/430/5698 832/915/5699 1664/1793/5700
f 832/915/5701 375/431/5702 1663/1792/5703 1664/1793/5704
s 114
f 1201/1795/5705 5/5/3878 1254/1351/3877 1665/1794/5706
s 7
f 1254/1351/631 178/213/630 1666/1796/5707 1665/1794/5708
s off
f 1666/1796/5709 377/433/5710 836/920/5711 1665/1794/5712
s 75
f 570/643/2187 77/96/2186 839/923/5713 1667/1797/5714
s off
f 839/923/5715 378/435/5716 1668/1798/5717 1667/1797/5718
f 1668/1798/5719 377/433/5720 1666/1796/5721 1667/1797/5722
f 1670/1800/5723 78/97/5724 1269/1368/5725 1669/1799/5726
f 1269/1368/5727 185/221/5728 837/921/5729 1669/1799/5730
f 837/921/5731 377/433/5732 1668/1798/5733 1669/1799/5734
s 128
f 1660/1789/5675 6/6/5674 1564/1802/5735 1671/1801/5736
s off
f 1564/1802/5737 336/437/5738 1672/1803/5739 1671/1801/5740
f 1672/1803/5741 379/436/5742 841/925/5743 1671/1801/5744
f 760/1805/5745 58/99/5746 844/928/5747 1673/1804/5748
f 844/928/5749 380/438/5750 1674/1806/5751 1673/1804/5752
f 1674/1806/5753 379/436/5754 1672/1803/5755 1673/1804/5756
f 1676/1808/5757 78/97/5758 1670/1800/5759 1675/1807/5760
f 1670/1800/5761 378/435/5762 842/926/5763 1675/1807/5764
f 842/926/5765 379/436/5766 1674/1806/5767 1675/1807/5768
s 115
f 1557/1810/5769 8/8/3949 1272/1371/3948 1677/1809/5770
s 9
f 1272/1371/655 188/224/654 1678/1811/5771 1677/1809/5772
s off
f 1678/1811/5773 381/439/5774 846/931/5775 1677/1809/5776
s 77
f 580/653/2207 79/100/2206 574/647/5777 1679/1812/5778
s off
f 574/647/5779 186/222/5780 1680/1813/5781 1679/1812/5782
f 1680/1813/5783 381/439/5784 1678/1811/5785 1679/1812/5786
f 1270/1369/5787 78/97/5788 1676/1808/5789 1681/1814/5790
f 1676/1808/5791 380/438/5792 847/932/5793 1681/1814/5794
f 847/932/5795 381/439/5796 1680/1813/5797 1681/1814/5798
s 125
f 1683/1816/5799 13/20/5052 1535/1651/5051 1682/1815/5800
s 28
f 1535/1651/1039 323/371/1038 1684/1817/5801 1682/1815/5802
s off
f 1684/1817/5803 382/441/5804 851/936/5805 1682/1815/5806
s 86
f 740/820/2573 53/67/2572 854/939/5807 1685/1818/5808
s off
f 854/939/5809 384/443/5810 1686/1819/5811 1685/1818/5812
f 1686/1819/5813 382/441/5814 1684/1817/5815 1685/1818/5816
f 1688/1821/5817 80/101/5818 1278/1377/5819 1687/1820/5820
f 1278/1377/5821 190/226/5822 852/937/5823 1687/1820/5824
f 852/937/5825 382/441/5826 1686/1819/5827 1687/1820/5828
s 111
f 1210/1306/3711 7/7/3710 1263/1360/3913 1689/1822/5829
s 8
f 1263/1360/643 183/218/642 1690/1823/5830 1689/1822/5831
s off
f 1690/1823/5832 385/444/5833 856/941/5834 1689/1822/5835
s 76
f 575/648/2197 79/100/2196 579/652/5836 1691/1824/5837
s off
f 579/652/5838 191/227/5839 1692/1825/5840 1691/1824/5841
f 1692/1825/5842 385/444/5843 1690/1823/5844 1691/1824/5845
f 1279/1378/5846 80/101/5847 1688/1821/5848 1693/1826/5849
f 1688/1821/5850 384/443/5851 857/942/5852 1693/1826/5853
f 857/942/5854 385/444/5855 1692/1825/5856 1693/1826/5857
s 117
f 1503/1611/4885 12/19/4013 1290/1390/4012 1694/1827/5858
s 12
f 1290/1390/679 198/235/678 1695/1828/5859 1694/1827/5860
s off
f 1695/1828/5861 386/445/5862 861/946/5863 1694/1827/5864
s 78
f 590/664/2229 83/104/2228 864/949/5865 1696/1829/5866
s off
f 864/949/5867 387/446/5868 1697/1830/5869 1696/1829/5870
f 1697/1830/5871 386/445/5872 1695/1828/5873 1696/1829/5874
f 1699/1832/5875 82/103/5876 1287/1387/5877 1698/1831/5878
f 1287/1387/5879 195/232/5880 862/947/5881 1698/1831/5882
f 862/947/5883 386/445/5884 1697/1830/5885 1698/1831/5886
s 129
f 1701/1834/5887 2/10/5888 1600/1835/5889 1700/1833/5890
s off
f 1600/1835/5891 352/449/5892 1702/1836/5893 1700/1833/5894
f 1702/1836/5895 388/447/5896 866/951/5897 1700/1833/5898
f 785/1838/5899 66/105/5900 584/657/5901 1703/1837/5902
f 584/657/5903 196/233/5904 1704/1839/5905 1703/1837/5906
f 1704/1839/5907 388/447/5908 1702/1836/5909 1703/1837/5910
f 1288/1388/5911 82/103/5912 1699/1832/5913 1705/1840/5914
f 1699/1832/5915 387/446/5916 867/952/5917 1705/1840/5918
f 867/952/5919 388/447/5920 1704/1839/5921 1705/1840/5922
s 125
f 1707/1842/5923 13/20/5052 1683/1816/5799 1706/1841/5924
s 42
f 1683/1816/1303 383/442/1302 1708/1843/5925 1706/1841/5926
s off
f 1708/1843/5927 390/450/5928 871/956/5929 1706/1841/5930
s 93
f 850/935/2823 81/102/2822 874/959/5931 1709/1844/5932
s off
f 874/959/5933 392/452/5934 1710/1845/5935 1709/1844/5936
f 1710/1845/5937 390/450/5938 1708/1843/5939 1709/1844/5940
f 1712/1847/5941 84/106/5942 1296/1396/5943 1711/1846/5944
f 1296/1396/5945 200/237/5946 872/957/5947 1711/1846/5948
f 872/957/5949 390/450/5950 1710/1845/5951 1711/1846/5952
s 115
f 1273/1372/3950 8/8/3949 1556/1849/5953 1713/1848/5954
s off
f 1556/1849/5955 332/454/5956 1714/1850/5957 1713/1848/5958
f 1714/1850/5959 393/453/5960 876/961/5961 1713/1848/5962
f 755/1852/5963 57/108/5964 879/964/5965 1715/1851/5966
f 879/964/5967 394/455/5968 1716/1853/5969 1715/1851/5970
f 1716/1853/5971 393/453/5972 1714/1850/5973 1715/1851/5974
f 1718/1855/5975 84/106/5976 1712/1847/5977 1717/1854/5978
f 1712/1847/5979 392/452/5980 877/962/5981 1717/1854/5982
f 877/962/5983 393/453/5984 1716/1853/5985 1717/1854/5986
s 129
f 1549/1857/5987 2/10/5888 1701/1834/5887 1719/1856/5988
s 48
f 1701/1834/1339 389/448/1338 1720/1858/5989 1719/1856/5990
s off
f 1720/1858/5991 395/456/5992 881/967/5993 1719/1856/5994
s 96
f 865/950/2853 83/104/2852 589/663/5995 1721/1859/5996
s off
f 589/663/5997 201/238/5998 1722/1860/5999 1721/1859/6000
f 1722/1860/6001 395/456/6002 1720/1858/6003 1721/1859/6004
f 1297/1397/6005 84/106/6006 1718/1855/6007 1723/1861/6008
f 1718/1855/6009 394/455/6010 882/968/6011 1723/1861/6012
f 882/968/6013 395/456/6014 1722/1860/6015 1723/1861/6016
s 125
f 1536/1652/5053 13/20/5052 1707/1842/5923 1724/1862/6017
s 49
f 1707/1842/1351 391/451/1350 1725/1863/6018 1724/1862/6019
s off
f 1725/1863/6020 396/458/6021 886/972/6022 1724/1862/6023
s 97
f 870/955/2863 85/107/2862 889/975/6024 1726/1864/6025
s off
f 889/975/6026 397/459/6027 1727/1865/6028 1726/1864/6029
f 1727/1865/6030 396/458/6031 1725/1863/6032 1726/1864/6033
f 1729/1867/6034 86/109/6035 1305/1406/6036 1728/1866/6037
f 1305/1406/6038 205/243/6039 887/973/6040 1728/1866/6041
f 887/973/6042 396/458/6043 1727/1865/6044 1728/1866/6045
s 117
f 1291/1391/4014 12/19/4013 1502/1610/4884 1730/1868/6046
s 23
f 1502/1610/979 310/353/978 1731/1869/6047 1730/1868/6048
s off
f 1731/1869/6049 398/460/6050 891/977/6051 1730/1868/6052
s 83
f 715/793/2519 45/55/2518 894/980/6053 1732/1870/6054
s off
f 894/980/6055 399/461/6056 1733/1871/6057 1732/1870/6058
f 1733/1871/6059 398/460/6060 1731/1869/6061 1732/1870/6062
f 1735/1873/6063 86/109/6064 1729/1867/6065 1734/1872/6066
f 1729/1867/6067 397/459/6068 892/978/6069 1734/1872/6070
f 892/978/6071 398/460/6072 1733/1871/6073 1734/1872/6074
s 110
f 1192/1284/3643 1/9/3642 1737/1876/6075 1736/1874/6076
s off
f 1737/1876/6077 401/464/6078 1738/1877/6079 1736/1874/6080
f 1738/1877/6081 400/462/6082 896/982/6083 1736/1874/6084
f 905/1879/6085 87/111/6086 594/668/6087 1739/1878/6088
f 594/668/6089 206/244/6090 1740/1880/6091 1739/1878/6092
f 1740/1880/6093 400/462/6094 1738/1877/6095 1739/1878/6096
f 1306/1407/6097 86/109/6098 1735/1873/6099 1741/1881/6100
f 1735/1873/6101 399/461/6102 897/983/6103 1741/1881/6104
f 897/983/6105 400/462/6106 1740/1880/6107 1741/1881/6108
s 124
f 1522/1636/4987 14/21/4986 1299/1883/6109 1742/1882/6110
s off
f 1299/1883/6111 203/466/6112 1743/1884/6113 1742/1882/6114
f 1743/1884/6115 402/465/6116 901/987/6117 1742/1882/6118
f 595/1886/6119 87/113/6120 904/990/6121 1744/1885/6122
f 904/990/6123 403/467/6124 1745/1887/6125 1744/1885/6126
f 1745/1887/6127 402/465/6128 1743/1884/6129 1744/1885/6130
f 1747/1889/6131 88/112/6132 1314/1416/6133 1746/1888/6134
f 1314/1416/6135 210/249/6136 902/988/6137 1746/1888/6138
f 902/988/6139 402/465/6140 1745/1887/6141 1746/1888/6142
f 1737/1891/6143 1/1/6144 1174/1263/6145 1748/1890/6146
f 1174/1263/6147 134/163/6148 1749/1892/6149 1748/1890/6150
f 1749/1892/6151 404/468/6152 906/993/6153 1748/1890/6154
f 525/594/6155 39/49/6156 909/996/6157 1750/1893/6158
f 909/996/6159 405/470/6160 1751/1894/6161 1750/1893/6162
f 1751/1894/6163 404/468/6164 1749/1892/6165 1750/1893/6166
f 1753/1896/6167 88/112/6168 1747/1889/6169 1752/1895/6170
f 1747/1889/6171 403/467/6172 907/994/6173 1752/1895/6174
f 907/994/6175 404/468/6176 1751/1894/6177 1752/1895/6178
f 1483/1591/6179 3/3/6180 1317/1898/6181 1754/1897/6182
f 1317/1898/6183 213/472/6184 1755/1899/6185 1754/1897/6186
f 1755/1899/6187 406/471/6188 911/998/6189 1754/1897/6190
f 605/1901/6191 89/114/6192 599/674/6193 1756/1900/6194
f 599/674/6195 211/250/6196 1757/1902/6197 1756/1900/6198
f 1757/1902/6199 406/471/6200 1755/1899/6201 1756/1900/6202
f 1315/1417/6203 88/112/6204 1753/1896/6205 1758/1903/6206
f 1753/1896/6207 405/470/6208 912/999/6209 1758/1903/6210
f 912/999/6211 406/471/6212 1757/1902/6213 1758/1903/6214
s 109
f 1416/1521/6215 17/26/3606 1183/1274/3605 1759/1904/6216
s 1
f 1183/1274/535 139/169/534 1760/1905/6217 1759/1904/6218
s off
f 1760/1905/6219 407/473/6220 916/1003/6221 1759/1904/6222
s 73
f 530/599/2095 43/53/2094 919/1006/6223 1761/1906/6224
s off
f 919/1006/6225 408/474/6226 1762/1907/6227 1761/1906/6228
f 1762/1907/6229 407/473/6230 1760/1905/6231 1761/1906/6232
f 1764/1909/6233 90/116/6234 1323/1426/6235 1763/1908/6236
f 1323/1426/6237 215/255/6238 917/1004/6239 1763/1908/6240
f 917/1004/6241 407/473/6242 1762/1907/6243 1763/1908/6244
s 113
f 1496/1604/4854 11/18/3846 1766/1911/6245 1765/1910/6246
s 71
f 1766/1911/1927 410/476/1926 1767/1912/6247 1765/1910/6248
s off
f 1767/1912/6249 409/475/6250 921/1008/6251 1765/1910/6252
s 108
f 1110/1198/3417 92/118/3416 924/1011/6253 1768/1913/6254
s off
f 924/1011/6255 411/477/6256 1769/1914/6257 1768/1913/6258
f 1769/1914/6259 409/475/6260 1767/1912/6261 1768/1913/6262
f 1771/1916/6263 90/116/6264 1764/1909/6265 1770/1915/6266
f 1764/1909/6267 408/474/6268 922/1009/6269 1770/1915/6270
f 922/1009/6271 409/475/6272 1769/1914/6273 1770/1915/6274
s 126
f 1773/1918/6275 16/25/5606 1774/1919/6276 1772/1917/6277
s 66
f 1774/1919/1603 414/480/1602 1775/1920/6278 1772/1917/6279
s off
f 1775/1920/6280 412/478/6281 926/1013/6282 1772/1917/6283
s 106
f 975/1062/3097 93/119/3096 929/1016/6284 1776/1921/6285
s off
f 929/1016/6286 415/481/6287 1777/1922/6288 1776/1921/6289
f 1777/1922/6290 412/478/6291 1775/1920/6292 1776/1921/6293
f 1779/1924/6294 90/116/6295 1771/1916/6296 1778/1923/6297
f 1771/1916/6298 411/477/6299 927/1014/6300 1778/1923/6301
f 927/1014/6302 412/478/6303 1777/1922/6304 1778/1923/6305
s 130
f 1781/1926/6306 19/28/6307 1782/1927/6308 1780/1925/6309
s off
f 1782/1927/6310 418/484/6311 1783/1928/6312 1780/1925/6313
f 1783/1928/6314 416/482/6315 931/1018/6316 1780/1925/6317
f 980/1067/6318 94/120/6319 934/1021/6320 1784/1929/6321
f 934/1021/6322 419/485/6323 1785/1930/6324 1784/1929/6325
f 1785/1930/6326 416/482/6327 1783/1928/6328 1784/1929/6329
f 1787/1932/6330 90/116/6331 1779/1924/6332 1786/1931/6333
f 1779/1924/6334 415/481/6335 932/1019/6336 1786/1931/6337
f 932/1019/6338 416/482/6339 1785/1930/6340 1786/1931/6341
f 1354/1457/6342 15/24/6343 1308/1934/6344 1788/1933/6345
f 1308/1934/6346 208/487/6347 1789/1935/6348 1788/1933/6349
f 1789/1935/6350 420/486/6351 936/1023/6352 1788/1933/6353
f 600/1937/6354 89/121/6355 604/680/6356 1790/1936/6357
f 604/680/6358 216/256/6359 1791/1938/6360 1790/1936/6361
f 1791/1938/6362 420/486/6363 1789/1935/6364 1790/1936/6365
f 1324/1427/6366 90/116/6367 1787/1932/6368 1792/1939/6369
f 1787/1932/6370 419/485/6371 937/1024/6372 1792/1939/6373
f 937/1024/6374 420/486/6375 1791/1938/6376 1792/1939/6377
f 1794/1941/6378 31/41/6379 1795/1942/6380 1793/1940/6381
f 1795/1942/6382 423/490/6383 1796/1943/6384 1793/1940/6385
f 1796/1943/6386 421/488/6387 941/1028/6388 1793/1940/6389
f 1140/1228/6390 97/124/6391 944/1031/6392 1797/1944/6393
f 944/1031/6394 424/491/6395 1798/1945/6396 1797/1944/6397
f 1798/1945/6398 421/488/6399 1796/1943/6400 1797/1944/6401
f 1800/1947/6402 95/122/6403 1332/1435/6404 1799/1946/6405
f 1332/1435/6406 220/260/6407 942/1029/6408 1799/1946/6409
f 942/1029/6410 421/488/6411 1798/1945/6412 1799/1946/6413
f 1802/1949/6414 33/42/6415 1803/1950/6416 1801/1948/6417
f 1803/1950/6418 427/494/6419 1804/1951/6420 1801/1948/6421
f 1804/1951/6422 425/492/6423 946/1033/6424 1801/1948/6425
f 1155/1243/6426 98/125/6427 949/1036/6428 1805/1952/6429
f 949/1036/6430 428/495/6431 1806/1953/6432 1805/1952/6433
f 1806/1953/6434 425/492/6435 1804/1951/6436 1805/1952/6437
f 1808/1955/6438 95/122/6439 1800/1947/6440 1807/1954/6441
f 1800/1947/6442 424/491/6443 947/1034/6444 1807/1954/6445
f 947/1034/6446 425/492/6447 1806/1953/6448 1807/1954/6449
f 1810/1957/6450 34/43/6451 1811/1958/6452 1809/1956/6453
f 1811/1958/6454 431/498/6455 1812/1959/6456 1809/1956/6457
f 1812/1959/6458 429/496/6459 951/1038/6460 1809/1956/6461
f 1170/1259/6462 99/126/6463 609/686/6464 1813/1960/6465
f 609/686/6466 221/261/6467 1814/1961/6468 1813/1960/6469
f 1814/1961/6470 429/496/6471 1812/1959/6472 1813/1960/6473
f 1333/1436/6474 95/122/6475 1808/1955/6476 1815/1962/6477
f 1808/1955/6478 428/495/6479 952/1039/6480 1815/1962/6481
f 952/1039/6482 429/496/6483 1814/1961/6484 1815/1962/6485
f 1817/1964/6486 26/35/6487 1818/1965/6488 1816/1963/6489
f 1818/1965/6490 434/501/6491 1819/1966/6492 1816/1963/6493
f 1819/1966/6494 432/499/6495 956/1043/6496 1816/1963/6497
f 1065/1153/6498 102/129/6499 959/1046/6500 1820/1967/6501
f 959/1046/6502 435/502/6503 1821/1968/6504 1820/1967/6505
f 1821/1968/6506 432/499/6507 1819/1966/6508 1820/1967/6509
f 1823/1970/6510 100/127/6511 1341/1444/6512 1822/1969/6513
f 1341/1444/6514 225/265/6515 957/1044/6516 1822/1969/6517
f 957/1044/6518 432/499/6519 1821/1968/6520 1822/1969/6521
f 1825/1972/6522 27/36/6523 1826/1973/6524 1824/1971/6525
f 1826/1973/6526 438/505/6527 1827/1974/6528 1824/1971/6529
f 1827/1974/6530 436/503/6531 961/1048/6532 1824/1971/6533
f 1080/1168/6534 103/130/6535 964/1051/6536 1828/1975/6537
f 964/1051/6538 439/506/6539 1829/1976/6540 1828/1975/6541
f 1829/1976/6542 436/503/6543 1827/1974/6544 1828/1975/6545
f 1831/1978/6546 100/127/6547 1823/1970/6548 1830/1977/6549
f 1823/1970/6550 435/502/6551 962/1049/6552 1830/1977/6553
f 962/1049/6554 436/503/6555 1829/1976/6556 1830/1977/6557
f 1833/1980/6558 28/37/6559 1834/1981/6560 1832/1979/6561
f 1834/1981/6562 442/509/6563 1835/1982/6564 1832/1979/6565
f 1835/1982/6566 440/507/6567 966/1053/6568 1832/1979/6569
f 1095/1183/6570 104/131/6571 614/691/6572 1836/1983/6573
f 614/691/6574 226/266/6575 1837/1984/6576 1836/1983/6577
f 1837/1984/6578 440/507/6579 1835/1982/6580 1836/1983/6581
f 1342/1445/6582 100/127/6583 1831/1978/6584 1838/1985/6585
f 1831/1978/6586 439/506/6587 967/1054/6588 1838/1985/6589
f 967/1054/6590 440/507/6591 1837/1984/6592 1838/1985/6593
s 130
f 1363/1466/6594 19/28/6307 1781/1926/6306 1839/1986/6595
s 64
f 1781/1926/1495 417/483/1494 1840/1987/6596 1839/1986/6597
s off
f 1840/1987/6598 443/510/6599 971/1058/6600 1839/1986/6601
s 105
f 930/1017/2991 93/119/2990 974/1061/6602 1841/1988/6603
s off
f 974/1061/6604 444/511/6605 1842/1989/6606 1841/1988/6607
f 1842/1989/6608 443/510/6609 1840/1987/6610 1841/1988/6611
f 1844/1991/6612 105/132/6613 1350/1453/6614 1843/1990/6615
f 1350/1453/6616 230/270/6617 972/1059/6618 1843/1990/6619
f 972/1059/6620 443/510/6621 1842/1989/6622 1843/1990/6623
s 126
f 1774/1919/6276 16/25/5606 1644/1773/5605 1845/1992/6624
s 35
f 1644/1773/1231 368/424/1230 1846/1993/6625 1845/1992/6626
s off
f 1846/1993/6627 445/512/6628 976/1063/6629 1845/1992/6630
s 90
f 820/903/2757 74/93/2756 619/696/6631 1847/1994/6632
s off
f 619/696/6633 231/271/6634 1848/1995/6635 1847/1994/6636
f 1848/1995/6637 445/512/6638 1846/1993/6639 1847/1994/6640
f 1351/1454/6641 105/132/6642 1844/1991/6643 1849/1996/6644
f 1844/1991/6645 444/511/6646 977/1064/6647 1849/1996/6648
f 977/1064/6649 445/512/6650 1848/1995/6651 1849/1996/6652
f 1782/1927/6653 19/28/6654 1362/1465/6655 1850/1997/6656
f 1362/1465/6657 238/278/6658 1851/1998/6659 1850/1997/6660
f 1851/1998/6661 446/513/6662 981/1068/6663 1850/1997/6664
f 630/707/6665 108/135/6666 984/1071/6667 1852/1999/6668
f 984/1071/6669 447/514/6670 1853/2000/6671 1852/1999/6672
f 1853/2000/6673 446/513/6674 1851/1998/6675 1852/1999/6676
f 1855/2002/6677 107/134/6678 1359/1462/6679 1854/2001/6680
f 1359/1462/6681 235/275/6682 982/1069/6683 1854/2001/6684
f 982/1069/6685 446/513/6686 1853/2000/6687 1854/2001/6688
f 1857/2004/6689 22/31/6690 1571/1697/6691 1856/2003/6692
f 1571/1697/6693 339/393/6694 1858/2005/6695 1856/2003/6696
f 1858/2005/6697 448/515/6698 986/1073/6699 1856/2003/6700
f 765/847/6701 61/79/6702 989/1076/6703 1859/2006/6704
f 989/1076/6705 450/517/6706 1860/2007/6707 1859/2006/6708
f 1860/2007/6709 448/515/6710 1858/2005/6711 1859/2006/6712
f 1862/2009/6713 107/134/6714 1855/2002/6715 1861/2008/6716
f 1855/2002/6717 447/514/6718 987/1074/6719 1861/2008/6720
f 987/1074/6721 448/515/6722 1860/2007/6723 1861/2008/6724
f 1228/1325/6725 21/30/6726 1864/2011/6727 1863/2010/6728
f 1864/2011/6729 452/519/6730 1865/2012/6731 1863/2010/6732
f 1865/2012/6733 451/518/6734 991/1078/6735 1863/2010/6736
f 1030/1118/6737 109/136/6738 624/701/6739 1866/2013/6740
f 624/701/6741 236/276/6742 1867/2014/6743 1866/2013/6744
f 1867/2014/6745 451/518/6746 1865/2012/6747 1866/2013/6748
f 1360/1463/6749 107/134/6750 1862/2009/6751 1868/2015/6752
f 1862/2009/6753 450/517/6754 992/1079/6755 1868/2015/6756
f 992/1079/6757 451/518/6758 1867/2014/6759 1868/2015/6760
f 1345/1448/6761 20/29/6762 1371/1474/6763 1869/2016/6764
f 1371/1474/6765 243/283/6766 1870/2017/6767 1869/2016/6768
f 1870/2017/6769 453/520/6770 996/1083/6771 1869/2016/6772
f 635/712/6773 111/138/6774 999/1086/6775 1871/2018/6776
f 999/1086/6777 454/521/6778 1872/2019/6779 1871/2018/6780
f 1872/2019/6781 453/520/6782 1870/2017/6783 1871/2018/6784
f 1874/2021/6785 110/137/6786 1368/1471/6787 1873/2020/6788
f 1368/1471/6789 240/280/6790 997/1084/6791 1873/2020/6792
f 997/1084/6793 453/520/6794 1872/2019/6795 1873/2020/6796
f 1876/2023/6797 23/32/6798 1579/1705/6799 1875/2022/6800
f 1579/1705/6801 343/397/6802 1877/2024/6803 1875/2022/6804
f 1877/2024/6805 455/522/6806 1001/1088/6807 1875/2022/6808
f 770/852/6809 62/80/6810 1004/1091/6811 1878/2025/6812
f 1004/1091/6813 457/524/6814 1879/2026/6815 1878/2025/6816
f 1879/2026/6817 455/522/6818 1877/2024/6819 1878/2025/6820
f 1881/2028/6821 110/137/6822 1874/2021/6823 1880/2027/6824
f 1874/2021/6825 454/521/6826 1002/1089/6827 1880/2027/6828
f 1002/1089/6829 455/522/6830 1879/2026/6831 1880/2027/6832
f 1572/1698/6833 22/31/6834 1857/2004/6835 1882/2029/6836
f 1857/2004/6837 449/516/6838 1883/2030/6839 1882/2029/6840
f 1883/2030/6841 458/525/6842 1006/1093/6843 1882/2029/6844
f 985/1072/6845 108/135/6846 629/706/6847 1884/2031/6848
f 629/706/6849 241/281/6850 1885/2032/6851 1884/2031/6852
f 1885/2032/6853 458/525/6854 1883/2030/6855 1884/2031/6856
f 1369/1472/6857 110/137/6858 1881/2028/6859 1886/2033/6860
f 1881/2028/6861 457/524/6862 1007/1094/6863 1886/2033/6864
f 1007/1094/6865 458/525/6866 1885/2032/6867 1886/2033/6868
f 1255/1352/6869 5/5/6870 1380/1483/6871 1887/2034/6872
f 1380/1483/6873 248/288/6874 1888/2035/6875 1887/2034/6876
f 1888/2035/6877 459/526/6878 1011/1098/6879 1887/2034/6880
f 640/717/6881 113/140/6882 1014/1101/6883 1889/2036/6884
f 1014/1101/6885 460/527/6886 1890/2037/6887 1889/2036/6888
f 1890/2037/6889 459/526/6890 1888/2035/6891 1889/2036/6892
f 1892/2039/6893 112/139/6894 1377/1480/6895 1891/2038/6896
f 1377/1480/6897 245/285/6898 1012/1099/6899 1891/2038/6900
f 1012/1099/6901 459/526/6902 1890/2037/6903 1891/2038/6904
f 1894/2041/6905 24/33/6906 1587/1713/6907 1893/2040/6908
f 1587/1713/6909 347/401/6910 1895/2042/6911 1893/2040/6912
f 1895/2042/6913 461/528/6914 1016/1103/6915 1893/2040/6916
f 775/857/6917 63/81/6918 1019/1106/6919 1896/2043/6920
f 1019/1106/6921 463/530/6922 1897/2044/6923 1896/2043/6924
f 1897/2044/6925 461/528/6926 1895/2042/6927 1896/2043/6928
f 1899/2046/6929 112/139/6930 1892/2039/6931 1898/2045/6932
f 1892/2039/6933 460/527/6934 1017/1104/6935 1898/2045/6936
f 1017/1104/6937 461/528/6938 1897/2044/6939 1898/2045/6940
f 1580/1706/6941 23/32/6942 1876/2023/6943 1900/2047/6944
f 1876/2023/6945 456/523/6946 1901/2048/6947 1900/2047/6948
f 1901/2048/6949 464/531/6950 1021/1108/6951 1900/2047/6952
f 1000/1087/6953 111/138/6954 634/711/6955 1902/2049/6956
f 634/711/6957 246/286/6958 1903/2050/6959 1902/2049/6960
f 1903/2050/6961 464/531/6962 1901/2048/6963 1902/2049/6964
f 1378/1481/6965 112/139/6966 1899/2046/6967 1904/2051/6968
f 1899/2046/6969 463/530/6970 1022/1109/6971 1904/2051/6972
f 1022/1109/6973 464/531/6974 1903/2050/6975 1904/2051/6976
f 1529/2053/6977 15/24/6978 1353/1456/6979 1905/2052/6980
f 1353/1456/6981 233/273/6982 1906/2054/6983 1905/2052/6984
f 1906/2054/6985 465/532/6986 1026/1114/6987 1905/2052/6988
f 625/702/6989 109/136/6990 1029/1117/6991 1907/2055/6992
f 1029/1117/6993 466/534/6994 1908/2056/6995 1907/2055/6996
f 1908/2056/6997 465/532/6998 1906/2054/6999 1907/2055/7000
f 1910/2058/7001 114/141/7002 1385/1490/7003 1909/2057/7004
f 1385/1490/7005 249/290/7006 1027/1115/7007 1909/2057/7008
f 1027/1115/7009 465/532/7010 1908/2056/7011 1909/2057/7012
f 1864/2011/7013 21/30/7014 1227/1324/7015 1911/2059/7016
f 1227/1324/7017 163/198/7018 1912/2060/7019 1911/2059/7020
f 1912/2060/7021 467/535/7022 1031/1119/7023 1911/2059/7024
f 555/628/7025 64/82/7026 1034/1122/7027 1913/2061/7028
f 1034/1122/7029 468/536/7030 1914/2062/7031 1913/2061/7032
f 1914/2062/7033 467/535/7034 1912/2060/7035 1913/2061/7036
f 1916/2064/7037 114/141/7038 1910/2058/7039 1915/2063/7040
f 1910/2058/7041 466/534/7042 1032/1120/7043 1915/2063/7044
f 1032/1120/7045 467/535/7046 1914/2062/7047 1915/2063/7048
f 1588/1714/7049 24/33/7050 1894/2041/7051 1917/2065/7052
f 1894/2041/7053 462/529/7054 1918/2066/7055 1917/2065/7056
f 1918/2066/7057 469/537/7058 1036/1124/7059 1917/2065/7060
f 1015/1102/7061 113/140/7062 639/716/7063 1919/2067/7064
f 639/716/7065 250/291/7066 1920/2068/7067 1919/2067/7068
f 1920/2068/7069 469/537/7070 1918/2066/7071 1919/2067/7072
f 1386/1491/7073 114/141/7074 1916/2064/7075 1921/2069/7076
f 1916/2064/7077 468/536/7078 1037/1125/7079 1921/2069/7080
f 1037/1125/7081 469/537/7082 1920/2068/7083 1921/2069/7084
f 1476/1584/7085 10/17/7086 1397/1502/7087 1922/2070/7088
f 1397/1502/7089 257/298/7090 1923/2071/7091 1922/2070/7092
f 1923/2071/7093 470/538/7094 1041/1129/7095 1922/2070/7096
f 650/727/7097 116/144/7098 1044/1132/7099 1924/2072/7100
f 1044/1132/7101 471/539/7102 1925/2073/7103 1924/2072/7104
f 1925/2073/7105 470/538/7106 1923/2071/7107 1924/2072/7108
f 1927/2075/7109 115/143/7110 1394/1499/7111 1926/2074/7112
f 1394/1499/7113 254/295/7114 1042/1130/7115 1926/2074/7116
f 1042/1130/7117 470/538/7118 1925/2073/7119 1926/2074/7120
f 1929/2077/7121 26/35/7122 1817/1964/7123 1928/2076/7124
f 1817/1964/7125 433/500/7126 1930/2078/7127 1928/2076/7128
f 1930/2078/7129 472/540/7130 1046/1134/7131 1928/2076/7132
f 955/1042/7133 101/128/7134 1049/1137/7135 1931/2079/7136
f 1049/1137/7137 474/542/7138 1932/2080/7139 1931/2079/7140
f 1932/2080/7141 472/540/7142 1930/2078/7143 1931/2079/7144
f 1934/2082/7145 115/143/7146 1927/2075/7147 1933/2081/7148
f 1927/2075/7149 471/539/7150 1047/1135/7151 1933/2081/7152
f 1047/1135/7153 472/540/7154 1932/2080/7155 1933/2081/7156
f 1336/1439/7157 25/34/7158 1936/2084/7159 1935/2083/7160
f 1936/2084/7161 476/544/7162 1937/2085/7163 1935/2083/7164
f 1937/2085/7165 475/543/7166 1051/1139/7167 1935/2083/7168
f 1090/1178/7169 117/145/7170 644/721/7171 1938/2086/7172
f 644/721/7173 255/296/7174 1939/2087/7175 1938/2086/7176
f 1939/2087/7177 475/543/7178 1937/2085/7179 1938/2086/7180
f 1395/1500/7181 115/143/7182 1934/2082/7183 1940/2088/7184
f 1934/2082/7185 474/542/7186 1052/1140/7187 1940/2088/7188
f 1052/1140/7189 475/543/7190 1939/2087/7191 1940/2088/7192
f 1613/1742/7193 18/27/7194 1406/1511/7195 1941/2089/7196
f 1406/1511/7197 262/303/7198 1942/2090/7199 1941/2089/7200
f 1942/2090/7201 477/545/7202 1056/1144/7203 1941/2089/7204
f 655/732/7205 119/147/7206 1059/1147/7207 1943/2091/7208
f 1059/1147/7209 478/546/7210 1944/2092/7211 1943/2091/7212
f 1944/2092/7213 477/545/7214 1942/2090/7215 1943/2091/7216
f 1946/2094/7217 118/146/7218 1403/1508/7219 1945/2093/7220
f 1403/1508/7221 259/300/7222 1057/1145/7223 1945/2093/7224
f 1057/1145/7225 477/545/7226 1944/2092/7227 1945/2093/7228
f 1948/2096/7229 27/36/7230 1825/1972/7231 1947/2095/7232
f 1825/1972/7233 437/504/7234 1949/2097/7235 1947/2095/7236
f 1949/2097/7237 479/547/7238 1061/1149/7239 1947/2095/7240
f 960/1047/7241 102/129/7242 1064/1152/7243 1950/2098/7244
f 1064/1152/7245 481/549/7246 1951/2099/7247 1950/2098/7248
f 1951/2099/7249 479/547/7250 1949/2097/7251 1950/2098/7252
f 1953/2101/7253 118/146/7254 1946/2094/7255 1952/2100/7256
f 1946/2094/7257 478/546/7258 1062/1150/7259 1952/2100/7260
f 1062/1150/7261 479/547/7262 1951/2099/7263 1952/2100/7264
f 1818/1965/7265 26/35/7266 1929/2077/7267 1954/2102/7268
f 1929/2077/7269 473/541/7270 1955/2103/7271 1954/2102/7272
f 1955/2103/7273 482/550/7274 1066/1154/7275 1954/2102/7276
f 1045/1133/7277 116/144/7278 649/726/7279 1956/2104/7280
f 649/726/7281 260/301/7282 1957/2105/7283 1956/2104/7284
f 1957/2105/7285 482/550/7286 1955/2103/7287 1956/2104/7288
f 1404/1509/7289 118/146/7290 1953/2101/7291 1958/2106/7292
f 1953/2101/7293 481/549/7294 1067/1155/7295 1958/2106/7296
f 1067/1155/7297 482/550/7298 1957/2105/7299 1958/2106/7300
f 1184/1275/7301 17/26/7302 1415/1520/7303 1959/2107/7304
f 1415/1520/7305 267/308/7306 1960/2108/7307 1959/2107/7308
f 1960/2108/7309 483/551/7310 1071/1159/7311 1959/2107/7312
f 660/737/7313 121/149/7314 1074/1162/7315 1961/2109/7316
f 1074/1162/7317 484/552/7318 1962/2110/7319 1961/2109/7320
f 1962/2110/7321 483/551/7322 1960/2108/7323 1961/2109/7324
f 1964/2112/7325 120/148/7326 1412/1517/7327 1963/2111/7328
f 1412/1517/7329 264/305/7330 1072/1160/7331 1963/2111/7332
f 1072/1160/7333 483/551/7334 1962/2110/7335 1963/2111/7336
f 1966/2114/7337 28/37/7338 1833/1980/7339 1965/2113/7340
f 1833/1980/7341 441/508/7342 1967/2115/7343 1965/2113/7344
f 1967/2115/7345 485/553/7346 1076/1164/7347 1965/2113/7348
f 965/1052/7349 103/130/7350 1079/1167/7351 1968/2116/7352
f 1079/1167/7353 487/555/7354 1969/2117/7355 1968/2116/7356
f 1969/2117/7357 485/553/7358 1967/2115/7359 1968/2116/7360
f 1971/2119/7361 120/148/7362 1964/2112/7363 1970/2118/7364
f 1964/2112/7365 484/552/7366 1077/1165/7367 1970/2118/7368
f 1077/1165/7369 485/553/7370 1969/2117/7371 1970/2118/7372
f 1826/1973/7373 27/36/7374 1948/2096/7375 1972/2120/7376
f 1948/2096/7377 480/548/7378 1973/2121/7379 1972/2120/7380
f 1973/2121/7381 488/556/7382 1081/1169/7383 1972/2120/7384
f 1060/1148/7385 119/147/7386 654/731/7387 1974/2122/7388
f 654/731/7389 265/306/7390 1975/2123/7391 1974/2122/7392
f 1975/2123/7393 488/556/7394 1973/2121/7395 1974/2122/7396
f 1413/1518/7397 120/148/7398 1971/2119/7399 1976/2124/7400
f 1971/2119/7401 487/555/7402 1082/1170/7403 1976/2124/7404
f 1082/1170/7405 488/556/7406 1975/2123/7407 1976/2124/7408
f 1318/1421/7409 3/3/7410 1388/1493/7411 1977/2125/7412
f 1388/1493/7413 252/293/7414 1978/2126/7415 1977/2125/7416
f 1978/2126/7417 489/557/7418 1086/1174/7419 1977/2125/7420
f 645/722/7421 117/145/7422 1089/1177/7423 1979/2127/7424
f 1089/1177/7425 490/558/7426 1980/2128/7427 1979/2127/7428
f 1980/2128/7429 489/557/7430 1978/2126/7431 1979/2127/7432
f 1982/2130/7433 122/150/7434 1421/1526/7435 1981/2129/7436
f 1421/1526/7437 269/310/7438 1087/1175/7439 1981/2129/7440
f 1087/1175/7441 489/557/7442 1980/2128/7443 1981/2129/7444
f 1936/2084/7445 25/34/7446 1335/1438/7447 1983/2131/7448
f 1335/1438/7449 223/263/7450 1984/2132/7451 1983/2131/7452
f 1984/2132/7453 491/559/7454 1091/1179/7455 1983/2131/7456
f 615/692/7457 104/131/7458 1094/1182/7459 1985/2133/7460
f 1094/1182/7461 492/560/7462 1986/2134/7463 1985/2133/7464
f 1986/2134/7465 491/559/7466 1984/2132/7467 1985/2133/7468
f 1988/2136/7469 122/150/7470 1982/2130/7471 1987/2135/7472
f 1982/2130/7473 490/558/7474 1092/1180/7475 1987/2135/7476
f 1092/1180/7477 491/559/7478 1986/2134/7479 1987/2135/7480
f 1834/1981/7481 28/37/7482 1966/2114/7483 1989/2137/7484
f 1966/2114/7485 486/554/7486 1990/2138/7487 1989/2137/7488
f 1990/2138/7489 493/561/7490 1096/1184/7491 1989/2137/7492
f 1075/1163/7493 121/149/7494 659/736/7495 1991/2139/7496
f 659/736/7497 270/311/7498 1992/2140/7499 1991/2139/7500
f 1992/2140/7501 493/561/7502 1990/2138/7503 1991/2139/7504
f 1422/1527/7505 122/150/7506 1988/2136/7507 1993/2141/7508
f 1988/2136/7509 492/560/7510 1097/1185/7511 1993/2141/7512
f 1097/1185/7513 493/561/7514 1992/2140/7515 1993/2141/7516
s 127
f 1443/1548/7517 29/38/5638 1652/1781/5637 1994/2142/7518
s 37
f 1652/1781/1243 372/428/1242 1995/2143/7519 1994/2142/7520
s off
f 1995/2143/7521 494/562/7522 1101/1189/7523 1994/2142/7524
s 91
f 825/908/2767 75/94/2766 1104/1192/7525 1996/2144/7526
s off
f 1104/1192/7527 495/563/7528 1997/2145/7529 1996/2144/7530
f 1997/2145/7531 494/562/7532 1995/2143/7533 1996/2144/7534
f 1999/2147/7535 123/151/7536 1430/1535/7537 1998/2146/7538
f 1430/1535/7539 274/315/7540 1102/1190/7541 1998/2146/7542
f 1102/1190/7543 494/562/7544 1997/2145/7545 1998/2146/7546
s 126
f 1645/1774/5607 16/25/5606 1773/1918/6275 2000/2148/7547
s 62
f 1773/1918/1483 413/479/1482 2001/2149/7548 2000/2148/7549
s off
f 2001/2149/7550 496/564/7551 1106/1194/7552 2000/2148/7553
s 104
f 925/1012/2981 92/118/2980 1109/1197/7554 2002/2150/7555
s off
f 1109/1197/7556 497/565/7557 2003/2151/7558 2002/2150/7559
f 2003/2151/7560 496/564/7561 2001/2149/7562 2002/2150/7563
f 2005/2153/7564 123/151/7565 1999/2147/7566 2004/2152/7567
f 1999/2147/7568 495/563/7569 1107/1195/7570 2004/2152/7571
f 1107/1195/7572 496/564/7573 2003/2151/7574 2004/2152/7575
s 113
f 1766/1911/6245 11/18/3846 1245/1342/3845 2006/2154/7576
s 5
f 1245/1342/619 173/208/618 2007/2155/7577 2006/2154/7578
s off
f 2007/2155/7579 498/566/7580 1111/1199/7581 2006/2154/7582
s 74
f 565/638/2177 71/90/2176 664/741/7583 2008/2156/7584
s off
f 664/741/7585 275/316/7586 2009/2157/7587 2008/2156/7588
f 2009/2157/7589 498/566/7590 2007/2155/7591 2008/2156/7592
f 1431/1536/7593 123/151/7594 2005/2153/7595 2010/2158/7596
f 2005/2153/7597 497/565/7598 1112/1200/7599 2010/2158/7600
f 1112/1200/7601 498/566/7602 2009/2157/7603 2010/2158/7604
f 1653/1782/7605 29/38/7606 1442/1547/7607 2011/2159/7608
f 1442/1547/7609 282/323/7610 2012/2160/7611 2011/2159/7612
f 2012/2160/7613 499/567/7614 1116/1204/7615 2011/2159/7616
f 675/752/7617 126/154/7618 1119/1207/7619 2013/2161/7620
f 1119/1207/7621 500/568/7622 2014/2162/7623 2013/2161/7624
f 2014/2162/7625 499/567/7626 2012/2160/7627 2013/2161/7628
f 2016/2164/7629 125/153/7630 1439/1544/7631 2015/2163/7632
f 1439/1544/7633 279/320/7634 1117/1205/7635 2015/2163/7636
f 1117/1205/7637 499/567/7638 2014/2162/7639 2015/2163/7640
f 2018/2166/7641 31/41/7642 1794/1941/7643 2017/2165/7644
f 1794/1941/7645 422/489/7646 2019/2167/7647 2017/2165/7648
f 2019/2167/7649 501/569/7650 1121/1209/7651 2017/2165/7652
f 940/1027/7653 96/123/7654 1124/1212/7655 2020/2168/7656
f 1124/1212/7657 503/571/7658 2021/2169/7659 2020/2168/7660
f 2021/2169/7661 501/569/7662 2019/2167/7663 2020/2168/7664
f 2023/2171/7665 125/153/7666 2016/2164/7667 2022/2170/7668
f 2016/2164/7669 500/568/7670 1122/1210/7671 2022/2170/7672
f 1122/1210/7673 501/569/7674 2021/2169/7675 2022/2170/7676
f 1327/1430/7677 32/40/7678 2025/2173/7679 2024/2172/7680
f 2025/2173/7681 505/573/7682 2026/2174/7683 2024/2172/7684
f 2026/2174/7685 504/572/7686 1126/1214/7687 2024/2172/7688
f 1165/1254/7689 127/155/7690 669/746/7691 2027/2175/7692
f 669/746/7693 280/321/7694 2028/2176/7695 2027/2175/7696
f 2028/2176/7697 504/572/7698 2026/2174/7699 2027/2175/7700
f 1440/1545/7701 125/153/7702 2023/2171/7703 2029/2177/7704
f 2023/2171/7705 503/571/7706 1127/1215/7707 2029/2177/7708
f 1127/1215/7709 504/572/7710 2028/2176/7711 2029/2177/7712
f 1425/1530/7713 30/39/7714 1451/1556/7715 2030/2178/7716
f 1451/1556/7717 287/328/7718 2031/2179/7719 2030/2178/7720
f 2031/2179/7721 506/574/7722 1131/1219/7723 2030/2178/7724
f 680/757/7725 129/157/7726 1134/1222/7727 2032/2180/7728
f 1134/1222/7729 507/575/7730 2033/2181/7731 2032/2180/7732
f 2033/2181/7733 506/574/7734 2031/2179/7735 2032/2180/7736
f 2035/2183/7737 128/156/7738 1448/1553/7739 2034/2182/7740
f 1448/1553/7741 284/325/7742 1132/1220/7743 2034/2182/7744
f 1132/1220/7745 506/574/7746 2033/2181/7747 2034/2182/7748
f 2037/2185/7749 33/42/7750 1802/1949/7751 2036/2184/7752
f 1802/1949/7753 426/493/7754 2038/2186/7755 2036/2184/7756
f 2038/2186/7757 508/576/7758 1136/1224/7759 2036/2184/7760
f 945/1032/7761 97/124/7762 1139/1227/7763 2039/2187/7764
f 1139/1227/7765 510/578/7766 2040/2188/7767 2039/2187/7768
f 2040/2188/7769 508/576/7770 2038/2186/7771 2039/2187/7772
f 2042/2190/7773 128/156/7774 2035/2183/7775 2041/2189/7776
f 2035/2183/7777 507/575/7778 1137/1225/7779 2041/2189/7780
f 1137/1225/7781 508/576/7782 2040/2188/7783 2041/2189/7784
f 1795/1942/7785 31/41/7786 2018/2166/7787 2043/2191/7788
f 2018/2166/7789 502/570/7790 2044/2192/7791 2043/2191/7792
f 2044/2192/7793 511/579/7794 1141/1229/7795 2043/2191/7796
f 1120/1208/7797 126/154/7798 674/751/7799 2045/2193/7800
f 674/751/7801 285/326/7802 2046/2194/7803 2045/2193/7804
f 2046/2194/7805 511/579/7806 2044/2192/7807 2045/2193/7808
f 1449/1554/7809 128/156/7810 2042/2190/7811 2047/2195/7812
f 2042/2190/7813 510/578/7814 1142/1230/7815 2047/2195/7816
f 1142/1230/7817 511/579/7818 2046/2194/7819 2047/2195/7820
f 1626/1755/7821 4/4/7822 1460/1565/7823 2048/2196/7824
f 1460/1565/7825 292/333/7826 2049/2197/7827 2048/2196/7828
f 2049/2197/7829 512/580/7830 1146/1234/7831 2048/2196/7832
f 685/762/7833 131/159/7834 1149/1237/7835 2050/2198/7836
f 1149/1237/7837 513/581/7838 2051/2199/7839 2050/2198/7840
f 2051/2199/7841 512/580/7842 2049/2197/7843 2050/2198/7844
f 2053/2201/7845 130/158/7846 1457/1562/7847 2052/2200/7848
f 1457/1562/7849 289/330/7850 1147/1235/7851 2052/2200/7852
f 1147/1235/7853 512/580/7854 2051/2199/7855 2052/2200/7856
f 2055/2203/7857 34/43/7858 1810/1957/7859 2054/2202/7860
f 1810/1957/7861 430/497/7862 2056/2204/7863 2054/2202/7864
f 2056/2204/7865 514/582/7866 1151/1239/7867 2054/2202/7868
f 950/1037/7869 98/125/7870 1154/1242/7871 2057/2205/7872
f 1154/1242/7873 516/584/7874 2058/2206/7875 2057/2205/7876
f 2058/2206/7877 514/582/7878 2056/2204/7879 2057/2205/7880
f 2060/2208/7881 130/158/7882 2053/2201/7883 2059/2207/7884
f 2053/2201/7885 513/581/7886 1152/1240/7887 2059/2207/7888
f 1152/1240/7889 514/582/7890 2058/2206/7891 2059/2207/7892
f 1803/1950/7893 33/42/7894 2037/2185/7895 2061/2209/7896
f 2037/2185/7897 509/577/7898 2062/2210/7899 2061/2209/7900
f 2062/2210/7901 517/585/7902 1156/1244/7903 2061/2209/7904
f 1135/1223/7905 129/157/7906 679/756/7907 2063/2211/7908
f 679/756/7909 290/331/7910 2064/2212/7911 2063/2211/7912
f 2064/2212/7913 517/585/7914 2062/2210/7915 2063/2211/7916
f 1458/1563/7917 130/158/7918 2060/2208/7919 2065/2213/7920
f 2060/2208/7921 516/584/7922 1157/1245/7923 2065/2213/7924
f 1157/1245/7925 517/585/7926 2064/2212/7927 2065/2213/7928
f 1565/2215/7929 6/6/7930 1433/1538/7931 2066/2214/7932
f 1433/1538/7933 277/318/7934 2067/2216/7935 2066/2214/7936
f 2067/2216/7937 518/586/7938 1161/1250/7939 2066/2214/7940
f 670/747/7941 127/155/7942 1164/1253/7943 2068/2217/7944
f 1164/1253/7945 519/588/7946 2069/2218/7947 2068/2217/7948
f 2069/2218/7949 518/586/7950 2067/2216/7951 2068/2217/7952
f 2071/2220/7953 132/160/7954 1465/1572/7955 2070/2219/7956
f 1465/1572/7957 293/335/7958 1162/1251/7959 2070/2219/7960
f 1162/1251/7961 518/586/7962 2069/2218/7963 2070/2219/7964
f 2025/2173/7965 32/40/7966 1326/1429/7967 2072/2221/7968
f 1326/1429/7969 218/258/7970 2073/2222/7971 2072/2221/7972
f 2073/2222/7973 520/589/7974 1166/1255/7975 2072/2221/7976
f 610/687/7977 99/126/7978 1169/1258/7979 2074/2223/7980
f 1169/1258/7981 521/590/7982 2075/2224/7983 2074/2223/7984
f 2075/2224/7985 520/589/7986 2073/2222/7987 2074/2223/7988
f 2077/2226/7989 132/160/7990 2071/2220/7991 2076/2225/7992
f 2071/2220/7993 519/588/7994 1167/1256/7995 2076/2225/7996
f 1167/1256/7997 520/589/7998 2075/2224/7999 2076/2225/8000
f 1811/1958/8001 34/43/8002 2055/2203/8003 2078/2227/8004
f 2055/2203/8005 515/583/8006 2079/2228/8007 2078/2227/8008
f 2079/2228/8009 522/591/8010 1171/1260/8011 2078/2227/8012
f 1150/1238/8013 131/159/8014 684/761/8015 2080/2229/8016
f 684/761/8017 294/336/8018 2081/2230/8019 2080/2229/8020
f 2081/2230/8021 522/591/8022 2079/2228/8023 2080/2229/8024
f 1466/1573/8025 132/160/8026 2077/2226/8027 2082/2231/8028
f 2077/2226/8029 521/590/8030 1172/1261/8031 2082/2231/8032
f 1172/1261/8033 522/591/8034 2081/2230/8035 2082/2231/8036
g default
v -0.514099 -0.015370 0.353653
v 0.339331 -0.015370 0.159243
v -0.514099 0.030748 0.353653
v 0.339331 0.030748 0.159243
v -0.312884 0.030748 -0.342984
v 0.339331 0.030748 -0.022285
v -0.312884 -0.015370 -0.342984
v 0.339331 -0.015370 -0.022285
v -0.338139 -0.015370 0.484457
v -0.338139 0.030748 0.484457
v -0.352123 0.030748 0.338124
v -0.352123 -0.015370 0.338124
v -0.352123 -0.015370 -0.201166
v -0.485414 -0.015370 -0.222920
v -0.485414 0.030748 -0.222920
v -0.352123 0.030748 -0.201166
v -0.489266 0.030748 0.348843
v -0.343713 0.030748 0.455679
v -0.469801 0.030748 -0.220039
v -0.315775 0.030748 -0.327318
v -0.485414 0.181313 -0.222920
v -0.469801 0.181313 -0.220039
v -0.315775 0.181313 -0.327318
v -0.312884 0.181313 -0.342984
v -0.514099 0.185945 0.353653
v -0.338139 0.185945 0.484457
v -0.343713 0.185945 0.455679
v -0.489266 0.185945 0.348843
v 0.326494 0.030748 -0.026618
v 0.328113 0.030748 0.163029
v 0.326494 0.179816 -0.026618
v 0.339331 0.179816 -0.022285
v 0.328113 0.179816 0.163029
v 0.339331 0.179816 0.159243
v -0.426119 0.007689 0.419055
v -0.426119 -0.015370 0.419055
v -0.338139 0.007689 0.484457
v -0.426119 0.030748 0.419055
v -0.514099 0.007689 0.353653
v -0.399279 0.030748 0.382266
v -0.416489 0.030748 0.402261
v -0.347918 0.030748 0.396901
v -0.420694 0.030748 0.343483
v -0.405763 -0.015370 0.394390
v -0.433111 -0.015370 0.345888
v -0.345131 -0.015370 0.411290
v -0.399149 0.007689 -0.282952
v -0.312884 0.007689 -0.342984
v -0.399149 -0.015370 -0.282952
v -0.485414 0.007689 -0.222920
v -0.399149 0.030748 -0.282952
v -0.384614 -0.015370 -0.260252
v -0.332503 -0.015370 -0.272075
v -0.418768 -0.015370 -0.212043
v 0.339331 0.007689 0.068479
v 0.339331 0.007689 0.159243
v 0.339331 -0.015370 0.068479
v 0.339331 0.007689 -0.022285
v 0.339331 0.030748 0.068479
v -0.396125 0.181313 -0.278565
v -0.477607 0.181313 -0.221480
v -0.392788 0.181313 -0.273678
v -0.314329 0.181313 -0.335151
v -0.399149 0.181313 -0.282952
v 0.000596 0.007689 0.321850
v 0.000596 -0.015370 0.321850
v 0.000596 0.030748 0.321850
v -0.034119 0.030748 0.297809
v -0.340926 0.030748 0.470068
v 0.333722 0.030748 0.161136
v -0.012005 0.030748 0.250576
v -0.027519 0.030748 -0.159233
v -0.314329 0.030748 -0.335151
v -0.333949 0.030748 -0.264242
v -0.012814 0.030748 -0.113892
v 0.332913 0.030748 -0.024452
v 0.013224 0.030748 -0.182634
v 0.013224 0.007689 -0.182634
v 0.013224 -0.015370 -0.182634
v -0.027632 -0.015370 -0.159032
v -0.006396 -0.015370 -0.111726
v -0.034014 -0.015370 0.297599
v -0.006396 -0.015370 0.248683
v -0.063945 -0.015370 0.068479
v -0.352123 -0.015370 0.068479
v -0.428063 -0.015370 0.072337
v -0.499756 -0.015370 0.065366
v -0.499756 0.007689 0.065366
v -0.499756 0.030748 0.065366
v -0.428085 0.030748 0.072240
v -0.501682 0.030748 0.351248
v -0.352123 0.030748 0.068479
v -0.410962 0.030748 -0.210603
v -0.477607 0.030748 -0.221480
v 0.333192 0.179816 0.067940
v 0.332913 0.179816 -0.024452
v 0.327304 0.179816 0.068206
v 0.333722 0.179816 0.161136
v 0.339331 0.179816 0.068479
v -0.421003 0.185945 0.411898
v -0.426119 0.185945 0.419055
v -0.340926 0.185945 0.470068
v -0.416489 0.185945 0.402261
v -0.501682 0.185945 0.351248
v -0.380102 0.030748 -0.253694
v -0.392788 0.030748 -0.273678
v -0.477607 0.106031 -0.221480
v -0.469801 0.106031 -0.220039
v -0.485414 0.106031 -0.222920
v -0.392788 0.106031 -0.273678
v -0.315775 0.106031 -0.327318
v -0.314329 0.106031 -0.335151
v -0.312884 0.106031 -0.342984
v -0.399149 0.106031 -0.282952
v -0.426119 0.108347 0.419055
v -0.338139 0.108347 0.484457
v -0.514099 0.108347 0.353653
v -0.340926 0.108347 0.470068
v -0.343713 0.108347 0.455679
v -0.416489 0.108347 0.402261
v -0.489266 0.108347 0.348843
v -0.501682 0.108347 0.351248
v -0.068119 0.030748 0.068510
v 0.327304 0.030748 0.068206
v 0.332913 0.105282 -0.024452
v 0.326494 0.105282 -0.026618
v 0.339331 0.105282 -0.022285
v 0.327304 0.105282 0.068206
v 0.328113 0.105282 0.163029
v 0.333722 0.105282 0.161136
v 0.339331 0.105282 0.159243
v 0.339331 0.105282 0.068479
v -0.470109 -0.003840 0.386354
v -0.514099 -0.003840 0.353653
v -0.470109 -0.015370 0.386354
v -0.426119 -0.003840 0.419055
v -0.470109 0.007689 0.386354
v -0.440070 0.030748 0.366228
v -0.454980 0.030748 0.346163
v -0.452878 0.030748 0.375552
v -0.407884 0.030748 0.392263
v -0.409987 0.030748 0.362875
v -0.454787 -0.015370 0.374770
v -0.473605 -0.015370 0.349771
v -0.419437 -0.015370 0.370139
v -0.415941 -0.015370 0.406722
v -0.356016 0.019219 -0.312968
v -0.356016 0.030748 -0.312968
v -0.312884 0.019219 -0.342984
v -0.356016 0.007689 -0.312968
v -0.399149 0.019219 -0.282952
v -0.350809 -0.015370 -0.297465
v -0.356016 -0.015370 -0.312968
v -0.322694 -0.015370 -0.307529
v -0.358559 -0.015370 -0.266164
v -0.391881 -0.015370 -0.271602
v 0.339331 0.019219 0.113861
v 0.339331 0.030748 0.113861
v 0.339331 0.019219 0.159243
v 0.339331 0.007689 0.113861
v 0.339331 0.019219 0.068479
v -0.440146 0.181313 -0.251166
v -0.442281 0.181313 -0.252936
v -0.481511 0.181313 -0.222200
v -0.436866 0.181313 -0.250022
v -0.397637 0.181313 -0.280758
v -0.168771 0.019219 0.403153
v -0.168771 0.030748 0.403153
v -0.338139 0.019219 0.484457
v -0.168771 0.007689 0.403153
v 0.000596 0.019219 0.321850
v -0.187815 0.030748 0.320511
v -0.182064 0.030748 0.294350
v -0.350020 0.030748 0.367512
v -0.191019 0.030748 0.347355
v -0.023062 0.030748 0.274193
v -0.152080 0.030748 -0.250933
v -0.149830 0.030748 -0.262809
v -0.313607 0.030748 -0.339067
v -0.170924 0.030748 -0.247192
v -0.007148 0.030748 -0.170934
v -0.149830 -0.003840 -0.262809
v -0.149830 -0.015370 -0.262809
v -0.312884 -0.003840 -0.342984
v -0.149830 0.007689 -0.262809
v 0.013224 -0.003840 -0.182634
v 0.149209 -0.015370 -0.093030
v 0.176277 -0.015370 -0.102460
v 0.166468 -0.015370 -0.067005
v -0.017014 -0.015370 -0.135379
v -0.007204 -0.015370 -0.170833
v -0.184778 -0.015370 0.382739
v -0.168771 -0.015370 0.403153
v -0.341635 -0.015370 0.447874
v -0.189572 -0.015370 0.354445
v -0.016709 -0.015370 0.309725
v -0.204299 -0.015370 0.189592
v -0.179259 -0.015370 0.293404
v -0.352123 -0.015370 0.203301
v -0.208034 -0.015370 0.068479
v -0.035170 -0.015370 0.158581
v -0.458237 -0.015370 -0.073436
v -0.492585 -0.015370 -0.078777
v -0.452091 -0.015370 -0.217482
v -0.423416 -0.015370 -0.069853
v -0.463910 -0.015370 0.068852
v -0.492585 0.019219 -0.078777
v -0.492585 0.030748 -0.078777
v -0.485414 0.019219 -0.222920
v -0.492585 0.007689 -0.078777
v -0.499756 0.019219 0.065366
v -0.483937 0.030748 0.197908
v -0.506928 0.030748 0.209509
v -0.507891 0.030748 0.352450
v -0.464884 0.030748 0.211744
v -0.463921 0.030748 0.068803
v 0.336165 0.179816 0.022272
v 0.339331 0.179816 0.023097
v 0.336122 0.179816 -0.023368
v 0.333052 0.179816 0.021744
v 0.336262 0.179816 0.068209
v -0.466590 0.185945 0.383530
v -0.507891 0.185945 0.352450
v -0.470109 0.185945 0.386354
v -0.423561 0.185945 0.415477
v -0.461343 0.185945 0.381573
v -0.349770 0.030748 -0.286845
v -0.324862 0.030748 -0.295780
v -0.354281 0.030748 -0.300498
v -0.386445 0.030748 -0.263686
v -0.357025 0.030748 -0.258968
v -0.481511 0.068390 -0.222200
v -0.485414 0.068390 -0.222920
v -0.481511 0.030748 -0.222200
v -0.477607 0.068390 -0.221480
v -0.481511 0.106031 -0.222200
v -0.431294 0.068390 -0.246859
v -0.469801 0.068390 -0.220039
v -0.431294 0.030748 -0.246859
v -0.392788 0.068390 -0.273678
v -0.431294 0.106031 -0.246859
v -0.315052 0.068390 -0.331234
v -0.315775 0.068390 -0.327318
v -0.315052 0.030748 -0.331234
v -0.314329 0.068390 -0.335151
v -0.315052 0.106031 -0.331234
v -0.356016 0.068390 -0.312968
v -0.312884 0.068390 -0.342984
v -0.399149 0.068390 -0.282952
v -0.356016 0.106031 -0.312968
v -0.470109 0.069548 0.386354
v -0.514099 0.069548 0.353653
v -0.470109 0.030748 0.386354
v -0.426119 0.069548 0.419055
v -0.470109 0.108347 0.386354
v -0.339532 0.069548 0.477262
v -0.338139 0.069548 0.484457
v -0.339532 0.030748 0.477262
v -0.340926 0.069548 0.470068
v -0.339532 0.108347 0.477262
v -0.380101 0.069548 0.428970
v -0.343713 0.069548 0.455679
v -0.380101 0.030748 0.428970
v -0.416489 0.069548 0.402261
v -0.380101 0.108347 0.428970
v -0.495474 0.069548 0.350046
v -0.489266 0.069548 0.348843
v -0.495474 0.030748 0.350046
v -0.501682 0.069548 0.351248
v -0.495474 0.108347 0.350046
v 0.126163 0.030748 0.136651
v 0.158054 0.030748 0.206803
v 0.327708 0.030748 0.115617
v 0.129592 0.030748 0.068358
v -0.040062 0.030748 0.159543
v 0.336122 0.068015 -0.023368
v 0.339331 0.068015 -0.022285
v 0.336122 0.030748 -0.023368
v 0.332913 0.068015 -0.024452
v 0.336122 0.105282 -0.023368
v 0.326899 0.068015 0.020794
v 0.326494 0.068015 -0.026618
v 0.326899 0.030748 0.020794
v 0.327304 0.068015 0.068206
v 0.326899 0.105282 0.020794
v 0.330918 0.068015 0.162083
v 0.328113 0.068015 0.163029
v 0.330918 0.030748 0.162083
v 0.333722 0.068015 0.161136
v 0.330918 0.105282 0.162083
v 0.339331 0.068015 0.113861
v 0.339331 0.068015 0.159243
v 0.339331 0.068015 0.068479
v 0.339331 0.105282 0.113861
v -0.382129 -0.003840 0.451756
v -0.382129 -0.015370 0.451756
v -0.338139 -0.003840 0.484457
v -0.382129 0.007689 0.451756
v -0.382129 0.019219 0.451756
v -0.382129 0.030748 0.451756
v -0.426119 0.019219 0.419055
v -0.470109 0.019219 0.386354
v -0.514099 0.019219 0.353653
v -0.372962 0.030748 0.414866
v -0.345815 0.030748 0.426290
v -0.373599 0.030748 0.389584
v -0.378495 0.030748 0.363680
v -0.386409 0.030748 0.340804
v -0.382303 -0.015370 0.370524
v -0.392617 -0.015370 0.342006
v -0.348627 -0.015370 0.374707
v -0.375447 -0.015370 0.402840
v -0.373801 -0.015370 0.434477
v -0.356016 -0.003840 -0.312968
v -0.399149 -0.003840 -0.282952
v -0.442281 -0.003840 -0.252936
v -0.442281 -0.015370 -0.252936
v -0.485414 -0.003840 -0.222920
v -0.442281 0.007689 -0.252936
v -0.442281 0.019219 -0.252936
v -0.442281 0.030748 -0.252936
v -0.371053 -0.015370 -0.234743
v -0.342313 -0.015370 -0.236620
v -0.385446 -0.015370 -0.206605
v -0.401691 -0.015370 -0.236148
v -0.430319 -0.015370 -0.241791
v 0.339331 -0.003840 0.113861
v 0.339331 -0.003840 0.159243
v 0.339331 -0.015370 0.113861
v 0.339331 -0.003840 0.068479
v 0.339331 -0.003840 0.023097
v 0.339331 -0.015370 0.023097
v 0.339331 -0.003840 -0.022285
v 0.339331 0.007689 0.023097
v 0.339331 0.019219 0.023097
v 0.339331 0.019219 -0.022285
v 0.339331 0.030748 0.023097
v -0.434542 0.181313 -0.248214
v -0.473704 0.181313 -0.220760
v -0.431294 0.181313 -0.246859
v -0.394456 0.181313 -0.276122
v -0.354374 0.181313 -0.304036
v -0.354281 0.181313 -0.300498
v -0.315052 0.181313 -0.331234
v -0.355227 0.181313 -0.306858
v -0.355123 0.181313 -0.310345
v -0.313607 0.181313 -0.339067
v -0.356016 0.181313 -0.312968
v -0.168771 -0.003840 0.403153
v 0.000596 -0.003840 0.321850
v 0.169964 -0.003840 0.240546
v 0.169964 -0.015370 0.240546
v 0.169964 0.007689 0.240546
v 0.169964 0.019219 0.240546
v 0.169964 0.030748 0.240546
v -0.204417 0.030748 0.372824
v -0.342319 0.030748 0.462873
v -0.187523 0.030748 0.383938
v -0.172190 0.030748 0.390896
v -0.016762 0.030748 0.309829
v 0.151820 0.030748 0.238224
v 0.336527 0.030748 0.160190
v 0.149801 0.030748 0.229472
v 0.143509 0.030748 0.221953
v -0.190584 0.030748 -0.236802
v -0.180734 0.030748 -0.211737
v -0.185315 0.030748 -0.184821
v -0.343036 0.030748 -0.232704
v -0.182469 0.030748 -0.157529
v -0.020167 0.030748 -0.136562
v 0.145618 0.030748 -0.084394
v 0.156840 0.030748 -0.070255
v 0.329703 0.030748 -0.025535
v 0.152697 0.030748 -0.091842
v 0.155566 0.030748 -0.100709
v 0.176277 0.030748 -0.102460
v -0.149830 0.019219 -0.262809
v 0.013224 0.019219 -0.182634
v 0.176277 0.019219 -0.102460
v 0.176277 0.007689 -0.102460
v 0.176277 -0.003840 -0.102460
v -0.184021 -0.015370 -0.186192
v -0.179259 -0.015370 -0.156446
v -0.180068 -0.015370 -0.215554
v -0.169378 -0.015370 -0.242527
v -0.187731 -0.015370 0.324035
v -0.020205 -0.015370 0.273141
v 0.146121 -0.015370 0.230550
v 0.166468 -0.015370 0.203963
v -0.204299 -0.015370 -0.052634
v -0.352123 -0.015370 -0.066343
v -0.035170 -0.015370 -0.021623
v 0.133729 -0.015370 0.001628
v 0.137693 -0.015370 0.068479
v 0.133729 -0.015370 0.135330
v -0.388558 -0.015370 -0.066446
v -0.390093 -0.015370 0.070408
v -0.391586 -0.015370 0.207255
v -0.430587 -0.015370 0.209113
v -0.469623 -0.015370 0.211146
v -0.506928 -0.015370 0.209509
v -0.492585 -0.003840 -0.078777
v -0.499756 -0.003840 0.065366
v -0.506928 -0.003840 0.209510
v -0.506928 0.007689 0.209509
v -0.506928 0.019219 0.209509
v -0.447292 0.030748 0.227245
v -0.424390 0.030748 0.207862
v -0.388365 0.030748 0.204153
v -0.352123 0.030748 0.203301
v -0.390104 0.030748 0.070360
v -0.386597 0.030748 -0.064488
v -0.352123 0.030748 -0.066343
v -0.381542 0.030748 -0.205884
v -0.419523 0.030748 -0.069181
v -0.437402 0.030748 -0.086956
v -0.440381 0.030748 -0.215321
v -0.473704 0.030748 -0.220760
v -0.452846 0.030748 -0.074620
v -0.471595 0.030748 -0.062683
v 0.329937 0.179816 0.021057
v 0.329703 0.179816 -0.025535
v 0.326899 0.179816 0.020794
v 0.330248 0.179816 0.068073
v 0.330559 0.179816 0.115088
v 0.327708 0.179816 0.115617
v 0.330918 0.179816 0.162083
v 0.333457 0.179816 0.114538
v 0.336358 0.179816 0.114147
v 0.336527 0.179816 0.160190
v 0.339331 0.179816 0.113861
v -0.380513 0.185945 0.447397
v -0.382129 0.185945 0.451756
v -0.339532 0.185945 0.477262
v -0.380965 0.185945 0.440983
v -0.379835 0.185945 0.435742
v -0.342319 0.185945 0.462873
v -0.380101 0.185945 0.428970
v -0.418746 0.185945 0.407080
v -0.457679 0.185945 0.378446
v -0.452878 0.185945 0.375552
v -0.495474 0.185945 0.350046
v -0.420797 0.030748 -0.237034
v -0.395532 0.030748 -0.232148
v -0.368479 0.030748 -0.231001
v -0.473704 0.068390 -0.220760
v -0.473704 0.106031 -0.220760
v -0.473704 0.143672 -0.220760
v -0.469801 0.143672 -0.220039
v -0.477607 0.143672 -0.221480
v -0.481511 0.143672 -0.222200
v -0.485414 0.143672 -0.222920
v -0.354281 0.068390 -0.300498
v -0.354281 0.106031 -0.300498
v -0.354281 0.143672 -0.300498
v -0.315775 0.143672 -0.327318
v -0.392788 0.143672 -0.273678
v -0.431294 0.143672 -0.246859
v -0.313607 0.068390 -0.339067
v -0.313607 0.106031 -0.339067
v -0.313607 0.143672 -0.339067
v -0.312884 0.143672 -0.342984
v -0.314329 0.143672 -0.335151
v -0.315052 0.143672 -0.331234
v -0.442281 0.068390 -0.252936
v -0.442281 0.106031 -0.252936
v -0.442281 0.143672 -0.252936
v -0.399149 0.143672 -0.282952
v -0.356016 0.143672 -0.312968
v -0.382129 0.069548 0.451756
v -0.382129 0.108347 0.451756
v -0.382129 0.147146 0.451756
v -0.338139 0.147146 0.484457
v -0.426119 0.147146 0.419055
v -0.470109 0.147146 0.386354
v -0.514099 0.147146 0.353653
v -0.342319 0.069548 0.462873
v -0.342319 0.108347 0.462873
v -0.342319 0.147146 0.462873
v -0.343713 0.147146 0.455679
v -0.340926 0.147146 0.470068
v -0.339532 0.147146 0.477262
v -0.452878 0.069548 0.375552
v -0.452878 0.108347 0.375552
v -0.452878 0.147146 0.375552
v -0.489266 0.147146 0.348843
v -0.416489 0.147146 0.402261
v -0.380101 0.147146 0.428970
v -0.507891 0.069548 0.352450
v -0.507891 0.108347 0.352450
v -0.507891 0.147146 0.352450
v -0.501682 0.147146 0.351248
v -0.495474 0.147146 0.350046
v 0.125561 0.030748 0.000061
v -0.040467 0.030748 -0.022691
v -0.206709 0.030748 -0.052943
v -0.210121 0.030748 0.068495
v -0.206503 0.030748 0.189931
v 0.329703 0.068015 -0.025535
v 0.329703 0.105282 -0.025535
v 0.329703 0.142549 -0.025535
v 0.326494 0.142549 -0.026618
v 0.332913 0.142549 -0.024452
v 0.336122 0.142549 -0.023368
v 0.339331 0.142549 -0.022285
v 0.327708 0.068015 0.115617
v 0.327708 0.105282 0.115617
v 0.327708 0.142549 0.115617
v 0.328113 0.142549 0.163029
v 0.327304 0.142549 0.068206
v 0.326899 0.142549 0.020794
v 0.336527 0.068015 0.160190
v 0.336527 0.105282 0.160190
v 0.336527 0.142549 0.160190
v 0.339331 0.142549 0.159243
v 0.333722 0.142549 0.161136
v 0.330918 0.142549 0.162083
v 0.339331 0.068015 0.023097
v 0.339331 0.105282 0.023097
v 0.339331 0.142549 0.023097
v 0.339331 0.142549 0.068479
v 0.339331 0.142549 0.113861
v -0.492104 0.001925 0.370003
v -0.492104 0.007689 0.370003
v -0.514099 0.001925 0.353653
v -0.492104 -0.003840 0.370003
v -0.470109 0.001925 0.386354
v -0.432079 0.030748 0.354362
v -0.415341 0.030748 0.353179
v -0.437837 0.030748 0.344823
v -0.447525 0.030748 0.356196
v -0.425028 0.030748 0.364551
v -0.442419 -0.015370 0.396547
v -0.421030 -0.015370 0.412889
v -0.448114 -0.015370 0.402704
v -0.462448 -0.015370 0.380562
v -0.435364 -0.015370 0.390746
v -0.377583 0.024984 -0.297960
v -0.399149 0.024984 -0.282952
v -0.377583 0.030748 -0.297960
v -0.356016 0.024984 -0.312968
v -0.377583 0.019219 -0.297960
v -0.374097 -0.015370 -0.291759
v -0.395515 -0.015370 -0.277277
v -0.377583 -0.015370 -0.297960
v -0.353413 -0.015370 -0.305216
v -0.371345 -0.015370 -0.284534
v 0.339331 0.024984 0.091170
v 0.339331 0.024984 0.068479
v 0.339331 0.030748 0.091170
v 0.339331 0.024984 0.113861
v 0.339331 0.019219 0.091170
v -0.419831 0.181313 -0.266945
v -0.398393 0.181313 -0.281855
v -0.420715 0.181313 -0.267944
v -0.441214 0.181313 -0.252051
v -0.418891 0.181313 -0.265962
v -0.084088 0.024984 0.362502
v 0.000596 0.024984 0.321850
v -0.084088 0.030748 0.362502
v -0.168771 0.024984 0.403153
v -0.084088 0.019219 0.362502
v -0.101338 0.030748 0.284808
v -0.017533 0.030748 0.262385
v -0.097034 0.030748 0.272463
v -0.184940 0.030748 0.307430
v -0.105439 0.030748 0.297352
v -0.071426 0.030748 -0.215883
v 0.003038 0.030748 -0.176784
v -0.068303 0.030748 -0.222722
v -0.150955 0.030748 -0.256871
v -0.079614 0.030748 -0.210933
v -0.068303 -0.009605 -0.222722
v 0.013224 -0.009605 -0.182634
v -0.068303 -0.015370 -0.222722
v -0.149830 -0.009605 -0.262809
v -0.068303 -0.003840 -0.222722
v 0.084071 -0.015370 -0.136840
v 0.003010 -0.015370 -0.176734
v 0.094750 -0.015370 -0.142547
v 0.162743 -0.015370 -0.097745
v 0.071003 -0.015370 -0.131932
v -0.093294 -0.015370 0.354901
v -0.008056 -0.015370 0.315787
v -0.084088 -0.015370 0.362502
v -0.176775 -0.015370 0.392946
v -0.100744 -0.015370 0.346232
v -0.108011 -0.015370 0.223564
v -0.020783 -0.015370 0.203632
v -0.092828 -0.015370 0.271043
v -0.191779 -0.015370 0.241498
v -0.119735 -0.015370 0.174087
v -0.478728 -0.015370 -0.004259
v -0.481833 -0.015370 0.067109
v -0.496171 -0.015370 -0.006705
v -0.475411 -0.015370 -0.076107
v -0.461073 -0.015370 -0.002292
v -0.496171 0.024984 -0.006705
v -0.499756 0.024984 0.065366
v -0.496171 0.030748 -0.006705
v -0.492585 0.024984 -0.078777
v -0.496171 0.019219 -0.006705
v -0.489026 0.030748 0.133401
v -0.481839 0.030748 0.067085
v -0.503342 0.030748 0.137438
v -0.495432 0.030748 0.203709
v -0.473929 0.030748 0.133356
v 0.337763 0.179816 0.045468
v 0.337796 0.179816 0.068344
v 0.339331 0.179816 0.045788
v 0.337748 0.179816 0.022684
v 0.336214 0.179816 0.045241
v -0.484537 0.185945 0.367111
v -0.481513 0.185945 0.366411
v -0.504787 0.185945 0.351849
v -0.487240 0.185945 0.367990
v -0.463966 0.185945 0.382552
v -0.340868 0.030748 -0.276957
v -0.345487 0.030748 -0.261605
v -0.329405 0.030748 -0.280011
v -0.337316 0.030748 -0.291312
v -0.353398 0.030748 -0.272906
v -0.483462 0.087210 -0.222560
v -0.483462 0.106031 -0.222560
v -0.485414 0.087210 -0.222920
v -0.483462 0.068390 -0.222560
v -0.481511 0.087210 -0.222200
v -0.450547 0.087210 -0.233449
v -0.450547 0.106031 -0.233449
v -0.469801 0.087210 -0.220039
v -0.450547 0.068390 -0.233449
v -0.431294 0.087210 -0.246859
v -0.315413 0.087210 -0.329276
v -0.315413 0.106031 -0.329276
v -0.315775 0.087210 -0.327318
v -0.315413 0.068390 -0.329276
v -0.315052 0.087210 -0.331234
v -0.334450 0.087210 -0.327976
v -0.334450 0.106031 -0.327976
v -0.312884 0.087210 -0.342984
v -0.334450 0.068390 -0.327976
v -0.356016 0.087210 -0.312968
v -0.492104 0.088947 0.370003
v -0.492104 0.108347 0.370003
v -0.514099 0.088947 0.353653
v -0.492104 0.069548 0.370003
v -0.470109 0.088947 0.386354
v -0.338836 0.088947 0.480860
v -0.338836 0.108347 0.480860
v -0.338139 0.088947 0.484457
v -0.338836 0.069548 0.480860
v -0.339532 0.088947 0.477262
v -0.361907 0.088947 0.442324
v -0.361907 0.108347 0.442324
v -0.343713 0.088947 0.455679
v -0.361907 0.069548 0.442324
v -0.380101 0.088947 0.428970
v -0.492370 0.088947 0.349444
v -0.492370 0.108347 0.349444
v -0.489266 0.088947 0.348843
v -0.492370 0.069548 0.349444
v -0.495474 0.088947 0.350046
v 0.055298 0.030748 0.189592
v -0.026033 0.030748 0.205060
v 0.073025 0.030748 0.228690
v 0.142108 0.030748 0.171727
v 0.043050 0.030748 0.148097
v 0.337726 0.086649 -0.022827
v 0.337726 0.105282 -0.022827
v 0.339331 0.086649 -0.022285
v 0.337726 0.068015 -0.022827
v 0.336122 0.086649 -0.023368
v 0.326696 0.086649 -0.002912
v 0.326696 0.105282 -0.002912
v 0.326494 0.086649 -0.026618
v 0.326696 0.068015 -0.002912
v 0.326899 0.086649 0.020794
v 0.329515 0.086649 0.162556
v 0.329515 0.105282 0.162556
v 0.328113 0.086649 0.163029
v 0.329515 0.068015 0.162556
v 0.330918 0.086649 0.162083
v 0.339331 0.086649 0.136552
v 0.339331 0.105282 0.136552
v 0.339331 0.086649 0.159243
v 0.339331 0.068015 0.136552
v 0.339331 0.086649 0.113861
v -0.404124 -0.009605 0.435405
v -0.426119 -0.009605 0.419055
v -0.404124 -0.015370 0.435405
v -0.382129 -0.009605 0.451756
v -0.404124 -0.003840 0.435405
v -0.360134 0.013454 0.468106
v -0.360134 0.007689 0.468106
v -0.338139 0.013454 0.484457
v -0.360134 0.019219 0.468106
v -0.382129 0.013454 0.451756
v -0.448114 0.024984 0.402704
v -0.426119 0.024984 0.419055
v -0.448114 0.030748 0.402704
v -0.470109 0.024984 0.386354
v -0.448114 0.019219 0.402704
v -0.394077 0.030748 0.410053
v -0.412187 0.030748 0.397262
v -0.398295 0.030748 0.415615
v -0.376532 0.030748 0.421918
v -0.390423 0.030748 0.403565
v -0.362162 0.030748 0.379245
v -0.360758 0.030748 0.393242
v -0.348969 0.030748 0.382207
v -0.364258 0.030748 0.365596
v -0.376047 0.030748 0.376632
v -0.406669 -0.015370 0.356779
v -0.426274 -0.015370 0.358014
v -0.412864 -0.015370 0.343947
v -0.387460 -0.015370 0.356265
v -0.400870 -0.015370 0.370331
v -0.358384 -0.015370 0.424753
v -0.360289 -0.015370 0.407065
v -0.343383 -0.015370 0.429582
v -0.357718 -0.015370 0.441175
v -0.374624 -0.015370 0.418658
v -0.334450 0.001925 -0.327976
v -0.334450 0.007689 -0.327976
v -0.312884 0.001925 -0.342984
v -0.334450 -0.003840 -0.327976
v -0.356016 0.001925 -0.312968
v -0.420715 -0.009605 -0.267944
v -0.399149 -0.009605 -0.282952
v -0.420715 -0.015370 -0.267944
v -0.442281 -0.009605 -0.252936
v -0.420715 -0.003840 -0.267944
v -0.463848 0.013454 -0.237928
v -0.463848 0.007689 -0.237928
v -0.485414 0.013454 -0.222920
v -0.463848 0.019219 -0.237928
v -0.442281 0.013454 -0.252936
v -0.350876 -0.015370 -0.252170
v -0.345531 -0.015370 -0.269119
v -0.337408 -0.015370 -0.254348
v -0.356683 -0.015370 -0.235682
v -0.364806 -0.015370 -0.250453
v -0.426456 -0.015370 -0.226491
v -0.410230 -0.015370 -0.224095
v -0.435430 -0.015370 -0.214762
v -0.441205 -0.015370 -0.229636
v -0.416005 -0.015370 -0.238969
v 0.339331 0.001925 0.136552
v 0.339331 0.007689 0.136552
v 0.339331 0.001925 0.159243
v 0.339331 -0.003840 0.136552
v 0.339331 0.001925 0.113861
v 0.339331 -0.009605 0.045788
v 0.339331 -0.009605 0.068479
v 0.339331 -0.015370 0.045788
v 0.339331 -0.009605 0.023097
v 0.339331 -0.003840 0.045788
v 0.339331 0.013454 0.000406
v 0.339331 0.007689 0.000406
v 0.339331 0.013454 -0.022285
v 0.339331 0.019219 0.000406
v 0.339331 0.013454 0.023097
v -0.455904 0.181313 -0.234993
v -0.457237 0.181313 -0.235751
v -0.475656 0.181313 -0.221120
v -0.454123 0.181313 -0.234487
v -0.435704 0.181313 -0.249118
v -0.373872 0.181313 -0.288689
v -0.393622 0.181313 -0.274900
v -0.373534 0.181313 -0.287088
v -0.354328 0.181313 -0.302267
v -0.374415 0.181313 -0.290079
v -0.334476 0.181313 -0.322933
v -0.334778 0.181313 -0.321004
v -0.313968 0.181313 -0.337109
v -0.334365 0.181313 -0.324706
v -0.355175 0.181313 -0.308601
v -0.253455 0.001925 0.443805
v -0.253455 0.007689 0.443805
v -0.338139 0.001925 0.484457
v -0.253455 -0.003840 0.443805
v -0.168771 0.001925 0.403153
v 0.085280 -0.009605 0.281198
v 0.000596 -0.009605 0.321850
v 0.085280 -0.015370 0.281198
v 0.169964 -0.009605 0.240546
v 0.085280 -0.003840 0.281198
v 0.254647 0.013454 0.199895
v 0.254647 0.007689 0.199895
v 0.339331 0.013454 0.159243
v 0.254647 0.019219 0.199895
v 0.169964 0.013454 0.240546
v -0.272328 0.030748 0.385400
v -0.269468 0.030748 0.372128
v -0.346867 0.030748 0.411596
v -0.275116 0.030748 0.399557
v -0.197718 0.030748 0.360089
v -0.257946 0.030748 0.429598
v -0.264224 0.030748 0.427003
v -0.340229 0.030748 0.473665
v -0.255861 0.030748 0.434079
v -0.179856 0.030748 0.387417
v 0.075926 0.030748 0.277917
v -0.008083 0.030748 0.315840
v 0.085280 0.030748 0.281198
v 0.160892 0.030748 0.239385
v 0.067529 0.030748 0.274027
v 0.237918 0.030748 0.194200
v 0.241762 0.030748 0.195304
v 0.332320 0.030748 0.161609
v 0.237213 0.030748 0.192018
v 0.146655 0.030748 0.225713
v -0.244062 0.030748 -0.285344
v -0.242627 0.030748 -0.291171
v -0.314691 0.030748 -0.333192
v -0.252818 0.030748 -0.284018
v -0.180754 0.030748 -0.241997
v -0.261892 0.030748 -0.223625
v -0.257341 0.030748 -0.237989
v -0.338492 0.030748 -0.248473
v -0.264175 0.030748 -0.208762
v -0.183024 0.030748 -0.198279
v 0.066145 0.030748 -0.101598
v -0.016491 0.030748 -0.125227
v 0.072013 0.030748 -0.092073
v 0.151229 0.030748 -0.077325
v 0.062726 0.030748 -0.110478
v 0.243007 0.030748 -0.060647
v 0.242805 0.030748 -0.058147
v 0.334517 0.030748 -0.023910
v 0.245844 0.030748 -0.062039
v 0.154132 0.030748 -0.096275
v -0.231357 0.013454 -0.302896
v -0.231357 0.007689 -0.302896
v -0.312884 0.013454 -0.342984
v -0.231357 0.019219 -0.302896
v -0.149830 0.013454 -0.262809
v 0.094750 0.024984 -0.142547
v 0.013224 0.024984 -0.182634
v 0.094750 0.030748 -0.142547
v 0.176277 0.024984 -0.102460
v 0.094750 0.019219 -0.142547
v 0.257804 0.001925 -0.062372
v 0.257804 0.007689 -0.062373
v 0.339331 0.001925 -0.022285
v 0.257804 -0.003840 -0.062372
v 0.176277 0.001925 -0.102460
v -0.097507 -0.015370 -0.147550
v -0.011705 -0.015370 -0.123552
v -0.092828 -0.015370 -0.134086
v -0.181640 -0.015370 -0.171319
v -0.100517 -0.015370 -0.160785
v -0.252614 -0.015370 -0.260175
v -0.256285 -0.015370 -0.243814
v -0.327598 -0.015370 -0.289802
v -0.246036 -0.015370 -0.275028
v -0.174723 -0.015370 -0.229040
v -0.269007 -0.015370 0.366412
v -0.267352 -0.015370 0.382868
v -0.346879 -0.015370 0.392999
v -0.268179 -0.015370 0.349371
v -0.188652 -0.015370 0.339240
v 0.072750 -0.015370 0.238586
v -0.013300 -0.015370 0.260912
v 0.080036 -0.015370 0.226323
v 0.156294 -0.015370 0.217257
v 0.062958 -0.015370 0.251846
v -0.280953 -0.015370 0.003900
v -0.280078 -0.015370 0.068479
v -0.352123 -0.015370 0.001068
v -0.278211 -0.015370 -0.059489
v -0.206167 -0.015370 0.007922
v 0.061847 -0.015370 -0.050904
v -0.020783 -0.015370 -0.066674
v 0.080036 -0.015370 -0.089365
v 0.150098 -0.015370 -0.032689
v 0.049279 -0.015370 -0.009998
v 0.233291 -0.015370 0.097033
v 0.238512 -0.015370 0.068479
v 0.339331 -0.015370 0.091170
v 0.236530 -0.015370 0.124595
v 0.135711 -0.015370 0.101904
v -0.404155 -0.015370 -0.138497
v -0.421092 -0.015370 -0.140948
v -0.402107 -0.015370 -0.209324
v -0.387002 -0.015370 -0.136525
v -0.405987 -0.015370 -0.068150
v -0.371596 -0.015370 0.137688
v -0.371108 -0.015370 0.069443
v -0.352123 -0.015370 0.135890
v -0.371854 -0.015370 0.205278
v -0.390839 -0.015370 0.138831
v -0.451844 -0.015370 0.279296
v -0.431849 -0.015370 0.277500
v -0.453358 -0.015370 0.347829
v -0.471614 -0.015370 0.280458
v -0.450105 -0.015370 0.210129
v -0.488999 0.001925 -0.150849
v -0.489000 0.007689 -0.150849
v -0.485414 0.001925 -0.222920
v -0.488999 -0.003840 -0.150849
v -0.492585 0.001925 -0.078777
v -0.503342 -0.009605 0.137438
v -0.499756 -0.009605 0.065366
v -0.503342 -0.015370 0.137438
v -0.506928 -0.009605 0.209509
v -0.503342 -0.003840 0.137438
v -0.510513 0.013454 0.281581
v -0.510513 0.007689 0.281581
v -0.514099 0.013454 0.353653
v -0.510513 0.019219 0.281581
v -0.506928 0.013454 0.209509
v -0.476384 0.030748 0.281256
v -0.483283 0.030748 0.281496
v -0.498578 0.030748 0.350647
v -0.471383 0.030748 0.288645
v -0.456088 0.030748 0.219495
v -0.404921 0.030748 0.273709
v -0.422542 0.030748 0.275673
v -0.403552 0.030748 0.342143
v -0.387387 0.030748 0.272478
v -0.406378 0.030748 0.206007
v -0.370249 0.030748 0.002692
v -0.371113 0.030748 0.069419
v -0.352123 0.030748 0.001068
v -0.369360 0.030748 -0.065416
v -0.388350 0.030748 0.002936
v -0.426564 0.030748 -0.146237
v -0.415242 0.030748 -0.139892
v -0.425671 0.030748 -0.212962
v -0.438891 0.030748 -0.151139
v -0.428463 0.030748 -0.078069
v -0.470601 0.030748 -0.140980
v -0.465227 0.030748 -0.148050
v -0.479559 0.030748 -0.221840
v -0.476553 0.030748 -0.142442
v -0.462221 0.030748 -0.068652
v 0.331395 0.179816 -0.001844
v 0.332982 0.179816 -0.001354
v 0.331308 0.179816 -0.024993
v 0.329820 0.179816 -0.002239
v 0.331495 0.179816 0.021401
v 0.328949 0.179816 0.091735
v 0.328776 0.179816 0.068139
v 0.327506 0.179816 0.091912
v 0.329134 0.179816 0.115353
v 0.330404 0.179816 0.091580
v 0.335008 0.179816 0.137512
v 0.333590 0.179816 0.137837
v 0.335124 0.179816 0.160663
v 0.336442 0.179816 0.137168
v 0.334907 0.179816 0.114342
v -0.403045 0.185945 0.433476
v -0.424840 0.185945 0.417266
v -0.404124 0.185945 0.435405
v -0.381321 0.185945 0.449576
v -0.402037 0.185945 0.431437
v -0.360658 0.185945 0.452763
v -0.360945 0.185945 0.455525
v -0.341623 0.185945 0.466471
v -0.361077 0.185945 0.449308
v -0.380400 0.185945 0.438363
v -0.436554 0.185945 0.390856
v -0.417618 0.185945 0.404670
v -0.434684 0.185945 0.388906
v -0.455278 0.185945 0.376999
v -0.438213 0.185945 0.392763
v -0.408352 0.030748 -0.255170
v -0.389616 0.030748 -0.268682
v -0.412041 0.030748 -0.260269
v -0.426045 0.030748 -0.241947
v -0.403621 0.030748 -0.250360
v -0.389073 0.030748 -0.219601
v -0.403247 0.030748 -0.221375
v -0.396252 0.030748 -0.208243
v -0.375010 0.030748 -0.218442
v -0.382005 0.030748 -0.231575
v -0.475656 0.049569 -0.221120
v -0.477607 0.049569 -0.221480
v -0.475656 0.030748 -0.221120
v -0.473704 0.049569 -0.220760
v -0.475656 0.068390 -0.221120
v -0.471752 0.124851 -0.220399
v -0.471752 0.106031 -0.220399
v -0.469801 0.124851 -0.220039
v -0.471752 0.143672 -0.220399
v -0.473704 0.124851 -0.220760
v -0.479559 0.162493 -0.221840
v -0.477607 0.162493 -0.221480
v -0.479559 0.181313 -0.221840
v -0.481511 0.162493 -0.222200
v -0.479559 0.143672 -0.221840
v -0.373535 0.049569 -0.287088
v -0.392788 0.049569 -0.273678
v -0.373534 0.030748 -0.287088
v -0.354281 0.049569 -0.300498
v -0.373534 0.068390 -0.287088
v -0.335028 0.124851 -0.313908
v -0.335028 0.106031 -0.313908
v -0.315775 0.124851 -0.327318
v -0.335028 0.143672 -0.313908
v -0.354281 0.124851 -0.300498
v -0.412041 0.162493 -0.260269
v -0.392788 0.162493 -0.273678
v -0.412041 0.181313 -0.260269
v -0.431294 0.162493 -0.246859
v -0.412041 0.143672 -0.260269
v -0.313968 0.049569 -0.337109
v -0.314329 0.049569 -0.335151
v -0.313968 0.030748 -0.337109
v -0.313607 0.049569 -0.339067
v -0.313968 0.068390 -0.337109
v -0.313245 0.124851 -0.341025
v -0.313245 0.106031 -0.341025
v -0.312884 0.124851 -0.342984
v -0.313245 0.143672 -0.341025
v -0.313607 0.124851 -0.339067
v -0.314691 0.162493 -0.333192
v -0.314329 0.162493 -0.335151
v -0.314691 0.181313 -0.333192
v -0.315052 0.162493 -0.331234
v -0.314691 0.143672 -0.333192
v -0.420715 0.049569 -0.267944
v -0.399149 0.049569 -0.282952
v -0.420715 0.030748 -0.267944
v -0.442281 0.049569 -0.252936
v -0.420715 0.068390 -0.267944
v -0.463848 0.124851 -0.237928
v -0.463848 0.106031 -0.237928
v -0.485414 0.124851 -0.222920
v -0.463848 0.143672 -0.237928
v -0.442281 0.124851 -0.252936
v -0.377583 0.162493 -0.297960
v -0.399149 0.162493 -0.282952
v -0.377583 0.181313 -0.297960
v -0.356016 0.162493 -0.312968
v -0.377583 0.143672 -0.297960
v -0.404124 0.050148 0.435405
v -0.426119 0.050148 0.419055
v -0.404124 0.030748 0.435405
v -0.382129 0.050148 0.451756
v -0.404124 0.069548 0.435405
v -0.360134 0.127746 0.468106
v -0.360134 0.108347 0.468106
v -0.338139 0.127746 0.484457
v -0.360134 0.147146 0.468106
v -0.382129 0.127746 0.451756
v -0.448114 0.166546 0.402704
v -0.426119 0.166546 0.419055
v -0.448114 0.185945 0.402704
v -0.470109 0.166546 0.386354
v -0.448114 0.147146 0.402704
v -0.341623 0.050148 0.466471
v -0.340926 0.050148 0.470068
v -0.341623 0.030748 0.466471
v -0.342319 0.050148 0.462873
v -0.341623 0.069548 0.466471
v -0.343016 0.127746 0.459276
v -0.343016 0.108347 0.459276
v -0.343713 0.127746 0.455679
v -0.343016 0.147146 0.459276
v -0.342319 0.127746 0.462873
v -0.340229 0.166546 0.473665
v -0.340926 0.166546 0.470068
v -0.340229 0.185945 0.473665
v -0.339532 0.166546 0.477262
v -0.340229 0.147146 0.473665
v -0.434684 0.050148 0.388906
v -0.416489 0.050148 0.402261
v -0.434684 0.030748 0.388906
v -0.452878 0.050148 0.375552
v -0.434684 0.069548 0.388907
v -0.471072 0.127746 0.362198
v -0.471072 0.108347 0.362198
v -0.489266 0.127746 0.348843
v -0.471072 0.147146 0.362198
v -0.452878 0.127746 0.375552
v -0.398295 0.166546 0.415615
v -0.416489 0.166546 0.402261
v -0.398295 0.185945 0.415615
v -0.380101 0.166546 0.428970
v -0.398295 0.147146 0.415615
v -0.504787 0.050148 0.351849
v -0.501682 0.050148 0.351248
v -0.504787 0.030748 0.351849
v -0.507891 0.050148 0.352450
v -0.504787 0.069548 0.351849
v -0.510995 0.127746 0.353052
v -0.510995 0.108347 0.353052
v -0.514099 0.127746 0.353653
v -0.510995 0.147146 0.353052
v -0.507891 0.127746 0.352450
v -0.498578 0.166546 0.350647
v -0.501682 0.166546 0.351248
v -0.498578 0.185945 0.350647
v -0.495474 0.166546 0.350046
v -0.498578 0.147146 0.350647
v 0.223268 0.030748 0.038882
v 0.228448 0.030748 0.068282
v 0.327101 0.030748 0.044500
v 0.226230 0.030748 0.010428
v 0.127577 0.030748 0.034210
v -0.112319 0.030748 -0.087726
v -0.026640 0.030748 -0.068291
v -0.097642 0.030748 -0.135710
v -0.194589 0.030748 -0.105236
v -0.123588 0.030748 -0.037817
v -0.281971 0.030748 0.133131
v -0.281122 0.030748 0.068487
v -0.352123 0.030748 0.135890
v -0.279313 0.030748 0.196616
v -0.208312 0.030748 0.129213
v 0.331308 0.049382 -0.024993
v 0.332913 0.049382 -0.024452
v 0.331308 0.030748 -0.024993
v 0.329703 0.049382 -0.025535
v 0.331308 0.068015 -0.024993
v 0.328099 0.123915 -0.026076
v 0.328099 0.105282 -0.026076
v 0.326494 0.123915 -0.026618
v 0.328099 0.142549 -0.026076
v 0.329703 0.123915 -0.025535
v 0.334517 0.161182 -0.023910
v 0.332913 0.161182 -0.024452
v 0.334517 0.179816 -0.023910
v 0.336122 0.161182 -0.023368
v 0.334517 0.142549 -0.023910
v 0.327506 0.049382 0.091912
v 0.327304 0.049382 0.068206
v 0.327506 0.030748 0.091912
v 0.327708 0.049382 0.115617
v 0.327506 0.068015 0.091912
v 0.327911 0.123915 0.139323
v 0.327911 0.105282 0.139323
v 0.328113 0.123915 0.163029
v 0.327911 0.142549 0.139323
v 0.327708 0.123915 0.115617
v 0.327101 0.161182 0.044500
v 0.327304 0.161182 0.068206
v 0.327101 0.179816 0.044500
v 0.326899 0.161182 0.020794
v 0.327101 0.142549 0.044500
v 0.335124 0.049382 0.160663
v 0.333722 0.049382 0.161136
v 0.335124 0.030748 0.160663
v 0.336527 0.049382 0.160190
v 0.335124 0.068015 0.160663
v 0.337929 0.123915 0.159716
v 0.337929 0.105282 0.159716
v 0.339331 0.123915 0.159243
v 0.337929 0.142549 0.159716
v 0.336527 0.123915 0.160190
v 0.332320 0.161182 0.161609
v 0.333722 0.161182 0.161136
v 0.332320 0.179816 0.161609
v 0.330918 0.161182 0.162083
v 0.332320 0.142549 0.161609
v 0.339331 0.049382 0.045788
v 0.339331 0.049382 0.068479
v 0.339331 0.030748 0.045788
v 0.339331 0.049382 0.023097
v 0.339331 0.068015 0.045788
v 0.339331 0.123915 0.000406
v 0.339331 0.105282 0.000406
v 0.339331 0.123915 -0.022285
v 0.339331 0.142549 0.000406
v 0.339331 0.123915 0.023097
v 0.339331 0.161182 0.091170
v 0.339331 0.161182 0.068479
v 0.339331 0.179816 0.091170
v 0.339331 0.161182 0.113861
v 0.339331 0.142549 0.091170
v -0.492104 -0.009605 0.370003
v -0.514099 -0.009605 0.353653
v -0.492104 -0.015370 0.370003
v -0.470109 -0.009605 0.386354
v -0.448114 -0.009605 0.402704
v -0.448114 -0.003840 0.402704
v -0.448114 0.001925 0.402704
v -0.426119 0.001925 0.419055
v -0.448114 0.007689 0.402704
v -0.463244 0.030748 0.357897
v -0.472123 0.030748 0.347503
v -0.471072 0.030748 0.362198
v -0.446474 0.030748 0.370890
v -0.429897 0.030748 0.383930
v -0.423977 0.030748 0.379246
v -0.417756 0.030748 0.374696
v -0.403582 0.030748 0.387265
v -0.404633 0.030748 0.372570
v -0.482708 -0.015370 0.364638
v -0.493852 -0.015370 0.351712
v -0.464196 -0.015370 0.362270
v -0.446019 -0.015370 0.359739
v -0.437112 -0.015370 0.372454
v -0.427941 -0.015370 0.385110
v -0.412600 -0.015370 0.382265
v -0.410852 -0.015370 0.400556
v -0.334450 0.024984 -0.327976
v -0.334450 0.030748 -0.327976
v -0.312884 0.024984 -0.342984
v -0.334450 0.019219 -0.327976
v -0.334450 0.013454 -0.327976
v -0.356016 0.013454 -0.312968
v -0.377583 0.013454 -0.297960
v -0.377583 0.007689 -0.297960
v -0.399149 0.013454 -0.282952
v -0.332723 -0.015370 -0.318879
v -0.334450 -0.015370 -0.327976
v -0.317789 -0.015370 -0.325256
v -0.336751 -0.015370 -0.302497
v -0.340542 -0.015370 -0.286370
v -0.354684 -0.015370 -0.281814
v -0.368840 -0.015370 -0.277026
v -0.371586 -0.015370 -0.263208
v -0.388248 -0.015370 -0.265927
v 0.339331 0.024984 0.136552
v 0.339331 0.030748 0.136552
v 0.339331 0.024984 0.159243
v 0.339331 0.019219 0.136552
v 0.339331 0.013454 0.136552
v 0.339331 0.013454 0.113861
v 0.339331 0.013454 0.091170
v 0.339331 0.007689 0.091170
v 0.339331 0.013454 0.068479
v -0.462596 0.181313 -0.237157
v -0.463848 0.181313 -0.237928
v -0.483462 0.181313 -0.222560
v -0.460828 0.181313 -0.236683
v -0.459139 0.181313 -0.236154
v -0.438506 0.181313 -0.250594
v -0.417872 0.181313 -0.265035
v -0.416495 0.181313 -0.264294
v -0.396881 0.181313 -0.279662
v -0.253455 0.024984 0.443805
v -0.253455 0.030748 0.443805
v -0.338139 0.024984 0.484457
v -0.253455 0.019219 0.443805
v -0.253455 0.013454 0.443805
v -0.168771 0.013454 0.403153
v -0.084088 0.013454 0.362502
v -0.084088 0.007689 0.362502
v 0.000596 0.013454 0.321850
v -0.268546 0.030748 0.330043
v -0.267093 0.030748 0.316237
v -0.351072 0.030748 0.352818
v -0.268918 0.030748 0.344012
v -0.269687 0.030748 0.358064
v -0.189417 0.030748 0.333933
v -0.109141 0.030748 0.309812
v -0.112569 0.030748 0.322582
v -0.028591 0.030748 0.286001
v -0.230382 0.030748 -0.298031
v -0.231357 0.030748 -0.302896
v -0.313245 0.030748 -0.341025
v -0.232843 0.030748 -0.295000
v -0.234437 0.030748 -0.291380
v -0.161502 0.030748 -0.249062
v -0.088668 0.030748 -0.206568
v -0.099222 0.030748 -0.203212
v -0.017333 0.030748 -0.165083
v -0.231357 -0.009605 -0.302896
v -0.231357 -0.015370 -0.302896
v -0.312884 -0.009605 -0.342984
v -0.231357 -0.003840 -0.302896
v -0.231357 0.001925 -0.302896
v -0.149830 0.001925 -0.262809
v -0.068303 0.001925 -0.222722
v -0.068303 0.007689 -0.222722
v 0.013224 0.001925 -0.182634
v 0.241804 -0.015370 -0.058563
v 0.257804 -0.015370 -0.062373
v 0.252899 -0.015370 -0.044645
v 0.157838 -0.015370 -0.080018
v 0.074290 -0.015370 -0.101288
v 0.066098 -0.015370 -0.114205
v 0.057491 -0.015370 -0.127216
v -0.022323 -0.015370 -0.147206
v -0.017418 -0.015370 -0.164933
v -0.260219 -0.015370 0.431108
v -0.253455 -0.015370 0.443805
v -0.339887 -0.015370 0.466165
v -0.263207 -0.015370 0.415306
v -0.266826 -0.015370 0.399870
v -0.187175 -0.015370 0.368592
v -0.107560 -0.015370 0.337190
v -0.111793 -0.015370 0.326022
v -0.025361 -0.015370 0.303662
v -0.275572 -0.015370 0.259983
v -0.265691 -0.015370 0.315764
v -0.352123 -0.015370 0.270712
v -0.278211 -0.015370 0.196447
v -0.280953 -0.015370 0.133058
v -0.206167 -0.015370 0.129036
v -0.131351 -0.015370 0.124437
v -0.135990 -0.015370 0.068479
v -0.049558 -0.015370 0.113530
v -0.472098 -0.015370 -0.147954
v -0.489000 -0.015370 -0.150849
v -0.468753 -0.015370 -0.220201
v -0.455164 -0.015370 -0.145459
v -0.438229 -0.015370 -0.142965
v -0.440826 -0.015370 -0.071645
v -0.443420 -0.015370 -0.000324
v -0.425739 -0.015370 0.001242
v -0.445986 -0.015370 0.070594
v -0.489000 0.024984 -0.150849
v -0.489000 0.030748 -0.150849
v -0.485414 0.024984 -0.222920
v -0.488999 0.019219 -0.150849
v -0.488999 0.013454 -0.150849
v -0.492585 0.013454 -0.078777
v -0.496171 0.013454 -0.006705
v -0.496171 0.007689 -0.006705
v -0.499756 0.013454 0.065366
v -0.502495 0.030748 0.273905
v -0.510513 0.030748 0.281581
v -0.510995 0.030748 0.353052
v -0.495914 0.030748 0.275179
v -0.489038 0.030748 0.274391
v -0.474410 0.030748 0.204826
v -0.459119 0.030748 0.135350
v -0.446484 0.030748 0.141992
v -0.446003 0.030748 0.070522
v 0.337733 0.179816 -0.000099
v 0.339331 0.179816 0.000406
v 0.337726 0.179816 -0.022827
v 0.336144 0.179816 -0.000548
v 0.334554 0.179816 -0.001007
v 0.334609 0.179816 0.022008
v 0.334664 0.179816 0.045023
v 0.333122 0.179816 0.044842
v 0.334727 0.179816 0.068074
v -0.490066 0.185945 0.368777
v -0.510995 0.185945 0.353052
v -0.492104 0.185945 0.370003
v -0.468349 0.185945 0.384942
v -0.446632 0.185945 0.401105
v -0.445076 0.185945 0.399503
v -0.443397 0.185945 0.397993
v -0.422282 0.185945 0.413687
v -0.441173 0.185945 0.396736
v -0.333553 0.030748 -0.305894
v -0.320318 0.030748 -0.311549
v -0.335028 0.030748 -0.313908
v -0.352026 0.030748 -0.293671
v -0.370493 0.030748 -0.281630
v -0.368107 0.030748 -0.275265
v -0.365940 0.030748 -0.268651
v -0.383273 0.030748 -0.258690
v -0.368564 0.030748 -0.256331
v -0.483462 0.049569 -0.222560
v -0.485414 0.049569 -0.222920
v -0.483462 0.030748 -0.222560
v -0.481511 0.049569 -0.222200
v -0.479559 0.049569 -0.221840
v -0.479559 0.068390 -0.221840
v -0.479559 0.087210 -0.221840
v -0.477607 0.087210 -0.221480
v -0.479559 0.106031 -0.221840
v -0.450547 0.049569 -0.233449
v -0.469801 0.049569 -0.220039
v -0.450547 0.030748 -0.233449
v -0.431294 0.049569 -0.246859
v -0.412041 0.049569 -0.260269
v -0.412041 0.068390 -0.260269
v -0.412041 0.087210 -0.260269
v -0.392788 0.087210 -0.273678
v -0.412041 0.106031 -0.260269
v -0.315413 0.049569 -0.329276
v -0.315775 0.049569 -0.327318
v -0.315413 0.030748 -0.329276
v -0.315052 0.049569 -0.331234
v -0.314691 0.049569 -0.333192
v -0.314691 0.068390 -0.333192
v -0.314691 0.087210 -0.333192
v -0.314329 0.087210 -0.335151
v -0.314691 0.106031 -0.333192
v -0.334450 0.049569 -0.327976
v -0.312884 0.049569 -0.342984
v -0.356016 0.049569 -0.312968
v -0.377583 0.049569 -0.297960
v -0.377583 0.068390 -0.297960
v -0.377583 0.087210 -0.297960
v -0.399149 0.087210 -0.282952
v -0.377583 0.106031 -0.297960
v -0.492104 0.050148 0.370003
v -0.514099 0.050148 0.353653
v -0.492104 0.030748 0.370003
v -0.470109 0.050148 0.386354
v -0.448114 0.050148 0.402704
v -0.448114 0.069548 0.402704
v -0.448114 0.088947 0.402704
v -0.426119 0.088947 0.419055
v -0.448114 0.108347 0.402704
v -0.338836 0.050148 0.480860
v -0.338139 0.050148 0.484457
v -0.338836 0.030748 0.480860
v -0.339532 0.050148 0.477262
v -0.340229 0.050148 0.473665
v -0.340229 0.069548 0.473665
v -0.340229 0.088947 0.473665
v -0.340926 0.088947 0.470068
v -0.340229 0.108347 0.473665
v -0.361907 0.050148 0.442324
v -0.343713 0.050148 0.455679
v -0.361907 0.030748 0.442324
v -0.380101 0.050148 0.428970
v -0.398295 0.050148 0.415615
v -0.398295 0.069548 0.415615
v -0.398295 0.088947 0.415615
v -0.416489 0.088947 0.402261
v -0.398295 0.108347 0.415615
v -0.492370 0.050148 0.349444
v -0.489266 0.050148 0.348843
v -0.492370 0.030748 0.349444
v -0.495474 0.050148 0.350046
v -0.498578 0.050148 0.350647
v -0.498578 0.069548 0.350647
v -0.498578 0.088947 0.350647
v -0.501682 0.088947 0.351248
v -0.498578 0.108347 0.350647
v 0.229097 0.030748 0.154900
v 0.243084 0.030748 0.184916
v 0.327911 0.030748 0.139323
v 0.226936 0.030748 0.126134
v 0.223630 0.030748 0.097699
v 0.127878 0.030748 0.102504
v 0.031924 0.030748 0.106306
v 0.030737 0.030748 0.068434
v -0.054090 0.030748 0.114027
v 0.337726 0.049382 -0.022827
v 0.339331 0.049382 -0.022285
v 0.337726 0.030748 -0.022827
v 0.336122 0.049382 -0.023368
v 0.334517 0.049382 -0.023910
v 0.334517 0.068015 -0.023910
v 0.334517 0.086649 -0.023910
v 0.332913 0.086649 -0.024452
v 0.334517 0.105282 -0.023910
v 0.326696 0.049382 -0.002912
v 0.326494 0.049382 -0.026618
v 0.326696 0.030748 -0.002912
v 0.326899 0.049382 0.020794
v 0.327101 0.049382 0.044500
v 0.327101 0.068015 0.044500
v 0.327101 0.086649 0.044500
v 0.327304 0.086649 0.068206
v 0.327101 0.105282 0.044500
v 0.329515 0.049382 0.162556
v 0.328113 0.049382 0.163029
v 0.329515 0.030748 0.162556
v 0.330918 0.049382 0.162083
v 0.332320 0.049382 0.161609
v 0.332320 0.068015 0.161609
v 0.332320 0.086649 0.161609
v 0.333722 0.086649 0.161136
v 0.332320 0.105282 0.161609
v 0.339331 0.049382 0.136552
v 0.339331 0.049382 0.159243
v 0.339331 0.049382 0.113861
v 0.339331 0.049382 0.091170
v 0.339331 0.068015 0.091170
v 0.339331 0.086649 0.091170
v 0.339331 0.086649 0.068479
v 0.339331 0.105282 0.091170
v -0.360134 -0.009605 0.468106
v -0.360134 -0.015370 0.468106
v -0.338139 -0.009605 0.484457
v -0.360134 -0.003840 0.468106
v -0.360134 0.001925 0.468106
v -0.382129 0.001925 0.451756
v -0.404124 0.001925 0.435405
v -0.404124 0.007689 0.435405
v -0.360134 0.024984 0.468106
v -0.360134 0.030748 0.468106
v -0.382129 0.024984 0.451756
v -0.404124 0.024984 0.435405
v -0.404124 0.019219 0.435405
v -0.404124 0.013454 0.435405
v -0.426119 0.013454 0.419055
v -0.492104 0.024984 0.370003
v -0.514099 0.024984 0.353653
v -0.492104 0.019219 0.370003
v -0.492104 0.013454 0.370003
v -0.470109 0.013454 0.386354
v -0.448114 0.013454 0.402704
v -0.359003 0.030748 0.433960
v -0.344764 0.030748 0.440984
v -0.359389 0.030748 0.420578
v -0.359560 0.030748 0.407425
v -0.373281 0.030748 0.402225
v -0.386992 0.030748 0.396823
v -0.386439 0.030748 0.385925
v -0.366177 0.030748 0.351910
v -0.369266 0.030748 0.339464
v -0.382452 0.030748 0.352242
v -0.398715 0.030748 0.352430
v -0.394241 0.030748 0.363278
v -0.389951 0.030748 0.374172
v -0.368241 -0.015370 0.355569
v -0.372370 -0.015370 0.340065
v -0.350375 -0.015370 0.356415
v -0.365465 -0.015370 0.372615
v -0.362485 -0.015370 0.389613
v -0.378875 -0.015370 0.386682
v -0.395286 -0.015370 0.383943
v -0.390605 -0.015370 0.398615
v -0.356794 -0.015370 0.457878
v -0.377965 -0.015370 0.443116
v -0.399152 -0.015370 0.428575
v -0.394871 -0.015370 0.420600
v -0.390858 -0.015370 0.412314
v -0.334450 -0.009605 -0.327976
v -0.356016 -0.009605 -0.312968
v -0.377583 -0.009605 -0.297960
v -0.377583 -0.003840 -0.297960
v -0.377583 0.001925 -0.297960
v -0.399149 0.001925 -0.282952
v -0.463848 -0.009605 -0.237928
v -0.463848 -0.015370 -0.237928
v -0.485414 -0.009605 -0.222920
v -0.463848 -0.003840 -0.237928
v -0.463848 0.001925 -0.237928
v -0.442281 0.001925 -0.252936
v -0.420715 0.001925 -0.267944
v -0.420715 0.007689 -0.267944
v -0.463848 0.024984 -0.237928
v -0.463848 0.030748 -0.237928
v -0.442281 0.024984 -0.252936
v -0.420715 0.024984 -0.267944
v -0.420715 0.019219 -0.267944
v -0.420715 0.013454 -0.267944
v -0.362349 -0.015370 -0.219146
v -0.347218 -0.015370 -0.218893
v -0.368784 -0.015370 -0.203885
v -0.378249 -0.015370 -0.220674
v -0.394170 -0.015370 -0.222035
v -0.386372 -0.015370 -0.235445
v -0.378720 -0.015370 -0.248912
v -0.393153 -0.015370 -0.248200
v -0.456281 -0.015370 -0.232645
v -0.436300 -0.015370 -0.247363
v -0.416498 -0.015370 -0.262160
v -0.411100 -0.015370 -0.256696
v -0.405348 -0.015370 -0.251368
v 0.339331 -0.009605 0.136552
v 0.339331 -0.009605 0.159243
v 0.339331 -0.015370 0.136552
v 0.339331 -0.009605 0.113861
v 0.339331 -0.009605 0.091170
v 0.339331 -0.003840 0.091170
v 0.339331 0.001925 0.091170
v 0.339331 0.001925 0.068479
v 0.339331 -0.009605 0.000406
v 0.339331 -0.015370 0.000406
v 0.339331 -0.009605 -0.022285
v 0.339331 -0.003840 0.000406
v 0.339331 0.001925 0.000406
v 0.339331 0.001925 0.023097
v 0.339331 0.001925 0.045788
v 0.339331 0.007689 0.045788
v 0.339331 0.024984 0.000406
v 0.339331 0.024984 -0.022285
v 0.339331 0.030748 0.000406
v 0.339331 0.024984 0.023097
v 0.339331 0.024984 0.045788
v 0.339331 0.019219 0.045788
v 0.339331 0.013454 0.045788
v -0.452436 0.181313 -0.233913
v -0.471752 0.181313 -0.220399
v -0.450547 0.181313 -0.233449
v -0.432918 0.181313 -0.247536
v -0.413401 0.181313 -0.261161
v -0.414499 0.181313 -0.262168
v -0.415503 0.181313 -0.263242
v -0.395290 0.181313 -0.277343
v -0.334785 0.181313 -0.315846
v -0.335028 0.181313 -0.313908
v -0.315413 0.181313 -0.329276
v -0.334713 0.181313 -0.317635
v -0.334548 0.181313 -0.319488
v -0.354801 0.181313 -0.305447
v -0.375053 0.181313 -0.291405
v -0.375676 0.181313 -0.292711
v -0.334175 0.181313 -0.326534
v -0.313245 0.181313 -0.341025
v -0.334450 0.181313 -0.327976
v -0.355570 0.181313 -0.311656
v -0.376965 0.181313 -0.296779
v -0.376380 0.181313 -0.295552
v -0.375875 0.181313 -0.294269
v -0.253455 -0.009605 0.443805
v -0.168771 -0.009605 0.403153
v -0.084088 -0.009605 0.362502
v -0.084088 -0.003840 0.362502
v -0.084088 0.001925 0.362502
v 0.000596 0.001925 0.321850
v 0.254647 -0.009605 0.199895
v 0.254647 -0.015370 0.199895
v 0.254647 -0.003840 0.199895
v 0.254647 0.001925 0.199895
v 0.169964 0.001925 0.240546
v 0.085280 0.001925 0.281198
v 0.085280 0.007689 0.281198
v 0.254647 0.024984 0.199895
v 0.254647 0.030748 0.199895
v 0.169964 0.024984 0.240546
v 0.085280 0.024984 0.281198
v 0.085280 0.019219 0.281198
v 0.085280 0.013454 0.281198
v -0.281530 0.030748 0.412802
v -0.343016 0.030748 0.459276
v -0.273368 0.030748 0.417849
v -0.266106 0.030748 0.421023
v -0.195970 0.030748 0.378381
v -0.122401 0.030748 0.336513
v -0.110821 0.030748 0.340874
v -0.253513 0.030748 0.438366
v -0.170481 0.030748 0.397025
v -0.087402 0.030748 0.355767
v -0.094476 0.030748 0.350363
v -0.101813 0.030748 0.345151
v -0.025440 0.030748 0.303819
v 0.245936 0.030748 0.201031
v 0.337929 0.030748 0.159716
v 0.244173 0.030748 0.199207
v 0.241622 0.030748 0.197815
v 0.150811 0.030748 0.233848
v 0.059920 0.030748 0.269705
v 0.057841 0.030748 0.263641
v 0.235923 0.030748 0.189836
v 0.150782 0.030748 0.214378
v 0.065566 0.030748 0.238663
v 0.060223 0.030748 0.248073
v 0.055463 0.030748 0.257477
v -0.262191 0.030748 -0.279555
v -0.257723 0.030748 -0.266291
v -0.258673 0.030748 -0.251998
v -0.185659 0.030748 -0.224270
v -0.112231 0.030748 -0.199412
v -0.104126 0.030748 -0.185485
v -0.266876 0.030748 -0.193982
v -0.347579 0.030748 -0.216935
v -0.267296 0.030748 -0.179347
v -0.183892 0.030748 -0.171175
v -0.100929 0.030748 -0.148311
v -0.102741 0.030748 -0.160691
v -0.104133 0.030748 -0.172990
v -0.023843 0.030748 -0.147898
v 0.236245 0.030748 -0.052816
v 0.241667 0.030748 -0.048436
v 0.328099 0.030748 -0.026076
v 0.237661 0.030748 -0.054965
v 0.238656 0.030748 -0.057097
v 0.149158 0.030748 -0.088118
v 0.059725 0.030748 -0.119370
v 0.062589 0.030748 -0.125537
v 0.247890 0.030748 -0.063902
v 0.257804 0.030748 -0.062373
v 0.165922 0.030748 -0.101584
v 0.084047 0.030748 -0.139474
v 0.074209 0.030748 -0.135821
v 0.065161 0.030748 -0.131697
v -0.231357 0.024984 -0.302896
v -0.149830 0.024984 -0.262809
v -0.068303 0.024984 -0.222722
v -0.068303 0.019219 -0.222722
v -0.068303 0.013454 -0.222722
v 0.013224 0.013454 -0.182634
v 0.257804 0.024984 -0.062372
v 0.257804 0.019219 -0.062372
v 0.257804 0.013454 -0.062372
v 0.176277 0.013454 -0.102460
v 0.094750 0.013454 -0.142547
v 0.094751 0.007689 -0.142547
v 0.257804 -0.009605 -0.062372
v 0.176277 -0.009605 -0.102460
v 0.094750 -0.009605 -0.142547
v 0.094750 -0.003840 -0.142547
v 0.094751 0.001925 -0.142547
v -0.265807 -0.015370 -0.194999
v -0.265691 -0.015370 -0.178806
v -0.263167 -0.015370 -0.211406
v -0.261165 -0.015370 -0.227949
v -0.182044 -0.015370 -0.200873
v -0.102885 -0.015370 -0.173887
v -0.103850 -0.015370 -0.187293
v -0.240076 -0.015370 -0.290231
v -0.159604 -0.015370 -0.252668
v -0.079097 -0.015370 -0.215210
v -0.088291 -0.015370 -0.206680
v -0.096865 -0.015370 -0.197793
v -0.267903 -0.015370 0.332453
v -0.183495 -0.015370 0.308719
v -0.099111 -0.015370 0.284914
v -0.103968 -0.015370 0.298588
v -0.108269 -0.015370 0.312140
v -0.027109 -0.015370 0.285370
v 0.240314 -0.015370 0.195754
v 0.252899 -0.015370 0.181603
v 0.158042 -0.015370 0.235548
v 0.076104 -0.015370 0.275303
v 0.064706 -0.015370 0.270137
v 0.052809 -0.015370 0.265151
v -0.275572 -0.015370 -0.123025
v -0.352123 -0.015370 -0.133755
v -0.191779 -0.015370 -0.104540
v -0.108011 -0.015370 -0.086606
v -0.119735 -0.015370 -0.037129
v -0.131351 -0.015370 0.012521
v -0.049558 -0.015370 0.023428
v 0.238535 -0.015370 -0.015558
v 0.236530 -0.015370 0.012362
v 0.233291 -0.015370 0.039924
v 0.135711 -0.015370 0.035053
v 0.037921 -0.015370 0.031230
v 0.036874 -0.015370 0.068479
v 0.238535 -0.015370 0.152516
v 0.150098 -0.015370 0.169647
v 0.061847 -0.015370 0.187861
v 0.049279 -0.015370 0.146956
v 0.037921 -0.015370 0.105728
v -0.369840 -0.015370 -0.134630
v -0.370340 -0.015370 -0.066395
v -0.370836 -0.015370 0.001838
v -0.389325 -0.015370 0.001981
v -0.407825 -0.015370 0.002199
v -0.409078 -0.015370 0.071373
v -0.372109 -0.015370 0.272867
v -0.392101 -0.015370 0.274630
v -0.412095 -0.015370 0.276390
v -0.411086 -0.015370 0.208184
v -0.410082 -0.015370 0.139978
v -0.429325 -0.015370 0.140725
v -0.491393 -0.015370 0.281682
v -0.510513 -0.015370 0.281581
v -0.488275 -0.015370 0.210328
v -0.485163 -0.015370 0.138975
v -0.466766 -0.015370 0.139999
v -0.448360 -0.015370 0.140961
v -0.488999 -0.009605 -0.150849
v -0.492585 -0.009605 -0.078777
v -0.496171 -0.009605 -0.006705
v -0.496171 -0.003840 -0.006705
v -0.496171 0.001925 -0.006705
v -0.499756 0.001925 0.065366
v -0.510513 -0.009605 0.281581
v -0.510513 -0.003840 0.281581
v -0.510513 0.001925 0.281581
v -0.506928 0.001925 0.209509
v -0.503342 0.001925 0.137438
v -0.503342 0.007689 0.137438
v -0.510513 0.024984 0.281581
v -0.506928 0.024984 0.209509
v -0.503342 0.024984 0.137438
v -0.503342 0.019219 0.137438
v -0.503342 0.013454 0.137438
v -0.463656 0.030748 0.296107
v -0.451136 0.030748 0.286704
v -0.436114 0.030748 0.281778
v -0.435841 0.030748 0.217553
v -0.437963 0.030748 0.153453
v -0.426237 0.030748 0.140051
v -0.369853 0.030748 0.271231
v -0.352123 0.030748 0.270712
v -0.370244 0.030748 0.203727
v -0.370626 0.030748 0.136224
v -0.389235 0.030748 0.137256
v -0.407844 0.030748 0.138306
v -0.409094 0.030748 0.071300
v -0.368426 0.030748 -0.133526
v -0.352123 0.030748 -0.133755
v -0.366833 0.030748 -0.203525
v -0.384069 0.030748 -0.135186
v -0.399699 0.030748 -0.136833
v -0.403060 0.030748 -0.066835
v -0.406464 0.030748 0.003166
v -0.423804 0.030748 0.001530
v -0.448609 0.030748 -0.159897
v -0.455091 0.030748 -0.217680
v -0.471752 0.030748 -0.220399
v -0.455553 0.030748 -0.153858
v -0.459775 0.030748 -0.147297
v -0.445124 0.030748 -0.080788
v -0.432804 0.030748 -0.010506
v -0.440465 0.030748 -0.001190
v -0.482442 0.030748 -0.141350
v -0.482090 0.030748 -0.070730
v -0.482490 0.030748 -0.000060
v -0.467758 0.030748 0.003060
v -0.453089 0.030748 0.003656
v 0.328245 0.179816 -0.002657
v 0.328099 0.179816 -0.026076
v 0.326696 0.179816 -0.002912
v 0.328418 0.179816 0.020926
v 0.328591 0.179816 0.044508
v 0.330092 0.179816 0.044565
v 0.331595 0.179816 0.044645
v 0.331720 0.179816 0.068006
v 0.329319 0.179816 0.138970
v 0.327911 0.179816 0.139323
v 0.329515 0.179816 0.162556
v 0.330739 0.179816 0.138585
v 0.332158 0.179816 0.138215
v 0.332008 0.179816 0.114813
v 0.331858 0.179816 0.091411
v 0.333325 0.179816 0.091239
v 0.337877 0.179816 0.136856
v 0.337929 0.179816 0.159716
v 0.339331 0.179816 0.136552
v 0.337844 0.179816 0.114004
v 0.337812 0.179816 0.091152
v 0.336310 0.179816 0.091178
v 0.334807 0.179816 0.091172
v -0.359596 0.185945 0.465676
v -0.360134 0.185945 0.468106
v -0.338836 0.185945 0.480860
v -0.360023 0.185945 0.462330
v -0.360319 0.185945 0.459080
v -0.380739 0.185945 0.444190
v -0.401159 0.185945 0.429301
v -0.400984 0.185945 0.426441
v -0.361391 0.185945 0.445925
v -0.343016 0.185945 0.459276
v -0.361907 0.185945 0.442324
v -0.379968 0.185945 0.432356
v -0.398548 0.185945 0.418792
v -0.399291 0.185945 0.421411
v -0.400139 0.185945 0.423958
v -0.419875 0.185945 0.409489
v -0.474008 0.185945 0.363148
v -0.471072 0.185945 0.362198
v -0.492370 0.185945 0.349444
v -0.476577 0.185945 0.364246
v -0.479387 0.185945 0.365157
v -0.459511 0.185945 0.380009
v -0.439630 0.185945 0.394856
v -0.443895 0.030748 -0.228793
v -0.430589 0.030748 -0.226178
v -0.417574 0.030748 -0.223441
v -0.408164 0.030748 -0.234591
v -0.398574 0.030748 -0.245671
v -0.387817 0.030748 -0.242921
v -0.360968 0.030748 -0.217137
v -0.355757 0.030748 -0.231852
v -0.350425 0.030748 -0.246527
v -0.362752 0.030748 -0.244984
v -0.375063 0.030748 -0.243596
v -0.471752 0.049569 -0.220399
v -0.471752 0.068390 -0.220399
v -0.471752 0.087210 -0.220399
v -0.473704 0.087210 -0.220760
v -0.475656 0.087210 -0.221120
v -0.475656 0.106031 -0.221120
v -0.471752 0.162493 -0.220399
v -0.469801 0.162493 -0.220039
v -0.473704 0.162493 -0.220760
v -0.475656 0.162493 -0.221120
v -0.475656 0.143672 -0.221120
v -0.475656 0.124851 -0.221120
v -0.477607 0.124851 -0.221480
v -0.483462 0.162493 -0.222560
v -0.485414 0.162493 -0.222920
v -0.483462 0.143672 -0.222560
v -0.483462 0.124851 -0.222560
v -0.481511 0.124851 -0.222200
v -0.479559 0.124851 -0.221840
v -0.335028 0.049569 -0.313908
v -0.335028 0.068390 -0.313908
v -0.335028 0.087210 -0.313908
v -0.354281 0.087210 -0.300498
v -0.373534 0.087210 -0.287088
v -0.373534 0.106031 -0.287088
v -0.335028 0.162493 -0.313908
v -0.315775 0.162493 -0.327318
v -0.354281 0.162493 -0.300498
v -0.373534 0.162493 -0.287088
v -0.373534 0.143672 -0.287088
v -0.373534 0.124851 -0.287088
v -0.392788 0.124851 -0.273678
v -0.450547 0.162493 -0.233449
v -0.450547 0.143672 -0.233449
v -0.450547 0.124851 -0.233449
v -0.431294 0.124851 -0.246859
v -0.412041 0.124851 -0.260269
v -0.313245 0.049569 -0.341025
v -0.313245 0.068390 -0.341025
v -0.313245 0.087210 -0.341025
v -0.313607 0.087210 -0.339067
v -0.313968 0.087210 -0.337109
v -0.313968 0.106031 -0.337109
v -0.313245 0.162493 -0.341025
v -0.312884 0.162493 -0.342984
v -0.313607 0.162493 -0.339067
v -0.313968 0.162493 -0.337109
v -0.313968 0.143672 -0.337109
v -0.313968 0.124851 -0.337109
v -0.314329 0.124851 -0.335151
v -0.315413 0.162493 -0.329276
v -0.315413 0.143672 -0.329276
v -0.315413 0.124851 -0.329276
v -0.315052 0.124851 -0.331234
v -0.314691 0.124851 -0.333192
v -0.463848 0.049569 -0.237928
v -0.463848 0.068390 -0.237928
v -0.463848 0.087210 -0.237928
v -0.442281 0.087210 -0.252936
v -0.420715 0.087210 -0.267944
v -0.420715 0.106031 -0.267944
v -0.463848 0.162493 -0.237928
v -0.442281 0.162493 -0.252936
v -0.420715 0.162493 -0.267944
v -0.420715 0.143672 -0.267944
v -0.420715 0.124851 -0.267944
v -0.399149 0.124851 -0.282952
v -0.334450 0.162493 -0.327976
v -0.334450 0.143672 -0.327976
v -0.334450 0.124851 -0.327976
v -0.356016 0.124851 -0.312968
v -0.377583 0.124851 -0.297960
v -0.360134 0.050148 0.468106
v -0.360134 0.069548 0.468106
v -0.360134 0.088947 0.468106
v -0.382129 0.088947 0.451756
v -0.404124 0.088947 0.435405
v -0.404124 0.108347 0.435405
v -0.360134 0.166546 0.468106
v -0.338139 0.166546 0.484457
v -0.382129 0.166546 0.451756
v -0.404124 0.166546 0.435405
v -0.404124 0.147146 0.435405
v -0.404124 0.127746 0.435405
v -0.426119 0.127746 0.419055
v -0.492104 0.166546 0.370003
v -0.514099 0.166546 0.353653
v -0.492104 0.147146 0.370003
v -0.492104 0.127746 0.370003
v -0.470109 0.127746 0.386354
v -0.448114 0.127746 0.402704
v -0.343016 0.050148 0.459276
v -0.343016 0.069548 0.459276
v -0.343016 0.088947 0.459276
v -0.342319 0.088947 0.462873
v -0.341623 0.088947 0.466471
v -0.341623 0.108347 0.466471
v -0.343016 0.166546 0.459276
v -0.343713 0.166546 0.455679
v -0.342319 0.166546 0.462873
v -0.341623 0.166546 0.466471
v -0.341623 0.147146 0.466471
v -0.341623 0.127746 0.466471
v -0.340926 0.127746 0.470068
v -0.338836 0.166546 0.480860
v -0.338836 0.147146 0.480860
v -0.338836 0.127746 0.480860
v -0.339532 0.127746 0.477262
v -0.340229 0.127746 0.473665
v -0.471072 0.050148 0.362198
v -0.471072 0.069548 0.362198
v -0.471072 0.088947 0.362198
v -0.452878 0.088947 0.375552
v -0.434684 0.088947 0.388907
v -0.434684 0.108347 0.388907
v -0.471072 0.166546 0.362198
v -0.489266 0.166546 0.348843
v -0.452878 0.166546 0.375552
v -0.434684 0.166546 0.388907
v -0.434684 0.147146 0.388906
v -0.434684 0.127746 0.388906
v -0.416489 0.127746 0.402261
v -0.361907 0.166546 0.442324
v -0.361907 0.147146 0.442324
v -0.361907 0.127746 0.442324
v -0.380101 0.127746 0.428970
v -0.398295 0.127746 0.415615
v -0.510995 0.050148 0.353052
v -0.510995 0.069548 0.353052
v -0.510995 0.088947 0.353052
v -0.507891 0.088947 0.352450
v -0.504787 0.088947 0.351849
v -0.504787 0.108347 0.351849
v -0.510995 0.166546 0.353052
v -0.507891 0.166546 0.352450
v -0.504787 0.166546 0.351849
v -0.504787 0.147146 0.351849
v -0.504787 0.127746 0.351849
v -0.501682 0.127746 0.351248
v -0.492370 0.166546 0.349444
v -0.492370 0.147146 0.349444
v -0.492370 0.127746 0.349444
v -0.495474 0.127746 0.350046
v -0.498578 0.127746 0.350647
v 0.228070 0.030748 -0.018355
v 0.141200 0.030748 -0.035097
v 0.054509 0.030748 -0.052881
v 0.042547 0.030748 -0.011315
v 0.031684 0.030748 0.030544
v -0.054293 0.030748 0.022910
v -0.276882 0.030748 -0.123287
v -0.279416 0.030748 -0.059643
v -0.282023 0.030748 0.003865
v -0.208415 0.030748 0.007776
v -0.134780 0.030748 0.012251
v -0.139120 0.030748 0.068503
v -0.276745 0.030748 0.260240
v -0.194283 0.030748 0.242140
v -0.111846 0.030748 0.224578
v -0.123282 0.030748 0.174737
v -0.134625 0.030748 0.124733
v 0.328099 0.049382 -0.026076
v 0.328099 0.068015 -0.026076
v 0.328099 0.086649 -0.026076
v 0.329703 0.086649 -0.025535
v 0.331308 0.086649 -0.024993
v 0.331308 0.105282 -0.024993
v 0.328099 0.161182 -0.026076
v 0.326494 0.161182 -0.026618
v 0.329703 0.161182 -0.025535
v 0.331308 0.161182 -0.024993
v 0.331308 0.142549 -0.024993
v 0.331308 0.123915 -0.024993
v 0.332913 0.123915 -0.024452
v 0.337726 0.161182 -0.022827
v 0.339331 0.161182 -0.022285
v 0.337726 0.142549 -0.022827
v 0.337726 0.123915 -0.022827
v 0.336122 0.123915 -0.023368
v 0.334517 0.123915 -0.023910
v 0.327911 0.049382 0.139323
v 0.327911 0.068015 0.139323
v 0.327911 0.086649 0.139323
v 0.327708 0.086649 0.115617
v 0.327506 0.086649 0.091912
v 0.327506 0.105282 0.091912
v 0.327911 0.161182 0.139323
v 0.328113 0.161182 0.163029
v 0.327708 0.161182 0.115617
v 0.327506 0.161182 0.091912
v 0.327506 0.142549 0.091912
v 0.327506 0.123915 0.091912
v 0.327304 0.123915 0.068206
v 0.326696 0.161182 -0.002912
v 0.326696 0.142549 -0.002912
v 0.326696 0.123915 -0.002912
v 0.326899 0.123915 0.020794
v 0.327101 0.123915 0.044500
v 0.337929 0.049382 0.159716
v 0.337929 0.068015 0.159716
v 0.337929 0.086649 0.159716
v 0.336527 0.086649 0.160190
v 0.335124 0.086649 0.160663
v 0.335124 0.105282 0.160663
v 0.337929 0.161182 0.159716
v 0.339331 0.161182 0.159243
v 0.336527 0.161182 0.160190
v 0.335124 0.161182 0.160663
v 0.335124 0.142549 0.160663
v 0.335124 0.123915 0.160663
v 0.333722 0.123915 0.161136
v 0.329516 0.161182 0.162556
v 0.329515 0.142549 0.162556
v 0.329515 0.123915 0.162556
v 0.330918 0.123915 0.162083
v 0.332320 0.123915 0.161609
v 0.339331 0.049382 0.000406
v 0.339331 0.068015 0.000406
v 0.339331 0.086649 0.000406
v 0.339331 0.086649 0.023097
v 0.339331 0.086649 0.045788
v 0.339331 0.105282 0.045788
v 0.339331 0.161182 0.000406
v 0.339331 0.161182 0.023097
v 0.339331 0.161182 0.045788
v 0.339331 0.142549 0.045788
v 0.339331 0.123915 0.045788
v 0.339331 0.123915 0.068479
v 0.339331 0.161182 0.136552
v 0.339331 0.142549 0.136552
v 0.339331 0.123915 0.136552
v 0.339331 0.123915 0.113861
v 0.339331 0.123915 0.091170
vt 0.337288 0.003792
vt 0.588314 0.039338
vt 0.354371 0.270642
vt 0.577555 0.297974
vt 0.415841 0.467193
vt 0.583114 0.426464
vt 0.415771 0.787352
vt 0.585518 0.821427
vt 0.375228 0.958437
vt 0.586369 0.958421
vt 0.786316 0.009710
vt 0.780105 0.262007
vt 0.159447 -0.002659
vt 0.163250 0.250893
vt 0.420090 0.000000
vt 0.420090 1.000000
vt 0.420090 0.250000
vt 0.420090 0.291897
vt 0.420090 0.958103
vt 0.417371 0.824326
vt 0.200234 0.000830
vt 0.375090 0.824399
vt 0.203909 0.254466
vt 0.370485 0.421920
vt 0.417410 0.430149
vt 0.365612 0.274278
vt 0.420090 0.257587
vt 0.375523 0.422804
vt 0.416009 0.463242
vt 0.370485 0.421920
vt 0.375523 0.422804
vt 0.416009 0.463242
vt 0.415841 0.467193
vt 0.354371 0.270642
vt 0.420090 0.250000
vt 0.420090 0.257587
vt 0.365612 0.274278
vt 0.579101 0.426554
vt 0.574222 0.297846
vt 0.583114 0.426464
vt 0.579101 0.426554
vt 0.574222 0.297846
vt 0.577555 0.297974
vt 0.382960 0.131108
vt 0.378689 0.001896
vt 0.397659 0.979218
vt 0.420090 0.125000
vt 0.387231 0.260321
vt 0.345829 0.137217
vt 0.400215 0.273727
vt 0.392851 0.265932
vt 0.420090 0.274742
vt 0.392851 0.283088
vt 0.403893 0.972728
vt 0.397659 0.958270
vt 0.420090 0.979051
vt 0.397659 0.979218
vt 0.181710 0.125882
vt 0.161349 0.124117
vt 0.415806 0.627272
vt 0.179841 -0.000915
vt 0.395430 0.805875
vt 0.202072 0.127648
vt 0.183579 0.252680
vt 0.393163 0.444557
vt 0.401967 0.810935
vt 0.416571 0.805839
vt 0.396230 0.824362
vt 0.395430 0.805875
vt 0.683073 0.152257
vt 0.582935 0.168656
vt 0.585944 0.889924
vt 0.687315 0.024524
vt 0.584316 0.623945
vt 0.783210 0.135858
vt 0.580335 0.362219
vt 0.678830 0.279991
vt 0.394399 0.443833
vt 0.373004 0.422362
vt 0.395766 0.443023
vt 0.415925 0.465217
vt 0.393163 0.444557
vt 0.501512 0.146828
vt 0.504202 0.019669
vt 0.503230 0.979210
vt 0.498823 0.273987
vt 0.491479 0.282946
vt 0.420090 0.253793
vt 0.575889 0.297910
vt 0.497156 0.294871
vt 0.491955 0.438677
vt 0.415925 0.465217
vt 0.416710 0.446695
vt 0.498256 0.428351
vt 0.581107 0.426509
vt 0.499478 0.446829
vt 0.500061 0.625609
vt 0.415806 0.627272
vt 0.584316 0.623945
vt 0.500645 0.804389
vt 0.493215 0.812837
vt 0.501445 0.822876
vt 0.495651 0.969919
vt 0.503230 0.958262
vt 0.503230 0.979210
vt 0.488420 0.890677
vt 0.418731 0.891214
vt 0.585944 0.889924
vt 0.396374 0.892628
vt 0.268761 0.002311
vt 0.375159 0.891418
vt 0.273950 0.132432
vt 0.268761 0.002311
vt 0.279140 0.262554
vt 0.362428 0.346281
vt 0.389803 0.352047
vt 0.359992 0.272460
vt 0.418750 0.361023
vt 0.396467 0.426476
vt 0.373004 0.422362
vt 0.362428 0.346281
vt 0.578472 0.362486
vt 0.581107 0.426509
vt 0.576662 0.362200
vt 0.575889 0.297910
vt 0.580335 0.362219
vt 0.390067 0.262805
vt 0.387231 0.260321
vt 0.420090 0.253793
vt 0.392851 0.265932
vt 0.359992 0.272460
vt 0.402232 0.439623
vt 0.395766 0.443023
vt 0.373004 0.422362
vt 0.375523 0.422804
vt 0.370485 0.421920
vt 0.395766 0.443023
vt 0.416009 0.463242
vt 0.415925 0.465217
vt 0.415841 0.467193
vt 0.393163 0.444557
vt 0.393163 0.444557
vt 0.387231 0.260321
vt 0.420090 0.250000
vt 0.354371 0.270642
vt 0.420090 0.253793
vt 0.420090 0.257587
vt 0.392851 0.265932
vt 0.365612 0.274278
vt 0.359992 0.272460
vt 0.484758 0.361461
vt 0.576662 0.362200
vt 0.581107 0.426509
vt 0.579101 0.426554
vt 0.583114 0.426464
vt 0.576662 0.362200
vt 0.574222 0.297846
vt 0.575889 0.297910
vt 0.577555 0.297974
vt 0.580335 0.362219
vt 0.580335 0.362219
vt 0.361191 0.068503
vt 0.341558 0.070504
vt 0.357988 0.002844
vt 0.386444 0.968827
vt 0.380824 0.066502
vt 0.364394 0.134163
vt 0.384555 0.274242
vt 0.379232 0.278683
vt 0.379232 0.270105
vt 0.396533 0.269830
vt 0.396533 0.278407
vt 0.390953 0.965924
vt 0.386444 0.968827
vt 0.386444 0.958353
vt 0.400776 0.965499
vt 0.400776 0.975973
vt 0.172472 0.188393
vt 0.173415 0.251787
vt 0.404502 0.455875
vt 0.162299 0.187505
vt 0.415824 0.547233
vt 0.171529 0.125000
vt 0.182645 0.189281
vt 0.408641 0.800264
vt 0.169644 -0.001787
vt 0.405600 0.796614
vt 0.416171 0.796595
vt 0.409269 0.808387
vt 0.398699 0.808405
vt 0.630598 0.224720
vt 0.578945 0.330097
vt 0.628193 0.288982
vt 0.580245 0.233315
vt 0.633004 0.160457
vt 0.680951 0.216124
vt 0.382606 0.433038
vt 0.381824 0.433238
vt 0.371744 0.422141
vt 0.383701 0.433097
vt 0.393781 0.444195
vt 0.460129 0.198954
vt 0.459457 0.261994
vt 0.420090 0.187500
vt 0.460801 0.135914
vt 0.500168 0.210408
vt 0.456926 0.286294
vt 0.458623 0.293384
vt 0.420090 0.283320
vt 0.455785 0.278844
vt 0.494318 0.288909
vt 0.457930 0.453963
vt 0.457659 0.457011
vt 0.415883 0.466205
vt 0.453940 0.451947
vt 0.495717 0.442753
vt 0.458071 0.711156
vt 0.458208 0.795871
vt 0.160398 0.060729
vt 0.415788 0.707312
vt 0.457933 0.626441
vt 0.500353 0.714999
vt 0.537704 0.817002
vt 0.543082 0.812908
vt 0.543482 0.822151
vt 0.497330 0.817857
vt 0.496930 0.808613
vt 0.458361 0.982738
vt 0.462146 0.009834
vt 0.461660 0.989605
vt 0.420090 0.989526
vt 0.457871 0.974485
vt 0.499440 0.974565
vt 0.455085 0.926670
vt 0.461660 0.958182
vt 0.419410 0.924659
vt 0.453575 0.890945
vt 0.495825 0.924469
vt 0.385652 0.858414
vt 0.234497 0.001570
vt 0.375124 0.857908
vt 0.385660 0.824381
vt 0.396302 0.858495
vt 0.385766 0.892023
vt 0.239768 0.194275
vt 0.241525 0.258510
vt 0.366456 0.384101
vt 0.202990 0.191057
vt 0.238011 0.130040
vt 0.276545 0.197493
vt 0.367496 0.313837
vt 0.316756 0.266598
vt 0.358399 0.308462
vt 0.357181 0.271551
vt 0.374897 0.312254
vt 0.376116 0.349164
vt 0.580753 0.394521
vt 0.581725 0.394342
vt 0.582111 0.426487
vt 0.579790 0.394498
vt 0.579403 0.362353
vt 0.372575 0.266600
vt 0.357181 0.271551
vt 0.370801 0.265482
vt 0.388649 0.261563
vt 0.375029 0.267633
vt 0.408898 0.450394
vt 0.416359 0.454969
vt 0.405887 0.453133
vt 0.398999 0.441323
vt 0.409471 0.443159
vt 0.371744 0.422141
vt 0.370485 0.421920
vt 0.371744 0.422141
vt 0.373004 0.422362
vt 0.371744 0.422141
vt 0.385644 0.432913
vt 0.375523 0.422804
vt 0.385644 0.432913
vt 0.395766 0.443023
vt 0.385644 0.432913
vt 0.415967 0.464230
vt 0.416009 0.463242
vt 0.415967 0.464230
vt 0.415925 0.465217
vt 0.415967 0.464230
vt 0.404502 0.455875
vt 0.415841 0.467193
vt 0.404502 0.455875
vt 0.393163 0.444557
vt 0.404502 0.455875
vt 0.370801 0.265482
vt 0.354371 0.270642
vt 0.370801 0.265482
vt 0.387231 0.260321
vt 0.370801 0.265482
vt 0.420090 0.251897
vt 0.420090 0.250000
vt 0.420090 0.251897
vt 0.420090 0.253793
vt 0.420090 0.251897
vt 0.406471 0.261760
vt 0.420090 0.257587
vt 0.406471 0.261760
vt 0.392851 0.265932
vt 0.406471 0.261760
vt 0.362802 0.273369
vt 0.365612 0.274278
vt 0.362802 0.273369
vt 0.359992 0.272460
vt 0.362802 0.273369
vt 0.529176 0.330411
vt 0.535689 0.296359
vt 0.575442 0.330023
vt 0.530710 0.361831
vt 0.490957 0.328166
vt 0.582111 0.426487
vt 0.583114 0.426464
vt 0.582111 0.426487
vt 0.581107 0.426509
vt 0.582111 0.426487
vt 0.577881 0.394377
vt 0.579101 0.426554
vt 0.577881 0.394377
vt 0.576662 0.362200
vt 0.577881 0.394377
vt 0.575056 0.297878
vt 0.574222 0.297846
vt 0.575056 0.297878
vt 0.575889 0.297910
vt 0.575056 0.297878
vt 0.578945 0.330097
vt 0.577555 0.297974
vt 0.578945 0.330097
vt 0.580335 0.362219
vt 0.578945 0.330097
vt 0.400457 0.064501
vt 0.399390 0.000948
vt 0.408875 0.989609
vt 0.420090 0.062500
vt 0.401525 0.128054
vt 0.402593 0.191607
vt 0.403660 0.255161
vt 0.385095 0.195715
vt 0.367598 0.199822
vt 0.350100 0.203930
vt 0.409689 0.266732
vt 0.420090 0.266164
vt 0.410152 0.274234
vt 0.408950 0.281475
vt 0.406471 0.287492
vt 0.410957 0.966542
vt 0.408875 0.958186
vt 0.420090 0.968577
vt 0.411992 0.975890
vt 0.411614 0.984913
vt 0.408875 0.989609
vt 0.170587 0.061606
vt 0.160398 0.060729
vt 0.169644 -0.001787
vt 0.180775 0.062484
vt 0.190964 0.063361
vt 0.190037 -0.000042
vt 0.385260 0.815137
vt 0.201153 0.064239
vt 0.191891 0.126765
vt 0.192818 0.190169
vt 0.193744 0.253573
vt 0.381824 0.433238
vt 0.408477 0.816736
vt 0.416971 0.815082
vt 0.406801 0.824344
vt 0.399099 0.817649
vt 0.389926 0.817422
vt 0.385260 0.815137
vt 0.635409 0.096194
vt 0.585624 0.103997
vt 0.586156 0.924172
vt 0.637815 0.031931
vt 0.685194 0.088390
vt 0.734978 0.080587
vt 0.585731 0.855675
vt 0.736815 0.017117
vt 0.584917 0.722686
vt 0.784763 0.072784
vt 0.733141 0.144058
vt 0.731305 0.207528
vt 0.583715 0.525205
vt 0.781658 0.198933
vt 0.581725 0.394342
vt 0.729468 0.270999
vt 0.384545 0.432906
vt 0.374263 0.422583
vt 0.385644 0.432913
vt 0.395082 0.443428
vt 0.405618 0.453950
vt 0.405887 0.453133
vt 0.415967 0.464230
vt 0.405162 0.454525
vt 0.404957 0.455350
vt 0.415883 0.466205
vt 0.404502 0.455875
vt 0.461474 0.072874
vt 0.462146 0.009834
vt 0.502857 0.083249
vt 0.544241 0.093623
vt 0.546258 0.029503
vt 0.544799 0.968816
vt 0.542224 0.157742
vt 0.540206 0.221861
vt 0.538189 0.285981
vt 0.452304 0.272519
vt 0.420090 0.255690
vt 0.455785 0.268370
vt 0.458995 0.265551
vt 0.495151 0.278467
vt 0.534076 0.287817
vt 0.576722 0.297942
vt 0.533684 0.290428
vt 0.532307 0.292982
vt 0.450340 0.448264
vt 0.454332 0.442686
vt 0.455251 0.435799
vt 0.417060 0.438422
vt 0.457833 0.429250
vt 0.495105 0.433514
vt 0.535357 0.430316
vt 0.538678 0.427452
vt 0.580104 0.426531
vt 0.536531 0.432593
vt 0.536684 0.434973
vt 0.541296 0.436647
vt 0.457796 0.541726
vt 0.415824 0.547233
vt 0.499769 0.536219
vt 0.541742 0.530712
vt 0.583715 0.525205
vt 0.542189 0.624777
vt 0.542635 0.718843
vt 0.584917 0.722686
vt 0.456159 0.816714
vt 0.459408 0.823601
vt 0.454893 0.809338
vt 0.455312 0.802090
vt 0.458985 0.966123
vt 0.499440 0.964090
vt 0.539428 0.964289
vt 0.544799 0.958341
vt 0.544799 0.968816
vt 0.453872 0.855207
vt 0.418051 0.857770
vt 0.494932 0.856776
vt 0.535898 0.857790
vt 0.585731 0.855675
vt 0.537182 0.890300
vt 0.536549 0.922825
vt 0.586156 0.924172
vt 0.406949 0.858553
vt 0.407552 0.891921
vt 0.408155 0.925308
vt 0.397016 0.925449
vt 0.385880 0.925615
vt 0.303024 0.003051
vt 0.375194 0.924927
vt 0.236254 0.065805
vt 0.234497 0.001570
vt 0.271356 0.067372
vt 0.306457 0.068938
vt 0.303024 0.003051
vt 0.309890 0.134825
vt 0.313323 0.200711
vt 0.316756 0.266598
vt 0.382075 0.310135
vt 0.391327 0.317567
vt 0.405327 0.322369
vt 0.419420 0.326460
vt 0.404277 0.356535
vt 0.405327 0.391503
vt 0.418080 0.395586
vt 0.406939 0.428312
vt 0.393135 0.389262
vt 0.386862 0.391974
vt 0.385995 0.424640
vt 0.374263 0.422583
vt 0.381404 0.387204
vt 0.374243 0.382167
vt 0.366456 0.384101
vt 0.578829 0.394578
vt 0.580104 0.426531
vt 0.577881 0.394377
vt 0.577567 0.362343
vt 0.576304 0.330106
vt 0.575442 0.330023
vt 0.575056 0.297878
vt 0.577180 0.330198
vt 0.578053 0.330188
vt 0.576722 0.297942
vt 0.578945 0.330097
vt 0.404734 0.256536
vt 0.403660 0.255161
vt 0.420090 0.251897
vt 0.405079 0.258299
vt 0.406014 0.259878
vt 0.420090 0.255690
vt 0.406471 0.261760
vt 0.391459 0.264369
vt 0.376892 0.268850
vt 0.379232 0.270105
vt 0.362802 0.273369
vt 0.390265 0.431667
vt 0.399349 0.433049
vt 0.408632 0.435483
vt 0.374263 0.422583
vt 0.374263 0.422583
vt 0.374263 0.422583
vt 0.375523 0.422804
vt 0.373004 0.422362
vt 0.371744 0.422141
vt 0.370485 0.421920
vt 0.405887 0.453133
vt 0.405887 0.453133
vt 0.405887 0.453133
vt 0.416009 0.463242
vt 0.395766 0.443023
vt 0.385644 0.432913
vt 0.415883 0.466205
vt 0.415883 0.466205
vt 0.415883 0.466205
vt 0.415841 0.467193
vt 0.415925 0.465217
vt 0.415967 0.464230
vt 0.381824 0.433238
vt 0.381824 0.433238
vt 0.381824 0.433238
vt 0.381824 0.433238
vt 0.393163 0.444557
vt 0.404502 0.455875
vt 0.403660 0.255161
vt 0.403660 0.255161
vt 0.403660 0.255161
vt 0.420090 0.250000
vt 0.387231 0.260321
vt 0.370801 0.265482
vt 0.354371 0.270642
vt 0.420090 0.255690
vt 0.420090 0.255690
vt 0.420090 0.255690
vt 0.420090 0.257587
vt 0.420090 0.253793
vt 0.420090 0.251897
vt 0.379232 0.270105
vt 0.379232 0.270105
vt 0.379232 0.270105
vt 0.365612 0.274278
vt 0.392851 0.265932
vt 0.406471 0.261760
vt 0.357181 0.271551
vt 0.357181 0.271551
vt 0.357181 0.271551
vt 0.359992 0.272460
vt 0.362802 0.273369
vt 0.530509 0.393232
vt 0.491507 0.394906
vt 0.452327 0.397332
vt 0.451754 0.361242
vt 0.452816 0.325170
vt 0.580104 0.426531
vt 0.580104 0.426531
vt 0.580104 0.426531
vt 0.579101 0.426554
vt 0.581107 0.426509
vt 0.582111 0.426487
vt 0.583114 0.426464
vt 0.575442 0.330023
vt 0.575442 0.330023
vt 0.575442 0.330023
vt 0.574222 0.297846
vt 0.576662 0.362200
vt 0.577881 0.394377
vt 0.576722 0.297942
vt 0.576722 0.297942
vt 0.576722 0.297942
vt 0.577555 0.297974
vt 0.575889 0.297910
vt 0.575056 0.297878
vt 0.581724 0.394342
vt 0.581725 0.394342
vt 0.581725 0.394342
vt 0.581724 0.394342
vt 0.580335 0.362219
vt 0.578945 0.330097
vt 0.353243 0.102597
vt 0.355112 0.135690
vt 0.343694 0.103861
vt 0.351375 0.069504
vt 0.362793 0.101333
vt 0.388047 0.278635
vt 0.394692 0.280747
vt 0.386041 0.280885
vt 0.381893 0.276463
vt 0.390544 0.276325
vt 0.393776 0.972418
vt 0.399218 0.977596
vt 0.368339 0.002370
vt 0.392052 0.974023
vt 0.388698 0.967376
vt 0.395864 0.970949
vt 0.178028 0.220535
vt 0.183112 0.220980
vt 0.178497 0.252233
vt 0.398832 0.450216
vt 0.172943 0.220090
vt 0.177558 0.188837
vt 0.402155 0.802647
vt 0.397064 0.807140
vt 0.174742 -0.001351
vt 0.400515 0.801244
vt 0.407121 0.798439
vt 0.403670 0.804334
vt 0.654643 0.252454
vt 0.679891 0.248057
vt 0.579640 0.346158
vt 0.653511 0.284487
vt 0.629395 0.256851
vt 0.655775 0.220422
vt 0.387835 0.438752
vt 0.393472 0.444376
vt 0.387493 0.438897
vt 0.382215 0.433138
vt 0.388194 0.438616
vt 0.479644 0.236336
vt 0.499495 0.242197
vt 0.479140 0.267990
vt 0.459793 0.230474
vt 0.480148 0.204681
vt 0.476735 0.290899
vt 0.495737 0.291890
vt 0.477890 0.294128
vt 0.457775 0.289839
vt 0.475622 0.287601
vt 0.478326 0.450055
vt 0.497597 0.444791
vt 0.478569 0.451920
vt 0.457794 0.455487
vt 0.476823 0.448358
vt 0.479319 0.756604
vt 0.500499 0.759694
vt 0.479426 0.800130
vt 0.458139 0.753513
vt 0.479212 0.713077
vt 0.519887 0.810745
vt 0.498787 0.806501
vt 0.521863 0.808648
vt 0.540393 0.814955
vt 0.517317 0.812807
vt 0.480455 0.981615
vt 0.501335 0.976888
vt 0.483174 0.014752
vt 0.482445 0.984408
vt 0.460011 0.986172
vt 0.478901 0.978651
vt 0.478537 0.942103
vt 0.499527 0.941366
vt 0.482445 0.958222
vt 0.458373 0.942426
vt 0.475455 0.925570
vt 0.380397 0.874998
vt 0.380463 0.891720
vt 0.251629 0.001940
vt 0.375142 0.874663
vt 0.380388 0.858161
vt 0.385709 0.875218
vt 0.259245 0.228208
vt 0.277843 0.230024
vt 0.260332 0.260532
vt 0.364442 0.365191
vt 0.240646 0.226392
vt 0.258157 0.195884
vt 0.365975 0.329909
vt 0.369272 0.347723
vt 0.297948 0.264576
vt 0.360414 0.327372
vt 0.362948 0.311150
vt 0.371806 0.331501
vt 0.580553 0.378390
vt 0.579869 0.362286
vt 0.581030 0.378281
vt 0.581239 0.394431
vt 0.580078 0.378437
vt 0.366132 0.269571
vt 0.367511 0.270046
vt 0.358586 0.272006
vt 0.364878 0.269076
vt 0.373802 0.267116
vt 0.412986 0.448974
vt 0.413090 0.444927
vt 0.416534 0.450832
vt 0.412628 0.452682
vt 0.409184 0.446777
vt 0.371114 0.422031
vt 0.371114 0.422031
vt 0.370485 0.421920
vt 0.371114 0.422031
vt 0.371744 0.422141
vt 0.380584 0.427859
vt 0.380584 0.427859
vt 0.375523 0.422804
vt 0.380584 0.427859
vt 0.385644 0.432913
vt 0.415988 0.463736
vt 0.415988 0.463736
vt 0.416009 0.463242
vt 0.415988 0.463736
vt 0.415967 0.464230
vt 0.410172 0.461534
vt 0.410172 0.461534
vt 0.415841 0.467193
vt 0.410172 0.461534
vt 0.404502 0.455875
vt 0.362586 0.268062
vt 0.362586 0.268062
vt 0.354371 0.270642
vt 0.362586 0.268062
vt 0.370801 0.265482
vt 0.420090 0.250948
vt 0.420090 0.250948
vt 0.420090 0.250000
vt 0.420090 0.250948
vt 0.420090 0.251897
vt 0.413281 0.259673
vt 0.413281 0.259673
vt 0.420090 0.257587
vt 0.413280 0.259673
vt 0.406471 0.261760
vt 0.364207 0.273824
vt 0.364207 0.273823
vt 0.365612 0.274278
vt 0.364207 0.273823
vt 0.362802 0.273369
vt 0.512616 0.312164
vt 0.494057 0.311519
vt 0.516423 0.295615
vt 0.532433 0.313385
vt 0.510066 0.329289
vt 0.582613 0.426476
vt 0.582613 0.426476
vt 0.583114 0.426464
vt 0.582613 0.426476
vt 0.582111 0.426487
vt 0.578491 0.410465
vt 0.578491 0.410465
vt 0.579101 0.426554
vt 0.578491 0.410465
vt 0.577881 0.394377
vt 0.574639 0.297862
vt 0.574639 0.297862
vt 0.574222 0.297846
vt 0.574639 0.297862
vt 0.575056 0.297878
vt 0.578250 0.314036
vt 0.578250 0.314036
vt 0.577555 0.297974
vt 0.578250 0.314036
vt 0.578945 0.330097
vt 0.389840 0.033462
vt 0.379757 0.034199
vt 0.389039 0.001422
vt 0.403267 0.984414
vt 0.399923 0.032724
vt 0.390641 0.065502
vt 0.411075 0.158040
vt 0.410808 0.126527
vt 0.420090 0.156250
vt 0.411341 0.189554
vt 0.402059 0.159831
vt 0.377681 0.230335
vt 0.386163 0.228018
vt 0.379016 0.262901
vt 0.369199 0.232652
vt 0.376346 0.197769
vt 0.401485 0.265955
vt 0.394692 0.267881
vt 0.399661 0.263846
vt 0.408080 0.264246
vt 0.403111 0.268281
vt 0.414962 0.278531
vt 0.415121 0.274488
vt 0.420090 0.279031
vt 0.414520 0.282397
vt 0.409551 0.277855
vt 0.404631 0.962027
vt 0.399218 0.961884
vt 0.403267 0.958228
vt 0.409916 0.962364
vt 0.405867 0.966020
vt 0.416100 0.982540
vt 0.416041 0.977471
vt 0.420090 0.984289
vt 0.415852 0.987219
vt 0.411803 0.980401
vt 0.165966 0.092863
vt 0.166439 0.124558
vt 0.160873 0.092423
vt 0.415797 0.667292
vt 0.165492 0.061168
vt 0.171058 0.093303
vt 0.185404 0.031222
vt 0.180308 0.030785
vt 0.184939 -0.000479
vt 0.390345 0.810506
vt 0.190501 0.031659
vt 0.185870 0.062923
vt 0.197443 0.158910
vt 0.196981 0.127206
vt 0.202531 0.159352
vt 0.197904 0.190613
vt 0.192354 0.158467
vt 0.412913 0.811559
vt 0.412920 0.807113
vt 0.416771 0.810461
vt 0.412724 0.815909
vt 0.408873 0.812561
vt 0.392541 0.821077
vt 0.397665 0.821005
vt 0.390945 0.824371
vt 0.387793 0.820901
vt 0.394512 0.817536
vt 0.609243 0.132326
vt 0.607969 0.164556
vt 0.584280 0.136327
vt 0.610517 0.100095
vt 0.634206 0.128325
vt 0.711076 0.052655
vt 0.686254 0.056457
vt 0.585837 0.872799
vt 0.712065 0.020820
vt 0.735897 0.048852
vt 0.710086 0.084489
vt 0.757329 0.171594
vt 0.758176 0.139958
vt 0.584016 0.574575
vt 0.782434 0.167395
vt 0.756481 0.203230
vt 0.732223 0.175793
vt 0.378817 0.427685
vt 0.378353 0.427730
vt 0.373634 0.422472
vt 0.379404 0.427745
vt 0.384123 0.433002
vt 0.400613 0.448418
vt 0.395424 0.443225
vt 0.400826 0.448078
vt 0.405753 0.453542
vt 0.400350 0.448689
vt 0.410506 0.460352
vt 0.410543 0.459871
vt 0.415904 0.465711
vt 0.410420 0.460778
vt 0.405059 0.454938
vt 0.440614 0.099072
vt 0.440446 0.130457
vt 0.420090 0.093750
vt 0.440782 0.067687
vt 0.461138 0.104394
vt 0.524390 0.056511
vt 0.503530 0.051459
vt 0.525230 0.024586
vt 0.524014 0.974013
vt 0.545250 0.061563
vt 0.523549 0.088436
vt 0.561402 0.195394
vt 0.562579 0.163199
vt 0.581590 0.200986
vt 0.560226 0.227588
vt 0.541215 0.189802
vt 0.437067 0.273196
vt 0.437937 0.276793
vt 0.420090 0.270453
vt 0.436197 0.269342
vt 0.454044 0.275682
vt 0.439222 0.260038
vt 0.437937 0.261082
vt 0.420090 0.252845
vt 0.439543 0.258724
vt 0.457390 0.266961
vt 0.516448 0.281508
vt 0.496987 0.276227
vt 0.518506 0.279984
vt 0.536133 0.286899
vt 0.514614 0.283142
vt 0.553875 0.294748
vt 0.554786 0.294169
vt 0.575472 0.297894
vt 0.553681 0.295430
vt 0.532995 0.291705
vt 0.435015 0.457074
vt 0.434932 0.458582
vt 0.415946 0.464724
vt 0.433153 0.456247
vt 0.452140 0.450105
vt 0.435570 0.440896
vt 0.435521 0.444691
vt 0.416885 0.442559
vt 0.436155 0.437110
vt 0.454792 0.439242
vt 0.516556 0.429916
vt 0.496680 0.430933
vt 0.518467 0.427902
vt 0.537018 0.428884
vt 0.515231 0.431915
vt 0.558779 0.430200
vt 0.558819 0.429551
vt 0.581609 0.426498
vt 0.559397 0.430730
vt 0.536608 0.433783
vt 0.436840 0.585668
vt 0.436870 0.626856
vt 0.161824 0.155811
vt 0.415815 0.587252
vt 0.436810 0.544479
vt 0.457865 0.584083
vt 0.520571 0.487601
vt 0.499624 0.491524
vt 0.520387 0.441738
vt 0.541519 0.483679
vt 0.520756 0.533465
vt 0.563514 0.672563
vt 0.563253 0.624361
vt 0.584617 0.673316
vt 0.783987 0.104321
vt 0.563776 0.720764
vt 0.542412 0.671810
vt 0.478390 0.820290
vt 0.499387 0.820367
vt 0.480426 0.823239
vt 0.457783 0.820158
vt 0.476744 0.817286
vt 0.435355 0.803380
vt 0.435732 0.807588
vt 0.416371 0.801217
vt 0.435741 0.799343
vt 0.455102 0.805714
vt 0.438961 0.972051
vt 0.438981 0.976768
vt 0.420090 0.973814
vt 0.439538 0.967350
vt 0.458428 0.970304
vt 0.522029 0.961198
vt 0.501335 0.961176
vt 0.524014 0.958302
vt 0.542114 0.961315
vt 0.519434 0.964190
vt 0.435617 0.873664
vt 0.436153 0.891080
vt 0.418391 0.874492
vt 0.435961 0.856489
vt 0.453724 0.873076
vt 0.518253 0.839626
vt 0.498189 0.839826
vt 0.522463 0.822514
vt 0.539690 0.839971
vt 0.515415 0.857283
vt 0.560437 0.906958
vt 0.561563 0.890112
vt 0.586050 0.907048
vt 0.662565 0.028227
vt 0.561353 0.923499
vt 0.536866 0.906563
vt 0.401539 0.841500
vt 0.396266 0.841429
vt 0.401515 0.824353
vt 0.406875 0.841448
vt 0.401625 0.858524
vt 0.413431 0.908356
vt 0.413141 0.891568
vt 0.419070 0.907937
vt 0.413783 0.924983
vt 0.407854 0.908615
vt 0.391722 0.941995
vt 0.397338 0.941859
vt 0.392052 0.958311
vt 0.386162 0.941984
vt 0.391448 0.925532
vt 0.219372 0.096933
vt 0.220041 0.128844
vt 0.201612 0.095943
vt 0.218704 0.065022
vt 0.237133 0.097923
vt 0.287399 0.035418
vt 0.270058 0.034841
vt 0.285892 0.002681
vt 0.375176 0.908172
vt 0.304741 0.035995
vt 0.288906 0.068155
vt 0.329785 0.169171
vt 0.327860 0.136021
vt 0.347965 0.170573
vt 0.331711 0.202321
vt 0.311606 0.167768
vt 0.370319 0.293138
vt 0.367445 0.292357
vt 0.361397 0.272915
vt 0.372439 0.291752
vt 0.378486 0.311194
vt 0.399011 0.302728
vt 0.392089 0.300327
vt 0.399661 0.285290
vt 0.405899 0.304931
vt 0.398327 0.319968
vt 0.411606 0.375983
vt 0.411514 0.358779
vt 0.418415 0.378304
vt 0.411704 0.393544
vt 0.404802 0.374019
vt 0.390794 0.408325
vt 0.394801 0.407869
vt 0.391231 0.425558
vt 0.386428 0.408307
vt 0.389998 0.390618
vt 0.375179 0.402402
vt 0.377204 0.404783
vt 0.372374 0.422252
vt 0.372994 0.402154
vt 0.377823 0.384686
vt 0.579957 0.410561
vt 0.580449 0.410503
vt 0.580606 0.426520
vt 0.579467 0.410555
vt 0.579309 0.394538
vt 0.576492 0.346175
vt 0.577114 0.362271
vt 0.576052 0.346111
vt 0.575873 0.330064
vt 0.576935 0.346224
vt 0.576959 0.314054
vt 0.576535 0.314054
vt 0.576306 0.297926
vt 0.577388 0.314065
vt 0.577617 0.330193
vt 0.396079 0.258383
vt 0.387940 0.260942
vt 0.395446 0.257741
vt 0.404197 0.255848
vt 0.396692 0.259050
vt 0.412943 0.256850
vt 0.412585 0.256046
vt 0.420090 0.254742
vt 0.413052 0.257784
vt 0.405547 0.259089
vt 0.385061 0.267298
vt 0.392155 0.265151
vt 0.386041 0.268019
vt 0.378062 0.269477
vt 0.384176 0.266609
vt 0.392508 0.437146
vt 0.397382 0.442173
vt 0.390705 0.437968
vt 0.387955 0.432290
vt 0.394632 0.436495
vt 0.402899 0.430764
vt 0.397908 0.429763
vt 0.401703 0.427394
vt 0.407785 0.431898
vt 0.403991 0.434266
vt 0.373634 0.422472
vt 0.373004 0.422362
vt 0.373634 0.422472
vt 0.374263 0.422583
vt 0.373634 0.422473
vt 0.374893 0.422693
vt 0.374893 0.422693
vt 0.375523 0.422804
vt 0.374893 0.422693
vt 0.374263 0.422583
vt 0.372374 0.422252
vt 0.373004 0.422362
vt 0.372374 0.422252
vt 0.371744 0.422141
vt 0.372374 0.422252
vt 0.400826 0.448078
vt 0.395766 0.443023
vt 0.400826 0.448078
vt 0.405887 0.453133
vt 0.400826 0.448078
vt 0.410948 0.458187
vt 0.410948 0.458187
vt 0.416009 0.463242
vt 0.410948 0.458187
vt 0.405887 0.453133
vt 0.390705 0.437968
vt 0.395766 0.443023
vt 0.390705 0.437968
vt 0.385644 0.432913
vt 0.390705 0.437968
vt 0.415904 0.465711
vt 0.415925 0.465217
vt 0.415904 0.465711
vt 0.415883 0.466205
vt 0.415904 0.465711
vt 0.415862 0.466699
vt 0.415862 0.466699
vt 0.415841 0.467193
vt 0.415862 0.466699
vt 0.415883 0.466205
vt 0.415946 0.464724
vt 0.415925 0.465217
vt 0.415946 0.464724
vt 0.415967 0.464230
vt 0.415946 0.464724
vt 0.387493 0.438897
vt 0.393163 0.444557
vt 0.188662 0.253126
vt 0.387493 0.438897
vt 0.381824 0.433238
vt 0.387493 0.438897
vt 0.376154 0.427579
vt 0.376154 0.427579
vt 0.370485 0.421920
vt 0.376154 0.427579
vt 0.381824 0.433238
vt 0.398832 0.450216
vt 0.393163 0.444557
vt 0.398832 0.450216
vt 0.404502 0.455875
vt 0.398832 0.450216
vt 0.395445 0.257741
vt 0.387231 0.260321
vt 0.395446 0.257741
vt 0.403660 0.255161
vt 0.395446 0.257741
vt 0.411875 0.252580
vt 0.411875 0.252580
vt 0.420090 0.250000
vt 0.411875 0.252580
vt 0.403660 0.255161
vt 0.379016 0.262901
vt 0.387231 0.260321
vt 0.379016 0.262901
vt 0.370801 0.265482
vt 0.379016 0.262901
vt 0.420090 0.254742
vt 0.420090 0.253793
vt 0.420090 0.254742
vt 0.420090 0.255690
vt 0.420090 0.254742
vt 0.420090 0.256638
vt 0.420090 0.256638
vt 0.420090 0.257587
vt 0.420090 0.256638
vt 0.420090 0.255690
vt 0.420090 0.252845
vt 0.420090 0.253793
vt 0.420090 0.252845
vt 0.420090 0.251897
vt 0.420090 0.252845
vt 0.386041 0.268019
vt 0.392851 0.265932
vt 0.386041 0.268019
vt 0.379232 0.270105
vt 0.386041 0.268019
vt 0.372422 0.272192
vt 0.372422 0.272192
vt 0.365612 0.274278
vt 0.372422 0.272192
vt 0.379232 0.270105
vt 0.399661 0.263846
vt 0.392851 0.265932
vt 0.399661 0.263846
vt 0.406471 0.261760
vt 0.399661 0.263846
vt 0.358586 0.272006
vt 0.359992 0.272460
vt 0.358586 0.272006
vt 0.357181 0.271551
vt 0.358586 0.272006
vt 0.355776 0.271097
vt 0.355776 0.271097
vt 0.354371 0.270642
vt 0.355776 0.271097
vt 0.357181 0.271551
vt 0.361397 0.272915
vt 0.359992 0.272460
vt 0.361397 0.272915
vt 0.362802 0.273369
vt 0.361397 0.272915
vt 0.552993 0.378039
vt 0.553686 0.362015
vt 0.577271 0.378288
vt 0.554195 0.393804
vt 0.530609 0.377531
vt 0.474576 0.412664
vt 0.494881 0.411629
vt 0.478044 0.428801
vt 0.455080 0.413291
vt 0.471917 0.396119
vt 0.435282 0.343343
vt 0.435252 0.361133
vt 0.419085 0.343742
vt 0.436118 0.325815
vt 0.452285 0.343206
vt 0.580606 0.426520
vt 0.581107 0.426509
vt 0.580606 0.426520
vt 0.580104 0.426531
vt 0.580606 0.426520
vt 0.579602 0.426543
vt 0.579602 0.426543
vt 0.579101 0.426554
vt 0.579602 0.426543
vt 0.580104 0.426531
vt 0.581609 0.426498
vt 0.581107 0.426509
vt 0.581609 0.426498
vt 0.582111 0.426487
vt 0.581609 0.426498
vt 0.576052 0.346111
vt 0.576662 0.362200
vt 0.576052 0.346111
vt 0.575442 0.330023
vt 0.576052 0.346111
vt 0.574832 0.313934
vt 0.574832 0.313934
vt 0.574222 0.297846
vt 0.574832 0.313934
vt 0.575442 0.330023
vt 0.577271 0.378288
vt 0.576662 0.362200
vt 0.577271 0.378288
vt 0.577881 0.394377
vt 0.577271 0.378288
vt 0.576305 0.297926
vt 0.575889 0.297910
vt 0.576306 0.297926
vt 0.576722 0.297942
vt 0.576305 0.297926
vt 0.577139 0.297958
vt 0.577139 0.297958
vt 0.577555 0.297974
vt 0.577139 0.297958
vt 0.576722 0.297942
vt 0.575472 0.297894
vt 0.575889 0.297910
vt 0.575472 0.297894
vt 0.575056 0.297878
vt 0.575472 0.297894
vt 0.581030 0.378281
vt 0.580335 0.362219
vt 0.581030 0.378281
vt 0.704149 0.275495
vt 0.581725 0.394342
vt 0.581030 0.378281
vt 0.582419 0.410403
vt 0.582419 0.410403
vt 0.583114 0.426464
vt 0.582419 0.410403
vt 0.581725 0.394342
vt 0.579640 0.346158
vt 0.580335 0.362219
vt 0.579640 0.346158
vt 0.578945 0.330097
vt 0.579640 0.346158
vt 0.349506 0.036411
vt 0.339423 0.037148
vt 0.347638 0.003318
vt 0.380836 0.963632
vt 0.359590 0.035673
vt 0.369673 0.034936
vt 0.368339 0.002370
vt 0.371008 0.067503
vt 0.372342 0.100069
vt 0.381892 0.098805
vt 0.373677 0.132636
vt 0.375636 0.274302
vt 0.372422 0.276480
vt 0.372422 0.272192
vt 0.381893 0.272174
vt 0.388073 0.270012
vt 0.390544 0.272036
vt 0.393130 0.274052
vt 0.398374 0.271778
vt 0.398374 0.276067
vt 0.383556 0.962345
vt 0.380836 0.963632
vt 0.380836 0.958395
vt 0.388698 0.962139
vt 0.393753 0.961877
vt 0.395864 0.965711
vt 0.398050 0.969535
vt 0.402334 0.969113
vt 0.402334 0.974350
vt 0.167859 0.219645
vt 0.168332 0.251340
vt 0.410172 0.461534
vt 0.162774 0.219199
vt 0.415832 0.507213
vt 0.167386 0.187949
vt 0.166912 0.156254
vt 0.161824 0.155811
vt 0.172001 0.156696
vt 0.177089 0.157139
vt 0.176620 0.125441
vt 0.182177 0.157582
vt 0.412069 0.794179
vt 0.164546 -0.002223
vt 0.410685 0.791983
vt 0.415971 0.791974
vt 0.412406 0.798429
vt 0.412790 0.802606
vt 0.408955 0.804325
vt 0.405137 0.806103
vt 0.405618 0.809661
vt 0.400333 0.809670
vt 0.604148 0.261248
vt 0.578250 0.314036
vt 0.602874 0.293478
vt 0.578900 0.265645
vt 0.605422 0.229017
vt 0.606695 0.196787
vt 0.631801 0.192588
vt 0.656906 0.188389
vt 0.658038 0.156357
vt 0.682012 0.184191
vt 0.376595 0.427524
vt 0.376154 0.427579
vt 0.371114 0.422031
vt 0.377175 0.427589
vt 0.377735 0.427634
vt 0.383154 0.433067
vt 0.388573 0.438501
vt 0.389050 0.438465
vt 0.394090 0.444014
vt 0.439941 0.224612
vt 0.439773 0.255997
vt 0.420090 0.218750
vt 0.440110 0.193227
vt 0.440278 0.161842
vt 0.460465 0.167434
vt 0.480653 0.173026
vt 0.481157 0.141371
vt 0.500840 0.178618
vt 0.438814 0.288782
vt 0.439357 0.292641
vt 0.420090 0.287608
vt 0.438508 0.284807
vt 0.438113 0.280833
vt 0.456355 0.282569
vt 0.474599 0.284301
vt 0.473632 0.280895
vt 0.492898 0.285927
vt 0.437274 0.460968
vt 0.436750 0.462102
vt 0.415862 0.466699
vt 0.436906 0.460084
vt 0.436773 0.459106
vt 0.455935 0.452955
vt 0.475087 0.446755
vt 0.472948 0.445312
vt 0.493836 0.440715
vt 0.436959 0.750423
vt 0.436989 0.791611
vt 0.159923 0.029035
vt 0.415779 0.747332
vt 0.436929 0.709234
vt 0.436900 0.668045
vt 0.415797 0.667292
vt 0.458002 0.668798
vt 0.479105 0.669551
vt 0.478997 0.626025
vt 0.500207 0.670304
vt 0.560992 0.819160
vt 0.564300 0.817167
vt 0.564500 0.821789
vt 0.540593 0.819576
vt 0.520301 0.820010
vt 0.517517 0.817429
vt 0.514633 0.814853
vt 0.495272 0.815347
vt 0.495072 0.810725
vt 0.439573 0.990764
vt 0.441118 0.004917
vt 0.440875 0.994803
vt 0.420090 0.994763
vt 0.439226 0.986132
vt 0.438723 0.981556
vt 0.458116 0.978612
vt 0.477504 0.975630
vt 0.476761 0.972202
vt 0.497546 0.972242
vt 0.438205 0.942737
vt 0.440875 0.958143
vt 0.419750 0.941381
vt 0.437248 0.925664
vt 0.436266 0.908499
vt 0.454330 0.908808
vt 0.472398 0.909132
vt 0.470998 0.890811
vt 0.492122 0.907573
vt 0.380380 0.841322
vt 0.217366 0.001200
vt 0.375107 0.841154
vt 0.380375 0.824390
vt 0.385656 0.841397
vt 0.390933 0.841472
vt 0.390977 0.858454
vt 0.391022 0.875438
vt 0.396338 0.875562
vt 0.391070 0.892326
vt 0.222048 0.224577
vt 0.222717 0.256488
vt 0.368470 0.403011
vt 0.203450 0.222761
vt 0.221379 0.192666
vt 0.220710 0.160755
vt 0.238889 0.162158
vt 0.257069 0.163560
vt 0.255981 0.131236
vt 0.275248 0.164963
vt 0.359679 0.292349
vt 0.335563 0.268620
vt 0.356385 0.289552
vt 0.355776 0.271097
vt 0.362339 0.292694
vt 0.365127 0.293601
vt 0.371197 0.313046
vt 0.377512 0.332538
vt 0.382350 0.332150
vt 0.382959 0.350606
vt 0.581925 0.410473
vt 0.582419 0.410403
vt 0.582613 0.426476
vt 0.581432 0.410504
vt 0.580939 0.410541
vt 0.580271 0.394509
vt 0.579604 0.378477
vt 0.579131 0.378492
vt 0.578938 0.362420
vt 0.363579 0.268594
vt 0.355776 0.271097
vt 0.362586 0.268062
vt 0.371688 0.266041
vt 0.379798 0.263488
vt 0.380612 0.264082
vt 0.381472 0.264661
vt 0.389358 0.262184
vt 0.382548 0.265219
vt 0.412318 0.456463
vt 0.416184 0.459105
vt 0.410948 0.458187
vt 0.407393 0.451763
vt 0.402449 0.447107
vt 0.403948 0.445859
vt 0.405401 0.444530
vt 0.400615 0.440473
vt 0.405851 0.441391
vt 0.371114 0.422031
vt 0.370485 0.421920
vt 0.371114 0.422031
vt 0.371744 0.422141
vt 0.372374 0.422252
vt 0.372374 0.422252
vt 0.372374 0.422252
vt 0.373004 0.422362
vt 0.372374 0.422252
vt 0.380584 0.427859
vt 0.375523 0.422804
vt 0.380584 0.427859
vt 0.385644 0.432913
vt 0.390705 0.437968
vt 0.390705 0.437968
vt 0.390705 0.437968
vt 0.395766 0.443023
vt 0.390705 0.437968
vt 0.415988 0.463736
vt 0.416009 0.463242
vt 0.415988 0.463736
vt 0.415967 0.464230
vt 0.415946 0.464724
vt 0.415946 0.464724
vt 0.415946 0.464724
vt 0.415925 0.465217
vt 0.415946 0.464724
vt 0.410172 0.461534
vt 0.415841 0.467193
vt 0.410172 0.461534
vt 0.404502 0.455875
vt 0.398832 0.450216
vt 0.398832 0.450216
vt 0.398832 0.450216
vt 0.398832 0.450216
vt 0.393163 0.444557
vt 0.398832 0.450216
vt 0.362586 0.268062
vt 0.354371 0.270642
vt 0.362586 0.268062
vt 0.370801 0.265482
vt 0.379016 0.262901
vt 0.379016 0.262901
vt 0.379016 0.262901
vt 0.387231 0.260321
vt 0.379016 0.262901
vt 0.420090 0.250948
vt 0.420090 0.250000
vt 0.420090 0.250948
vt 0.420090 0.251897
vt 0.420090 0.252845
vt 0.420090 0.252845
vt 0.420090 0.252845
vt 0.420090 0.253793
vt 0.420090 0.252845
vt 0.413280 0.259673
vt 0.420090 0.257587
vt 0.413280 0.259673
vt 0.406471 0.261760
vt 0.399661 0.263846
vt 0.399661 0.263846
vt 0.399661 0.263846
vt 0.392851 0.265932
vt 0.399661 0.263846
vt 0.364207 0.273823
vt 0.365612 0.274278
vt 0.364207 0.273823
vt 0.362802 0.273369
vt 0.361397 0.272915
vt 0.361397 0.272915
vt 0.361397 0.272915
vt 0.359992 0.272460
vt 0.361397 0.272915
vt 0.552311 0.314534
vt 0.554956 0.297102
vt 0.574832 0.313934
vt 0.552309 0.330217
vt 0.552054 0.345964
vt 0.529943 0.346121
vt 0.507765 0.346349
vt 0.507734 0.361646
vt 0.487857 0.344814
vt 0.582613 0.426476
vt 0.583114 0.426464
vt 0.582613 0.426476
vt 0.582111 0.426487
vt 0.581609 0.426498
vt 0.581609 0.426498
vt 0.581609 0.426498
vt 0.581107 0.426509
vt 0.581609 0.426498
vt 0.578491 0.410465
vt 0.579101 0.426554
vt 0.578491 0.410465
vt 0.577881 0.394377
vt 0.577271 0.378288
vt 0.577271 0.378288
vt 0.577271 0.378288
vt 0.576662 0.362200
vt 0.577271 0.378288
vt 0.574639 0.297862
vt 0.574222 0.297846
vt 0.574639 0.297862
vt 0.575056 0.297878
vt 0.575472 0.297894
vt 0.575472 0.297894
vt 0.575472 0.297894
vt 0.575889 0.297910
vt 0.575472 0.297894
vt 0.578250 0.314036
vt 0.577555 0.297974
vt 0.578250 0.314036
vt 0.578945 0.330097
vt 0.579640 0.346158
vt 0.579640 0.346158
vt 0.579640 0.346158
vt 0.579640 0.346158
vt 0.580335 0.362219
vt 0.579640 0.346158
vt 0.410007 0.031987
vt 0.409740 0.000474
vt 0.414483 0.994805
vt 0.420090 0.031250
vt 0.410274 0.063501
vt 0.410541 0.095014
vt 0.400991 0.096278
vt 0.391442 0.097541
vt 0.392242 0.129581
vt 0.411608 0.221067
vt 0.411875 0.252580
vt 0.403127 0.223384
vt 0.394645 0.225701
vt 0.393844 0.193661
vt 0.393043 0.161621
vt 0.384027 0.163412
vt 0.360717 0.234969
vt 0.352236 0.237286
vt 0.358849 0.201876
vt 0.356980 0.168783
vt 0.365996 0.166992
vt 0.375012 0.165202
vt 0.414664 0.262482
vt 0.420090 0.261876
vt 0.414890 0.266448
vt 0.415194 0.270368
vt 0.409921 0.270483
vt 0.404657 0.270660
vt 0.405184 0.273981
vt 0.414149 0.286293
vt 0.413280 0.289695
vt 0.407711 0.284484
vt 0.401281 0.282719
vt 0.402742 0.279941
vt 0.404128 0.277130
vt 0.415209 0.962650
vt 0.414483 0.958145
vt 0.420090 0.963340
vt 0.415524 0.967560
vt 0.415896 0.972460
vt 0.411474 0.971216
vt 0.407042 0.970025
vt 0.407942 0.974309
vt 0.415667 0.991985
vt 0.414483 0.994805
vt 0.410244 0.987261
vt 0.404811 0.982600
vt 0.403267 0.984414
vt 0.406195 0.980443
vt 0.407514 0.978191
vt 0.165019 0.029472
vt 0.159923 0.029035
vt 0.164546 -0.002223
vt 0.170115 0.029910
vt 0.175212 0.030347
vt 0.174742 -0.001351
vt 0.175681 0.062045
vt 0.176150 0.093743
vt 0.181243 0.094183
vt 0.195597 0.032097
vt 0.195136 0.000394
vt 0.380175 0.819768
vt 0.200693 0.032534
vt 0.196059 0.063800
vt 0.196520 0.095503
vt 0.191428 0.095063
vt 0.186335 0.094623
vt 0.186801 0.126324
vt 0.198365 0.222316
vt 0.198827 0.254019
vt 0.376154 0.427579
vt 0.193281 0.221871
vt 0.188197 0.221426
vt 0.188662 0.253126
vt 0.187731 0.189725
vt 0.187266 0.158024
vt 0.412581 0.820265
vt 0.417171 0.819704
vt 0.412086 0.824335
vt 0.407639 0.820540
vt 0.402706 0.820857
vt 0.403788 0.817192
vt 0.404820 0.813519
vt 0.400533 0.814292
vt 0.382959 0.820773
vt 0.380175 0.819768
vt 0.387593 0.816280
vt 0.392166 0.811774
vt 0.390345 0.810506
vt 0.394312 0.812914
vt 0.396553 0.814005
vt 0.611791 0.067865
vt 0.586969 0.071667
vt 0.586263 0.941297
vt 0.613064 0.035634
vt 0.636612 0.064062
vt 0.661433 0.060260
vt 0.662565 0.028227
vt 0.660301 0.092292
vt 0.659170 0.124325
vt 0.684133 0.120324
vt 0.760718 0.045049
vt 0.585625 0.838551
vt 0.761566 0.013413
vt 0.585218 0.772056
vt 0.785540 0.041247
vt 0.759871 0.076686
vt 0.759023 0.108322
vt 0.783987 0.104321
vt 0.734060 0.112322
vt 0.709097 0.116323
vt 0.708107 0.148157
vt 0.755634 0.234867
vt 0.583415 0.475835
vt 0.780881 0.230470
vt 0.582419 0.410403
vt 0.754786 0.266503
vt 0.730386 0.239263
vt 0.705138 0.243660
vt 0.704149 0.275495
vt 0.706128 0.211826
vt 0.707117 0.179992
vt 0.379966 0.427779
vt 0.374893 0.422693
vt 0.380584 0.427859
vt 0.385095 0.432910
vt 0.390223 0.438041
vt 0.389814 0.438167
vt 0.389429 0.438318
vt 0.394741 0.443630
vt 0.410892 0.458665
vt 0.410948 0.458187
vt 0.415988 0.463736
vt 0.410792 0.459090
vt 0.410718 0.459540
vt 0.405390 0.454238
vt 0.400062 0.448935
vt 0.399780 0.449179
vt 0.410355 0.461224
vt 0.415862 0.466699
vt 0.410172 0.461534
vt 0.404730 0.455613
vt 0.399104 0.450001
vt 0.399369 0.449772
vt 0.399613 0.449523
vt 0.440950 0.036302
vt 0.441118 0.004917
vt 0.461810 0.041354
vt 0.482670 0.046407
vt 0.483174 0.014752
vt 0.482166 0.078061
vt 0.481661 0.109716
vt 0.502185 0.115038
vt 0.566109 0.066615
vt 0.567286 0.034421
vt 0.565584 0.963618
vt 0.564933 0.098810
vt 0.563756 0.131004
vt 0.543232 0.125682
vt 0.522709 0.120360
vt 0.521868 0.152285
vt 0.559049 0.259783
vt 0.557872 0.291978
vt 0.539198 0.253921
vt 0.519346 0.248059
vt 0.520187 0.216135
vt 0.521028 0.184210
vt 0.434517 0.266008
vt 0.420090 0.256638
vt 0.436197 0.264105
vt 0.437688 0.262822
vt 0.454044 0.270445
vt 0.471167 0.277601
vt 0.473632 0.275658
vt 0.439925 0.257449
vt 0.459226 0.263773
vt 0.478538 0.270068
vt 0.477073 0.272009
vt 0.475547 0.273912
vt 0.493315 0.280706
vt 0.555830 0.292235
vt 0.577139 0.297958
vt 0.555399 0.292879
vt 0.554784 0.293453
vt 0.533880 0.289122
vt 0.512964 0.284846
vt 0.512581 0.286687
vt 0.553359 0.296149
vt 0.533998 0.294670
vt 0.514627 0.293269
vt 0.513312 0.290945
vt 0.512125 0.288587
vt 0.431397 0.454612
vt 0.433350 0.451616
vt 0.434194 0.448053
vt 0.452336 0.445475
vt 0.470349 0.443628
vt 0.473144 0.440682
vt 0.436643 0.433321
vt 0.417235 0.434285
vt 0.437622 0.429699
vt 0.456542 0.432524
vt 0.476441 0.431713
vt 0.475178 0.434656
vt 0.474013 0.437604
vt 0.493530 0.436095
vt 0.557482 0.427790
vt 0.558889 0.427003
vt 0.579602 0.426543
vt 0.557730 0.428424
vt 0.557889 0.429029
vt 0.535944 0.431454
vt 0.513996 0.433940
vt 0.514243 0.435635
vt 0.559807 0.431330
vt 0.562205 0.431556
vt 0.538990 0.435810
vt 0.518178 0.440347
vt 0.516200 0.438863
vt 0.514432 0.437310
vt 0.436780 0.503290
vt 0.415832 0.507213
vt 0.457728 0.499368
vt 0.478676 0.495446
vt 0.478783 0.538972
vt 0.478890 0.582498
vt 0.499915 0.580914
vt 0.562467 0.479757
vt 0.583415 0.475835
vt 0.562729 0.527958
vt 0.562991 0.576160
vt 0.584016 0.574575
vt 0.541966 0.577745
vt 0.520940 0.579329
vt 0.521125 0.625193
vt 0.564038 0.768966
vt 0.585218 0.772056
vt 0.542858 0.765875
vt 0.521679 0.762785
vt 0.521494 0.716921
vt 0.521309 0.671057
vt 0.437176 0.820049
vt 0.438389 0.823963
vt 0.436565 0.815898
vt 0.435801 0.811757
vt 0.455526 0.813026
vt 0.475253 0.814270
vt 0.474054 0.811088
vt 0.435963 0.795262
vt 0.456760 0.798980
vt 0.477557 0.802671
vt 0.476121 0.805352
vt 0.474850 0.808077
vt 0.439982 0.962644
vt 0.460322 0.962153
vt 0.480659 0.961640
vt 0.479213 0.965107
vt 0.477899 0.968580
vt 0.497546 0.967004
vt 0.562313 0.961419
vt 0.565584 0.958381
vt 0.565584 0.963618
vt 0.542114 0.966552
vt 0.521993 0.971699
vt 0.524014 0.974013
vt 0.519434 0.969427
vt 0.516754 0.967169
vt 0.436280 0.839406
vt 0.417711 0.841048
vt 0.456640 0.839404
vt 0.476991 0.839414
vt 0.474402 0.855992
vt 0.471840 0.872473
vt 0.491676 0.873726
vt 0.561165 0.840275
vt 0.585625 0.838551
vt 0.560814 0.856733
vt 0.560163 0.873285
vt 0.585837 0.872799
vt 0.536540 0.874045
vt 0.512871 0.874846
vt 0.512801 0.890488
vt 0.561972 0.939949
vt 0.586263 0.941297
vt 0.540674 0.940583
vt 0.519427 0.941257
vt 0.516187 0.923647
vt 0.513237 0.906126
vt 0.412210 0.841382
vt 0.412500 0.858161
vt 0.412789 0.874943
vt 0.407250 0.875237
vt 0.401712 0.875545
vt 0.401963 0.892275
vt 0.414135 0.941612
vt 0.408515 0.941747
vt 0.402896 0.941880
vt 0.402586 0.925378
vt 0.402276 0.908875
vt 0.396695 0.909039
vt 0.380602 0.941984
vt 0.320156 0.003421
vt 0.375211 0.941682
vt 0.380537 0.925271
vt 0.380472 0.908556
vt 0.375176 0.908172
vt 0.385823 0.908819
vt 0.391175 0.909071
vt 0.218035 0.033111
vt 0.217366 0.001200
vt 0.235376 0.033688
vt 0.252717 0.034264
vt 0.251629 0.001940
vt 0.253805 0.066588
vt 0.254893 0.098912
vt 0.272653 0.099902
vt 0.322082 0.036571
vt 0.320156 0.003421
vt 0.324008 0.069721
vt 0.325934 0.102871
vt 0.308173 0.101881
vt 0.290413 0.100892
vt 0.291920 0.133629
vt 0.333637 0.235470
vt 0.335563 0.268620
vt 0.315039 0.233655
vt 0.296441 0.231839
vt 0.297948 0.264576
vt 0.294934 0.199102
vt 0.293427 0.166365
vt 0.375613 0.290648
vt 0.380654 0.294409
vt 0.386662 0.297295
vt 0.386701 0.313851
vt 0.385813 0.330111
vt 0.390565 0.334807
vt 0.412787 0.307138
vt 0.419755 0.309179
vt 0.412374 0.324414
vt 0.411963 0.341692
vt 0.404802 0.339452
vt 0.397642 0.337207
vt 0.397040 0.354291
vt 0.411822 0.411111
vt 0.417745 0.412867
vt 0.412175 0.429231
vt 0.406133 0.409908
vt 0.400451 0.408703
vt 0.399231 0.390382
vt 0.397991 0.372056
vt 0.391469 0.370654
vt 0.383011 0.409550
vt 0.380759 0.423722
vt 0.374893 0.422693
vt 0.380563 0.407279
vt 0.379094 0.405155
vt 0.384133 0.389589
vt 0.388323 0.372813
vt 0.385603 0.369626
vt 0.370811 0.401256
vt 0.368470 0.403011
vt 0.370350 0.383134
vt 0.369596 0.364920
vt 0.364442 0.365191
vt 0.375179 0.365665
vt 0.380761 0.367054
vt 0.578977 0.410563
vt 0.579602 0.426543
vt 0.578491 0.410465
vt 0.578355 0.394477
vt 0.577733 0.378390
vt 0.578198 0.378460
vt 0.578662 0.378515
vt 0.578019 0.362415
vt 0.575254 0.313953
vt 0.574832 0.313934
vt 0.574639 0.297862
vt 0.575680 0.313992
vt 0.576105 0.314021
vt 0.576742 0.330152
vt 0.577379 0.346283
vt 0.577826 0.346342
vt 0.577816 0.314055
vt 0.577139 0.297958
vt 0.578250 0.314036
vt 0.578499 0.330142
vt 0.579182 0.346230
vt 0.578728 0.346270
vt 0.578275 0.346332
vt 0.412316 0.253314
vt 0.411875 0.252580
vt 0.420090 0.250948
vt 0.412412 0.254216
vt 0.412557 0.255103
vt 0.404906 0.257418
vt 0.397255 0.259731
vt 0.397573 0.260552
vt 0.413201 0.258707
vt 0.420090 0.256638
vt 0.413280 0.259673
vt 0.406243 0.260819
vt 0.399282 0.262929
vt 0.398737 0.262123
vt 0.398151 0.261329
vt 0.390763 0.263587
vt 0.371061 0.271654
vt 0.372422 0.272192
vt 0.364207 0.273823
vt 0.369847 0.271109
vt 0.368544 0.270595
vt 0.375961 0.268241
vt 0.383380 0.265890
vt 0.383341 0.427435
vt 0.388130 0.428154
vt 0.392833 0.428814
vt 0.394807 0.432358
vt 0.396850 0.435904
vt 0.400790 0.436336
vt 0.412681 0.432995
vt 0.412846 0.436953
vt 0.413057 0.440912
vt 0.409051 0.439321
vt 0.405034 0.437767
vt 0.374893 0.422693
vt 0.374893 0.422693
vt 0.374893 0.422693
vt 0.374263 0.422583
vt 0.373634 0.422473
vt 0.373634 0.422473
vt 0.374893 0.422693
vt 0.375523 0.422804
vt 0.374263 0.422583
vt 0.373634 0.422472
vt 0.373634 0.422472
vt 0.373634 0.422473
vt 0.373004 0.422362
vt 0.371114 0.422031
vt 0.370485 0.421920
vt 0.371114 0.422031
vt 0.371114 0.422031
vt 0.371744 0.422141
vt 0.372374 0.422252
vt 0.410948 0.458187
vt 0.410948 0.458187
vt 0.410948 0.458187
vt 0.405887 0.453133
vt 0.400826 0.448078
vt 0.400826 0.448078
vt 0.410948 0.458187
vt 0.416009 0.463242
vt 0.405887 0.453133
vt 0.400826 0.448078
vt 0.400826 0.448078
vt 0.400826 0.448078
vt 0.395766 0.443023
vt 0.380584 0.427859
vt 0.380584 0.427859
vt 0.380584 0.427859
vt 0.385644 0.432913
vt 0.390705 0.437968
vt 0.415862 0.466699
vt 0.415862 0.466699
vt 0.415862 0.466699
vt 0.415883 0.466205
vt 0.415904 0.465711
vt 0.415904 0.465711
vt 0.415862 0.466699
vt 0.415841 0.467193
vt 0.415883 0.466205
vt 0.415904 0.465711
vt 0.415904 0.465711
vt 0.415904 0.465711
vt 0.415925 0.465217
vt 0.415988 0.463736
vt 0.415988 0.463736
vt 0.415988 0.463736
vt 0.415967 0.464230
vt 0.415946 0.464724
vt 0.376154 0.427579
vt 0.376154 0.427579
vt 0.376154 0.427579
vt 0.376154 0.427579
vt 0.381824 0.433238
vt 0.387493 0.438898
vt 0.387493 0.438897
vt 0.376154 0.427579
vt 0.381824 0.433238
vt 0.387493 0.438898
vt 0.387493 0.438897
vt 0.387493 0.438898
vt 0.393163 0.444557
vt 0.410172 0.461534
vt 0.410172 0.461534
vt 0.410172 0.461534
vt 0.404502 0.455875
vt 0.398832 0.450216
vt 0.411875 0.252580
vt 0.411875 0.252580
vt 0.411875 0.252580
vt 0.403660 0.255161
vt 0.395445 0.257741
vt 0.395445 0.257741
vt 0.411875 0.252580
vt 0.420090 0.250000
vt 0.403660 0.255161
vt 0.395445 0.257741
vt 0.395445 0.257741
vt 0.395445 0.257741
vt 0.387231 0.260321
vt 0.362586 0.268062
vt 0.354371 0.270642
vt 0.362586 0.268062
vt 0.362586 0.268062
vt 0.370801 0.265482
vt 0.379016 0.262901
vt 0.420090 0.256638
vt 0.420090 0.256638
vt 0.420090 0.256638
vt 0.420090 0.255690
vt 0.420090 0.254742
vt 0.420090 0.254742
vt 0.420090 0.256638
vt 0.420090 0.257587
vt 0.420090 0.255690
vt 0.420090 0.254742
vt 0.420090 0.254742
vt 0.420090 0.254742
vt 0.420090 0.253793
vt 0.420090 0.250948
vt 0.420090 0.250948
vt 0.420090 0.250948
vt 0.420090 0.251897
vt 0.420090 0.252845
vt 0.372422 0.272192
vt 0.372422 0.272192
vt 0.372422 0.272192
vt 0.379232 0.270105
vt 0.386041 0.268019
vt 0.386042 0.268019
vt 0.372422 0.272192
vt 0.365612 0.274278
vt 0.379232 0.270105
vt 0.386042 0.268019
vt 0.386041 0.268019
vt 0.386041 0.268019
vt 0.392851 0.265932
vt 0.413281 0.259673
vt 0.413280 0.259673
vt 0.413280 0.259673
vt 0.406471 0.261760
vt 0.399661 0.263846
vt 0.355776 0.271097
vt 0.355776 0.271097
vt 0.355776 0.271097
vt 0.357181 0.271551
vt 0.358586 0.272006
vt 0.358586 0.272006
vt 0.355776 0.271097
vt 0.357181 0.271551
vt 0.358586 0.272006
vt 0.358586 0.272006
vt 0.358586 0.272006
vt 0.359992 0.272460
vt 0.364207 0.273824
vt 0.364207 0.273823
vt 0.364207 0.273823
vt 0.362802 0.273369
vt 0.361397 0.272915
vt 0.555123 0.409500
vt 0.534593 0.410342
vt 0.514085 0.411258
vt 0.511008 0.394069
vt 0.508198 0.376951
vt 0.488132 0.378184
vt 0.435565 0.413929
vt 0.435204 0.396459
vt 0.434816 0.378914
vt 0.452040 0.379287
vt 0.469284 0.379651
vt 0.468256 0.361352
vt 0.436942 0.308362
vt 0.455719 0.309277
vt 0.474504 0.310183
vt 0.471886 0.326668
vt 0.469281 0.343077
vt 0.579602 0.426543
vt 0.579602 0.426543
vt 0.579602 0.426543
vt 0.580104 0.426531
vt 0.580606 0.426520
vt 0.580606 0.426520
vt 0.579602 0.426543
vt 0.579101 0.426554
vt 0.580104 0.426531
vt 0.580606 0.426520
vt 0.580606 0.426520
vt 0.580606 0.426520
vt 0.581107 0.426509
vt 0.582613 0.426476
vt 0.583114 0.426464
vt 0.582613 0.426476
vt 0.582613 0.426476
vt 0.582111 0.426487
vt 0.581609 0.426498
vt 0.574832 0.313934
vt 0.574832 0.313934
vt 0.574832 0.313934
vt 0.575442 0.330023
vt 0.576052 0.346111
vt 0.576052 0.346111
vt 0.574832 0.313934
vt 0.574222 0.297846
vt 0.575442 0.330023
vt 0.576052 0.346111
vt 0.576052 0.346111
vt 0.576052 0.346111
vt 0.576662 0.362200
vt 0.578491 0.410465
vt 0.578491 0.410465
vt 0.578491 0.410465
vt 0.577881 0.394377
vt 0.577271 0.378288
vt 0.577139 0.297958
vt 0.577139 0.297958
vt 0.577139 0.297958
vt 0.576722 0.297942
vt 0.576305 0.297926
vt 0.576306 0.297926
vt 0.577139 0.297958
vt 0.577555 0.297974
vt 0.576722 0.297942
vt 0.576306 0.297926
vt 0.576306 0.297926
vt 0.576306 0.297926
vt 0.575889 0.297910
vt 0.574639 0.297862
vt 0.574639 0.297862
vt 0.574639 0.297862
vt 0.575056 0.297878
vt 0.575472 0.297894
vt 0.582419 0.410403
vt 0.582419 0.410403
vt 0.582419 0.410403
vt 0.582419 0.410403
vt 0.581725 0.394342
vt 0.581030 0.378281
vt 0.581030 0.378281
vt 0.582419 0.410403
vt 0.581725 0.394342
vt 0.581030 0.378281
vt 0.581030 0.378281
vt 0.581030 0.378281
vt 0.580335 0.362219
vt 0.578250 0.314036
vt 0.578250 0.314036
vt 0.578250 0.314036
vt 0.578945 0.330097
vt 0.579640 0.346158
vn -0.596591 0.000006 0.802546
vn -0.596591 0.000006 0.802546
vn -0.596591 0.000006 0.802546
vn -0.596591 0.000006 0.802546
vn 0.000000 1.000000 0.000000
vn 0.000000 1.000000 0.000000
vn 0.000000 1.000000 0.000000
vn 0.000000 1.000000 0.000000
vn 0.000000 -1.000000 -0.000000
vn 0.000000 -1.000000 -0.000000
vn 0.000000 -1.000000 -0.000000
vn 0.000000 -1.000000 -0.000000
vn -0.571200 0.000003 -0.820811
vn -0.571200 0.000003 -0.820811
vn -0.571200 0.000003 -0.820811
vn -0.571200 0.000003 -0.820811
vn -0.000000 -1.000000 0.000000
vn -0.000000 -1.000000 0.000000
vn -0.000000 -1.000000 0.000000
vn -0.000000 -1.000000 0.000000
vn 1.000000 0.000000 0.000000
vn 1.000000 0.000000 0.000000
vn 1.000000 0.000000 0.000000
vn 1.000000 0.000000 0.000000
vn 0.000003 1.000000 0.000006
vn 0.000003 1.000000 0.000006
vn 0.000003 1.000000 0.000006
vn 0.000003 1.000000 0.000006
vn 0.432762 -0.000001 0.901508
vn 0.432762 -0.000001 0.901508
vn 0.432762 -0.000001 0.901508
vn 0.432762 -0.000001 0.901508
vn -0.000000 1.000000 -0.000000
vn -0.000000 1.000000 -0.000000
vn -0.000000 1.000000 -0.000000
vn -0.000000 1.000000 -0.000000
vn 0.000000 1.000000 -0.000000
vn 0.000000 1.000000 -0.000000
vn 0.000000 1.000000 -0.000000
vn 0.000000 1.000000 -0.000000
vn 0.441250 -0.000001 -0.897384
vn 0.441250 -0.000001 -0.897384
vn 0.441250 -0.000001 -0.897384
vn 0.441250 -0.000001 -0.897384
vn -0.000000 -1.000000 -0.000000
vn -0.000000 -1.000000 -0.000000
vn -0.000000 -1.000000 -0.000000
vn -0.000000 -1.000000 -0.000000
vn -0.000000 -1.000000 -0.000000
vn -0.000000 -1.000000 -0.000000
vn -0.000000 -1.000000 -0.000000
vn -0.000000 -1.000000 -0.000000
vn -0.000000 -1.000000 0.000000
vn -0.000000 -1.000000 0.000000
vn -0.000000 -1.000000 0.000000
vn -0.000000 -1.000000 0.000000
vn -0.000000 -1.000000 -0.000000
vn -0.000000 -1.000000 -0.000000
vn -0.000000 -1.000000 -0.000000
vn -0.000000 -1.000000 -0.000000
vn -0.998765 0.000008 -0.049690
vn -0.998765 0.000008 -0.049690
vn -0.998765 0.000008 -0.049690
vn -0.998765 0.000008 -0.049690
vn -0.000000 1.000000 0.000000
vn -0.000000 1.000000 0.000000
vn -0.000000 1.000000 0.000000
vn -0.000000 1.000000 0.000000
vn -0.000005 1.000000 0.000000
vn -0.000005 1.000000 0.000000
vn -0.000005 1.000000 0.000000
vn -0.000005 1.000000 0.000000
vn -0.000002 1.000000 0.000000
vn -0.000002 1.000000 0.000000
vn -0.000002 1.000000 0.000000
vn -0.000002 1.000000 0.000000
vn 0.000000 1.000000 -0.000000
vn 0.000000 1.000000 -0.000000
vn 0.000000 1.000000 -0.000000
vn 0.000000 1.000000 -0.000000
vn -0.181485 -0.000000 0.983394
vn -0.181485 -0.000000 0.983394
vn -0.181485 -0.000000 0.983394
vn -0.181485 -0.000000 0.983394
vn 0.571531 -0.000001 0.820580
vn 0.571531 -0.000001 0.820580
vn 0.571531 -0.000001 0.820580
vn 0.571531 -0.000001 0.820580
vn 0.983395 -0.000002 0.181480
vn 0.983395 -0.000002 0.181480
vn 0.983395 -0.000002 0.181480
vn 0.983395 -0.000002 0.181480
vn -0.571200 0.000000 -0.820811
vn -0.571200 0.000000 -0.820811
vn -0.571200 0.000000 -0.820811
vn -0.571200 0.000000 -0.820811
vn -0.596591 0.000000 0.802545
vn -0.596591 0.000000 0.802545
vn -0.596591 0.000000 0.802545
vn -0.596591 0.000000 0.802545
vn 0.981756 0.000002 -0.190147
vn 0.981756 0.000002 -0.190147
vn 0.981756 0.000002 -0.190147
vn 0.981756 0.000002 -0.190147
vn 0.591712 -0.000002 -0.806149
vn 0.591712 -0.000002 -0.806149
vn 0.591712 -0.000002 -0.806149
vn 0.591712 -0.000002 -0.806149
vn -0.190157 -0.000001 -0.981754
vn -0.190157 -0.000001 -0.981754
vn -0.190157 -0.000001 -0.981754
vn -0.190157 -0.000001 -0.981754
vn 0.000000 1.000000 -0.000000
vn 0.000000 1.000000 -0.000000
vn 0.000000 1.000000 -0.000000
vn 0.000000 1.000000 -0.000000
vn 0.319796 -0.000000 -0.947486
vn 0.319796 -0.000000 -0.947486
vn 0.319796 -0.000000 -0.947486
vn 0.319796 -0.000000 -0.947486
vn -0.999964 0.000000 0.008537
vn -0.999964 0.000000 0.008537
vn -0.999964 0.000000 0.008537
vn -0.999964 0.000000 0.008537
vn 0.319783 0.000000 0.947491
vn 0.319783 0.000000 0.947491
vn 0.319783 0.000000 0.947491
vn 0.319783 0.000000 0.947491
vn 1.000000 0.000000 -0.000001
vn 1.000000 0.000000 -0.000001
vn 1.000000 0.000000 -0.000001
vn 1.000000 0.000000 -0.000001
vn -0.596592 0.000000 0.802545
vn -0.596592 0.000000 0.802545
vn -0.596592 0.000000 0.802545
vn -0.596592 0.000000 0.802545
vn -0.596592 0.000000 0.802545
vn -0.596592 0.000000 0.802545
vn -0.596592 0.000000 0.802545
vn -0.596592 0.000000 0.802545
vn -0.596591 0.000000 0.802545
vn -0.596591 0.000000 0.802545
vn -0.596591 0.000000 0.802545
vn -0.596591 0.000000 0.802545
vn -0.000000 1.000000 0.000000
vn -0.000000 1.000000 0.000000
vn -0.000000 1.000000 0.000000
vn -0.000000 1.000000 0.000000
vn 0.000000 1.000000 -0.000000
vn 0.000000 1.000000 -0.000000
vn 0.000000 1.000000 -0.000000
vn 0.000000 1.000000 -0.000000
vn 0.000000 -1.000000 0.000000
vn 0.000000 -1.000000 0.000000
vn 0.000000 -1.000000 0.000000
vn 0.000000 -1.000000 0.000000
vn 0.000000 -1.000000 0.000000
vn 0.000000 -1.000000 0.000000
vn 0.000000 -1.000000 0.000000
vn 0.000000 -1.000000 0.000000
vn -0.571200 0.000000 -0.820811
vn -0.571200 0.000000 -0.820811
vn -0.571200 0.000000 -0.820811
vn -0.571200 0.000000 -0.820811
vn -0.571199 0.000000 -0.820812
vn -0.571199 0.000000 -0.820812
vn -0.571199 0.000000 -0.820812
vn -0.571199 0.000000 -0.820811
vn -0.571200 0.000000 -0.820811
vn -0.571200 0.000000 -0.820811
vn -0.571200 0.000000 -0.820811
vn -0.571200 0.000000 -0.820811
vn -0.000000 -1.000000 0.000000
vn -0.000000 -1.000000 0.000000
vn -0.000000 -1.000000 0.000000
vn -0.000000 -1.000000 0.000000
vn -0.000000 -1.000000 0.000000
vn -0.000000 -1.000000 0.000000
vn -0.000000 -1.000000 0.000000
vn -0.000000 -1.000000 0.000000
vn 1.000000 0.000000 -0.000001
vn 1.000000 0.000000 -0.000001
vn 1.000000 0.000000 -0.000001
vn 1.000000 0.000000 -0.000001
vn 1.000000 0.000000 0.000000
vn 1.000000 0.000000 0.000000
vn 1.000000 0.000000 0.000000
vn 1.000000 0.000000 0.000000
vn 1.000000 0.000004 0.000000
vn 1.000000 0.000004 0.000000
vn 1.000000 0.000004 0.000000
vn 1.000000 0.000004 0.000000
vn 0.000003 1.000000 -0.000007
vn 0.000003 1.000000 -0.000007
vn 0.000003 1.000000 -0.000007
vn 0.000003 1.000000 -0.000007
vn 0.000003 1.000000 0.000003
vn 0.000003 1.000000 0.000003
vn 0.000003 1.000000 0.000003
vn 0.000003 1.000000 0.000003
vn 0.000003 1.000000 0.000000
vn 0.000003 1.000000 0.000000
vn 0.000003 1.000000 0.000000
vn 0.000003 1.000000 0.000000
vn 0.432762 0.000000 0.901509
vn 0.432762 0.000000 0.901508
vn 0.432762 0.000000 0.901508
vn 0.432762 0.000000 0.901509
vn 0.432762 -0.000001 0.901508
vn 0.432762 -0.000001 0.901508
vn 0.432762 -0.000001 0.901508
vn 0.432762 -0.000001 0.901508
vn 0.432762 0.000005 0.901508
vn 0.432762 0.000005 0.901508
vn 0.432762 0.000005 0.901508
vn 0.432762 0.000005 0.901508
vn 0.000000 1.000000 0.000000
vn 0.000000 1.000000 0.000000
vn 0.000000 1.000000 0.000000
vn 0.000000 1.000000 0.000000
vn 0.000000 1.000000 0.000000
vn 0.000000 1.000000 0.000000
vn 0.000000 1.000000 0.000000
vn 0.000000 1.000000 0.000000
vn 0.000000 1.000000 0.000000
vn 0.000000 1.000000 0.000000
vn 0.000000 1.000000 0.000000
vn 0.000000 1.000000 0.000000
vn -0.000000 1.000000 -0.000001
vn -0.000000 1.000000 -0.000001
vn -0.000000 1.000000 -0.000001
vn -0.000000 1.000000 -0.000001
vn 0.000000 1.000000 0.000000
vn 0.000000 1.000000 0.000000
vn 0.000000 1.000000 0.000000
vn 0.000000 1.000000 0.000000
vn -0.000000 1.000000 0.000000
vn -0.000000 1.000000 0.000000
vn -0.000000 1.000000 0.000000
vn -0.000000 1.000000 0.000000
vn 0.000000 1.000000 0.000000
vn 0.000000 1.000000 0.000000
vn 0.000000 1.000000 0.000000
vn 0.000000 1.000000 0.000000
vn -0.000000 1.000000 0.000000
vn -0.000000 1.000000 0.000000
vn -0.000000 1.000000 0.000000
vn -0.000000 1.000000 0.000000
vn 0.441250 0.000000 -0.897384
vn 0.441250 0.000000 -0.897384
vn 0.441250 0.000000 -0.897384
vn 0.441250 0.000000 -0.897385
vn 0.441250 0.000001 -0.897384
vn 0.441250 0.000001 -0.897384
vn 0.441250 0.000001 -0.897384
vn 0.441250 0.000001 -0.897384
vn 0.441250 -0.000002 -0.897384
vn 0.441250 -0.000002 -0.897384
vn 0.441250 -0.000002 -0.897384
vn 0.441250 -0.000002 -0.897384
vn -0.000000 -1.000000 -0.000000
vn -0.000000 -1.000000 -0.000000
vn -0.000000 -1.000000 -0.000000
vn -0.000000 -1.000000 -0.000000
vn -0.000000 -1.000000 0.000000
vn -0.000000 -1.000000 0.000000
vn -0.000000 -1.000000 0.000000
vn -0.000000 -1.000000 0.000000
vn -0.000000 -1.000000 -0.000000
vn -0.000000 -1.000000 -0.000000
vn -0.000000 -1.000000 -0.000000
vn -0.000000 -1.000000 -0.000000
vn -0.000000 -1.000000 0.000000
vn -0.000000 -1.000000 0.000000
vn -0.000000 -1.000000 0.000000
vn -0.000000 -1.000000 0.000000
vn -0.000000 -1.000000 0.000000
vn -0.000000 -1.000000 0.000000
vn -0.000000 -1.000000 0.000000
vn -0.000000 -1.000000 0.000000
vn -0.000000 -1.000000 -0.000000
vn -0.000000 -1.000000 -0.000000
vn -0.000000 -1.000000 -0.000000
vn -0.000000 -1.000000 -0.000000
vn -0.000000 -1.000000 0.000000
vn -0.000000 -1.000000 0.000000
vn -0.000000 -1.000000 0.000000
vn -0.000000 -1.000000 0.000000
vn 0.000000 -1.000000 0.000000
vn 0.000000 -1.000000 0.000000
vn 0.000000 -1.000000 0.000000
vn 0.000000 -1.000000 0.000000
vn -0.000000 -1.000000 0.000000
vn -0.000000 -1.000000 0.000000
vn -0.000000 -1.000000 0.000000
vn -0.000000 -1.000000 0.000000
vn -0.000000 -1.000000 -0.000000
vn -0.000000 -1.000000 -0.000000
vn -0.000000 -1.000000 -0.000000
vn -0.000000 -1.000000 -0.000000
vn -0.998765 -0.000009 -0.049689
vn -0.998765 -0.000009 -0.049689
vn -0.998765 -0.000009 -0.049689
vn -0.998765 -0.000009 -0.049689
vn -0.998765 0.000000 -0.049689
vn -0.998765 0.000000 -0.049689
vn -0.998765 0.000000 -0.049689
vn -0.998765 0.000000 -0.049689
vn -0.998765 0.000000 -0.049690
vn -0.998765 0.000000 -0.049690
vn -0.998765 0.000000 -0.049690
vn -0.998765 0.000000 -0.049690
vn 0.000000 1.000000 0.000000
vn 0.000000 1.000000 0.000000
vn 0.000000 1.000000 0.000000
vn 0.000000 1.000000 0.000000
vn -0.000000 1.000000 -0.000000
vn -0.000000 1.000000 -0.000000
vn -0.000000 1.000000 -0.000000
vn -0.000000 1.000000 -0.000000
vn -0.000000 1.000000 0.000000
vn -0.000000 1.000000 0.000000
vn -0.000000 1.000000 0.000000
vn -0.000000 1.000000 0.000000
vn -0.000000 1.000000 -0.000000
vn -0.000000 1.000000 -0.000000
vn -0.000000 1.000000 -0.000000
vn -0.000000 1.000000 -0.000000
vn 0.000000 1.000000 0.000000
vn 0.000000 1.000000 0.000000
vn 0.000000 1.000000 0.000000
vn 0.000000 1.000000 0.000000
vn 0.000009 1.000000 0.000000
vn 0.000009 1.000000 0.000000
vn 0.000009 1.000000 0.000000
vn 0.000009 1.000000 0.000000
vn -0.000005 1.000000 0.000000
vn -0.000005 1.000000 0.000000
vn -0.000005 1.000000 0.000000
vn -0.000005 1.000000 0.000000
vn 0.000000 1.000000 0.000000
vn 0.000000 1.000000 0.000000
vn 0.000000 1.000000 0.000000
vn 0.000000 1.000000 0.000000
vn 0.000000 1.000000 -0.000005
vn 0.000000 1.000000 -0.000005
vn 0.000000 1.000000 -0.000005
vn 0.000000 1.000000 -0.000005
vn -0.000002 1.000000 0.000004
vn -0.000002 1.000000 0.000004
vn -0.000002 1.000000 0.000004
vn -0.000002 1.000000 0.000004
vn 0.000000 1.000000 0.000002
vn 0.000000 1.000000 0.000002
vn 0.000000 1.000000 0.000002
vn 0.000000 1.000000 0.000002
vn -0.000000 1.000000 0.000000
vn -0.000000 1.000000 0.000000
vn -0.000000 1.000000 0.000000
vn -0.000000 1.000000 0.000000
vn 0.000000 1.000000 -0.000000
vn 0.000000 1.000000 -0.000000
vn 0.000000 1.000000 -0.000000
vn 0.000000 1.000000 -0.000000
vn -0.181475 -0.000001 0.983396
vn -0.181475 -0.000001 0.983396
vn -0.181475 -0.000001 0.983395
vn -0.181475 -0.000001 0.983395
vn -0.181472 -0.000000 0.983396
vn -0.181472 -0.000000 0.983396
vn -0.181472 -0.000000 0.983396
vn -0.181472 -0.000000 0.983396
vn -0.181473 0.000000 0.983396
vn -0.181473 0.000000 0.983396
vn -0.181473 0.000000 0.983396
vn -0.181473 0.000000 0.983396
vn 0.571531 0.000000 0.820580
vn 0.571531 0.000000 0.820580
vn 0.571531 0.000000 0.820580
vn 0.571531 0.000000 0.820580
vn 0.571531 0.000000 0.820580
vn 0.571531 0.000000 0.820580
vn 0.571531 0.000000 0.820580
vn 0.571531 0.000000 0.820580
vn 0.571532 0.000000 0.820580
vn 0.571532 0.000000 0.820580
vn 0.571532 0.000000 0.820580
vn 0.571532 0.000000 0.820580
vn 0.983393 0.000002 0.181487
vn 0.983393 0.000002 0.181487
vn 0.983393 0.000002 0.181487
vn 0.983393 0.000002 0.181487
vn 0.983396 0.000002 0.181472
vn 0.983396 0.000002 0.181472
vn 0.983396 0.000002 0.181472
vn 0.983396 0.000002 0.181472
vn 0.983396 -0.000002 0.181472
vn 0.983396 -0.000002 0.181472
vn 0.983396 -0.000002 0.181472
vn 0.983396 -0.000002 0.181472
vn -0.571198 0.000001 -0.820812
vn -0.571198 0.000001 -0.820812
vn -0.571198 0.000001 -0.820812
vn -0.571198 0.000001 -0.820812
vn -0.571200 -0.000002 -0.820811
vn -0.571200 -0.000002 -0.820811
vn -0.571200 -0.000002 -0.820811
vn -0.571200 -0.000002 -0.820811
vn -0.571199 0.000000 -0.820811
vn -0.571199 0.000000 -0.820811
vn -0.571199 0.000000 -0.820811
vn -0.571199 0.000000 -0.820811
vn -0.596591 0.000001 0.802545
vn -0.596591 0.000001 0.802545
vn -0.596591 0.000001 0.802545
vn -0.596591 0.000001 0.802545
vn -0.596592 0.000003 0.802545
vn -0.596592 0.000003 0.802545
vn -0.596592 0.000003 0.802545
vn -0.596592 0.000003 0.802545
vn -0.596592 -0.000001 0.802544
vn -0.596592 -0.000001 0.802544
vn -0.596592 -0.000001 0.802544
vn -0.596592 -0.000001 0.802544
vn 0.981756 0.000001 -0.190148
vn 0.981756 0.000001 -0.190148
vn 0.981755 0.000001 -0.190148
vn 0.981755 0.000001 -0.190148
vn 0.981756 -0.000002 -0.190148
vn 0.981756 -0.000002 -0.190148
vn 0.981756 -0.000002 -0.190148
vn 0.981756 -0.000002 -0.190148
vn 0.981756 0.000001 -0.190144
vn 0.981756 0.000001 -0.190144
vn 0.981756 0.000001 -0.190144
vn 0.981756 0.000001 -0.190144
vn 0.591712 0.000003 -0.806149
vn 0.591712 0.000003 -0.806149
vn 0.591712 0.000003 -0.806149
vn 0.591712 0.000003 -0.806149
vn 0.591713 -0.000001 -0.806149
vn 0.591713 -0.000001 -0.806149
vn 0.591713 -0.000001 -0.806149
vn 0.591713 -0.000001 -0.806149
vn 0.591712 0.000002 -0.806149
vn 0.591712 0.000002 -0.806149
vn 0.591712 0.000002 -0.806149
vn 0.591712 0.000002 -0.806149
vn -0.190145 -0.000001 -0.981756
vn -0.190145 -0.000001 -0.981756
vn -0.190145 -0.000001 -0.981756
vn -0.190145 -0.000001 -0.981756
vn -0.190154 0.000000 -0.981754
vn -0.190154 0.000000 -0.981754
vn -0.190154 0.000000 -0.981754
vn -0.190154 0.000000 -0.981754
vn -0.190143 -0.000001 -0.981756
vn -0.190143 -0.000001 -0.981756
vn -0.190143 -0.000001 -0.981756
vn -0.190143 -0.000001 -0.981756
vn -0.000000 1.000000 0.000000
vn -0.000000 1.000000 0.000000
vn -0.000000 1.000000 0.000000
vn -0.000000 1.000000 0.000000
vn -0.000000 1.000000 0.000000
vn -0.000000 1.000000 0.000000
vn -0.000000 1.000000 0.000000
vn -0.000000 1.000000 0.000000
vn 0.000000 1.000000 0.000000
vn 0.000000 1.000000 0.000000
vn 0.000000 1.000000 0.000000
vn 0.000000 1.000000 0.000000
vn 0.319797 -0.000000 -0.947486
vn 0.319797 -0.000000 -0.947486
vn 0.319797 -0.000000 -0.947486
vn 0.319797 -0.000000 -0.947486
vn 0.319793 0.000000 -0.947488
vn 0.319793 0.000000 -0.947488
vn 0.319793 0.000000 -0.947488
vn 0.319793 0.000000 -0.947488
vn 0.319788 0.000000 -0.947489
vn 0.319788 0.000000 -0.947489
vn 0.319788 0.000000 -0.947489
vn 0.319788 0.000000 -0.947489
vn -0.999964 -0.000000 0.008538
vn -0.999964 -0.000000 0.008538
vn -0.999964 -0.000000 0.008538
vn -0.999964 -0.000000 0.008538
vn -0.999964 0.000001 0.008538
vn -0.999964 0.000001 0.008538
vn -0.999964 0.000001 0.008538
vn -0.999964 0.000001 0.008538
vn -0.999964 0.000002 0.008537
vn -0.999964 0.000002 0.008537
vn -0.999964 0.000002 0.008537
vn -0.999964 0.000002 0.008537
vn 0.319804 -0.000000 0.947484
vn 0.319804 -0.000000 0.947484
vn 0.319804 -0.000000 0.947484
vn 0.319804 -0.000000 0.947484
vn 0.319784 0.000001 0.947490
vn 0.319784 0.000001 0.947490
vn 0.319784 0.000001 0.947490
vn 0.319784 0.000001 0.947490
vn 0.319797 -0.000000 0.947486
vn 0.319797 -0.000000 0.947486
vn 0.319796 -0.000000 0.947486
vn 0.319797 -0.000000 0.947486
vn 1.000000 0.000000 0.000000
vn 1.000000 0.000000 0.000000
vn 1.000000 0.000000 0.000000
vn 1.000000 0.000000 0.000000
vn 1.000000 0.000000 0.000001
vn 1.000000 0.000000 0.000001
vn 1.000000 0.000000 0.000001
vn 1.000000 0.000000 0.000001
vn 1.000000 0.000000 0.000001
vn 1.000000 0.000000 0.000001
vn 1.000000 0.000000 0.000001
vn 1.000000 0.000000 0.000001
vn -0.596592 -0.000001 0.802545
vn -0.596592 -0.000001 0.802545
vn -0.596592 -0.000001 0.802545
vn -0.596592 -0.000001 0.802545
vn -0.596591 -0.000003 0.802545
vn -0.596591 -0.000003 0.802545
vn -0.596591 -0.000003 0.802545
vn -0.596591 -0.000003 0.802545
vn -0.596592 0.000004 0.802545
vn -0.596592 0.000004 0.802545
vn -0.596592 0.000004 0.802545
vn -0.596592 0.000004 0.802545
vn -0.000000 1.000000 0.000000
vn -0.000000 1.000000 -0.000000
vn -0.000000 1.000000 -0.000000
vn -0.000000 1.000000 0.000000
vn -0.000000 1.000000 0.000000
vn -0.000000 1.000000 0.000000
vn -0.000000 1.000000 0.000000
vn -0.000000 1.000000 0.000000
vn -0.000000 1.000000 0.000000
vn -0.000000 1.000000 0.000000
vn -0.000000 1.000000 0.000000
vn -0.000000 1.000000 0.000000
vn 0.000000 -1.000000 0.000000
vn 0.000000 -1.000000 0.000000
vn 0.000000 -1.000000 0.000000
vn 0.000000 -1.000000 0.000000
vn 0.000000 -1.000000 0.000000
vn 0.000000 -1.000000 0.000000
vn 0.000000 -1.000000 0.000000
vn 0.000000 -1.000000 0.000000
vn 0.000000 -1.000000 0.000000
vn 0.000000 -1.000000 0.000000
vn 0.000000 -1.000000 0.000000
vn 0.000000 -1.000000 0.000000
vn -0.571200 0.000009 -0.820811
vn -0.571200 0.000009 -0.820811
vn -0.571200 0.000009 -0.820811
vn -0.571200 0.000009 -0.820811
vn -0.571199 -0.000001 -0.820812
vn -0.571199 -0.000001 -0.820812
vn -0.571199 -0.000001 -0.820812
vn -0.571199 -0.000001 -0.820812
vn -0.571200 0.000000 -0.820811
vn -0.571199 0.000000 -0.820811
vn -0.571199 0.000000 -0.820811
vn -0.571200 0.000000 -0.820811
vn -0.000000 -1.000000 0.000000
vn -0.000000 -1.000000 0.000000
vn -0.000000 -1.000000 0.000000
vn -0.000000 -1.000000 0.000000
vn 0.000000 -1.000000 0.000000
vn -0.000000 -1.000000 0.000000
vn -0.000000 -1.000000 0.000000
vn 0.000000 -1.000000 0.000000
vn 0.000000 -1.000000 0.000000
vn 0.000000 -1.000000 0.000000
vn 0.000000 -1.000000 0.000000
vn 0.000000 -1.000000 0.000000
vn 1.000000 0.000000 -0.000001
vn 1.000000 0.000000 -0.000001
vn 1.000000 0.000000 -0.000001
vn 1.000000 0.000000 -0.000001
vn 1.000000 0.000000 0.000000
vn 1.000000 0.000000 0.000000
vn 1.000000 0.000000 0.000000
vn 1.000000 0.000000 0.000000
vn 1.000000 0.000000 0.000000
vn 1.000000 0.000000 0.000000
vn 1.000000 0.000000 0.000000
vn 1.000000 0.000000 0.000000
vn 0.000000 1.000000 0.000013
vn 0.000000 1.000000 0.000013
vn 0.000000 1.000000 0.000013
vn 0.000000 1.000000 0.000013
vn 0.000003 1.000000 0.000002
vn 0.000003 1.000000 0.000002
vn 0.000003 1.000000 0.000002
vn 0.000003 1.000000 0.000002
vn 0.000000 1.000000 -0.000007
vn 0.000000 1.000000 -0.000007
vn 0.000000 1.000000 -0.000007
vn 0.000000 1.000000 -0.000007
vn 0.432762 0.000000 0.901508
vn 0.432762 0.000000 0.901508
vn 0.432762 0.000000 0.901508
vn 0.432762 0.000000 0.901508
vn 0.432762 0.000000 0.901508
vn 0.222108 0.000000 0.975022
vn 0.222108 0.000000 0.975022
vn 0.432762 0.000000 0.901508
vn 0.432762 -0.000003 0.901508
vn 0.432762 -0.000003 0.901508
vn 0.432762 -0.000003 0.901508
vn 0.432762 -0.000003 0.901508
vn 0.000000 1.000000 0.000000
vn 0.000000 1.000000 0.000000
vn 0.000000 1.000000 0.000000
vn 0.000000 1.000000 0.000000
vn -0.000000 1.000000 0.000000
vn -0.000000 1.000000 0.000000
vn -0.000000 1.000000 0.000000
vn -0.000000 1.000000 0.000000
vn -0.000000 1.000000 0.000000
vn -0.000000 1.000000 0.000000
vn -0.000000 1.000000 0.000000
vn -0.000000 1.000000 0.000000
vn 0.000000 1.000000 0.000000
vn 0.315243 0.699706 -0.641119
vn 0.396641 0.438144 -0.806663
vn 0.000000 1.000000 0.000000
vn -0.000000 1.000000 0.000000
vn -0.000000 1.000000 0.000000
vn -0.000000 1.000000 0.000000
vn -0.000000 1.000000 0.000000
vn -0.000000 1.000000 0.000000
vn -0.000000 1.000000 0.000000
vn -0.000000 1.000000 0.000000
vn -0.000000 1.000000 0.000000
vn 0.441250 0.000000 -0.897384
vn 0.200061 -0.891309 -0.406870
vn 0.154424 -0.936761 -0.314057
vn 0.441250 0.000000 -0.897384
vn 0.441250 0.000000 -0.897385
vn 0.441250 0.000000 -0.897385
vn 0.441249 0.000000 -0.897384
vn 0.441250 0.000000 -0.897385
vn 0.441250 0.000000 -0.897384
vn 0.441250 0.000000 -0.897384
vn 0.441250 0.000000 -0.897384
vn 0.441250 0.000000 -0.897384
vn -0.000000 -1.000000 0.000000
vn 0.155851 -0.935546 -0.316960
vn 0.348142 -0.614405 -0.708028
vn -0.000000 -1.000000 0.000000
vn -0.000000 -1.000000 -0.000000
vn -0.000000 -1.000000 -0.000000
vn -0.000000 -1.000000 -0.000000
vn -0.000000 -1.000000 -0.000000
vn -0.000000 -1.000000 -0.000000
vn -0.000000 -1.000000 -0.000000
vn -0.000000 -1.000000 -0.000000
vn -0.000000 -1.000000 -0.000000
vn 0.000000 -1.000000 0.000000
vn 0.000000 -1.000000 0.000000
vn 0.000000 -1.000000 0.000000
vn 0.000000 -1.000000 0.000000
vn -0.000000 -1.000000 0.000000
vn -0.000000 -1.000000 0.000000
vn -0.000000 -1.000000 0.000000
vn -0.000000 -1.000000 0.000000
vn -0.000000 -1.000000 -0.000000
vn -0.000000 -1.000000 -0.000000
vn -0.000000 -1.000000 -0.000000
vn -0.000000 -1.000000 -0.000000
vn -0.000000 -1.000000 -0.000000
vn -0.000000 -1.000000 -0.000000
vn -0.000000 -1.000000 -0.000000
vn -0.000000 -1.000000 -0.000000
vn -0.000000 -1.000000 0.000000
vn -0.000000 -1.000000 -0.000000
vn -0.000000 -1.000000 -0.000000
vn -0.000000 -1.000000 0.000000
vn -0.000000 -1.000000 0.000000
vn -0.000000 -1.000000 0.000000
vn -0.000000 -1.000000 0.000000
vn -0.000000 -1.000000 0.000000
vn 0.000000 -1.000000 0.000000
vn 0.000000 -1.000000 0.000000
vn 0.000000 -1.000000 0.000000
vn 0.000000 -1.000000 0.000000
vn 0.000000 -1.000000 0.000000
vn 0.000000 -1.000000 -0.000000
vn 0.000000 -1.000000 -0.000000
vn 0.000000 -1.000000 0.000000
vn 0.000000 -1.000000 0.000000
vn 0.000000 -1.000000 0.000000
vn 0.000000 -1.000000 0.000000
vn 0.000000 -1.000000 0.000000
vn -0.998765 0.000000 -0.049689
vn -0.998765 0.000000 -0.049689
vn -0.998765 0.000000 -0.049689
vn -0.998765 0.000000 -0.049689
vn -0.998765 0.000000 -0.049689
vn -0.960728 0.000000 -0.277494
vn -0.960727 0.000000 -0.277494
vn -0.998765 0.000000 -0.049689
vn -0.998765 -0.000009 -0.049689
vn -0.998765 -0.000009 -0.049689
vn -0.998765 -0.000009 -0.049689
vn -0.998765 -0.000009 -0.049689
vn 0.000000 1.000000 0.000000
vn 0.000000 1.000000 0.000000
vn 0.000000 1.000000 0.000000
vn 0.000000 1.000000 0.000000
vn -0.000000 1.000000 0.000000
vn -0.000000 1.000000 0.000000
vn -0.000000 1.000000 0.000000
vn -0.000000 1.000000 0.000000
vn -0.000000 1.000000 0.000000
vn -0.000000 1.000000 0.000000
vn -0.000000 1.000000 0.000000
vn -0.000000 1.000000 0.000000
vn 0.000005 1.000000 0.000000
vn 0.000005 1.000000 0.000000
vn 0.000005 1.000000 0.000000
vn 0.000005 1.000000 0.000000
vn -0.000005 1.000000 0.000000
vn -0.000005 1.000000 0.000000
vn -0.000005 1.000000 0.000000
vn -0.000005 1.000000 0.000000
vn 0.000005 1.000000 -0.000001
vn 0.000005 1.000000 -0.000001
vn 0.000005 1.000000 -0.000001
vn 0.000005 1.000000 -0.000001
vn 0.000000 1.000000 0.000002
vn 0.000000 1.000000 0.000002
vn 0.000000 1.000000 0.000002
vn 0.000000 1.000000 0.000002
vn 0.000002 1.000000 0.000000
vn 0.000002 1.000000 0.000000
vn 0.000002 1.000000 0.000000
vn 0.000002 1.000000 0.000000
vn 0.000000 1.000000 -0.000007
vn 0.000000 1.000000 -0.000007
vn 0.000000 1.000000 -0.000007
vn 0.000000 1.000000 -0.000007
vn -0.000000 1.000000 0.000000
vn -0.000000 1.000000 0.000000
vn -0.000000 1.000000 0.000000
vn -0.000000 1.000000 0.000000
vn -0.000000 1.000000 -0.000000
vn -0.000000 1.000000 -0.000000
vn -0.000000 1.000000 -0.000000
vn -0.000000 1.000000 -0.000000
vn 0.000000 1.000000 -0.000000
vn 0.000000 1.000000 -0.000000
vn 0.000000 1.000000 -0.000000
vn 0.000000 1.000000 -0.000000
vn -0.181474 -0.000000 0.983396
vn -0.181474 -0.000000 0.983396
vn -0.181474 -0.000000 0.983396
vn -0.181474 -0.000000 0.983396
vn -0.181461 0.000001 0.983398
vn -0.181461 0.000001 0.983398
vn -0.181461 0.000001 0.983398
vn -0.181461 0.000001 0.983398
vn -0.181473 0.000000 0.983396
vn -0.181473 0.000000 0.983396
vn -0.181473 0.000000 0.983396
vn -0.181473 0.000000 0.983396
vn 0.571531 0.000000 0.820580
vn 0.571531 0.000000 0.820580
vn 0.571531 0.000000 0.820580
vn 0.571531 0.000000 0.820580
vn 0.571531 0.000000 0.820580
vn 0.571531 0.000000 0.820580
vn 0.571531 0.000000 0.820580
vn 0.571531 0.000000 0.820580
vn 0.571531 0.000000 0.820581
vn 0.571531 0.000000 0.820581
vn 0.571531 0.000000 0.820581
vn 0.571531 0.000000 0.820581
vn 0.983396 0.000002 0.181470
vn 0.983396 0.000002 0.181470
vn 0.983396 0.000002 0.181470
vn 0.983396 0.000002 0.181470
vn 0.983396 0.000002 0.181475
vn 0.983396 0.000002 0.181475
vn 0.983396 0.000002 0.181475
vn 0.983396 0.000002 0.181475
vn 0.983395 0.000000 0.181480
vn 0.983395 0.000000 0.181480
vn 0.983395 0.000000 0.181480
vn 0.983395 0.000000 0.181480
vn -0.571199 0.000000 -0.820811
vn -0.571199 0.000000 -0.820811
vn -0.571199 0.000000 -0.820811
vn -0.571199 0.000000 -0.820811
vn -0.571199 0.000000 -0.820812
vn -0.571199 0.000000 -0.820812
vn -0.571199 0.000000 -0.820812
vn -0.571199 0.000000 -0.820812
vn -0.571200 0.000001 -0.820811
vn -0.571200 0.000001 -0.820811
vn -0.571200 0.000001 -0.820811
vn -0.571200 0.000001 -0.820811
vn -0.596591 0.000002 0.802546
vn -0.596591 0.000002 0.802546
vn -0.596591 0.000002 0.802546
vn -0.596591 0.000002 0.802546
vn -0.596591 0.000000 0.802545
vn -0.596591 0.000000 0.802545
vn -0.596591 0.000000 0.802545
vn -0.596591 0.000000 0.802545
vn -0.596591 0.000001 0.802546
vn -0.596591 0.000001 0.802546
vn -0.596591 0.000001 0.802546
vn -0.596591 0.000001 0.802545
vn 0.981755 -0.000001 -0.190149
vn 0.981755 -0.000001 -0.190149
vn 0.981755 -0.000001 -0.190149
vn 0.981755 -0.000001 -0.190149
vn 0.981754 0.000000 -0.190155
vn 0.981754 0.000000 -0.190155
vn 0.981754 0.000000 -0.190155
vn 0.981754 0.000000 -0.190155
vn 0.981756 0.000001 -0.190144
vn 0.981756 0.000001 -0.190144
vn 0.981756 0.000001 -0.190144
vn 0.981756 0.000001 -0.190144
vn 0.591711 -0.000001 -0.806150
vn 0.591711 -0.000001 -0.806150
vn 0.591711 -0.000001 -0.806150
vn 0.591711 -0.000001 -0.806150
vn 0.591712 0.000002 -0.806150
vn 0.591712 0.000002 -0.806150
vn 0.591712 0.000002 -0.806150
vn 0.591712 0.000002 -0.806150
vn 0.591712 0.000001 -0.806150
vn 0.591712 0.000001 -0.806150
vn 0.591712 0.000001 -0.806150
vn 0.591712 0.000001 -0.806150
vn -0.190144 -0.000001 -0.981756
vn -0.190144 -0.000001 -0.981756
vn -0.190144 -0.000001 -0.981756
vn -0.190144 -0.000001 -0.981756
vn -0.190153 -0.000000 -0.981755
vn -0.190153 -0.000000 -0.981755
vn -0.190153 -0.000000 -0.981755
vn -0.190153 -0.000000 -0.981755
vn -0.190139 -0.000001 -0.981757
vn -0.190139 -0.000001 -0.981757
vn -0.190139 -0.000001 -0.981757
vn -0.190139 -0.000001 -0.981757
vn -0.000000 1.000000 0.000000
vn -0.000000 1.000000 0.000000
vn -0.000000 1.000000 0.000000
vn -0.000000 1.000000 0.000000
vn 0.000000 1.000000 -0.000000
vn 0.000000 1.000000 -0.000000
vn 0.000000 1.000000 -0.000000
vn 0.000000 1.000000 -0.000000
vn -0.000000 1.000000 0.000000
vn -0.000000 1.000000 0.000000
vn -0.000000 1.000000 0.000000
vn -0.000000 1.000000 0.000000
vn 0.319795 0.000000 -0.947487
vn 0.319795 0.000000 -0.947487
vn 0.319795 0.000000 -0.947487
vn 0.319795 0.000000 -0.947487
vn 0.319792 0.000000 -0.947488
vn 0.319792 0.000000 -0.947488
vn 0.319792 0.000000 -0.947488
vn 0.319792 0.000000 -0.947488
vn 0.319788 0.000000 -0.947489
vn 0.319788 0.000000 -0.947489
vn 0.319788 0.000000 -0.947489
vn 0.319788 0.000000 -0.947489
vn -0.999964 0.000001 0.008538
vn -0.999964 0.000001 0.008538
vn -0.999964 0.000001 0.008538
vn -0.999964 0.000001 0.008538
vn -0.999964 0.000001 0.008538
vn -0.999964 0.000001 0.008538
vn -0.999964 0.000001 0.008538
vn -0.999964 0.000001 0.008538
vn -0.999964 -0.000000 0.008538
vn -0.999964 -0.000000 0.008538
vn -0.999964 -0.000000 0.008538
vn -0.999964 -0.000000 0.008538
vn 0.319794 -0.000001 0.947487
vn 0.319794 -0.000001 0.947487
vn 0.319794 -0.000001 0.947487
vn 0.319794 -0.000001 0.947487
vn 0.319782 -0.000001 0.947491
vn 0.319782 -0.000001 0.947491
vn 0.319782 -0.000001 0.947491
vn 0.319782 -0.000001 0.947491
vn 0.319794 0.000000 0.947487
vn 0.319794 0.000000 0.947487
vn 0.319794 0.000000 0.947487
vn 0.319794 0.000000 0.947487
vn 1.000000 0.000000 0.000000
vn 1.000000 0.000000 0.000000
vn 1.000000 0.000000 0.000000
vn 1.000000 0.000000 0.000000
vn 1.000000 0.000000 0.000001
vn 1.000000 0.000000 0.000001
vn 1.000000 0.000000 0.000001
vn 1.000000 0.000000 0.000001
vn 1.000000 0.000000 0.000001
vn 1.000000 0.000000 0.000001
vn 1.000000 0.000000 0.000001
vn 1.000000 0.000000 0.000001
vn -0.596591 0.000003 0.802545
vn -0.596591 0.000003 0.802545
vn -0.596591 0.000003 0.802545
vn -0.596591 0.000003 0.802545
vn -0.596592 0.000000 0.802545
vn 0.222108 0.000000 0.975022
vn 0.222108 0.000000 0.975022
vn -0.596592 0.000000 0.802545
vn -0.596591 -0.000003 0.802545
vn -0.596591 -0.000003 0.802545
vn -0.596591 -0.000003 0.802545
vn -0.596591 -0.000003 0.802545
vn -0.596592 0.000000 0.802545
vn 0.222108 0.000002 0.975022
vn 0.222108 0.000002 0.975022
vn -0.596592 0.000000 0.802545
vn -0.596591 0.000000 0.802545
vn -0.596591 0.000000 0.802545
vn -0.596591 0.000000 0.802545
vn -0.596591 0.000000 0.802545
vn -0.596592 -0.000003 0.802545
vn -0.596592 -0.000003 0.802545
vn -0.596592 -0.000003 0.802545
vn -0.596592 -0.000003 0.802545
vn -0.596591 0.000006 0.802546
vn -0.596590 0.000006 0.802546
vn -0.596590 0.000006 0.802546
vn -0.596591 0.000006 0.802546
vn -0.596592 0.000001 0.802545
vn -0.596592 0.000001 0.802545
vn -0.596592 0.000001 0.802545
vn -0.596592 0.000001 0.802545
vn -0.596591 0.000000 0.802545
vn -0.596591 0.000000 0.802545
vn -0.596591 0.000000 0.802545
vn -0.596591 0.000000 0.802545
vn 0.000000 1.000000 0.000000
vn 0.000000 1.000000 0.000000
vn 0.000000 1.000000 0.000000
vn 0.000000 1.000000 0.000000
vn -0.000000 1.000000 0.000000
vn -0.000000 1.000000 0.000000
vn -0.000000 1.000000 0.000000
vn -0.000000 1.000000 0.000000
vn 0.000000 1.000000 0.000000
vn 0.000000 1.000000 0.000000
vn 0.000000 1.000000 0.000000
vn 0.000000 1.000000 0.000000
vn -0.000000 1.000000 -0.000000
vn -0.000000 1.000000 -0.000000
vn -0.000000 1.000000 -0.000000
vn -0.000000 1.000000 -0.000000
vn 0.000000 1.000000 -0.000000
vn 0.000000 1.000000 -0.000000
vn 0.000000 1.000000 0.000000
vn 0.000000 1.000000 -0.000000
vn 0.000000 1.000000 -0.000000
vn 0.000000 1.000000 -0.000000
vn 0.000000 1.000000 -0.000000
vn 0.000000 1.000000 -0.000000
vn 0.000000 -1.000000 0.000000
vn 0.000000 -1.000000 0.000000
vn 0.000000 -1.000000 0.000000
vn 0.000000 -1.000000 0.000000
vn -0.000000 -1.000000 -0.000000
vn -0.000000 -1.000000 -0.000000
vn -0.000000 -1.000000 -0.000000
vn -0.000000 -1.000000 -0.000000
vn 0.000000 -1.000000 0.000000
vn 0.000000 -1.000000 0.000000
vn 0.000000 -1.000000 0.000000
vn 0.000000 -1.000000 0.000000
vn 0.000000 -1.000000 -0.000000
vn -0.000000 -1.000000 -0.000000
vn -0.000000 -1.000000 -0.000000
vn 0.000000 -1.000000 -0.000000
vn 0.000000 -1.000000 -0.000000
vn 0.000000 -1.000000 -0.000000
vn 0.000000 -1.000000 -0.000000
vn 0.000000 -1.000000 -0.000000
vn 0.000000 -1.000000 0.000000
vn 0.000000 -1.000000 0.000000
vn 0.000000 -1.000000 0.000000
vn 0.000000 -1.000000 0.000000
vn -0.571199 0.000000 -0.820812
vn -0.571199 0.000000 -0.820812
vn -0.571199 0.000000 -0.820812
vn -0.571199 0.000000 -0.820812
vn -0.571201 0.000003 -0.820810
vn -0.571201 0.000003 -0.820810
vn -0.571201 0.000003 -0.820810
vn -0.571201 0.000003 -0.820810
vn -0.571198 0.000003 -0.820812
vn -0.571198 0.000003 -0.820812
vn -0.571198 0.000003 -0.820812
vn -0.571198 0.000003 -0.820812
vn -0.571200 -0.000006 -0.820811
vn -0.571200 -0.000006 -0.820811
vn -0.571200 -0.000006 -0.820811
vn -0.571200 -0.000006 -0.820811
vn -0.571201 0.000003 -0.820811
vn -0.960728 0.000001 -0.277494
vn -0.960728 0.000001 -0.277494
vn -0.571201 0.000003 -0.820811
vn -0.571200 0.000000 -0.820811
vn -0.571200 0.000000 -0.820811
vn -0.571200 0.000000 -0.820811
vn -0.571200 0.000000 -0.820811
vn -0.571199 -0.000001 -0.820811
vn -0.960727 -0.000007 -0.277494
vn -0.960727 -0.000007 -0.277494
vn -0.571199 -0.000001 -0.820811
vn -0.571200 -0.000006 -0.820811
vn -0.571200 -0.000006 -0.820811
vn -0.571200 -0.000006 -0.820811
vn -0.571200 -0.000006 -0.820811
vn -0.571200 0.000000 -0.820811
vn -0.571200 0.000000 -0.820811
vn -0.571200 0.000000 -0.820811
vn -0.571200 0.000000 -0.820811
vn -0.000000 -1.000000 0.000000
vn -0.000000 -1.000000 0.000000
vn -0.000000 -1.000000 0.000000
vn -0.000000 -1.000000 0.000000
vn 0.000000 -1.000000 -0.000000
vn 0.000000 -1.000000 -0.000000
vn 0.000000 -1.000000 -0.000000
vn 0.000000 -1.000000 -0.000000
vn 0.000000 -1.000000 0.000000
vn 0.000000 -1.000000 0.000000
vn 0.000000 -1.000000 0.000000
vn 0.000000 -1.000000 0.000000
vn 0.000000 -1.000000 0.000000
vn 0.000000 -1.000000 0.000000
vn 0.000000 -1.000000 0.000000
vn 0.000000 -1.000000 0.000000
vn -0.000000 -1.000000 -0.000000
vn -0.000000 -1.000000 -0.000000
vn -0.000000 -1.000000 -0.000000
vn -0.000000 -1.000000 -0.000000
vn -0.000000 -1.000000 0.000000
vn -0.000000 -1.000000 0.000000
vn -0.000000 -1.000000 0.000000
vn -0.000000 -1.000000 0.000000
vn 1.000000 0.000000 -0.000001
vn 1.000000 0.000000 -0.000001
vn 1.000000 0.000000 -0.000001
vn 1.000000 0.000000 -0.000001
vn 1.000000 0.000000 0.000001
vn 1.000000 0.000000 0.000001
vn 1.000000 0.000000 0.000001
vn 1.000000 0.000000 0.000001
vn 1.000000 -0.000002 0.000000
vn 1.000000 -0.000002 0.000000
vn 1.000000 -0.000002 0.000000
vn 1.000000 -0.000002 0.000000
vn 1.000000 0.000000 0.000001
vn 1.000000 0.000000 0.000001
vn 1.000000 0.000000 0.000001
vn 1.000000 0.000000 0.000001
vn 1.000000 -0.000000 0.000000
vn 1.000000 -0.000000 0.000000
vn 1.000000 -0.000000 0.000000
vn 1.000000 -0.000000 0.000000
vn 1.000000 0.000004 0.000000
vn 1.000000 0.000004 0.000000
vn 1.000000 0.000004 0.000000
vn 1.000000 0.000004 0.000000
vn 1.000000 0.000002 0.000000
vn 1.000000 0.000002 0.000000
vn 1.000000 0.000002 0.000000
vn 1.000000 0.000002 0.000000
vn 1.000000 0.000004 0.000000
vn 1.000000 0.000004 0.000000
vn 1.000000 0.000004 0.000000
vn 1.000000 0.000004 0.000000
vn 1.000000 0.000002 0.000000
vn 1.000000 0.000002 0.000000
vn 1.000000 0.000002 0.000000
vn 1.000000 0.000002 0.000000
vn 0.000000 1.000000 0.000000
vn 0.000000 1.000000 0.000000
vn 0.000000 1.000000 0.000000
vn 0.000000 1.000000 0.000000
vn -0.000005 1.000000 -0.000013
vn -0.000005 1.000000 -0.000013
vn -0.000005 1.000000 -0.000013
vn -0.000005 1.000000 -0.000013
vn -0.000006 1.000000 -0.000010
vn -0.000006 1.000000 -0.000010
vn -0.000006 1.000000 -0.000010
vn -0.000006 1.000000 -0.000010
vn 0.000002 1.000000 -0.000007
vn 0.000002 1.000000 -0.000007
vn 0.000002 1.000000 -0.000007
vn 0.000002 1.000000 -0.000007
vn 0.000003 1.000000 -0.000002
vn 0.000003 1.000000 -0.000002
vn 0.000003 1.000000 -0.000002
vn 0.000003 1.000000 -0.000002
vn 0.000000 1.000000 0.000000
vn 0.000000 1.000000 0.000000
vn 0.000000 1.000000 0.000000
vn 0.000000 1.000000 0.000000
vn 0.000003 1.000000 -0.000003
vn 0.000003 1.000000 -0.000003
vn 0.000003 1.000000 -0.000003
vn 0.000003 1.000000 -0.000003
vn 0.000000 1.000000 0.000013
vn 0.000000 1.000000 0.000013
vn 0.000000 1.000000 0.000013
vn 0.000000 1.000000 0.000013
vn 0.000000 1.000000 0.000000
vn 0.000000 1.000000 0.000000
vn 0.000000 1.000000 0.000000
vn 0.000000 1.000000 0.000000
vn 0.432761 -0.000002 0.901509
vn 0.222108 -0.000001 0.975022
vn 0.222108 -0.000001 0.975022
vn 0.432761 -0.000002 0.901509
vn 0.432762 -0.000003 0.901508
vn 0.432762 -0.000003 0.901508
vn 0.432762 -0.000003 0.901508
vn 0.432762 -0.000003 0.901508
vn 0.432761 -0.000001 0.901509
vn 0.432761 -0.000001 0.901509
vn 0.432761 -0.000001 0.901509
vn 0.432761 -0.000001 0.901509
vn 0.432762 0.000003 0.901508
vn 0.432762 0.000003 0.901508
vn 0.432762 0.000003 0.901508
vn 0.432762 0.000003 0.901508
vn 0.432761 0.000000 0.901509
vn 0.432761 0.000000 0.901509
vn 0.432761 0.000000 0.901509
vn 0.432761 0.000000 0.901509
vn 0.432762 -0.000003 0.901508
vn 0.432762 -0.000003 0.901508
vn 0.432762 -0.000003 0.901508
vn 0.432762 -0.000003 0.901508
vn 0.432761 0.000002 0.901509
vn 0.432761 0.000002 0.901509
vn 0.432761 0.000002 0.901509
vn 0.432761 0.000002 0.901509
vn 0.432761 -0.000007 0.901509
vn 0.432761 -0.000007 0.901509
vn 0.432761 -0.000007 0.901509
vn 0.432761 -0.000007 0.901509
vn 0.432762 0.000001 0.901508
vn 0.432762 0.000001 0.901508
vn 0.432762 0.000001 0.901508
vn 0.432762 0.000001 0.901508
vn -0.000000 1.000000 0.000000
vn -0.000000 1.000000 0.000000
vn -0.000000 1.000000 0.000000
vn -0.000000 1.000000 0.000000
vn -0.000000 1.000000 -0.000000
vn -0.000000 1.000000 -0.000000
vn -0.000000 1.000000 -0.000000
vn -0.000000 1.000000 -0.000000
vn -0.000000 1.000000 0.000000
vn -0.000000 1.000000 0.000000
vn -0.000000 1.000000 0.000000
vn -0.000000 1.000000 0.000000
vn -0.000000 1.000000 -0.000000
vn -0.000000 1.000000 -0.000000
vn -0.000000 1.000000 -0.000000
vn -0.000000 1.000000 -0.000000
vn 0.000000 1.000000 0.000000
vn 0.000000 1.000000 0.000000
vn 0.000000 1.000000 0.000000
vn 0.000000 1.000000 0.000000
vn -0.000000 1.000000 0.000000
vn -0.000000 1.000000 0.000000
vn -0.000000 1.000000 0.000000
vn -0.000000 1.000000 0.000000
vn -0.000000 1.000000 0.000000
vn -0.000000 1.000000 0.000000
vn -0.000000 1.000000 0.000000
vn -0.000000 1.000000 0.000000
vn 0.000001 1.000000 -0.000000
vn 0.000001 1.000000 -0.000000
vn 0.000001 1.000000 -0.000000
vn 0.000001 1.000000 -0.000000
vn -0.000000 1.000000 -0.000000
vn -0.000000 1.000000 -0.000000
vn -0.000000 1.000000 -0.000000
vn -0.000000 1.000000 -0.000000
vn 0.000000 1.000000 -0.000000
vn 0.000000 1.000000 -0.000000
vn 0.000000 1.000000 -0.000000
vn 0.000000 1.000000 -0.000000
vn -0.000000 1.000000 0.000000
vn -0.000000 1.000000 0.000000
vn -0.000000 1.000000 0.000000
vn -0.000000 1.000000 0.000000
vn 0.000000 1.000000 0.000000
vn 0.000000 1.000000 0.000000
vn 0.000000 1.000000 0.000000
vn 0.000000 1.000000 0.000000
vn 0.000000 1.000000 0.000000
vn 0.000000 1.000000 0.000000
vn 0.000000 1.000000 0.000000
vn 0.000000 1.000000 0.000000
vn -0.000000 1.000000 0.000000
vn -0.000000 1.000000 0.000000
vn -0.000000 1.000000 0.000000
vn -0.000000 1.000000 0.000000
vn 0.000000 1.000000 0.000000
vn 0.000000 1.000000 0.000000
vn 0.000000 1.000000 0.000000
vn 0.000000 1.000000 0.000000
vn -0.000000 1.000000 0.000000
vn -0.000000 1.000000 -0.000000
vn -0.000000 1.000000 -0.000000
vn -0.000000 1.000000 0.000000
vn -0.000000 1.000000 0.000000
vn -0.000000 1.000000 0.000000
vn -0.000000 1.000000 0.000000
vn -0.000000 1.000000 0.000000
vn 0.000000 1.000000 -0.000000
vn 0.000000 1.000000 -0.000000
vn 0.000000 1.000000 -0.000000
vn 0.000000 1.000000 -0.000000
vn -0.000000 1.000000 0.000000
vn -0.000000 1.000000 -0.000000
vn -0.000000 1.000000 -0.000000
vn -0.000000 1.000000 0.000000
vn 0.000000 1.000000 0.000000
vn 0.000000 1.000000 0.000000
vn 0.000000 1.000000 0.000000
vn 0.000000 1.000000 0.000000
vn -0.000000 1.000000 0.000000
vn -0.000000 1.000000 0.000000
vn -0.000000 1.000000 0.000000
vn -0.000000 1.000000 0.000000
vn 0.000000 1.000000 0.000000
vn 0.000000 1.000000 0.000000
vn 0.000000 1.000000 0.000000
vn 0.000000 1.000000 0.000000
vn -0.000000 1.000000 0.000000
vn 0.412980 0.352178 -0.839892
vn 0.226516 0.858179 -0.460673
vn -0.000000 1.000000 0.000000
vn 0.000000 1.000000 0.000000
vn 0.000000 1.000000 0.000000
vn 0.000000 1.000000 0.000000
vn 0.000000 1.000000 0.000000
vn 0.441250 -0.000003 -0.897384
vn 0.441250 -0.000003 -0.897384
vn 0.441250 -0.000003 -0.897384
vn 0.441250 -0.000003 -0.897384
vn 0.441250 0.000001 -0.897384
vn 0.319955 0.688632 -0.650703
vn 0.287038 0.759497 -0.583758
vn 0.441250 0.000001 -0.897384
vn 0.441250 0.000002 -0.897384
vn 0.441250 0.000002 -0.897384
vn 0.441250 0.000002 -0.897384
vn 0.441250 0.000002 -0.897384
vn 0.441250 0.000000 -0.897385
vn 0.287957 0.757707 -0.585629
vn 0.437243 0.134457 -0.889236
vn 0.441249 0.000000 -0.897385
vn 0.441250 0.000000 -0.897384
vn 0.441250 0.000000 -0.897384
vn 0.441250 0.000000 -0.897384
vn 0.441250 0.000000 -0.897384
vn 0.441250 0.000002 -0.897384
vn 0.441250 0.000002 -0.897384
vn 0.441250 0.000002 -0.897384
vn 0.441250 0.000002 -0.897384
vn 0.441250 0.000000 -0.897384
vn 0.441250 0.000000 -0.897384
vn 0.441250 0.000000 -0.897384
vn 0.441250 0.000000 -0.897384
vn 0.441250 -0.000002 -0.897384
vn 0.333968 -0.653567 -0.679202
vn 0.170239 -0.922578 -0.346221
vn 0.441250 -0.000002 -0.897384
vn 0.441250 0.000000 -0.897384
vn 0.441250 0.000000 -0.897384
vn 0.441250 0.000000 -0.897384
vn 0.441250 0.000000 -0.897384
vn -0.000000 -1.000000 0.000000
vn -0.000000 -1.000000 -0.000000
vn -0.000000 -1.000000 -0.000000
vn -0.000000 -1.000000 0.000000
vn 0.000000 -1.000000 0.000000
vn 0.000000 -1.000000 0.000000
vn 0.000000 -1.000000 0.000000
vn 0.000000 -1.000000 0.000000
vn -0.000000 -1.000000 0.000000
vn -0.000000 -1.000000 0.000000
vn -0.000000 -1.000000 0.000000
vn -0.000000 -1.000000 0.000000
vn -0.000000 -1.000000 0.000000
vn -0.000000 -1.000000 0.000000
vn -0.000000 -1.000000 0.000000
vn -0.000000 -1.000000 0.000000
vn -0.000000 -1.000000 0.000000
vn 0.161289 -0.930801 -0.328018
vn 0.251453 -0.821738 -0.511389
vn -0.000000 -1.000000 0.000000
vn -0.000000 -1.000000 -0.000000
vn -0.000000 -1.000000 -0.000000
vn -0.000000 -1.000000 -0.000000
vn -0.000000 -1.000000 -0.000000
vn -0.000000 -1.000000 0.000000
vn -0.000000 -1.000000 0.000000
vn -0.000000 -1.000000 0.000000
vn -0.000000 -1.000000 0.000000
vn -0.000000 -1.000000 -0.000000
vn -0.000000 -1.000000 -0.000000
vn -0.000000 -1.000000 -0.000000
vn -0.000000 -1.000000 -0.000000
vn -0.000000 -1.000000 -0.000000
vn -0.000000 -1.000000 -0.000000
vn -0.000000 -1.000000 -0.000000
vn -0.000000 -1.000000 -0.000000
vn -0.000000 -1.000000 0.000000
vn -0.000000 -1.000000 0.000000
vn -0.000000 -1.000000 0.000000
vn -0.000000 -1.000000 0.000000
vn 0.000000 -1.000000 0.000000
vn 0.000000 -1.000000 0.000000
vn 0.000000 -1.000000 0.000000
vn 0.000000 -1.000000 0.000000
vn -0.000000 -1.000000 -0.000000
vn -0.000000 -1.000000 -0.000000
vn -0.000000 -1.000000 -0.000000
vn -0.000000 -1.000000 -0.000000
vn -0.000000 -1.000000 -0.000000
vn -0.000000 -1.000000 -0.000000
vn -0.000000 -1.000000 -0.000000
vn -0.000000 -1.000000 -0.000000
vn -0.000000 -1.000000 0.000000
vn -0.000000 -1.000000 0.000000
vn -0.000000 -1.000000 0.000000
vn -0.000000 -1.000000 0.000000
vn -0.000000 -1.000000 0.000000
vn -0.000000 -1.000000 0.000000
vn -0.000000 -1.000000 0.000000
vn -0.000000 -1.000000 0.000000
vn -0.000000 -1.000000 0.000000
vn -0.000000 -1.000000 0.000000
vn -0.000000 -1.000000 0.000000
vn -0.000000 -1.000000 0.000000
vn -0.000000 -1.000000 -0.000000
vn -0.000000 -1.000000 -0.000000
vn -0.000000 -1.000000 -0.000000
vn -0.000000 -1.000000 -0.000000
vn -0.000000 -1.000000 0.000000
vn -0.000000 -1.000000 0.000000
vn -0.000000 -1.000000 0.000000
vn -0.000000 -1.000000 0.000000
vn -0.000000 -1.000000 0.000000
vn -0.000000 -1.000000 0.000000
vn -0.000000 -1.000000 0.000000
vn -0.000000 -1.000000 0.000000
vn -0.000000 -1.000000 -0.000000
vn -0.000000 -1.000000 -0.000000
vn -0.000000 -1.000000 -0.000000
vn -0.000000 -1.000000 -0.000000
vn -0.000000 -1.000000 0.000000
vn -0.000000 -1.000000 0.000000
vn -0.000000 -1.000000 0.000000
vn -0.000000 -1.000000 0.000000
vn -0.000000 -1.000000 0.000000
vn -0.000000 -1.000000 0.000000
vn -0.000000 -1.000000 0.000000
vn -0.000000 -1.000000 0.000000
vn -0.000000 -1.000000 0.000000
vn -0.000000 -1.000000 0.000000
vn -0.000000 -1.000000 0.000000
vn -0.000000 -1.000000 0.000000
vn -0.000000 -1.000000 0.000000
vn -0.000000 -1.000000 0.000000
vn -0.000000 -1.000000 0.000000
vn -0.000000 -1.000000 0.000000
vn -0.000000 -1.000000 0.000000
vn -0.000000 -1.000000 0.000000
vn -0.000000 -1.000000 0.000000
vn -0.000000 -1.000000 0.000000
vn 0.000000 -1.000000 0.000000
vn 0.000000 -1.000000 0.000000
vn 0.000000 -1.000000 0.000000
vn 0.000000 -1.000000 0.000000
vn -0.000000 -1.000000 -0.000000
vn -0.000000 -1.000000 -0.000000
vn -0.000000 -1.000000 -0.000000
vn -0.000000 -1.000000 -0.000000
vn 0.000000 -1.000000 0.000000
vn 0.000000 -1.000000 0.000000
vn 0.000000 -1.000000 0.000000
vn 0.000000 -1.000000 0.000000
vn 0.000000 -1.000000 0.000000
vn 0.000000 -1.000000 0.000000
vn 0.000000 -1.000000 0.000000
vn 0.000000 -1.000000 0.000000
vn 0.000000 -1.000000 -0.000000
vn 0.000000 -1.000000 -0.000000
vn 0.000000 -1.000000 -0.000000
vn 0.000000 -1.000000 -0.000000
vn -0.998765 0.000000 -0.049689
vn -0.960728 -0.000001 -0.277494
vn -0.960727 -0.000001 -0.277494
vn -0.998765 0.000000 -0.049689
vn -0.998765 0.000009 -0.049689
vn -0.998765 0.000009 -0.049689
vn -0.998765 0.000009 -0.049689
vn -0.998765 0.000009 -0.049689
vn -0.998765 0.000001 -0.049689
vn -0.998765 0.000001 -0.049689
vn -0.998765 0.000001 -0.049689
vn -0.998765 0.000001 -0.049689
vn -0.998765 0.000000 -0.049690
vn -0.998765 0.000000 -0.049690
vn -0.998765 0.000000 -0.049690
vn -0.998765 0.000000 -0.049690
vn -0.998765 0.000000 -0.049689
vn -0.998765 0.000000 -0.049689
vn -0.998765 0.000000 -0.049689
vn -0.998765 0.000000 -0.049689
vn -0.998765 -0.000009 -0.049690
vn -0.998765 -0.000009 -0.049690
vn -0.998765 -0.000009 -0.049690
vn -0.998765 -0.000009 -0.049690
vn -0.998765 -0.000010 -0.049690
vn -0.998765 -0.000010 -0.049690
vn -0.998765 -0.000010 -0.049690
vn -0.998765 -0.000010 -0.049690
vn -0.998765 0.000000 -0.049689
vn -0.998765 0.000000 -0.049689
vn -0.998765 0.000000 -0.049689
vn -0.998765 0.000000 -0.049689
vn -0.998765 -0.000009 -0.049689
vn -0.998765 -0.000009 -0.049689
vn -0.998765 -0.000009 -0.049689
vn -0.998765 -0.000009 -0.049689
vn 0.000000 1.000000 0.000000
vn 0.000000 1.000000 0.000000
vn 0.000000 1.000000 0.000000
vn 0.000000 1.000000 0.000000
vn 0.000000 1.000000 0.000000
vn -0.000000 1.000000 -0.000000
vn -0.000000 1.000000 -0.000000
vn 0.000000 1.000000 0.000000
vn 0.000000 1.000000 0.000000
vn 0.000000 1.000000 0.000000
vn 0.000000 1.000000 0.000000
vn 0.000000 1.000000 0.000000
vn -0.000000 1.000000 0.000000
vn -0.000000 1.000000 0.000000
vn -0.000000 1.000000 0.000000
vn -0.000000 1.000000 0.000000
vn 0.000000 1.000000 0.000000
vn -0.000000 1.000000 0.000000
vn -0.000000 1.000000 0.000000
vn 0.000000 1.000000 0.000000
vn -0.000000 1.000000 0.000000
vn -0.000000 1.000000 0.000000
vn -0.000000 1.000000 0.000000
vn -0.000000 1.000000 0.000000
vn -0.000000 1.000000 -0.000000
vn -0.000000 1.000000 -0.000000
vn -0.000000 1.000000 -0.000000
vn -0.000000 1.000000 -0.000000
vn -0.000000 1.000000 0.000000
vn 0.000000 1.000000 -0.000000
vn 0.000000 1.000000 -0.000000
vn -0.000000 1.000000 0.000000
vn 0.000000 1.000000 0.000000
vn 0.000000 1.000000 0.000000
vn 0.000000 1.000000 0.000000
vn 0.000000 1.000000 0.000000
vn 0.000000 1.000000 -0.000000
vn -0.000000 1.000000 -0.000000
vn -0.000000 1.000000 -0.000000
vn 0.000000 1.000000 -0.000000
vn 0.000000 1.000000 0.000000
vn 0.000000 1.000000 0.000000
vn 0.000000 1.000000 0.000000
vn 0.000000 1.000000 0.000000
vn 0.000000 1.000000 0.000000
vn 0.000000 1.000000 0.000000
vn 0.000000 1.000000 0.000000
vn 0.000000 1.000000 0.000000
vn 0.000000 1.000000 0.000000
vn 0.000000 1.000000 0.000000
vn 0.000000 1.000000 0.000000
vn 0.000000 1.000000 0.000000
vn 0.000000 1.000000 0.000000
vn 0.000000 1.000000 0.000000
vn 0.000000 1.000000 0.000000
vn 0.000000 1.000000 0.000000
vn 0.000000 1.000000 -0.000000
vn 0.000000 1.000000 -0.000000
vn 0.000000 1.000000 -0.000000
vn 0.000000 1.000000 -0.000000
vn 0.000000 1.000000 0.000001
vn 0.000000 1.000000 0.000001
vn 0.000000 1.000000 0.000001
vn 0.000000 1.000000 0.000001
vn -0.000005 1.000000 0.000000
vn -0.000005 1.000000 0.000000
vn -0.000005 1.000000 0.000000
vn -0.000005 1.000000 0.000000
vn -0.000005 1.000000 0.000000
vn -0.000005 1.000000 0.000000
vn -0.000005 1.000000 0.000000
vn -0.000005 1.000000 0.000000
vn 0.000005 1.000000 -0.000000
vn 0.000005 1.000000 -0.000000
vn 0.000005 1.000000 -0.000000
vn 0.000005 1.000000 -0.000000
vn 0.000000 1.000000 0.000000
vn 0.000000 1.000000 0.000000
vn 0.000000 1.000000 0.000000
vn 0.000000 1.000000 0.000000
vn 0.000010 1.000000 0.000001
vn 0.000010 1.000000 0.000001
vn 0.000010 1.000000 0.000001
vn 0.000010 1.000000 0.000001
vn 0.000005 1.000000 0.000000
vn 0.000005 1.000000 0.000000
vn 0.000005 1.000000 0.000000
vn 0.000005 1.000000 0.000000
vn 0.000005 1.000000 0.000000
vn 0.000005 1.000000 0.000000
vn 0.000005 1.000000 0.000000
vn 0.000005 1.000000 0.000000
vn 0.000000 1.000000 0.000000
vn 0.000000 1.000000 0.000000
vn 0.000000 1.000000 0.000000
vn 0.000000 1.000000 0.000000
vn -0.000001 1.000000 0.000000
vn -0.000001 1.000000 0.000000
vn -0.000001 1.000000 0.000000
vn -0.000001 1.000000 0.000000
vn -0.000001 1.000000 -0.000001
vn -0.000001 1.000000 -0.000001
vn -0.000001 1.000000 -0.000001
vn -0.000001 1.000000 -0.000001
vn -0.000008 1.000000 0.000011
vn -0.000008 1.000000 0.000011
vn -0.000008 1.000000 0.000011
vn -0.000008 1.000000 0.000011
vn -0.000001 1.000000 0.000002
vn -0.000001 1.000000 0.000002
vn -0.000001 1.000000 0.000002
vn -0.000001 1.000000 0.000002
vn -0.000002 1.000000 -0.000004
vn -0.000002 1.000000 -0.000004
vn -0.000002 1.000000 -0.000004
vn -0.000002 1.000000 -0.000004
vn 0.000000 1.000000 -0.000003
vn 0.000000 1.000000 -0.000003
vn 0.000000 1.000000 -0.000003
vn 0.000000 1.000000 -0.000003
vn -0.000002 1.000000 0.000000
vn -0.000002 1.000000 0.000000
vn -0.000002 1.000000 0.000000
vn -0.000002 1.000000 0.000000
vn 0.000000 1.000000 -0.000002
vn 0.000000 1.000000 -0.000002
vn 0.000000 1.000000 -0.000002
vn 0.000000 1.000000 -0.000002
vn 0.000000 1.000000 0.000000
vn 0.000000 1.000000 0.000000
vn 0.000000 1.000000 0.000000
vn 0.000000 1.000000 0.000000
vn -0.000000 1.000000 0.000000
vn -0.000000 1.000000 0.000000
vn -0.000000 1.000000 0.000000
vn -0.000000 1.000000 0.000000
vn 0.000000 1.000000 0.000000
vn 0.000000 1.000000 0.000000
vn 0.000000 1.000000 0.000000
vn 0.000000 1.000000 0.000000
vn -0.000000 1.000000 0.000000
vn -0.000000 1.000000 0.000000
vn -0.000000 1.000000 0.000000
vn -0.000000 1.000000 0.000000
vn 0.000000 1.000000 0.000000
vn -0.000000 1.000000 0.000000
vn -0.000000 1.000000 0.000000
vn 0.000000 1.000000 0.000000
vn -0.000000 1.000000 -0.000000
vn -0.000000 1.000000 -0.000000
vn -0.000000 1.000000 -0.000000
vn -0.000000 1.000000 -0.000000
vn 0.000000 1.000000 0.000000
vn 0.000000 1.000000 0.000000
vn 0.000000 1.000000 0.000000
vn 0.000000 1.000000 0.000000
vn -0.181474 -0.000000 0.983396
vn -0.181474 -0.000000 0.983396
vn -0.181474 -0.000000 0.983396
vn -0.181474 -0.000000 0.983396
vn -0.181458 -0.000000 0.983399
vn -0.181458 -0.000000 0.983399
vn -0.181458 -0.000000 0.983399
vn -0.181458 -0.000000 0.983399
vn -0.181475 0.000000 0.983395
vn -0.181475 0.000000 0.983396
vn -0.181476 0.000000 0.983396
vn -0.181475 0.000000 0.983395
vn -0.181485 -0.000001 0.983394
vn -0.181485 -0.000001 0.983394
vn -0.181485 -0.000001 0.983394
vn -0.181485 -0.000001 0.983394
vn -0.181475 -0.000001 0.983395
vn -0.181475 -0.000001 0.983396
vn -0.181475 -0.000001 0.983396
vn -0.181475 -0.000001 0.983396
vn -0.181473 -0.000000 0.983396
vn -0.181473 -0.000000 0.983396
vn -0.181473 -0.000000 0.983396
vn -0.181473 -0.000000 0.983396
vn -0.181462 -0.000001 0.983398
vn -0.181462 -0.000001 0.983398
vn -0.181462 -0.000001 0.983398
vn -0.181462 -0.000001 0.983398
vn -0.181450 0.000000 0.983400
vn -0.181450 0.000000 0.983400
vn -0.181450 0.000000 0.983400
vn -0.181450 0.000000 0.983400
vn -0.181474 0.000000 0.983396
vn -0.181474 0.000000 0.983396
vn -0.181474 0.000000 0.983396
vn -0.181474 0.000000 0.983396
vn 0.571531 0.000000 0.820581
vn 0.571531 0.000000 0.820581
vn 0.571531 0.000000 0.820581
vn 0.571531 0.000000 0.820581
vn 0.571532 0.000000 0.820580
vn 0.571532 0.000000 0.820580
vn 0.571532 0.000000 0.820580
vn 0.571532 0.000000 0.820580
vn 0.571530 0.000001 0.820581
vn 0.571530 0.000001 0.820581
vn 0.571530 0.000001 0.820581
vn 0.571530 0.000001 0.820581
vn 0.571533 -0.000002 0.820579
vn 0.571533 -0.000002 0.820579
vn 0.571533 -0.000002 0.820579
vn 0.571533 -0.000002 0.820579
vn 0.571531 0.000001 0.820580
vn 0.571531 0.000001 0.820580
vn 0.571531 0.000001 0.820580
vn 0.571531 0.000001 0.820580
vn 0.571530 -0.000000 0.820581
vn 0.571530 -0.000000 0.820581
vn 0.571531 -0.000000 0.820581
vn 0.571530 -0.000000 0.820581
vn 0.571532 -0.000001 0.820580
vn 0.571532 -0.000001 0.820580
vn 0.571532 -0.000001 0.820580
vn 0.571532 -0.000001 0.820580
vn 0.571532 0.000000 0.820580
vn 0.571532 0.000000 0.820580
vn 0.571532 0.000000 0.820580
vn 0.571532 0.000000 0.820580
vn 0.571531 -0.000001 0.820580
vn 0.571531 -0.000001 0.820580
vn 0.571531 -0.000001 0.820580
vn 0.571531 -0.000001 0.820580
vn 0.983396 0.000003 0.181472
vn 0.983396 0.000003 0.181472
vn 0.983396 0.000003 0.181472
vn 0.983396 0.000003 0.181472
vn 0.983396 0.000001 0.181475
vn 0.983396 0.000001 0.181475
vn 0.983396 0.000001 0.181475
vn 0.983396 0.000001 0.181475
vn 0.983395 0.000000 0.181481
vn 0.983395 0.000000 0.181480
vn 0.983395 0.000000 0.181480
vn 0.983395 0.000000 0.181481
vn 0.983392 0.000000 0.181496
vn 0.983392 0.000000 0.181496
vn 0.983392 0.000000 0.181496
vn 0.983392 0.000000 0.181496
vn 0.983396 -0.000002 0.181472
vn 0.983396 -0.000002 0.181472
vn 0.983396 -0.000002 0.181472
vn 0.983396 -0.000002 0.181472
vn 0.983399 -0.000000 0.181458
vn 0.983399 -0.000000 0.181458
vn 0.983399 -0.000000 0.181458
vn 0.983399 -0.000000 0.181458
vn 0.983398 0.000000 0.181464
vn 0.983398 0.000000 0.181464
vn 0.983398 0.000000 0.181464
vn 0.983398 0.000000 0.181464
vn 0.983393 0.000002 0.181487
vn 0.983393 0.000002 0.181487
vn 0.983393 0.000002 0.181487
vn 0.983393 0.000002 0.181487
vn 0.983396 0.000002 0.181473
vn 0.983396 0.000002 0.181473
vn 0.983396 0.000002 0.181473
vn 0.983396 0.000002 0.181473
vn -0.571200 -0.000002 -0.820811
vn -0.571200 -0.000002 -0.820811
vn -0.571200 -0.000002 -0.820811
vn -0.571200 -0.000002 -0.820811
vn -0.571200 -0.000000 -0.820811
vn -0.571201 -0.000000 -0.820811
vn -0.571201 -0.000000 -0.820811
vn -0.571201 -0.000000 -0.820811
vn -0.571199 0.000002 -0.820812
vn -0.571199 0.000002 -0.820812
vn -0.571199 0.000002 -0.820812
vn -0.571199 0.000002 -0.820812
vn -0.571201 -0.000000 -0.820810
vn -0.571201 -0.000000 -0.820810
vn -0.571201 -0.000000 -0.820810
vn -0.571201 -0.000000 -0.820810
vn -0.571200 0.000000 -0.820811
vn -0.571200 0.000000 -0.820811
vn -0.571200 0.000000 -0.820811
vn -0.571200 0.000000 -0.820811
vn -0.571200 0.000000 -0.820811
vn -0.571200 0.000000 -0.820811
vn -0.571200 0.000000 -0.820811
vn -0.571200 0.000000 -0.820811
vn -0.571200 0.000000 -0.820811
vn -0.571200 0.000000 -0.820811
vn -0.571200 0.000000 -0.820811
vn -0.571200 0.000000 -0.820811
vn -0.571200 -0.000001 -0.820811
vn -0.571200 -0.000001 -0.820811
vn -0.571200 -0.000001 -0.820811
vn -0.571200 -0.000001 -0.820811
vn -0.571201 -0.000001 -0.820810
vn -0.571201 -0.000001 -0.820810
vn -0.571201 -0.000001 -0.820810
vn -0.571201 -0.000001 -0.820810
vn -0.596591 0.000000 0.802546
vn -0.596591 0.000000 0.802546
vn -0.596591 0.000000 0.802546
vn -0.596591 0.000000 0.802546
vn -0.596592 0.000001 0.802545
vn -0.596592 0.000001 0.802545
vn -0.596592 0.000001 0.802545
vn -0.596592 0.000001 0.802545
vn -0.596593 0.000001 0.802544
vn -0.596593 0.000001 0.802544
vn -0.596593 0.000001 0.802544
vn -0.596593 0.000001 0.802544
vn -0.596592 -0.000000 0.802545
vn -0.596592 -0.000000 0.802545
vn -0.596592 -0.000000 0.802545
vn -0.596592 -0.000000 0.802545
vn -0.596592 -0.000003 0.802545
vn -0.596592 -0.000003 0.802545
vn -0.596592 -0.000003 0.802545
vn -0.596592 -0.000003 0.802545
vn -0.596591 0.000000 0.802545
vn -0.596591 0.000000 0.802545
vn -0.596591 0.000000 0.802545
vn -0.596591 0.000000 0.802545
vn -0.596593 -0.000004 0.802544
vn -0.596593 -0.000004 0.802544
vn -0.596593 -0.000004 0.802544
vn -0.596593 -0.000004 0.802544
vn -0.596590 0.000000 0.802546
vn -0.596590 0.000000 0.802546
vn -0.596591 0.000000 0.802546
vn -0.596590 0.000000 0.802546
vn -0.596592 0.000000 0.802545
vn -0.596592 0.000000 0.802545
vn -0.596592 0.000000 0.802545
vn -0.596592 0.000000 0.802545
vn 0.981756 0.000000 -0.190146
vn 0.981756 0.000000 -0.190146
vn 0.981756 0.000000 -0.190146
vn 0.981756 0.000000 -0.190146
vn 0.981754 -0.000000 -0.190156
vn 0.981754 -0.000000 -0.190156
vn 0.981754 -0.000000 -0.190156
vn 0.981754 -0.000000 -0.190156
vn 0.981756 0.000000 -0.190147
vn 0.981756 0.000000 -0.190147
vn 0.981756 0.000000 -0.190147
vn 0.981756 0.000000 -0.190147
vn 0.981754 -0.000000 -0.190156
vn 0.981754 -0.000000 -0.190156
vn 0.981754 -0.000000 -0.190156
vn 0.981754 -0.000000 -0.190156
vn 0.981755 0.000002 -0.190150
vn 0.981755 0.000002 -0.190150
vn 0.981755 0.000002 -0.190150
vn 0.981755 0.000002 -0.190150
vn 0.981755 -0.000001 -0.190152
vn 0.981755 -0.000001 -0.190152
vn 0.981755 -0.000001 -0.190152
vn 0.981755 -0.000001 -0.190152
vn 0.981754 0.000000 -0.190155
vn 0.981754 0.000000 -0.190155
vn 0.981754 0.000000 -0.190155
vn 0.981754 0.000000 -0.190155
vn 0.981757 0.000002 -0.190141
vn 0.981757 0.000002 -0.190141
vn 0.981757 0.000002 -0.190141
vn 0.981757 0.000002 -0.190141
vn 0.981756 0.000000 -0.190148
vn 0.981756 0.000000 -0.190148
vn 0.981756 0.000000 -0.190148
vn 0.981756 0.000000 -0.190148
vn 0.591713 0.000002 -0.806149
vn 0.591713 0.000002 -0.806149
vn 0.591713 0.000002 -0.806149
vn 0.591713 0.000002 -0.806149
vn 0.591714 0.000000 -0.806148
vn 0.591714 0.000000 -0.806148
vn 0.591714 0.000000 -0.806148
vn 0.591714 0.000000 -0.806148
vn 0.591712 -0.000002 -0.806149
vn 0.591712 -0.000002 -0.806149
vn 0.591712 -0.000002 -0.806149
vn 0.591712 -0.000002 -0.806149
vn 0.591712 0.000000 -0.806150
vn 0.591712 0.000000 -0.806150
vn 0.591712 0.000000 -0.806150
vn 0.591712 0.000000 -0.806150
vn 0.591713 -0.000001 -0.806149
vn 0.591713 -0.000001 -0.806149
vn 0.591713 -0.000001 -0.806149
vn 0.591713 -0.000001 -0.806149
vn 0.591713 0.000001 -0.806149
vn 0.591713 0.000001 -0.806149
vn 0.591713 0.000001 -0.806149
vn 0.591713 0.000001 -0.806149
vn 0.591712 -0.000002 -0.806150
vn 0.591712 -0.000002 -0.806149
vn 0.591712 -0.000002 -0.806149
vn 0.591712 -0.000002 -0.806150
vn 0.591713 0.000000 -0.806149
vn 0.591713 0.000000 -0.806149
vn 0.591713 0.000000 -0.806149
vn 0.591713 0.000000 -0.806149
vn 0.591714 -0.000001 -0.806148
vn 0.591713 -0.000001 -0.806148
vn 0.591714 -0.000001 -0.806148
vn 0.591714 -0.000001 -0.806148
vn -0.190155 0.000000 -0.981754
vn -0.190155 0.000000 -0.981754
vn -0.190155 0.000000 -0.981754
vn -0.190155 0.000000 -0.981754
vn -0.190147 -0.000001 -0.981756
vn -0.190147 -0.000001 -0.981756
vn -0.190147 -0.000001 -0.981756
vn -0.190147 -0.000001 -0.981756
vn -0.190159 -0.000001 -0.981753
vn -0.190159 -0.000001 -0.981753
vn -0.190159 -0.000001 -0.981753
vn -0.190159 -0.000001 -0.981753
vn -0.190154 0.000000 -0.981754
vn -0.190154 0.000000 -0.981754
vn -0.190154 0.000000 -0.981754
vn -0.190154 0.000000 -0.981754
vn -0.190159 -0.000000 -0.981753
vn -0.190159 -0.000000 -0.981753
vn -0.190159 -0.000000 -0.981753
vn -0.190159 -0.000000 -0.981753
vn -0.190154 0.000000 -0.981754
vn -0.190154 0.000000 -0.981754
vn -0.190154 0.000000 -0.981754
vn -0.190154 0.000000 -0.981754
vn -0.190155 -0.000001 -0.981754
vn -0.190155 -0.000001 -0.981754
vn -0.190155 -0.000001 -0.981754
vn -0.190155 -0.000001 -0.981754
vn -0.190145 0.000000 -0.981756
vn -0.190145 0.000000 -0.981756
vn -0.190145 0.000000 -0.981756
vn -0.190145 0.000000 -0.981756
vn -0.190152 -0.000001 -0.981755
vn -0.190152 -0.000001 -0.981755
vn -0.190152 -0.000001 -0.981755
vn -0.190152 -0.000001 -0.981755
vn 0.000000 1.000000 0.000000
vn 0.000000 1.000000 0.000000
vn 0.000000 1.000000 0.000000
vn 0.000000 1.000000 0.000000
vn -0.000000 1.000000 0.000000
vn -0.000000 1.000000 0.000000
vn -0.000000 1.000000 0.000000
vn -0.000000 1.000000 0.000000
vn 0.000000 1.000000 0.000000
vn 0.000000 1.000000 0.000000
vn 0.000000 1.000000 0.000000
vn 0.000000 1.000000 0.000000
vn 0.000000 1.000000 0.000000
vn -0.000000 1.000000 -0.000000
vn -0.000000 1.000000 -0.000000
vn 0.000000 1.000000 0.000000
vn -0.000000 1.000000 0.000000
vn -0.000000 1.000000 0.000000
vn -0.000000 1.000000 0.000000
vn -0.000000 1.000000 0.000000
vn -0.000000 1.000000 0.000000
vn -0.000000 1.000000 0.000000
vn -0.000000 1.000000 0.000000
vn -0.000000 1.000000 0.000000
vn -0.000000 1.000000 -0.000000
vn -0.000000 1.000000 -0.000000
vn -0.000000 1.000000 -0.000000
vn -0.000000 1.000000 -0.000000
vn -0.000000 1.000000 0.000000
vn -0.000000 1.000000 0.000000
vn -0.000000 1.000000 0.000000
vn -0.000000 1.000000 0.000000
vn 0.000000 1.000000 0.000000
vn 0.000000 1.000000 0.000000
vn 0.000000 1.000000 0.000000
vn 0.000000 1.000000 0.000000
vn 0.319786 0.000000 -0.947490
vn 0.319786 0.000000 -0.947490
vn 0.319786 0.000000 -0.947490
vn 0.319786 0.000000 -0.947490
vn 0.319787 0.000000 -0.947489
vn 0.319787 0.000000 -0.947489
vn 0.319787 0.000000 -0.947489
vn 0.319787 0.000000 -0.947489
vn 0.319794 0.000000 -0.947487
vn 0.319794 0.000000 -0.947487
vn 0.319794 0.000000 -0.947487
vn 0.319794 0.000000 -0.947487
vn 0.319795 0.000000 -0.947487
vn 0.319795 0.000000 -0.947487
vn 0.319795 0.000000 -0.947487
vn 0.319795 0.000000 -0.947487
vn 0.319793 0.000000 -0.947488
vn 0.319793 0.000000 -0.947488
vn 0.319793 0.000000 -0.947488
vn 0.319793 0.000000 -0.947488
vn 0.319786 0.000000 -0.947490
vn 0.319786 0.000000 -0.947490
vn 0.319786 0.000000 -0.947490
vn 0.319786 0.000000 -0.947490
vn 0.319793 0.000000 -0.947488
vn 0.319793 0.000000 -0.947488
vn 0.319793 0.000000 -0.947488
vn 0.319793 0.000000 -0.947488
vn 0.319791 0.000000 -0.947488
vn 0.319791 0.000000 -0.947488
vn 0.319791 0.000000 -0.947488
vn 0.319791 0.000000 -0.947488
vn 0.319790 0.000000 -0.947488
vn 0.319790 0.000000 -0.947488
vn 0.319790 0.000000 -0.947488
vn 0.319790 0.000000 -0.947488
vn -0.999964 0.000000 0.008537
vn -0.999964 0.000000 0.008537
vn -0.999964 0.000000 0.008537
vn -0.999964 0.000000 0.008537
vn -0.999964 0.000002 0.008537
vn -0.999964 0.000002 0.008537
vn -0.999964 0.000002 0.008537
vn -0.999964 0.000002 0.008537
vn -0.999964 0.000000 0.008537
vn -0.999964 0.000000 0.008537
vn -0.999964 0.000000 0.008537
vn -0.999964 0.000000 0.008537
vn -0.999964 0.000001 0.008538
vn -0.999964 0.000001 0.008538
vn -0.999964 0.000001 0.008538
vn -0.999964 0.000001 0.008538
vn -0.999964 0.000001 0.008537
vn -0.999964 0.000001 0.008537
vn -0.999964 0.000001 0.008537
vn -0.999964 0.000001 0.008537
vn -0.999964 -0.000001 0.008537
vn -0.999964 -0.000001 0.008537
vn -0.999964 -0.000001 0.008537
vn -0.999964 -0.000001 0.008537
vn -0.999964 0.000000 0.008537
vn -0.999964 0.000000 0.008537
vn -0.999964 0.000000 0.008537
vn -0.999964 0.000000 0.008537
vn -0.999964 0.000001 0.008538
vn -0.999964 0.000001 0.008538
vn -0.999964 0.000001 0.008538
vn -0.999964 0.000001 0.008538
vn -0.999964 0.000001 0.008538
vn -0.999964 0.000001 0.008538
vn -0.999964 0.000001 0.008538
vn -0.999964 0.000001 0.008538
vn 0.319783 0.000000 0.947491
vn 0.319783 0.000000 0.947491
vn 0.319783 0.000000 0.947491
vn 0.319783 0.000000 0.947491
vn 0.319797 0.000000 0.947486
vn 0.319797 0.000000 0.947486
vn 0.319797 0.000000 0.947486
vn 0.319797 0.000000 0.947486
vn 0.319785 -0.000001 0.947490
vn 0.319785 -0.000001 0.947490
vn 0.319785 -0.000001 0.947490
vn 0.319785 -0.000001 0.947490
vn 0.319788 0.000001 0.947489
vn 0.319788 0.000001 0.947489
vn 0.319788 0.000001 0.947489
vn 0.319788 0.000001 0.947489
vn 0.319787 -0.000001 0.947490
vn 0.319787 -0.000001 0.947490
vn 0.319787 -0.000001 0.947490
vn 0.319787 -0.000001 0.947490
vn 0.319798 0.000000 0.947486
vn 0.319798 0.000000 0.947486
vn 0.319798 0.000000 0.947486
vn 0.319798 0.000000 0.947486
vn 0.319789 0.000001 0.947489
vn 0.319789 0.000001 0.947489
vn 0.319789 0.000001 0.947489
vn 0.319789 0.000001 0.947489
vn 0.319794 0.000001 0.947487
vn 0.319794 0.000001 0.947487
vn 0.319794 0.000001 0.947487
vn 0.319794 0.000001 0.947487
vn 0.319786 -0.000001 0.947490
vn 0.319786 -0.000001 0.947490
vn 0.319786 -0.000001 0.947490
vn 0.319786 -0.000001 0.947490
vn 1.000000 0.000000 0.000001
vn 1.000000 0.000000 0.000001
vn 1.000000 0.000000 0.000001
vn 1.000000 0.000000 0.000001
vn 1.000000 -0.000001 0.000001
vn 1.000000 -0.000001 0.000001
vn 1.000000 -0.000001 0.000001
vn 1.000000 -0.000001 0.000001
vn 1.000000 0.000000 0.000000
vn 1.000000 0.000000 0.000000
vn 1.000000 0.000000 0.000000
vn 1.000000 0.000000 0.000000
vn 1.000000 0.000001 0.000000
vn 1.000000 0.000001 0.000000
vn 1.000000 0.000001 0.000000
vn 1.000000 0.000001 0.000000
vn 1.000000 0.000001 -0.000001
vn 1.000000 0.000001 -0.000001
vn 1.000000 0.000001 -0.000001
vn 1.000000 0.000001 -0.000001
vn 1.000000 0.000000 0.000001
vn 1.000000 0.000000 0.000001
vn 1.000000 0.000000 0.000001
vn 1.000000 0.000000 0.000001
vn 1.000000 0.000000 -0.000001
vn 1.000000 0.000000 -0.000001
vn 1.000000 0.000000 -0.000001
vn 1.000000 0.000000 -0.000001
vn 1.000000 0.000000 0.000000
vn 1.000000 0.000000 0.000000
vn 1.000000 0.000000 0.000000
vn 1.000000 0.000000 0.000000
vn 1.000000 0.000000 0.000000
vn 1.000000 0.000000 0.000000
vn 1.000000 0.000000 0.000000
vn 1.000000 0.000000 0.000000
vn -0.596593 0.000001 0.802544
vn -0.596593 0.000001 0.802544
vn -0.596593 0.000001 0.802544
vn -0.596593 0.000001 0.802544
vn -0.596593 0.000000 0.802544
vn -0.596593 0.000000 0.802544
vn -0.596593 0.000000 0.802544
vn -0.596593 0.000000 0.802544
vn -0.596590 -0.000004 0.802546
vn -0.596590 -0.000004 0.802546
vn -0.596590 -0.000004 0.802546
vn -0.596590 -0.000004 0.802546
vn 0.000000 1.000000 -0.000000
vn 0.000000 1.000000 -0.000000
vn 0.000000 1.000000 -0.000000
vn 0.000000 1.000000 -0.000000
vn -0.000000 1.000000 -0.000000
vn -0.000000 1.000000 -0.000000
vn -0.000000 1.000000 0.000000
vn -0.000000 1.000000 0.000000
vn -0.000000 1.000000 0.000000
vn -0.000000 1.000000 0.000000
vn -0.000000 -1.000000 0.000000
vn -0.000000 -1.000000 0.000000
vn -0.000000 -1.000000 0.000000
vn -0.000000 -1.000000 0.000000
vn -0.000000 -1.000000 -0.000000
vn -0.000000 -1.000000 -0.000000
vn -0.000000 -1.000000 -0.000000
vn -0.000000 -1.000000 -0.000000
vn 0.000000 -1.000000 -0.000000
vn 0.000000 -1.000000 -0.000000
vn 0.000000 -1.000000 -0.000000
vn 0.000000 -1.000000 -0.000000
vn -0.571199 0.000000 -0.820811
vn -0.571199 0.000000 -0.820811
vn -0.571199 0.000000 -0.820811
vn -0.571200 0.000000 -0.820811
vn -0.571199 0.000000 -0.820812
vn -0.571199 0.000000 -0.820812
vn -0.571199 0.000000 -0.820812
vn -0.571199 0.000000 -0.820811
vn -0.571199 0.000003 -0.820812
vn -0.571199 0.000003 -0.820812
vn -0.571199 0.000003 -0.820812
vn -0.571199 0.000003 -0.820812
vn -0.000000 -1.000000 -0.000000
vn -0.000000 -1.000000 -0.000000
vn -0.000000 -1.000000 -0.000000
vn -0.000000 -1.000000 -0.000000
vn -0.000000 -1.000000 -0.000000
vn -0.000000 -1.000000 -0.000000
vn -0.000000 -1.000000 -0.000000
vn -0.000000 -1.000000 -0.000000
vn -0.000000 -1.000000 -0.000000
vn -0.000000 -1.000000 -0.000000
vn -0.000000 -1.000000 -0.000000
vn -0.000000 -1.000000 -0.000000
vn 1.000000 0.000000 0.000000
vn 1.000000 0.000000 0.000000
vn 1.000000 0.000000 0.000000
vn 1.000000 0.000000 0.000000
vn 1.000000 0.000002 0.000000
vn 1.000000 0.000002 0.000000
vn 1.000000 0.000002 0.000000
vn 1.000000 0.000002 0.000000
vn 1.000000 0.000000 -0.000001
vn 1.000000 0.000000 -0.000001
vn 1.000000 0.000000 -0.000001
vn 1.000000 0.000000 -0.000001
vn -0.000003 1.000000 0.000000
vn -0.000003 1.000000 0.000000
vn -0.000003 1.000000 0.000000
vn -0.000003 1.000000 0.000000
vn -0.000003 1.000000 0.000004
vn -0.000003 1.000000 0.000004
vn -0.000003 1.000000 0.000004
vn -0.000003 1.000000 0.000004
vn 0.000003 1.000000 0.000000
vn 0.000003 1.000000 0.000000
vn 0.000003 1.000000 0.000000
vn 0.000003 1.000000 0.000000
vn 0.432761 0.000001 0.901508
vn 0.432762 0.000001 0.901509
vn 0.432761 0.000001 0.901508
vn 0.432762 0.000001 0.901509
vn 0.432761 0.000003 0.901508
vn 0.432762 0.000003 0.901509
vn 0.432762 0.000003 0.901509
vn 0.432761 0.000003 0.901509
vn 0.432762 0.000001 0.901508
vn 0.432762 0.000001 0.901508
vn 0.432762 0.000001 0.901508
vn 0.432762 0.000001 0.901508
vn -0.000000 1.000000 0.000000
vn -0.000000 1.000000 0.000000
vn -0.000000 1.000000 0.000000
vn -0.000000 1.000000 0.000000
vn 0.000000 1.000000 0.000000
vn 0.000000 1.000000 0.000000
vn -0.000000 1.000000 -0.000000
vn -0.000000 1.000000 -0.000000
vn -0.000000 1.000000 -0.000000
vn -0.000000 1.000000 -0.000000
vn 0.000000 1.000000 0.000000
vn 0.327683 0.669708 -0.666420
vn 0.253883 0.817891 -0.516331
vn 0.000000 1.000000 0.000000
vn 0.000000 1.000000 -0.000000
vn 0.000000 1.000000 -0.000000
vn 0.000000 1.000000 0.000000
vn 0.000000 1.000000 0.000000
vn 0.000000 1.000000 0.000000
vn 0.000000 1.000000 0.000000
vn 0.441250 -0.000001 -0.897384
vn 0.290095 -0.753508 -0.589975
vn 0.168129 -0.924563 -0.341930
vn 0.441250 -0.000001 -0.897384
vn 0.441250 -0.000001 -0.897384
vn 0.441250 -0.000001 -0.897384
vn 0.441250 -0.000001 -0.897384
vn 0.441250 -0.000001 -0.897384
vn 0.441250 -0.000001 -0.897384
vn 0.441250 -0.000001 -0.897384
vn -0.000000 -1.000000 0.000000
vn 0.173619 -0.919337 -0.353095
vn 0.308157 -0.715733 -0.626710
vn -0.000000 -1.000000 0.000000
vn 0.000000 -1.000000 -0.000000
vn 0.000000 -1.000000 -0.000000
vn -0.000000 -1.000000 -0.000000
vn -0.000000 -1.000000 -0.000000
vn -0.000000 -1.000000 -0.000000
vn -0.000000 -1.000000 -0.000000
vn 0.000000 -1.000000 0.000000
vn 0.000000 -1.000000 0.000000
vn 0.000000 -1.000000 0.000000
vn 0.000000 -1.000000 0.000000
vn 0.000000 -1.000000 0.000000
vn 0.000000 -1.000000 0.000000
vn 0.000000 -1.000000 0.000000
vn 0.000000 -1.000000 0.000000
vn -0.000000 -1.000000 -0.000000
vn -0.000000 -1.000000 -0.000000
vn -0.000000 -1.000000 -0.000000
vn -0.000000 -1.000000 -0.000000
vn -0.000000 -1.000000 -0.000000
vn -0.000000 -1.000000 -0.000000
vn -0.000000 -1.000000 -0.000000
vn -0.000000 -1.000000 -0.000000
vn -0.000000 -1.000000 -0.000000
vn -0.000000 -1.000000 -0.000000
vn -0.000000 -1.000000 0.000000
vn -0.000000 -1.000000 0.000000
vn -0.000000 -1.000000 0.000000
vn -0.000000 -1.000000 0.000000
vn 0.000000 -1.000000 -0.000000
vn 0.000000 -1.000000 -0.000000
vn 0.000000 -1.000000 -0.000000
vn 0.000000 -1.000000 -0.000000
vn 0.000000 -1.000000 0.000000
vn 0.000000 -1.000000 0.000000
vn 0.000000 -1.000000 0.000000
vn 0.000000 -1.000000 0.000000
vn -0.000000 -1.000000 0.000000
vn -0.000000 -1.000000 0.000000
vn -0.000000 -1.000000 0.000000
vn -0.000000 -1.000000 0.000000
vn -0.998765 0.000000 -0.049690
vn -0.998765 0.000000 -0.049690
vn -0.998765 0.000000 -0.049690
vn -0.998765 0.000000 -0.049690
vn -0.998765 -0.000006 -0.049689
vn -0.998765 -0.000006 -0.049689
vn -0.998765 -0.000006 -0.049689
vn -0.998765 -0.000006 -0.049689
vn -0.998765 0.000000 -0.049690
vn -0.998765 0.000000 -0.049690
vn -0.998765 0.000000 -0.049690
vn -0.998765 0.000000 -0.049690
vn 0.000000 1.000000 0.000000
vn 0.000000 1.000000 0.000000
vn 0.000000 1.000000 0.000000
vn 0.000000 1.000000 0.000000
vn 0.000000 1.000000 0.000000
vn 0.000000 1.000000 0.000000
vn 0.000000 1.000000 0.000000
vn 0.000000 1.000000 0.000000
vn -0.000000 1.000000 0.000000
vn -0.000000 1.000000 0.000000
vn -0.000000 1.000000 0.000000
vn -0.000000 1.000000 0.000000
vn 0.000005 1.000000 -0.000000
vn 0.000005 1.000000 -0.000000
vn 0.000005 1.000000 -0.000000
vn 0.000005 1.000000 -0.000000
vn 0.000005 1.000000 0.000000
vn 0.000005 1.000000 0.000000
vn 0.000005 1.000000 0.000000
vn 0.000005 1.000000 0.000000
vn -0.000005 1.000000 0.000000
vn -0.000005 1.000000 0.000000
vn -0.000005 1.000000 0.000000
vn -0.000005 1.000000 0.000000
vn -0.000002 1.000000 0.000002
vn -0.000002 1.000000 0.000002
vn -0.000002 1.000000 0.000002
vn -0.000002 1.000000 0.000002
vn 0.000002 1.000000 0.000004
vn 0.000002 1.000000 0.000004
vn 0.000002 1.000000 0.000004
vn 0.000002 1.000000 0.000004
vn 0.000002 1.000000 0.000006
vn 0.000002 1.000000 0.000006
vn 0.000002 1.000000 0.000006
vn 0.000002 1.000000 0.000006
vn 0.000000 1.000000 -0.000000
vn -0.000000 1.000000 -0.000000
vn -0.000000 1.000000 -0.000000
vn 0.000000 1.000000 -0.000000
vn 0.000000 1.000000 0.000000
vn 0.000000 1.000000 0.000000
vn 0.000000 1.000000 0.000000
vn 0.000000 1.000000 0.000000
vn 0.000000 1.000000 0.000000
vn 0.000000 1.000000 0.000000
vn -0.181452 -0.000000 0.983400
vn -0.181452 -0.000000 0.983400
vn -0.181452 -0.000000 0.983400
vn -0.181452 -0.000000 0.983400
vn -0.181472 0.000001 0.983396
vn -0.181472 0.000001 0.983396
vn -0.181472 0.000001 0.983396
vn -0.181472 0.000001 0.983396
vn -0.181461 0.000001 0.983398
vn -0.181461 0.000001 0.983398
vn -0.181461 0.000001 0.983398
vn -0.181461 0.000001 0.983398
vn 0.571531 -0.000001 0.820580
vn 0.571531 -0.000001 0.820580
vn 0.571531 -0.000001 0.820580
vn 0.571531 -0.000001 0.820580
vn 0.571532 0.000001 0.820580
vn 0.571532 0.000001 0.820580
vn 0.571531 0.000001 0.820580
vn 0.571532 0.000001 0.820580
vn 0.571532 0.000001 0.820580
vn 0.571532 0.000001 0.820580
vn 0.571532 0.000001 0.820580
vn 0.571532 0.000001 0.820580
vn 0.983397 -0.000001 0.181468
vn 0.983397 -0.000001 0.181468
vn 0.983397 -0.000001 0.181468
vn 0.983397 -0.000001 0.181468
vn 0.983398 -0.000002 0.181461
vn 0.983398 -0.000002 0.181461
vn 0.983398 -0.000002 0.181461
vn 0.983398 -0.000002 0.181461
vn 0.983396 -0.000001 0.181472
vn 0.983396 -0.000001 0.181472
vn 0.983396 -0.000001 0.181472
vn 0.983396 -0.000001 0.181472
vn -0.571199 0.000001 -0.820812
vn -0.571199 0.000001 -0.820812
vn -0.571199 0.000001 -0.820812
vn -0.571199 0.000001 -0.820812
vn -0.571200 0.000000 -0.820811
vn -0.571200 0.000000 -0.820811
vn -0.571200 0.000000 -0.820811
vn -0.571200 0.000000 -0.820811
vn -0.571200 0.000002 -0.820811
vn -0.571200 0.000002 -0.820811
vn -0.571200 0.000002 -0.820811
vn -0.571200 0.000002 -0.820811
vn -0.596591 0.000000 0.802546
vn -0.596591 0.000000 0.802546
vn -0.596591 0.000000 0.802546
vn -0.596591 0.000000 0.802546
vn -0.596591 -0.000002 0.802546
vn -0.596591 -0.000002 0.802546
vn -0.596591 -0.000002 0.802546
vn -0.596591 -0.000002 0.802546
vn -0.596592 0.000000 0.802545
vn -0.596592 0.000000 0.802545
vn -0.596592 0.000000 0.802545
vn -0.596592 0.000000 0.802545
vn 0.981756 0.000001 -0.190145
vn 0.981756 0.000001 -0.190145
vn 0.981756 0.000001 -0.190145
vn 0.981756 0.000001 -0.190145
vn 0.981757 -0.000002 -0.190143
vn 0.981757 -0.000002 -0.190143
vn 0.981757 -0.000002 -0.190143
vn 0.981757 -0.000002 -0.190143
vn 0.981755 -0.000002 -0.190152
vn 0.981755 -0.000002 -0.190152
vn 0.981755 -0.000002 -0.190152
vn 0.981755 -0.000002 -0.190152
vn 0.591711 -0.000002 -0.806150
vn 0.591711 -0.000002 -0.806150
vn 0.591711 -0.000002 -0.806150
vn 0.591711 -0.000002 -0.806150
vn 0.591710 0.000002 -0.806151
vn 0.591710 0.000002 -0.806151
vn 0.591709 0.000002 -0.806151
vn 0.591709 0.000002 -0.806151
vn 0.591713 0.000001 -0.806149
vn 0.591713 0.000001 -0.806149
vn 0.591713 0.000001 -0.806149
vn 0.591713 0.000001 -0.806149
vn -0.190145 -0.000001 -0.981756
vn -0.190145 -0.000001 -0.981756
vn -0.190145 -0.000001 -0.981756
vn -0.190145 -0.000001 -0.981756
vn -0.190148 0.000001 -0.981755
vn -0.190148 0.000001 -0.981755
vn -0.190148 0.000001 -0.981755
vn -0.190148 0.000001 -0.981755
vn -0.190154 0.000001 -0.981754
vn -0.190154 0.000001 -0.981754
vn -0.190154 0.000001 -0.981754
vn -0.190154 0.000001 -0.981754
vn 0.000000 1.000000 0.000000
vn 0.000000 1.000000 0.000000
vn 0.000000 1.000000 0.000000
vn 0.000000 1.000000 0.000000
vn -0.000000 1.000000 0.000000
vn -0.000000 1.000000 0.000000
vn -0.000000 1.000000 0.000000
vn -0.000000 1.000000 0.000000
vn -0.000000 1.000000 0.000000
vn -0.000000 1.000000 0.000000
vn 0.319789 -0.000000 -0.947489
vn 0.319789 -0.000000 -0.947489
vn 0.319789 -0.000000 -0.947489
vn 0.319789 -0.000000 -0.947489
vn 0.319789 0.000001 -0.947489
vn 0.319789 0.000001 -0.947489
vn 0.319789 0.000001 -0.947489
vn 0.319789 0.000001 -0.947489
vn 0.319800 0.000001 -0.947485
vn 0.319800 0.000001 -0.947485
vn 0.319800 0.000001 -0.947485
vn 0.319800 0.000001 -0.947485
vn -0.999964 0.000001 0.008538
vn -0.999964 0.000001 0.008538
vn -0.999964 0.000001 0.008538
vn -0.999964 0.000001 0.008538
vn -0.999964 -0.000001 0.008538
vn -0.999964 -0.000001 0.008538
vn -0.999964 -0.000001 0.008538
vn -0.999964 -0.000001 0.008538
vn -0.999964 0.000000 0.008537
vn -0.999964 0.000000 0.008537
vn -0.999964 0.000000 0.008537
vn -0.999964 0.000000 0.008537
vn 0.319791 0.000000 0.947488
vn 0.319791 0.000000 0.947488
vn 0.319791 0.000000 0.947488
vn 0.319791 0.000000 0.947488
vn 0.319791 0.000000 0.947488
vn 0.319791 0.000000 0.947488
vn 0.319791 0.000000 0.947488
vn 0.319791 0.000000 0.947488
vn 0.319783 0.000001 0.947491
vn 0.319783 0.000001 0.947491
vn 0.319783 0.000001 0.947491
vn 0.319783 0.000001 0.947491
vn 1.000000 0.000000 0.000001
vn 1.000000 0.000000 0.000001
vn 1.000000 0.000000 0.000001
vn 1.000000 0.000000 0.000001
vn 1.000000 0.000000 0.000001
vn 1.000000 0.000000 0.000001
vn 1.000000 0.000000 0.000001
vn 1.000000 0.000000 0.000001
vn 1.000000 0.000000 0.000000
vn 1.000000 0.000000 0.000000
vn 1.000000 0.000000 0.000000
vn 1.000000 0.000000 0.000000
vn -0.596592 0.000000 0.802545
vn -0.596592 0.000000 0.802545
vn -0.596592 0.000000 0.802545
vn -0.596592 0.000000 0.802545
vn -0.596591 0.000000 0.802545
vn -0.596591 0.000000 0.802545
vn -0.596591 0.000000 0.802545
vn -0.596591 0.000000 0.802545
vn -0.596590 0.000000 0.802546
vn -0.596590 0.000000 0.802546
vn -0.596590 0.000000 0.802546
vn -0.596590 0.000000 0.802546
vn -0.596592 0.000000 0.802545
vn 0.222109 0.000000 0.975022
vn 0.222108 0.000000 0.975022
vn -0.596592 0.000000 0.802545
vn -0.596592 0.000000 0.802545
vn -0.596592 0.000000 0.802545
vn -0.596592 0.000000 0.802545
vn -0.596592 0.000000 0.802545
vn -0.596592 0.000000 0.802545
vn -0.596592 0.000000 0.802545
vn -0.596591 0.000000 0.802545
vn -0.596591 0.000000 0.802546
vn -0.596591 0.000000 0.802546
vn -0.596591 0.000000 0.802546
vn -0.596592 0.000003 0.802545
vn -0.596592 0.000003 0.802545
vn -0.596592 0.000003 0.802545
vn -0.596592 0.000003 0.802545
vn -0.596592 -0.000003 0.802545
vn -0.596592 -0.000003 0.802545
vn -0.596592 -0.000003 0.802545
vn -0.596592 -0.000003 0.802545
vn 0.000000 1.000000 0.000000
vn 0.000000 1.000000 0.000000
vn 0.000000 1.000000 0.000000
vn 0.000000 1.000000 0.000000
vn 0.000000 1.000000 -0.000000
vn 0.000000 1.000000 -0.000000
vn 0.000000 1.000000 -0.000000
vn 0.000000 1.000000 -0.000000
vn -0.000000 1.000000 0.000000
vn -0.000000 1.000000 0.000000
vn -0.000000 1.000000 0.000000
vn -0.000000 1.000000 0.000000
vn 0.000000 1.000000 -0.000000
vn -0.000000 1.000000 -0.000000
vn -0.000000 1.000000 -0.000000
vn 0.000000 1.000000 -0.000000
vn 0.000000 1.000000 0.000000
vn 0.000000 1.000000 0.000000
vn 0.000000 1.000000 0.000000
vn 0.000000 1.000000 0.000000
vn 0.000000 1.000000 0.000000
vn 0.000000 1.000000 0.000000
vn 0.000000 -1.000000 0.000000
vn -0.000000 -1.000000 -0.000000
vn -0.000000 -1.000000 -0.000000
vn 0.000000 -1.000000 0.000000
vn -0.000000 -1.000000 -0.000000
vn -0.000000 -1.000000 -0.000000
vn -0.000000 -1.000000 0.000000
vn -0.000000 -1.000000 0.000000
vn -0.000000 -1.000000 0.000000
vn -0.000000 -1.000000 0.000000
vn 0.000000 -1.000000 -0.000000
vn -0.000000 -1.000000 -0.000000
vn -0.000000 -1.000000 -0.000000
vn 0.000000 -1.000000 -0.000000
vn 0.000000 -1.000000 0.000000
vn 0.000000 -1.000000 0.000000
vn -0.000000 -1.000000 0.000000
vn -0.000000 -1.000000 0.000000
vn -0.000000 -1.000000 0.000000
vn -0.000000 -1.000000 0.000000
vn -0.571200 0.000003 -0.820811
vn -0.571200 0.000003 -0.820811
vn -0.571200 0.000003 -0.820811
vn -0.571200 0.000003 -0.820811
vn -0.571199 0.000000 -0.820811
vn -0.571199 0.000000 -0.820811
vn -0.571199 0.000000 -0.820811
vn -0.571199 0.000000 -0.820811
vn -0.571200 0.000003 -0.820811
vn -0.571200 0.000003 -0.820811
vn -0.571200 0.000003 -0.820811
vn -0.571200 0.000003 -0.820811
vn -0.571199 0.000000 -0.820811
vn -0.571199 0.000000 -0.820811
vn -0.571199 0.000000 -0.820811
vn -0.571199 0.000000 -0.820811
vn -0.571200 0.000000 -0.820811
vn -0.571200 0.000000 -0.820811
vn -0.571200 0.000000 -0.820811
vn -0.571200 0.000000 -0.820811
vn -0.571199 0.000000 -0.820812
vn -0.571199 0.000000 -0.820812
vn -0.571199 0.000000 -0.820812
vn -0.571199 0.000000 -0.820812
vn -0.571200 0.000000 -0.820811
vn -0.960727 0.000000 -0.277494
vn -0.960727 0.000000 -0.277494
vn -0.571200 0.000000 -0.820811
vn -0.571200 0.000000 -0.820811
vn -0.571200 0.000000 -0.820811
vn -0.571200 0.000006 -0.820811
vn -0.571200 0.000006 -0.820811
vn -0.571200 0.000006 -0.820811
vn -0.571200 0.000006 -0.820811
vn 0.000000 -1.000000 0.000000
vn -0.000000 -1.000000 0.000000
vn -0.000000 -1.000000 0.000000
vn 0.000000 -1.000000 0.000000
vn 0.000000 -1.000000 0.000000
vn 0.000000 -1.000000 0.000000
vn -0.000000 -1.000000 0.000000
vn -0.000000 -1.000000 0.000000
vn -0.000000 -1.000000 0.000000
vn -0.000000 -1.000000 0.000000
vn -0.000000 -1.000000 -0.000000
vn -0.000000 -1.000000 -0.000000
vn -0.000000 -1.000000 -0.000000
vn -0.000000 -1.000000 -0.000000
vn 0.000000 -1.000000 -0.000000
vn 0.000000 -1.000000 -0.000000
vn 0.000000 -1.000000 0.000000
vn 0.000000 -1.000000 0.000000
vn 0.000000 -1.000000 0.000000
vn 0.000000 -1.000000 0.000000
vn 1.000000 -0.000001 0.000001
vn 1.000000 -0.000001 0.000001
vn 1.000000 -0.000001 0.000001
vn 1.000000 -0.000001 0.000001
vn 1.000000 0.000000 0.000001
vn 1.000000 0.000000 0.000001
vn 1.000000 0.000000 0.000001
vn 1.000000 0.000000 0.000001
vn 1.000000 -0.000001 -0.000001
vn 1.000000 -0.000001 -0.000001
vn 1.000000 -0.000001 -0.000001
vn 1.000000 -0.000001 -0.000001
vn 1.000000 0.000000 0.000000
vn 1.000000 0.000000 0.000000
vn 1.000000 0.000000 0.000000
vn 1.000000 0.000000 0.000000
vn 1.000000 0.000000 0.000000
vn 1.000000 0.000000 0.000000
vn 1.000000 0.000000 0.000000
vn 1.000000 0.000000 0.000000
vn 1.000000 0.000000 0.000000
vn 1.000000 0.000000 0.000000
vn 1.000000 0.000000 0.000000
vn 1.000000 0.000000 0.000000
vn 1.000000 0.000001 0.000000
vn 1.000000 0.000001 0.000000
vn 1.000000 0.000001 0.000000
vn 1.000000 0.000001 0.000000
vn 1.000000 0.000000 0.000000
vn 1.000000 0.000000 0.000000
vn 1.000000 0.000000 0.000000
vn 1.000000 0.000000 0.000000
vn 1.000000 0.000002 0.000000
vn 1.000000 0.000002 0.000000
vn 1.000000 0.000002 0.000000
vn 1.000000 0.000002 0.000000
vn 0.000003 1.000000 -0.000002
vn 0.000003 1.000000 -0.000002
vn 0.000003 1.000000 -0.000002
vn 0.000003 1.000000 -0.000002
vn -0.000003 1.000000 0.000000
vn -0.000003 1.000000 0.000000
vn -0.000003 1.000000 0.000000
vn -0.000003 1.000000 0.000000
vn 0.000000 1.000000 0.000002
vn 0.000000 1.000000 0.000002
vn 0.000000 1.000000 0.000002
vn 0.000000 1.000000 0.000002
vn -0.000003 1.000000 0.000000
vn -0.000003 1.000000 0.000000
vn -0.000003 1.000000 0.000000
vn -0.000003 1.000000 0.000000
vn -0.000003 1.000000 0.000001
vn -0.000003 1.000000 0.000001
vn -0.000003 1.000000 0.000001
vn -0.000003 1.000000 0.000001
vn 0.000003 1.000000 0.000000
vn 0.000003 1.000000 0.000000
vn 0.000003 1.000000 0.000000
vn 0.000003 1.000000 0.000000
vn 0.000003 1.000000 -0.000000
vn 0.000003 1.000000 -0.000000
vn 0.000003 1.000000 -0.000000
vn 0.000003 1.000000 -0.000000
vn -0.000003 1.000000 0.000000
vn -0.000003 1.000000 0.000000
vn -0.000003 1.000000 0.000000
vn -0.000003 1.000000 0.000000
vn -0.000003 1.000000 -0.000004
vn -0.000003 1.000000 -0.000004
vn -0.000003 1.000000 -0.000004
vn -0.000003 1.000000 -0.000004
vn 0.432761 0.000000 0.901509
vn 0.222108 0.000000 0.975022
vn 0.222108 0.000000 0.975022
vn 0.432761 0.000000 0.901509
vn 0.432761 0.000000 0.901509
vn 0.432761 0.000000 0.901509
vn 0.432762 0.000003 0.901508
vn 0.432762 0.000003 0.901508
vn 0.432762 0.000003 0.901508
vn 0.432762 0.000003 0.901508
vn 0.432761 0.000004 0.901509
vn 0.432761 0.000004 0.901509
vn 0.432761 0.000004 0.901508
vn 0.432761 0.000004 0.901508
vn 0.432762 0.000003 0.901508
vn 0.432762 0.000003 0.901508
vn 0.432762 0.000003 0.901508
vn 0.432762 0.000003 0.901508
vn 0.432762 0.000000 0.901508
vn 0.432762 0.000000 0.901508
vn 0.432762 0.000000 0.901508
vn 0.432762 0.000000 0.901508
vn 0.432762 0.000002 0.901509
vn 0.432762 0.000002 0.901509
vn 0.432762 0.000002 0.901509
vn 0.432762 0.000002 0.901508
vn 0.432761 0.000000 0.901509
vn 0.432761 0.000000 0.901509
vn 0.432761 0.000000 0.901509
vn 0.432761 0.000000 0.901509
vn 0.432762 0.000002 0.901509
vn 0.432762 0.000002 0.901508
vn 0.432762 0.000002 0.901508
vn 0.432762 0.000002 0.901508
vn -0.000000 1.000000 0.000000
vn -0.000000 1.000000 0.000000
vn -0.000000 1.000000 0.000000
vn -0.000000 1.000000 0.000000
vn -0.000000 1.000000 0.000000
vn -0.000000 1.000000 0.000000
vn -0.000000 1.000000 -0.000000
vn -0.000000 1.000000 -0.000000
vn -0.000000 1.000000 -0.000000
vn -0.000000 1.000000 -0.000000
vn 0.000000 1.000000 0.000001
vn 0.000000 1.000000 0.000001
vn 0.000000 1.000000 0.000001
vn 0.000000 1.000000 0.000001
vn -0.000000 1.000000 -0.000001
vn -0.000000 1.000000 -0.000001
vn -0.000000 1.000000 -0.000001
vn -0.000000 1.000000 -0.000001
vn -0.000000 1.000000 0.000000
vn -0.000000 1.000000 0.000000
vn -0.000000 1.000000 0.000000
vn -0.000000 1.000000 0.000000
vn 0.000000 1.000000 0.000000
vn 0.000000 1.000000 0.000000
vn 0.000000 1.000000 0.000000
vn 0.000000 1.000000 0.000000
vn -0.000000 1.000000 0.000000
vn -0.000000 1.000000 0.000000
vn -0.000000 1.000000 0.000000
vn -0.000000 1.000000 0.000000
vn -0.000000 1.000000 0.000000
vn -0.000000 1.000000 0.000000
vn -0.000000 1.000000 0.000000
vn -0.000000 1.000000 0.000000
vn -0.000001 1.000000 -0.000000
vn -0.000001 1.000000 -0.000000
vn -0.000001 1.000000 -0.000000
vn -0.000001 1.000000 -0.000000
vn 0.000000 1.000000 0.000000
vn 0.000000 1.000000 0.000000
vn 0.000000 1.000000 0.000000
vn 0.000000 1.000000 0.000000
vn 0.000000 1.000000 0.000001
vn 0.000000 1.000000 0.000001
vn 0.000000 1.000000 0.000001
vn 0.000000 1.000000 0.000001
vn 0.000000 1.000000 0.000000
vn 0.000000 1.000000 0.000000
vn 0.000000 1.000000 0.000000
vn 0.000000 1.000000 0.000000
vn -0.000000 1.000000 0.000000
vn -0.000000 1.000000 0.000000
vn -0.000000 1.000000 0.000000
vn -0.000000 1.000000 0.000000
vn 0.000000 1.000000 -0.000000
vn 0.000000 1.000000 -0.000000
vn 0.000000 1.000000 -0.000000
vn 0.000000 1.000000 -0.000000
vn -0.000000 1.000000 0.000000
vn -0.000000 1.000000 0.000000
vn -0.000000 1.000000 0.000000
vn -0.000000 1.000000 0.000000
vn 0.000000 1.000000 -0.000000
vn 0.000000 1.000000 -0.000000
vn -0.000000 1.000000 -0.000000
vn -0.000000 1.000000 -0.000000
vn -0.000000 1.000000 -0.000000
vn -0.000000 1.000000 -0.000000
vn 0.000000 1.000000 0.000000
vn 0.000000 1.000000 0.000000
vn 0.000000 1.000000 0.000000
vn 0.000000 1.000000 0.000000
vn -0.000000 1.000000 0.000000
vn -0.000000 1.000000 0.000000
vn -0.000000 1.000000 0.000000
vn -0.000000 1.000000 0.000000
vn -0.000000 1.000000 0.000000
vn -0.000000 1.000000 0.000000
vn -0.000001 1.000000 0.000000
vn -0.000001 1.000000 0.000000
vn -0.000001 1.000000 0.000000
vn -0.000001 1.000000 0.000000
vn 0.000001 1.000000 0.000000
vn 0.000001 1.000000 0.000000
vn 0.000001 1.000000 0.000000
vn 0.000001 1.000000 0.000000
vn 0.000000 1.000000 -0.000000
vn 0.000000 1.000000 -0.000000
vn 0.000000 1.000000 -0.000000
vn 0.000000 1.000000 -0.000000
vn 0.441250 -0.000002 -0.897384
vn 0.441250 -0.000002 -0.897384
vn 0.441250 -0.000002 -0.897384
vn 0.441250 -0.000002 -0.897384
vn 0.441250 0.000002 -0.897384
vn 0.441250 0.000002 -0.897384
vn 0.441250 0.000002 -0.897384
vn 0.441250 0.000002 -0.897384
vn 0.441250 0.000000 -0.897384
vn 0.441250 0.000000 -0.897384
vn 0.441250 0.000000 -0.897384
vn 0.441250 0.000000 -0.897384
vn 0.441250 0.000001 -0.897384
vn 0.196052 0.895872 -0.398718
vn 0.363768 0.566003 -0.739806
vn 0.441250 0.000001 -0.897384
vn 0.441250 0.000000 -0.897384
vn 0.441250 0.000000 -0.897384
vn 0.441250 0.000002 -0.897384
vn 0.441250 0.000002 -0.897384
vn 0.441250 0.000002 -0.897384
vn 0.441250 0.000002 -0.897384
vn 0.441250 -0.000002 -0.897384
vn 0.441250 -0.000002 -0.897384
vn 0.441250 -0.000002 -0.897384
vn 0.441250 -0.000002 -0.897384
vn 0.441250 0.000000 -0.897384
vn 0.441250 0.000000 -0.897384
vn 0.441250 0.000000 -0.897384
vn 0.441250 0.000000 -0.897384
vn 0.441250 0.000000 -0.897384
vn 0.441250 0.000000 -0.897384
vn 0.441250 0.000000 -0.897384
vn 0.441250 0.000000 -0.897384
vn 0.000000 -1.000000 0.000000
vn -0.000000 -1.000000 0.000000
vn -0.000000 -1.000000 0.000000
vn 0.000000 -1.000000 0.000000
vn -0.000000 -1.000000 -0.000000
vn -0.000000 -1.000000 -0.000000
vn -0.000000 -1.000000 -0.000000
vn -0.000000 -1.000000 -0.000000
vn -0.000000 -1.000000 -0.000000
vn -0.000000 -1.000000 -0.000000
vn 0.000000 -1.000000 -0.000000
vn 0.000000 -1.000000 -0.000000
vn 0.000000 -1.000000 -0.000000
vn 0.000000 -1.000000 -0.000000
vn -0.000000 -1.000000 0.000000
vn -0.000000 -1.000000 0.000000
vn -0.000000 -1.000000 -0.000000
vn -0.000000 -1.000000 -0.000000
vn -0.000000 -1.000000 -0.000000
vn -0.000000 -1.000000 -0.000000
vn -0.000000 -1.000000 0.000000
vn -0.000000 -1.000000 0.000000
vn -0.000000 -1.000000 0.000000
vn -0.000000 -1.000000 0.000000
vn -0.000000 -1.000000 -0.000000
vn -0.000000 -1.000000 -0.000000
vn -0.000000 -1.000000 0.000000
vn -0.000000 -1.000000 0.000000
vn -0.000000 -1.000000 0.000000
vn -0.000000 -1.000000 0.000000
vn -0.000000 -1.000000 0.000000
vn -0.000000 -1.000000 -0.000000
vn -0.000000 -1.000000 -0.000000
vn -0.000000 -1.000000 0.000000
vn -0.000000 -1.000000 -0.000000
vn -0.000000 -1.000000 -0.000000
vn 0.000000 -1.000000 0.000000
vn 0.000000 -1.000000 0.000000
vn 0.000000 -1.000000 0.000000
vn 0.000000 -1.000000 0.000000
vn -0.000000 -1.000000 -0.000000
vn -0.000000 -1.000000 -0.000000
vn -0.000000 -1.000000 -0.000000
vn -0.000000 -1.000000 -0.000000
vn -0.000000 -1.000000 0.000000
vn -0.000000 -1.000000 0.000000
vn -0.000000 -1.000000 -0.000000
vn -0.000000 -1.000000 -0.000000
vn -0.000000 -1.000000 -0.000000
vn -0.000000 -1.000000 -0.000000
vn -0.000000 -1.000000 0.000000
vn -0.000000 -1.000000 -0.000000
vn -0.000000 -1.000000 -0.000000
vn -0.000000 -1.000000 0.000000
vn -0.000000 -1.000000 -0.000000
vn -0.000000 -1.000000 -0.000000
vn -0.000000 -1.000000 0.000000
vn -0.000000 -1.000000 0.000000
vn -0.000000 -1.000000 0.000000
vn -0.000000 -1.000000 0.000000
vn -0.000000 -1.000000 0.000000
vn -0.000000 -1.000000 0.000000
vn -0.000000 -1.000000 0.000000
vn -0.000000 -1.000000 0.000000
vn -0.000000 -1.000000 0.000000
vn -0.000000 -1.000000 0.000000
vn -0.000000 -1.000000 0.000000
vn -0.000000 -1.000000 0.000000
vn -0.000000 -1.000000 0.000000
vn -0.000000 -1.000000 0.000000
vn -0.000000 -1.000000 0.000000
vn -0.000000 -1.000000 0.000000
vn 0.000000 -1.000000 0.000000
vn 0.000000 -1.000000 0.000000
vn 0.000000 -1.000000 0.000000
vn 0.000000 -1.000000 0.000000
vn 0.000000 -1.000000 0.000000
vn 0.000000 -1.000000 0.000000
vn 0.000000 -1.000000 0.000000
vn 0.000000 -1.000000 0.000000
vn 0.000000 -1.000000 0.000000
vn 0.000000 -1.000000 0.000000
vn 0.000000 -1.000000 0.000000
vn -0.000000 -1.000000 0.000000
vn -0.000000 -1.000000 0.000000
vn 0.000000 -1.000000 0.000000
vn 0.000000 -1.000000 -0.000000
vn 0.000000 -1.000000 -0.000000
vn 0.000000 -1.000000 -0.000000
vn 0.000000 -1.000000 -0.000000
vn 0.000000 -1.000000 -0.000000
vn 0.000000 -1.000000 -0.000000
vn 0.000000 -1.000000 0.000000
vn 0.000000 -1.000000 -0.000000
vn 0.000000 -1.000000 0.000000
vn 0.000000 -1.000000 0.000000
vn 0.000000 -1.000000 0.000000
vn 0.000000 -1.000000 0.000000
vn -0.000000 -1.000000 -0.000000
vn -0.000000 -1.000000 -0.000000
vn -0.000000 -1.000000 -0.000000
vn -0.000000 -1.000000 -0.000000
vn -0.998765 -0.000000 -0.049689
vn -0.960727 -0.000000 -0.277494
vn -0.960727 -0.000000 -0.277494
vn -0.998765 -0.000000 -0.049689
vn -0.998765 0.000000 -0.049689
vn -0.998765 0.000000 -0.049689
vn -0.998765 -0.000000 -0.049689
vn -0.998765 -0.000000 -0.049689
vn -0.998765 -0.000000 -0.049689
vn -0.998765 -0.000000 -0.049689
vn -0.998765 0.000018 -0.049689
vn -0.998765 0.000018 -0.049689
vn -0.998765 0.000018 -0.049689
vn -0.998765 0.000018 -0.049689
vn -0.998765 0.000000 -0.049689
vn -0.998765 0.000000 -0.049689
vn -0.998765 0.000000 -0.049689
vn -0.998765 0.000000 -0.049689
vn -0.998765 0.000000 -0.049690
vn -0.998765 0.000000 -0.049690
vn -0.998765 0.000000 -0.049690
vn -0.998765 0.000000 -0.049690
vn -0.998765 0.000000 -0.049690
vn -0.998765 0.000000 -0.049690
vn -0.998765 0.000000 -0.049690
vn -0.998765 0.000000 -0.049690
vn -0.998765 0.000009 -0.049690
vn -0.998765 0.000009 -0.049690
vn -0.998765 0.000009 -0.049690
vn -0.998765 0.000009 -0.049690
vn -0.998765 -0.000001 -0.049690
vn -0.998765 -0.000001 -0.049690
vn -0.998765 -0.000001 -0.049690
vn -0.998765 -0.000001 -0.049690
vn 0.000000 1.000000 -0.000000
vn 0.000000 1.000000 -0.000000
vn 0.000000 1.000000 -0.000000
vn 0.000000 1.000000 -0.000000
vn 0.000000 1.000000 0.000000
vn 0.000000 1.000000 0.000000
vn 0.000000 1.000000 0.000000
vn 0.000000 1.000000 0.000000
vn 0.000000 1.000000 -0.000000
vn 0.000000 1.000000 -0.000000
vn 0.000000 1.000000 -0.000000
vn 0.000000 1.000000 -0.000000
vn -0.000000 1.000000 0.000000
vn -0.000000 1.000000 0.000000
vn -0.000000 1.000000 0.000000
vn -0.000000 1.000000 0.000000
vn 0.000000 1.000000 0.000000
vn 0.000000 1.000000 0.000000
vn 0.000000 1.000000 0.000000
vn 0.000000 1.000000 0.000000
vn 0.000000 1.000000 0.000000
vn 0.000000 1.000000 0.000000
vn 0.000000 1.000000 -0.000000
vn -0.000000 1.000000 -0.000000
vn -0.000000 1.000000 -0.000000
vn 0.000000 1.000000 -0.000000
vn -0.000000 1.000000 0.000000
vn -0.000000 1.000000 0.000000
vn -0.000000 1.000000 0.000000
vn -0.000000 1.000000 0.000000
vn -0.000000 1.000000 0.000000
vn -0.000000 1.000000 0.000000
vn -0.000000 1.000000 0.000000
vn -0.000000 1.000000 -0.000000
vn -0.000000 1.000000 0.000000
vn -0.000000 1.000000 0.000000
vn 0.000000 1.000000 0.000000
vn 0.000000 1.000000 0.000000
vn 0.000000 1.000000 -0.000000
vn 0.000000 1.000000 -0.000000
vn 0.000000 1.000000 -0.000000
vn 0.000000 1.000000 -0.000000
vn 0.000000 1.000000 0.000000
vn 0.000000 1.000000 0.000000
vn 0.000000 1.000000 0.000000
vn 0.000000 1.000000 0.000000
vn 0.000000 1.000000 0.000000
vn 0.000000 1.000000 0.000000
vn 0.000000 1.000000 0.000000
vn 0.000000 1.000000 0.000000
vn 0.000000 1.000000 0.000000
vn 0.000000 1.000000 0.000000
vn 0.000000 1.000000 0.000000
vn 0.000000 1.000000 0.000000
vn 0.000009 1.000000 0.000000
vn 0.000009 1.000000 0.000000
vn 0.000009 1.000000 0.000000
vn 0.000009 1.000000 0.000000
vn -0.000009 1.000000 -0.000001
vn -0.000009 1.000000 -0.000001
vn -0.000009 1.000000 -0.000001
vn -0.000009 1.000000 -0.000001
vn -0.000005 1.000000 0.000000
vn -0.000005 1.000000 0.000000
vn -0.000005 1.000000 0.000000
vn -0.000005 1.000000 0.000000
vn 0.000005 1.000000 0.000000
vn 0.000005 1.000000 0.000000
vn 0.000005 1.000000 0.000000
vn 0.000005 1.000000 0.000000
vn 0.000005 1.000000 0.000001
vn 0.000005 1.000000 0.000001
vn 0.000005 1.000000 0.000001
vn 0.000005 1.000000 0.000001
vn -0.000005 1.000000 0.000000
vn -0.000005 1.000000 0.000000
vn -0.000005 1.000000 0.000000
vn -0.000005 1.000000 0.000000
vn 0.000000 1.000000 0.000000
vn 0.000000 1.000000 0.000000
vn 0.000000 1.000000 0.000000
vn 0.000000 1.000000 0.000000
vn 0.000000 1.000000 0.000000
vn 0.000000 1.000000 0.000000
vn 0.000000 1.000000 0.000000
vn 0.000000 1.000000 0.000000
vn -0.000005 1.000000 -0.000001
vn -0.000005 1.000000 -0.000001
vn -0.000005 1.000000 -0.000001
vn -0.000005 1.000000 -0.000001
vn 0.000002 1.000000 0.000000
vn 0.000002 1.000000 0.000000
vn 0.000002 1.000000 0.000000
vn 0.000002 1.000000 0.000000
vn 0.000004 1.000000 -0.000009
vn 0.000004 1.000000 -0.000009
vn 0.000004 1.000000 -0.000009
vn 0.000004 1.000000 -0.000009
vn 0.000002 1.000000 0.000000
vn 0.000002 1.000000 0.000000
vn 0.000002 1.000000 0.000000
vn 0.000002 1.000000 0.000000
vn -0.000001 1.000000 -0.000002
vn -0.000001 1.000000 -0.000002
vn -0.000001 1.000000 -0.000002
vn -0.000001 1.000000 -0.000002
vn 0.000002 1.000000 0.000004
vn 0.000002 1.000000 0.000004
vn 0.000002 1.000000 0.000004
vn 0.000002 1.000000 0.000004
vn 0.000000 1.000000 0.000001
vn 0.000000 1.000000 0.000001
vn 0.000000 1.000000 0.000001
vn 0.000000 1.000000 0.000001
vn 0.000000 1.000000 0.000000
vn 0.000000 1.000000 0.000000
vn 0.000000 1.000000 0.000000
vn 0.000000 1.000000 0.000000
vn 0.000000 1.000000 -0.000004
vn 0.000000 1.000000 -0.000004
vn 0.000000 1.000000 -0.000004
vn 0.000000 1.000000 -0.000004
vn -0.000002 1.000000 0.000000
vn -0.000002 1.000000 0.000000
vn -0.000002 1.000000 0.000000
vn -0.000002 1.000000 0.000000
vn -0.000000 1.000000 -0.000000
vn -0.000000 1.000000 -0.000000
vn -0.000000 1.000000 -0.000000
vn -0.000000 1.000000 -0.000000
vn -0.000000 1.000000 -0.000001
vn -0.000000 1.000000 -0.000001
vn -0.000000 1.000000 -0.000001
vn -0.000000 1.000000 -0.000001
vn -0.000000 1.000000 0.000000
vn -0.000000 1.000000 0.000000
vn -0.000000 1.000000 0.000000
vn -0.000000 1.000000 0.000000
vn 0.000000 1.000000 0.000000
vn 0.000000 1.000000 0.000000
vn 0.000000 1.000000 0.000000
vn 0.000000 1.000000 0.000000
vn 0.000000 1.000000 -0.000000
vn 0.000000 1.000000 -0.000000
vn 0.000000 1.000000 0.000000
vn 0.000000 1.000000 0.000000
vn 0.000000 1.000000 0.000000
vn 0.000000 1.000000 0.000000
vn -0.181471 0.000001 0.983396
vn -0.181471 0.000001 0.983396
vn -0.181471 0.000001 0.983396
vn -0.181471 0.000001 0.983396
vn -0.181476 0.000000 0.983395
vn -0.181476 0.000000 0.983396
vn -0.181476 0.000000 0.983396
vn -0.181476 0.000000 0.983395
vn -0.181474 -0.000000 0.983396
vn -0.181474 -0.000000 0.983396
vn -0.181474 -0.000000 0.983396
vn -0.181474 -0.000000 0.983396
vn -0.181486 -0.000000 0.983394
vn -0.181486 -0.000000 0.983394
vn -0.181486 -0.000000 0.983394
vn -0.181486 -0.000000 0.983394
vn -0.181486 0.000000 0.983394
vn -0.181486 0.000000 0.983394
vn -0.181486 0.000000 0.983394
vn -0.181486 0.000000 0.983394
vn -0.181471 0.000001 0.983396
vn -0.181471 0.000001 0.983396
vn -0.181471 0.000001 0.983396
vn -0.181471 0.000001 0.983396
vn -0.181464 -0.000001 0.983398
vn -0.181464 -0.000001 0.983398
vn -0.181464 -0.000001 0.983398
vn -0.181464 -0.000001 0.983398
vn -0.181486 -0.000002 0.983394
vn -0.181486 -0.000002 0.983394
vn -0.181486 -0.000002 0.983393
vn -0.181486 -0.000002 0.983393
vn -0.181475 0.000000 0.983396
vn -0.181475 0.000000 0.983396
vn -0.181475 0.000000 0.983396
vn -0.181475 0.000000 0.983396
vn 0.571531 0.000000 0.820580
vn 0.571531 0.000000 0.820580
vn 0.571531 0.000000 0.820580
vn 0.571531 0.000000 0.820580
vn 0.571531 -0.000001 0.820581
vn 0.571531 -0.000001 0.820581
vn 0.571531 -0.000001 0.820581
vn 0.571531 -0.000001 0.820581
vn 0.571530 0.000001 0.820581
vn 0.571530 0.000001 0.820581
vn 0.571530 0.000001 0.820581
vn 0.571530 0.000001 0.820581
vn 0.571531 0.000000 0.820581
vn 0.571531 0.000000 0.820581
vn 0.571531 0.000000 0.820581
vn 0.571531 0.000000 0.820581
vn 0.571531 0.000000 0.820580
vn 0.571532 0.000000 0.820580
vn 0.571532 0.000000 0.820580
vn 0.571532 0.000000 0.820580
vn 0.571531 0.000000 0.820581
vn 0.571531 0.000000 0.820581
vn 0.571531 0.000000 0.820581
vn 0.571531 0.000000 0.820581
vn 0.571531 0.000000 0.820580
vn 0.571531 0.000000 0.820580
vn 0.571531 0.000000 0.820580
vn 0.571531 0.000000 0.820580
vn 0.571531 0.000000 0.820580
vn 0.571531 0.000000 0.820580
vn 0.571531 0.000000 0.820580
vn 0.571531 0.000000 0.820580
vn 0.571531 0.000000 0.820580
vn 0.571531 0.000000 0.820581
vn 0.571531 0.000000 0.820580
vn 0.571531 0.000000 0.820580
vn 0.983393 -0.000002 0.181488
vn 0.983393 -0.000002 0.181488
vn 0.983393 -0.000002 0.181488
vn 0.983393 -0.000002 0.181488
vn 0.983396 -0.000002 0.181470
vn 0.983397 -0.000002 0.181470
vn 0.983396 -0.000002 0.181470
vn 0.983397 -0.000002 0.181470
vn 0.983397 0.000003 0.181466
vn 0.983397 0.000003 0.181466
vn 0.983397 0.000003 0.181466
vn 0.983397 0.000003 0.181466
vn 0.983394 0.000001 0.181482
vn 0.983394 0.000001 0.181482
vn 0.983394 0.000001 0.181482
vn 0.983394 0.000001 0.181482
vn 0.983392 0.000000 0.181496
vn 0.983392 0.000000 0.181496
vn 0.983392 0.000000 0.181496
vn 0.983392 0.000000 0.181496
vn 0.983396 0.000002 0.181473
vn 0.983396 0.000002 0.181473
vn 0.983396 0.000002 0.181473
vn 0.983396 0.000002 0.181473
vn 0.983396 0.000002 0.181470
vn 0.983397 0.000002 0.181470
vn 0.983396 0.000002 0.181470
vn 0.983397 0.000002 0.181470
vn 0.983396 0.000000 0.181473
vn 0.983396 0.000000 0.181473
vn 0.983396 0.000000 0.181473
vn 0.983396 0.000000 0.181473
vn 0.983397 0.000000 0.181468
vn 0.983397 0.000000 0.181468
vn 0.983397 0.000000 0.181468
vn 0.983397 0.000000 0.181468
vn -0.571198 -0.000001 -0.820812
vn -0.571198 -0.000001 -0.820812
vn -0.571198 -0.000001 -0.820812
vn -0.571198 -0.000001 -0.820812
vn -0.571201 -0.000000 -0.820810
vn -0.571201 -0.000000 -0.820810
vn -0.571201 -0.000000 -0.820810
vn -0.571201 -0.000000 -0.820810
vn -0.571201 0.000000 -0.820810
vn -0.571201 0.000000 -0.820810
vn -0.571201 0.000000 -0.820810
vn -0.571201 0.000000 -0.820810
vn -0.571200 -0.000000 -0.820811
vn -0.571200 -0.000000 -0.820811
vn -0.571200 -0.000000 -0.820811
vn -0.571200 -0.000000 -0.820811
vn -0.571200 0.000000 -0.820811
vn -0.571200 0.000000 -0.820811
vn -0.571200 0.000000 -0.820811
vn -0.571200 0.000000 -0.820811
vn -0.571200 0.000000 -0.820811
vn -0.571200 0.000000 -0.820811
vn -0.571200 0.000000 -0.820811
vn -0.571200 0.000000 -0.820811
vn -0.571199 0.000000 -0.820812
vn -0.571199 0.000000 -0.820812
vn -0.571199 0.000000 -0.820812
vn -0.571199 0.000000 -0.820812
vn -0.571199 0.000000 -0.820812
vn -0.571199 0.000000 -0.820812
vn -0.571199 0.000000 -0.820812
vn -0.571199 0.000000 -0.820812
vn -0.571200 0.000000 -0.820811
vn -0.571200 0.000000 -0.820811
vn -0.571200 0.000000 -0.820811
vn -0.571200 0.000000 -0.820811
vn -0.596591 0.000000 0.802545
vn -0.596591 0.000000 0.802545
vn -0.596591 0.000000 0.802545
vn -0.596591 0.000000 0.802545
vn -0.596591 0.000001 0.802545
vn -0.596591 0.000001 0.802545
vn -0.596591 0.000001 0.802545
vn -0.596591 0.000001 0.802545
vn -0.596591 -0.000004 0.802545
vn -0.596591 -0.000004 0.802545
vn -0.596591 -0.000004 0.802545
vn -0.596591 -0.000004 0.802545
vn -0.596592 0.000001 0.802545
vn -0.596592 0.000001 0.802545
vn -0.596592 0.000001 0.802545
vn -0.596592 0.000001 0.802545
vn -0.596594 -0.000001 0.802544
vn -0.596594 -0.000001 0.802544
vn -0.596594 -0.000001 0.802544
vn -0.596594 -0.000001 0.802544
vn -0.596592 -0.000002 0.802544
vn -0.596592 -0.000002 0.802544
vn -0.596592 -0.000002 0.802545
vn -0.596592 -0.000002 0.802544
vn -0.596591 -0.000001 0.802545
vn -0.596591 -0.000001 0.802545
vn -0.596591 -0.000001 0.802545
vn -0.596591 -0.000001 0.802545
vn -0.596591 -0.000001 0.802546
vn -0.596591 -0.000001 0.802546
vn -0.596591 -0.000001 0.802546
vn -0.596591 -0.000001 0.802546
vn -0.596593 -0.000002 0.802544
vn -0.596593 -0.000002 0.802544
vn -0.596593 -0.000002 0.802544
vn -0.596593 -0.000002 0.802544
vn 0.981756 0.000000 -0.190147
vn 0.981756 0.000000 -0.190147
vn 0.981756 0.000000 -0.190147
vn 0.981756 0.000000 -0.190147
vn 0.981756 -0.000001 -0.190148
vn 0.981755 -0.000001 -0.190148
vn 0.981756 -0.000001 -0.190148
vn 0.981755 -0.000001 -0.190148
vn 0.981756 0.000000 -0.190147
vn 0.981756 0.000000 -0.190147
vn 0.981756 0.000000 -0.190147
vn 0.981756 0.000000 -0.190147
vn 0.981755 -0.000000 -0.190153
vn 0.981754 -0.000000 -0.190153
vn 0.981754 -0.000000 -0.190153
vn 0.981754 -0.000000 -0.190153
vn 0.981754 0.000000 -0.190156
vn 0.981754 0.000000 -0.190156
vn 0.981754 0.000000 -0.190156
vn 0.981754 0.000000 -0.190156
vn 0.981755 0.000001 -0.190148
vn 0.981755 0.000001 -0.190148
vn 0.981756 0.000001 -0.190148
vn 0.981756 0.000001 -0.190148
vn 0.981757 -0.000002 -0.190142
vn 0.981757 -0.000002 -0.190142
vn 0.981757 -0.000002 -0.190142
vn 0.981757 -0.000002 -0.190142
vn 0.981753 -0.000002 -0.190159
vn 0.981753 -0.000002 -0.190159
vn 0.981753 -0.000002 -0.190159
vn 0.981753 -0.000002 -0.190159
vn 0.981753 0.000002 -0.190163
vn 0.981753 0.000002 -0.190163
vn 0.981753 0.000002 -0.190163
vn 0.981753 0.000002 -0.190163
vn 0.591712 -0.000001 -0.806149
vn 0.591712 -0.000001 -0.806149
vn 0.591712 -0.000001 -0.806149
vn 0.591712 -0.000001 -0.806149
vn 0.591712 -0.000000 -0.806149
vn 0.591712 -0.000000 -0.806149
vn 0.591712 -0.000000 -0.806149
vn 0.591712 -0.000000 -0.806149
vn 0.591711 0.000003 -0.806151
vn 0.591711 0.000003 -0.806151
vn 0.591711 0.000003 -0.806151
vn 0.591711 0.000003 -0.806151
vn 0.591712 -0.000001 -0.806149
vn 0.591712 -0.000001 -0.806149
vn 0.591712 -0.000001 -0.806149
vn 0.591712 -0.000001 -0.806149
vn 0.591711 0.000001 -0.806150
vn 0.591711 0.000001 -0.806150
vn 0.591711 0.000001 -0.806150
vn 0.591711 0.000001 -0.806150
vn 0.591713 0.000000 -0.806149
vn 0.591713 0.000000 -0.806149
vn 0.591713 0.000000 -0.806149
vn 0.591713 0.000000 -0.806149
vn 0.591713 -0.000002 -0.806149
vn 0.591713 -0.000002 -0.806149
vn 0.591713 -0.000002 -0.806149
vn 0.591713 -0.000002 -0.806149
vn 0.591711 -0.000002 -0.806150
vn 0.591711 -0.000002 -0.806150
vn 0.591711 -0.000002 -0.806150
vn 0.591711 -0.000002 -0.806150
vn 0.591712 0.000002 -0.806150
vn 0.591712 0.000002 -0.806150
vn 0.591712 0.000002 -0.806150
vn 0.591712 0.000002 -0.806150
vn -0.190143 0.000001 -0.981756
vn -0.190143 0.000001 -0.981756
vn -0.190143 0.000001 -0.981756
vn -0.190143 0.000001 -0.981756
vn -0.190154 0.000001 -0.981754
vn -0.190154 0.000001 -0.981754
vn -0.190154 0.000001 -0.981754
vn -0.190154 0.000001 -0.981754
vn -0.190161 0.000000 -0.981753
vn -0.190161 0.000000 -0.981753
vn -0.190161 0.000000 -0.981753
vn -0.190161 0.000000 -0.981753
vn -0.190147 0.000000 -0.981756
vn -0.190147 0.000000 -0.981756
vn -0.190147 0.000000 -0.981756
vn -0.190147 0.000000 -0.981756
vn -0.190145 -0.000001 -0.981756
vn -0.190145 -0.000001 -0.981756
vn -0.190145 -0.000001 -0.981756
vn -0.190145 -0.000001 -0.981756
vn -0.190152 -0.000001 -0.981755
vn -0.190152 -0.000001 -0.981755
vn -0.190152 -0.000001 -0.981755
vn -0.190152 -0.000001 -0.981755
vn -0.190144 0.000000 -0.981756
vn -0.190144 0.000000 -0.981756
vn -0.190144 0.000000 -0.981756
vn -0.190144 0.000000 -0.981756
vn -0.190153 0.000001 -0.981754
vn -0.190153 0.000001 -0.981754
vn -0.190153 0.000001 -0.981754
vn -0.190153 0.000001 -0.981754
vn -0.190153 -0.000001 -0.981754
vn -0.190153 -0.000001 -0.981754
vn -0.190153 -0.000001 -0.981754
vn -0.190153 -0.000001 -0.981754
vn 0.000000 1.000000 -0.000000
vn 0.000000 1.000000 -0.000000
vn 0.000000 1.000000 -0.000000
vn 0.000000 1.000000 -0.000000
vn 0.000000 1.000000 0.000000
vn 0.000000 1.000000 0.000000
vn 0.000000 1.000000 0.000000
vn 0.000000 1.000000 0.000000
vn -0.000000 1.000000 -0.000000
vn -0.000000 1.000000 -0.000000
vn -0.000000 1.000000 -0.000000
vn -0.000000 1.000000 -0.000000
vn -0.000000 1.000000 0.000000
vn -0.000000 1.000000 0.000000
vn -0.000000 1.000000 0.000000
vn -0.000000 1.000000 0.000000
vn -0.000000 1.000000 0.000000
vn -0.000000 1.000000 0.000000
vn -0.000000 1.000000 0.000000
vn -0.000000 1.000000 0.000000
vn -0.000000 1.000000 0.000000
vn -0.000000 1.000000 0.000000
vn -0.000000 1.000000 0.000000
vn -0.000000 1.000000 -0.000000
vn -0.000000 1.000000 -0.000000
vn -0.000000 1.000000 0.000000
vn -0.000000 1.000000 0.000000
vn -0.000000 1.000000 0.000000
vn 0.000000 1.000000 0.000000
vn 0.000000 1.000000 0.000000
vn 0.000000 1.000000 0.000000
vn 0.000000 1.000000 0.000000
vn 0.319790 0.000000 -0.947489
vn 0.319790 0.000000 -0.947489
vn 0.319790 0.000000 -0.947489
vn 0.319790 0.000000 -0.947489
vn 0.319793 -0.000001 -0.947487
vn 0.319793 -0.000001 -0.947487
vn 0.319793 -0.000001 -0.947487
vn 0.319793 -0.000001 -0.947487
vn 0.319792 -0.000000 -0.947488
vn 0.319792 -0.000000 -0.947488
vn 0.319792 -0.000000 -0.947488
vn 0.319792 -0.000000 -0.947488
vn 0.319791 0.000000 -0.947488
vn 0.319791 0.000000 -0.947488
vn 0.319791 0.000000 -0.947488
vn 0.319791 0.000000 -0.947488
vn 0.319791 0.000000 -0.947488
vn 0.319791 0.000000 -0.947488
vn 0.319791 0.000000 -0.947488
vn 0.319791 0.000000 -0.947488
vn 0.319794 0.000000 -0.947487
vn 0.319794 0.000000 -0.947487
vn 0.319794 0.000000 -0.947487
vn 0.319794 0.000000 -0.947487
vn 0.319788 -0.000000 -0.947489
vn 0.319788 -0.000000 -0.947489
vn 0.319788 -0.000000 -0.947489
vn 0.319788 -0.000000 -0.947489
vn 0.319790 -0.000001 -0.947488
vn 0.319790 -0.000001 -0.947488
vn 0.319790 -0.000001 -0.947488
vn 0.319790 -0.000001 -0.947488
vn 0.319790 0.000000 -0.947489
vn 0.319790 0.000000 -0.947488
vn 0.319790 0.000000 -0.947489
vn 0.319790 0.000000 -0.947489
vn -0.999964 0.000000 0.008538
vn -0.999964 0.000000 0.008538
vn -0.999964 0.000000 0.008538
vn -0.999964 0.000000 0.008538
vn -0.999964 -0.000000 0.008537
vn -0.999964 -0.000000 0.008537
vn -0.999964 -0.000000 0.008537
vn -0.999964 -0.000000 0.008537
vn -0.999964 0.000000 0.008537
vn -0.999964 0.000000 0.008537
vn -0.999964 0.000000 0.008537
vn -0.999964 0.000000 0.008537
vn -0.999964 0.000001 0.008538
vn -0.999964 0.000001 0.008538
vn -0.999964 0.000001 0.008538
vn -0.999964 0.000001 0.008538
vn -0.999964 0.000000 0.008538
vn -0.999964 0.000000 0.008538
vn -0.999964 0.000000 0.008538
vn -0.999964 0.000000 0.008538
vn -0.999964 -0.000001 0.008538
vn -0.999964 -0.000001 0.008538
vn -0.999964 -0.000001 0.008538
vn -0.999964 -0.000001 0.008538
vn -0.999964 -0.000002 0.008537
vn -0.999964 -0.000002 0.008537
vn -0.999964 -0.000002 0.008537
vn -0.999964 -0.000002 0.008537
vn -0.999964 -0.000003 0.008538
vn -0.999964 -0.000003 0.008538
vn -0.999964 -0.000003 0.008538
vn -0.999964 -0.000003 0.008538
vn -0.999964 0.000002 0.008538
vn -0.999964 0.000002 0.008538
vn -0.999964 0.000002 0.008538
vn -0.999964 0.000002 0.008538
vn 0.319800 0.000000 0.947485
vn 0.319800 0.000000 0.947485
vn 0.319800 0.000000 0.947485
vn 0.319800 0.000000 0.947485
vn 0.319783 0.000001 0.947491
vn 0.319783 0.000001 0.947491
vn 0.319783 0.000001 0.947491
vn 0.319783 0.000001 0.947491
vn 0.319779 -0.000002 0.947492
vn 0.319779 -0.000002 0.947492
vn 0.319779 -0.000002 0.947492
vn 0.319779 -0.000002 0.947492
vn 0.319788 0.000001 0.947489
vn 0.319788 0.000001 0.947489
vn 0.319788 0.000001 0.947489
vn 0.319788 0.000001 0.947489
vn 0.319786 -0.000001 0.947490
vn 0.319786 -0.000001 0.947490
vn 0.319786 -0.000001 0.947490
vn 0.319786 -0.000001 0.947490
vn 0.319787 -0.000001 0.947490
vn 0.319787 -0.000001 0.947490
vn 0.319787 -0.000001 0.947490
vn 0.319787 -0.000001 0.947490
vn 0.319799 0.000001 0.947485
vn 0.319800 0.000001 0.947485
vn 0.319800 0.000001 0.947485
vn 0.319799 0.000001 0.947485
vn 0.319783 0.000001 0.947491
vn 0.319783 0.000001 0.947491
vn 0.319783 0.000001 0.947491
vn 0.319783 0.000001 0.947491
vn 0.319783 -0.000001 0.947491
vn 0.319782 -0.000001 0.947491
vn 0.319782 -0.000001 0.947491
vn 0.319782 -0.000001 0.947491
vn 1.000000 0.000000 0.000000
vn 1.000000 0.000000 0.000000
vn 1.000000 0.000000 0.000000
vn 1.000000 0.000000 0.000000
vn 1.000000 -0.000001 0.000000
vn 1.000000 -0.000001 0.000000
vn 1.000000 -0.000001 0.000000
vn 1.000000 -0.000001 0.000000
vn 1.000000 0.000001 0.000000
vn 1.000000 0.000001 0.000000
vn 1.000000 0.000001 0.000000
vn 1.000000 0.000001 0.000000
vn 1.000000 -0.000001 -0.000001
vn 1.000000 -0.000001 -0.000001
vn 1.000000 -0.000001 -0.000001
vn 1.000000 -0.000001 -0.000001
vn 1.000000 0.000000 -0.000001
vn 1.000000 0.000000 -0.000001
vn 1.000000 0.000000 -0.000001
vn 1.000000 0.000000 -0.000001
vn 1.000000 -0.000000 0.000000
vn 1.000000 -0.000000 0.000000
vn 1.000000 -0.000000 0.000000
vn 1.000000 -0.000000 0.000000
vn 1.000000 0.000000 0.000001
vn 1.000000 0.000000 0.000001
vn 1.000000 0.000000 0.000001
vn 1.000000 0.000000 0.000001
vn 1.000000 0.000000 -0.000001
vn 1.000000 0.000000 -0.000001
vn 1.000000 0.000000 -0.000001
vn 1.000000 0.000000 -0.000001
vn 1.000000 0.000000 -0.000001
vn 1.000000 0.000000 -0.000001
vn 1.000000 0.000000 -0.000001
vn 1.000000 0.000000 -0.000001
vn -0.596593 0.000000 0.802544
vn -0.596593 0.000000 0.802544
vn -0.596593 0.000000 0.802544
vn -0.596593 0.000000 0.802544
vn -0.596590 -0.000001 0.802546
vn -0.596590 -0.000001 0.802546
vn -0.596590 -0.000001 0.802546
vn -0.596590 -0.000001 0.802546
vn -0.596590 0.000000 0.802546
vn -0.596591 0.000000 0.802546
vn -0.596590 0.000000 0.802546
vn -0.596590 0.000000 0.802546
vn -0.596591 0.000000 0.802545
vn -0.596591 0.000000 0.802545
vn -0.596591 0.000000 0.802545
vn -0.596591 0.000000 0.802545
vn -0.596591 0.000000 0.802545
vn -0.596591 0.000000 0.802545
vn -0.596591 0.000000 0.802545
vn -0.596591 0.000000 0.802545
vn -0.596592 0.000003 0.802544
vn -0.596592 0.000003 0.802545
vn -0.596592 0.000003 0.802544
vn -0.596592 0.000003 0.802545
vn -0.596592 -0.000003 0.802545
vn -0.596592 -0.000003 0.802545
vn -0.596592 -0.000003 0.802545
vn -0.596592 -0.000003 0.802545
vn -0.596590 -0.000005 0.802546
vn -0.596590 -0.000005 0.802546
vn -0.596590 -0.000005 0.802546
vn -0.596590 -0.000005 0.802546
vn -0.596591 0.000006 0.802545
vn -0.596591 0.000006 0.802545
vn -0.596591 0.000006 0.802545
vn -0.596591 0.000006 0.802545
vn 0.000000 1.000000 -0.000000
vn 0.000000 1.000000 -0.000000
vn 0.000000 1.000000 0.000000
vn 0.000000 1.000000 0.000000
vn 0.000000 1.000000 -0.000000
vn 0.000000 1.000000 -0.000000
vn 0.000000 1.000000 -0.000000
vn 0.000000 1.000000 -0.000000
vn -0.000000 1.000000 0.000000
vn -0.000000 1.000000 0.000000
vn -0.000000 1.000000 0.000000
vn -0.000000 1.000000 0.000000
vn -0.000000 1.000000 0.000000
vn -0.000000 1.000000 0.000000
vn -0.000000 1.000000 0.000000
vn -0.000000 1.000000 0.000000
vn 0.000000 1.000000 -0.000000
vn 0.000000 1.000000 -0.000000
vn 0.000000 1.000000 -0.000000
vn 0.000000 1.000000 -0.000000
vn 0.000000 1.000000 -0.000000
vn 0.000000 1.000000 -0.000000
vn 0.000000 1.000000 -0.000000
vn 0.000000 1.000000 -0.000000
vn 0.000000 1.000000 0.000000
vn 0.000000 1.000000 0.000000
vn 0.000000 1.000000 0.000000
vn 0.000000 1.000000 0.000000
vn 0.000000 1.000000 -0.000000
vn 0.000000 1.000000 -0.000000
vn 0.000000 1.000000 -0.000000
vn 0.000000 1.000000 -0.000000
vn -0.000000 1.000000 0.000000
vn -0.000000 1.000000 0.000000
vn -0.000000 1.000000 0.000000
vn -0.000000 1.000000 0.000000
vn 0.000000 -1.000000 -0.000000
vn 0.000000 -1.000000 -0.000000
vn 0.000000 -1.000000 -0.000000
vn 0.000000 -1.000000 -0.000000
vn 0.000000 -1.000000 0.000000
vn 0.000000 -1.000000 0.000000
vn 0.000000 -1.000000 0.000000
vn 0.000000 -1.000000 0.000000
vn 0.000000 -1.000000 0.000000
vn 0.000000 -1.000000 0.000000
vn 0.000000 -1.000000 -0.000000
vn 0.000000 -1.000000 -0.000000
vn 0.000000 -1.000000 0.000000
vn 0.000000 -1.000000 0.000000
vn 0.000000 -1.000000 0.000000
vn 0.000000 -1.000000 0.000000
vn 0.000000 -1.000000 -0.000000
vn 0.000000 -1.000000 -0.000000
vn 0.000000 -1.000000 -0.000000
vn 0.000000 -1.000000 -0.000000
vn 0.000000 -1.000000 -0.000000
vn 0.000000 -1.000000 -0.000000
vn 0.000000 -1.000000 -0.000000
vn 0.000000 -1.000000 -0.000000
vn 0.000000 -1.000000 0.000000
vn 0.000000 -1.000000 0.000000
vn 0.000000 -1.000000 0.000000
vn 0.000000 -1.000000 0.000000
vn 0.000000 -1.000000 0.000000
vn 0.000000 -1.000000 0.000000
vn 0.000000 -1.000000 0.000000
vn 0.000000 -1.000000 0.000000
vn -0.571200 0.000007 -0.820811
vn -0.571200 0.000007 -0.820811
vn -0.571200 0.000007 -0.820811
vn -0.571200 0.000007 -0.820811
vn -0.571200 -0.000003 -0.820811
vn -0.571200 -0.000003 -0.820811
vn -0.571200 -0.000003 -0.820811
vn -0.571200 -0.000003 -0.820811
vn -0.571200 -0.000002 -0.820811
vn -0.571200 -0.000002 -0.820811
vn -0.571200 -0.000002 -0.820811
vn -0.571200 -0.000002 -0.820811
vn -0.571199 -0.000003 -0.820812
vn -0.571199 -0.000003 -0.820812
vn -0.571199 -0.000003 -0.820812
vn -0.571199 -0.000003 -0.820812
vn -0.571200 0.000002 -0.820811
vn -0.571200 0.000002 -0.820811
vn -0.571200 0.000002 -0.820811
vn -0.571200 0.000002 -0.820811
vn -0.571200 -0.000009 -0.820811
vn -0.571200 -0.000009 -0.820811
vn -0.571200 -0.000009 -0.820811
vn -0.571200 -0.000009 -0.820811
vn -0.571200 0.000000 -0.820811
vn -0.571200 0.000000 -0.820811
vn -0.571200 0.000000 -0.820811
vn -0.571200 0.000000 -0.820811
vn -0.571201 -0.000003 -0.820810
vn -0.571201 -0.000003 -0.820810
vn -0.571201 -0.000003 -0.820810
vn -0.571201 -0.000003 -0.820811
vn -0.571199 -0.000004 -0.820812
vn -0.571199 -0.000004 -0.820812
vn -0.571199 -0.000004 -0.820812
vn -0.571199 -0.000004 -0.820812
vn 0.000000 -1.000000 -0.000000
vn 0.155410 -0.935923 -0.316063
vn -0.000000 -1.000000 -0.000000
vn 0.000000 -1.000000 -0.000000
vn 0.000000 -1.000000 0.000000
vn 0.000000 -1.000000 0.000000
vn 0.000000 -1.000000 -0.000000
vn 0.000000 -1.000000 -0.000000
vn 0.000000 -1.000000 -0.000000
vn 0.000000 -1.000000 -0.000000
vn 0.000000 -1.000000 -0.000000
vn 0.000000 -1.000000 -0.000000
vn 0.000000 -1.000000 -0.000000
vn 0.000000 -1.000000 -0.000000
vn 0.000000 -1.000000 -0.000000
vn 0.000000 -1.000000 -0.000000
vn 0.000000 -1.000000 0.000000
vn 0.000000 -1.000000 0.000000
vn 0.000000 -1.000000 0.000000
vn 0.000000 -1.000000 0.000000
vn -0.000000 -1.000000 -0.000000
vn -0.000000 -1.000000 -0.000000
vn -0.000000 -1.000000 -0.000000
vn -0.000000 -1.000000 -0.000000
vn -0.000000 -1.000000 0.000000
vn -0.000000 -1.000000 0.000000
vn -0.000000 -1.000000 0.000000
vn -0.000000 -1.000000 0.000000
vn -0.000000 -1.000000 0.000000
vn -0.000000 -1.000000 0.000000
vn -0.000000 -1.000000 0.000000
vn -0.000000 -1.000000 0.000000
vn 1.000000 -0.000001 0.000001
vn 1.000000 -0.000001 0.000001
vn 1.000000 -0.000001 0.000001
vn 1.000000 -0.000001 0.000001
vn 1.000000 0.000000 0.000001
vn 1.000000 0.000000 0.000001
vn 1.000000 0.000000 0.000001
vn 1.000000 0.000000 0.000001
vn 1.000000 -0.000001 0.000000
vn 1.000000 -0.000001 0.000000
vn 1.000000 -0.000001 0.000000
vn 1.000000 -0.000001 0.000000
vn 1.000000 0.000000 0.000000
vn 1.000000 0.000000 0.000000
vn 1.000000 0.000000 0.000000
vn 1.000000 0.000000 0.000000
vn 1.000000 0.000000 0.000000
vn 1.000000 0.000000 0.000000
vn 1.000000 0.000000 0.000000
vn 1.000000 0.000000 0.000000
vn 1.000000 0.000000 0.000001
vn 1.000000 0.000000 0.000001
vn 1.000000 0.000000 0.000001
vn 1.000000 0.000000 0.000001
vn 1.000000 -0.000003 0.000000
vn 1.000000 -0.000003 0.000000
vn 1.000000 -0.000003 0.000000
vn 1.000000 -0.000003 0.000000
vn 1.000000 0.000000 0.000000
vn 1.000000 0.000000 0.000000
vn 1.000000 0.000000 0.000000
vn 1.000000 0.000000 0.000000
vn 1.000000 0.000002 -0.000001
vn 1.000000 0.000002 -0.000001
vn 1.000000 0.000002 -0.000001
vn 1.000000 0.000002 -0.000001
vn 0.000000 1.000000 0.000002
vn 0.000000 1.000000 0.000002
vn 0.000000 1.000000 0.000002
vn 0.000000 1.000000 0.000002
vn 0.000000 1.000000 0.000006
vn 0.000000 1.000000 0.000006
vn 0.000000 1.000000 0.000006
vn 0.000000 1.000000 0.000006
vn 0.000000 1.000000 0.000000
vn 0.000000 1.000000 0.000000
vn 0.000000 1.000000 0.000000
vn 0.000000 1.000000 0.000000
vn -0.000003 1.000000 0.000000
vn -0.000003 1.000000 0.000000
vn -0.000003 1.000000 0.000000
vn -0.000003 1.000000 0.000000
vn -0.000003 1.000000 0.000003
vn -0.000003 1.000000 0.000003
vn -0.000003 1.000000 0.000003
vn -0.000003 1.000000 0.000003
vn 0.000003 1.000000 0.000006
vn 0.000003 1.000000 0.000006
vn 0.000003 1.000000 0.000006
vn 0.000003 1.000000 0.000006
vn 0.000003 1.000000 -0.000002
vn 0.000003 1.000000 -0.000002
vn 0.000003 1.000000 -0.000002
vn 0.000003 1.000000 -0.000002
vn 0.000000 1.000000 0.000007
vn 0.000000 1.000000 0.000007
vn 0.000000 1.000000 0.000007
vn 0.000000 1.000000 0.000007
vn 0.000000 1.000000 0.000004
vn 0.000000 1.000000 0.000004
vn 0.000000 1.000000 0.000004
vn 0.000000 1.000000 0.000004
vn 0.432762 -0.000002 0.901508
vn 0.222109 -0.000001 0.975022
vn 0.222108 -0.000001 0.975022
vn 0.432762 -0.000002 0.901508
vn 0.432761 0.000002 0.901509
vn 0.432761 0.000002 0.901509
vn 0.432761 0.000005 0.901509
vn 0.432761 0.000005 0.901509
vn 0.432761 0.000005 0.901509
vn 0.432761 0.000005 0.901509
vn 0.432762 0.000000 0.901508
vn 0.432762 0.000000 0.901508
vn 0.432761 0.000000 0.901509
vn 0.432761 0.000000 0.901509
vn 0.432761 0.000000 0.901509
vn 0.432761 0.000000 0.901509
vn 0.432762 -0.000003 0.901509
vn 0.432762 -0.000003 0.901509
vn 0.432762 -0.000003 0.901508
vn 0.432762 -0.000003 0.901508
vn 0.432762 -0.000002 0.901508
vn 0.432762 -0.000002 0.901508
vn 0.432762 -0.000002 0.901508
vn 0.432762 -0.000002 0.901508
vn 0.432762 0.000004 0.901508
vn 0.432762 0.000004 0.901508
vn 0.432762 0.000004 0.901508
vn 0.432762 0.000004 0.901508
vn 0.432761 0.000001 0.901509
vn 0.432761 0.000001 0.901509
vn 0.432761 0.000001 0.901509
vn 0.432761 0.000001 0.901509
vn -0.000000 1.000000 0.000000
vn -0.000000 1.000000 0.000000
vn -0.000000 1.000000 0.000000
vn 0.000000 1.000000 0.000000
vn -0.000000 1.000000 -0.000000
vn -0.000000 1.000000 -0.000000
vn -0.000000 1.000000 -0.000000
vn -0.000000 1.000000 -0.000000
vn -0.000000 1.000000 -0.000000
vn -0.000000 1.000000 -0.000000
vn -0.000000 1.000000 0.000000
vn -0.000000 1.000000 0.000000
vn 0.000000 1.000000 0.000000
vn 0.000000 1.000000 0.000000
vn 0.000000 1.000000 0.000000
vn 0.000000 1.000000 0.000000
vn 0.000000 1.000000 0.000000
vn 0.000000 1.000000 0.000000
vn 0.000000 1.000000 0.000000
vn 0.000000 1.000000 0.000000
vn -0.000000 1.000000 -0.000000
vn -0.000000 1.000000 -0.000000
vn -0.000000 1.000000 -0.000000
vn -0.000000 1.000000 -0.000000
vn 0.000000 1.000000 0.000000
vn 0.000000 1.000000 0.000000
vn 0.000000 1.000000 0.000000
vn 0.000000 1.000000 0.000000
vn 0.000000 1.000000 0.000000
vn 0.000000 1.000000 0.000000
vn 0.000000 1.000000 0.000000
vn 0.000000 1.000000 0.000000
vn 0.357382 0.586527 -0.726818
vn 0.406564 0.388636 -0.826842
vn 0.000000 1.000000 -0.000000
vn 0.000000 1.000000 -0.000000
vn -0.000000 1.000000 0.000000
vn -0.000000 1.000000 0.000000
vn -0.000000 1.000000 0.000000
vn -0.000000 1.000000 0.000000
vn -0.000000 1.000000 -0.000000
vn -0.000000 1.000000 -0.000000
vn -0.000000 1.000000 -0.000000
vn -0.000000 1.000000 -0.000000
vn -0.000000 1.000000 0.000000
vn -0.000000 1.000000 0.000000
vn -0.000000 1.000000 0.000000
vn -0.000000 1.000000 0.000000
vn -0.000000 1.000000 -0.000000
vn -0.000000 1.000000 -0.000000
vn -0.000000 1.000000 -0.000000
vn -0.000000 1.000000 -0.000000
vn -0.000000 1.000000 0.000000
vn -0.000000 1.000000 0.000000
vn -0.000000 1.000000 0.000000
vn -0.000000 1.000000 0.000000
vn -0.000000 1.000000 0.000000
vn -0.000000 1.000000 0.000000
vn -0.000000 1.000000 0.000000
vn -0.000000 1.000000 0.000000
vn 0.000000 1.000000 0.000000
vn 0.000000 1.000000 0.000000
vn 0.000000 1.000000 0.000000
vn 0.000000 1.000000 0.000000
vn -0.000000 1.000000 0.000000
vn -0.000000 1.000000 0.000000
vn -0.000000 1.000000 0.000000
vn -0.000000 1.000000 0.000000
vn 0.161713 -0.930422 -0.328882
vn 0.441250 0.000002 -0.897384
vn 0.441250 0.000002 -0.897384
vn 0.441250 -0.000002 -0.897384
vn 0.441250 -0.000002 -0.897384
vn 0.441250 -0.000002 -0.897384
vn 0.441250 -0.000002 -0.897384
vn 0.441249 -0.000003 -0.897384
vn 0.441250 -0.000003 -0.897384
vn 0.441250 -0.000003 -0.897384
vn 0.441250 -0.000003 -0.897384
vn 0.441250 0.000000 -0.897384
vn 0.441250 0.000000 -0.897384
vn 0.441250 0.000000 -0.897384
vn 0.441250 0.000000 -0.897384
vn 0.441250 0.000000 -0.897384
vn 0.441250 0.000000 -0.897384
vn 0.441250 0.000000 -0.897384
vn 0.441250 0.000000 -0.897384
vn 0.441250 0.000000 -0.897384
vn 0.441250 0.000000 -0.897384
vn 0.441250 0.000000 -0.897384
vn 0.441250 0.000000 -0.897384
vn 0.441250 -0.000000 -0.897384
vn 0.441250 -0.000000 -0.897384
vn 0.441250 -0.000000 -0.897384
vn 0.441250 -0.000000 -0.897384
vn 0.441250 -0.000001 -0.897384
vn 0.441250 -0.000001 -0.897384
vn 0.441250 -0.000001 -0.897384
vn 0.441250 -0.000001 -0.897384
vn 0.441250 0.000000 -0.897384
vn 0.441250 0.000000 -0.897384
vn 0.441250 0.000000 -0.897384
vn 0.441250 0.000000 -0.897384
vn 0.146532 -0.943250 -0.298006
vn 0.073558 -0.986007 -0.149596
vn -0.000000 -1.000000 0.000000
vn -0.000000 -1.000000 -0.000000
vn -0.000000 -1.000000 0.000000
vn -0.000000 -1.000000 0.000000
vn -0.000000 -1.000000 0.000000
vn -0.000000 -1.000000 0.000000
vn -0.000000 -1.000000 0.000000
vn -0.000000 -1.000000 0.000000
vn 0.000000 -1.000000 -0.000000
vn 0.000000 -1.000000 -0.000000
vn -0.000000 -1.000000 0.000000
vn -0.000000 -1.000000 0.000000
vn -0.000000 -1.000000 0.000000
vn -0.000000 -1.000000 0.000000
vn -0.000000 -1.000000 0.000000
vn -0.000000 -1.000000 0.000000
vn -0.000000 -1.000000 0.000000
vn -0.000000 -1.000000 0.000000
vn -0.000000 -1.000000 0.000000
vn -0.000000 -1.000000 0.000000
vn -0.000000 -1.000000 0.000000
vn -0.000000 -1.000000 0.000000
vn -0.000000 -1.000000 0.000000
vn -0.000000 -1.000000 0.000000
vn -0.000000 -1.000000 0.000000
vn -0.000000 -1.000000 0.000000
vn -0.000000 -1.000000 -0.000000
vn -0.000000 -1.000000 -0.000000
vn -0.000000 -1.000000 -0.000000
vn -0.000000 -1.000000 -0.000000
vn -0.000000 -1.000000 0.000000
vn -0.000000 -1.000000 0.000000
vn -0.000000 -1.000000 0.000000
vn -0.000000 -1.000000 0.000000
vn -0.000000 -1.000000 -0.000000
vn -0.000000 -1.000000 -0.000000
vn -0.000000 -1.000000 -0.000000
vn -0.000000 -1.000000 -0.000000
vn -0.000000 -1.000000 -0.000000
vn -0.000000 -1.000000 -0.000000
vn -0.000000 -1.000000 -0.000000
vn -0.000000 -1.000000 -0.000000
vn -0.000000 -1.000000 0.000000
vn -0.000000 -1.000000 0.000000
vn -0.000000 -1.000000 0.000000
vn -0.000000 -1.000000 0.000000
vn 0.000000 -1.000000 0.000000
vn 0.000000 -1.000000 0.000000
vn 0.000000 -1.000000 0.000000
vn 0.000000 -1.000000 0.000000
vn -0.000000 -1.000000 -0.000000
vn -0.000000 -1.000000 -0.000000
vn -0.000000 -1.000000 -0.000000
vn -0.000000 -1.000000 -0.000000
vn 0.000000 -1.000000 0.000000
vn 0.000000 -1.000000 0.000000
vn 0.000000 -1.000000 0.000000
vn 0.000000 -1.000000 0.000000
vn -0.000000 -1.000000 0.000000
vn -0.000000 -1.000000 0.000000
vn -0.000000 -1.000000 0.000000
vn -0.000000 -1.000000 0.000000
vn -0.000000 -1.000000 -0.000000
vn -0.000000 -1.000000 -0.000000
vn -0.000000 -1.000000 -0.000000
vn -0.000000 -1.000000 -0.000000
vn -0.000000 -1.000000 0.000000
vn -0.000000 -1.000000 0.000000
vn -0.000000 -1.000000 -0.000000
vn -0.000000 -1.000000 -0.000000
vn -0.000000 -1.000000 -0.000000
vn -0.000000 -1.000000 -0.000000
vn -0.000000 -1.000000 0.000000
vn -0.000000 -1.000000 0.000000
vn -0.000000 -1.000000 -0.000000
vn -0.000000 -1.000000 -0.000000
vn -0.000000 -1.000000 -0.000000
vn -0.000000 -1.000000 -0.000000
vn -0.000000 -1.000000 0.000000
vn -0.000000 -1.000000 0.000000
vn -0.000000 -1.000000 0.000000
vn -0.000000 -1.000000 0.000000
vn -0.000000 -1.000000 -0.000000
vn -0.000000 -1.000000 -0.000000
vn -0.000000 -1.000000 -0.000000
vn -0.000000 -1.000000 -0.000000
vn -0.000000 -1.000000 0.000000
vn -0.000000 -1.000000 0.000000
vn -0.000000 -1.000000 0.000000
vn -0.000000 -1.000000 0.000000
vn -0.000000 -1.000000 0.000000
vn -0.000000 -1.000000 0.000000
vn -0.000000 -1.000000 0.000000
vn -0.000000 -1.000000 0.000000
vn 0.000000 -1.000000 0.000000
vn 0.000000 -1.000000 -0.000000
vn 0.000000 -1.000000 -0.000000
vn 0.000000 -1.000000 0.000000
vn 0.000000 -1.000000 0.000000
vn 0.000000 -1.000000 0.000000
vn 0.000000 -1.000000 0.000000
vn 0.000000 -1.000000 0.000000
vn 0.000000 -1.000000 0.000000
vn 0.000000 -1.000000 0.000000
vn -0.000000 -1.000000 0.000000
vn -0.000000 -1.000000 0.000000
vn -0.000000 -1.000000 0.000000
vn -0.000000 -1.000000 0.000000
vn -0.000000 -1.000000 0.000000
vn -0.000000 -1.000000 0.000000
vn 0.000000 -1.000000 0.000000
vn 0.000000 -1.000000 0.000000
vn 0.000000 -1.000000 0.000000
vn 0.000000 -1.000000 0.000000
vn 0.000000 -1.000000 0.000000
vn 0.000000 -1.000000 0.000000
vn 0.000000 -1.000000 0.000000
vn 0.000000 -1.000000 0.000000
vn 0.000000 -1.000000 0.000000
vn 0.000000 -1.000000 0.000000
vn 0.000000 -1.000000 0.000000
vn 0.000000 -1.000000 0.000000
vn 0.000000 -1.000000 0.000000
vn 0.000000 -1.000000 0.000000
vn 0.000000 -1.000000 0.000000
vn 0.000000 -1.000000 0.000000
vn -0.998765 0.000000 -0.049690
vn -0.960727 0.000000 -0.277494
vn -0.960727 0.000000 -0.277494
vn -0.998765 0.000000 -0.049690
vn -0.998765 -0.000009 -0.049689
vn -0.998765 -0.000009 -0.049689
vn -0.998765 -0.000009 -0.049689
vn -0.998765 -0.000009 -0.049689
vn -0.998765 -0.000009 -0.049689
vn -0.998765 -0.000009 -0.049689
vn -0.998765 0.000000 -0.049689
vn -0.998765 0.000000 -0.049689
vn -0.998765 0.000000 -0.049689
vn -0.998765 0.000000 -0.049689
vn -0.998765 0.000000 -0.049689
vn -0.998765 0.000000 -0.049689
vn -0.998765 0.000009 -0.049689
vn -0.998765 0.000009 -0.049689
vn -0.998765 0.000009 -0.049689
vn -0.998765 0.000009 -0.049689
vn -0.998765 -0.000001 -0.049689
vn -0.998765 -0.000001 -0.049689
vn -0.998765 -0.000001 -0.049689
vn -0.998765 -0.000001 -0.049689
vn -0.998765 -0.000009 -0.049689
vn -0.998765 -0.000009 -0.049689
vn -0.998765 -0.000009 -0.049689
vn -0.998765 -0.000009 -0.049689
vn -0.998765 -0.000001 -0.049690
vn -0.998765 -0.000001 -0.049690
vn -0.998765 -0.000001 -0.049690
vn -0.998765 -0.000001 -0.049690
vn 0.000000 1.000000 0.000000
vn 0.000000 1.000000 0.000000
vn 0.000000 1.000000 0.000000
vn 0.000000 1.000000 0.000000
vn 0.000000 1.000000 0.000000
vn 0.000000 1.000000 0.000000
vn 0.000000 1.000000 0.000000
vn 0.000000 1.000000 0.000000
vn 0.000000 1.000000 -0.000000
vn 0.000000 1.000000 -0.000000
vn 0.000000 1.000000 -0.000000
vn 0.000000 1.000000 -0.000000
vn -0.000000 1.000000 -0.000000
vn -0.000000 1.000000 -0.000000
vn -0.000000 1.000000 -0.000000
vn -0.000000 1.000000 -0.000000
vn -0.000000 1.000000 -0.000000
vn -0.000000 1.000000 -0.000000
vn -0.000000 1.000000 -0.000000
vn -0.000000 1.000000 -0.000000
vn 0.000000 1.000000 0.000000
vn 0.000000 1.000000 0.000000
vn 0.000000 1.000000 0.000000
vn 0.000000 1.000000 0.000000
vn 0.000000 1.000000 -0.000000
vn 0.000000 1.000000 -0.000000
vn 0.000000 1.000000 -0.000000
vn 0.000000 1.000000 -0.000000
vn -0.000000 1.000000 -0.000000
vn -0.000000 1.000000 -0.000000
vn -0.000000 1.000000 -0.000000
vn -0.000000 1.000000 -0.000000
vn -0.000000 1.000000 -0.000000
vn -0.000000 1.000000 -0.000000
vn -0.000000 1.000000 -0.000000
vn -0.000000 1.000000 -0.000000
vn 0.000005 1.000000 0.000001
vn 0.000005 1.000000 0.000001
vn 0.000005 1.000000 0.000001
vn 0.000005 1.000000 0.000001
vn -0.000004 1.000000 0.000000
vn -0.000004 1.000000 0.000000
vn -0.000004 1.000000 0.000000
vn -0.000004 1.000000 0.000000
vn -0.000005 1.000000 0.000000
vn -0.000005 1.000000 0.000000
vn -0.000005 1.000000 0.000000
vn -0.000005 1.000000 0.000000
vn 0.000005 1.000000 -0.000000
vn 0.000005 1.000000 -0.000000
vn 0.000005 1.000000 -0.000000
vn 0.000005 1.000000 -0.000000
vn 0.000005 1.000000 0.000000
vn 0.000005 1.000000 0.000000
vn 0.000005 1.000000 0.000000
vn 0.000005 1.000000 0.000000
vn -0.000005 1.000000 0.000000
vn -0.000005 1.000000 0.000000
vn -0.000005 1.000000 0.000000
vn -0.000005 1.000000 0.000000
vn 0.000005 1.000000 0.000000
vn 0.000005 1.000000 0.000000
vn 0.000005 1.000000 0.000000
vn 0.000005 1.000000 0.000000
vn -0.000005 1.000000 -0.000001
vn -0.000005 1.000000 -0.000001
vn -0.000005 1.000000 -0.000001
vn -0.000005 1.000000 -0.000001
vn -0.000005 1.000000 0.000000
vn -0.000005 1.000000 0.000000
vn -0.000005 1.000000 0.000000
vn -0.000005 1.000000 0.000000
vn 0.000000 1.000000 0.000000
vn 0.000000 1.000000 0.000000
vn 0.000000 1.000000 0.000000
vn 0.000000 1.000000 0.000000
vn 0.000000 1.000000 -0.000001
vn 0.000000 1.000000 -0.000001
vn 0.000000 1.000000 -0.000001
vn 0.000000 1.000000 -0.000001
vn 0.000000 1.000000 0.000000
vn 0.000000 1.000000 0.000000
vn 0.000000 1.000000 0.000000
vn 0.000000 1.000000 0.000000
vn 0.000002 1.000000 0.000000
vn 0.000002 1.000000 0.000000
vn 0.000002 1.000000 0.000000
vn 0.000002 1.000000 0.000000
vn -0.000002 1.000000 0.000000
vn -0.000002 1.000000 0.000000
vn -0.000002 1.000000 0.000000
vn -0.000002 1.000000 0.000000
vn -0.000002 1.000000 -0.000000
vn -0.000002 1.000000 -0.000000
vn -0.000002 1.000000 -0.000000
vn -0.000002 1.000000 -0.000000
vn 0.000000 1.000000 0.000000
vn 0.000000 1.000000 0.000000
vn 0.000000 1.000000 0.000000
vn 0.000000 1.000000 0.000000
vn 0.000000 1.000000 -0.000002
vn 0.000000 1.000000 -0.000002
vn 0.000000 1.000000 -0.000002
vn 0.000000 1.000000 -0.000002
vn 0.000000 1.000000 0.000000
vn 0.000000 1.000000 0.000000
vn 0.000000 1.000000 0.000000
vn 0.000000 1.000000 0.000000
vn -0.000000 1.000000 0.000000
vn -0.000000 1.000000 0.000000
vn -0.000000 1.000000 0.000000
vn -0.000000 1.000000 0.000000
vn 0.000000 1.000000 -0.000000
vn 0.000000 1.000000 -0.000000
vn 0.000000 1.000000 -0.000000
vn 0.000000 1.000000 -0.000000
vn 0.000000 1.000000 0.000000
vn 0.000000 1.000000 0.000000
vn 0.000000 1.000000 0.000000
vn 0.000000 1.000000 0.000000
vn -0.000000 1.000000 -0.000001
vn -0.000000 1.000000 -0.000001
vn -0.000000 1.000000 -0.000001
vn -0.000000 1.000000 -0.000001
vn 0.000000 1.000000 0.000000
vn 0.000000 1.000000 0.000000
vn 0.000000 1.000000 0.000000
vn 0.000000 1.000000 0.000000
vn 0.000000 1.000000 0.000000
vn 0.000000 1.000000 0.000000
vn 0.000000 1.000000 0.000000
vn 0.000000 1.000000 0.000000
vn 0.000000 1.000000 0.000000
vn 0.000000 1.000000 0.000000
vn 0.000000 1.000000 0.000000
vn 0.000000 1.000000 0.000000
vn 0.000000 1.000000 -0.000000
vn 0.000000 1.000000 -0.000000
vn 0.000000 1.000000 -0.000000
vn 0.000000 1.000000 -0.000000
vn 0.000000 1.000000 0.000000
vn 0.000000 1.000000 0.000000
vn 0.000000 1.000000 0.000000
vn 0.000000 1.000000 0.000000
vn -0.181473 -0.000000 0.983396
vn -0.181473 -0.000000 0.983396
vn -0.181473 -0.000000 0.983396
vn -0.181473 -0.000000 0.983396
vn -0.181487 -0.000000 0.983393
vn -0.181487 -0.000000 0.983393
vn -0.181487 -0.000000 0.983393
vn -0.181487 -0.000000 0.983393
vn -0.181490 0.000000 0.983393
vn -0.181490 0.000000 0.983393
vn -0.181490 0.000000 0.983393
vn -0.181490 0.000000 0.983393
vn -0.181473 0.000002 0.983396
vn -0.181473 0.000002 0.983396
vn -0.181473 0.000002 0.983396
vn -0.181473 0.000002 0.983396
vn -0.181481 -0.000000 0.983395
vn -0.181481 -0.000000 0.983395
vn -0.181481 -0.000000 0.983395
vn -0.181481 -0.000000 0.983395
vn -0.181452 0.000000 0.983400
vn -0.181452 0.000000 0.983400
vn -0.181452 0.000000 0.983400
vn -0.181452 0.000000 0.983400
vn -0.181474 0.000000 0.983396
vn -0.181474 0.000000 0.983396
vn -0.181474 0.000000 0.983396
vn -0.181474 0.000000 0.983396
vn -0.181486 -0.000000 0.983394
vn -0.181486 -0.000000 0.983393
vn -0.181486 -0.000000 0.983394
vn -0.181486 -0.000000 0.983394
vn -0.181474 0.000001 0.983396
vn -0.181474 0.000001 0.983396
vn -0.181474 0.000001 0.983396
vn -0.181474 0.000001 0.983396
vn 0.571531 0.000000 0.820580
vn 0.571531 0.000000 0.820580
vn 0.571531 0.000000 0.820580
vn 0.571531 0.000000 0.820580
vn 0.571531 0.000000 0.820581
vn 0.571531 0.000000 0.820581
vn 0.571531 0.000000 0.820581
vn 0.571531 0.000000 0.820581
vn 0.571531 0.000000 0.820581
vn 0.571531 0.000000 0.820580
vn 0.571531 0.000000 0.820581
vn 0.571531 0.000000 0.820581
vn 0.571531 0.000000 0.820580
vn 0.571531 0.000000 0.820580
vn 0.571531 0.000000 0.820580
vn 0.571531 0.000000 0.820580
vn 0.571531 0.000000 0.820580
vn 0.571531 0.000000 0.820580
vn 0.571531 0.000000 0.820580
vn 0.571531 0.000000 0.820580
vn 0.571531 0.000001 0.820580
vn 0.571531 0.000001 0.820580
vn 0.571531 0.000001 0.820580
vn 0.571531 0.000001 0.820580
vn 0.571531 0.000001 0.820580
vn 0.571531 0.000001 0.820580
vn 0.571531 0.000001 0.820580
vn 0.571531 0.000001 0.820580
vn 0.571531 0.000001 0.820581
vn 0.571531 0.000001 0.820581
vn 0.571531 0.000001 0.820581
vn 0.571531 0.000001 0.820581
vn 0.571531 0.000000 0.820581
vn 0.571531 0.000000 0.820581
vn 0.571531 0.000000 0.820581
vn 0.571531 0.000000 0.820581
vn 0.983395 0.000000 0.181478
vn 0.983395 0.000000 0.181478
vn 0.983395 0.000000 0.181478
vn 0.983395 0.000000 0.181478
vn 0.983399 0.000000 0.181456
vn 0.983399 0.000000 0.181456
vn 0.983399 0.000000 0.181456
vn 0.983399 0.000000 0.181456
vn 0.983399 0.000000 0.181459
vn 0.983399 0.000000 0.181459
vn 0.983399 0.000000 0.181459
vn 0.983399 0.000000 0.181459
vn 0.983395 0.000000 0.181477
vn 0.983395 0.000000 0.181477
vn 0.983395 0.000000 0.181477
vn 0.983395 0.000000 0.181477
vn 0.983395 0.000000 0.181478
vn 0.983395 0.000000 0.181478
vn 0.983395 0.000000 0.181478
vn 0.983395 0.000000 0.181478
vn 0.983395 -0.000000 0.181480
vn 0.983395 -0.000000 0.181480
vn 0.983395 -0.000000 0.181480
vn 0.983395 -0.000000 0.181480
vn 0.983396 -0.000002 0.181472
vn 0.983396 -0.000002 0.181472
vn 0.983396 -0.000002 0.181472
vn 0.983396 -0.000002 0.181472
vn 0.983396 -0.000002 0.181472
vn 0.983396 -0.000002 0.181472
vn 0.983396 -0.000002 0.181472
vn 0.983396 -0.000002 0.181472
vn 0.983396 -0.000002 0.181473
vn 0.983396 -0.000002 0.181473
vn 0.983396 -0.000002 0.181473
vn 0.983396 -0.000002 0.181473
vn -0.571200 -0.000001 -0.820811
vn -0.571200 -0.000001 -0.820811
vn -0.571200 -0.000001 -0.820811
vn -0.571200 -0.000001 -0.820811
vn -0.571200 0.000000 -0.820811
vn -0.571200 0.000000 -0.820811
vn -0.571200 0.000000 -0.820811
vn -0.571200 0.000000 -0.820811
vn -0.571200 -0.000002 -0.820811
vn -0.571200 -0.000002 -0.820811
vn -0.571200 -0.000002 -0.820811
vn -0.571200 -0.000002 -0.820811
vn -0.571200 0.000000 -0.820811
vn -0.571200 0.000000 -0.820811
vn -0.571200 0.000000 -0.820811
vn -0.571200 0.000000 -0.820811
vn -0.571200 -0.000001 -0.820811
vn -0.571200 -0.000001 -0.820811
vn -0.571200 -0.000001 -0.820811
vn -0.571200 -0.000001 -0.820811
vn -0.571199 -0.000001 -0.820812
vn -0.571199 -0.000001 -0.820812
vn -0.571199 -0.000001 -0.820812
vn -0.571199 -0.000001 -0.820812
vn -0.571198 0.000002 -0.820812
vn -0.571198 0.000002 -0.820812
vn -0.571198 0.000002 -0.820812
vn -0.571198 0.000002 -0.820812
vn -0.571201 0.000001 -0.820810
vn -0.571201 0.000001 -0.820810
vn -0.571201 0.000001 -0.820810
vn -0.571201 0.000001 -0.820811
vn -0.571199 0.000001 -0.820811
vn -0.571199 0.000001 -0.820811
vn -0.571199 0.000001 -0.820811
vn -0.571199 0.000001 -0.820811
vn -0.596592 0.000002 0.802545
vn -0.596592 0.000002 0.802545
vn -0.596592 0.000002 0.802545
vn -0.596592 0.000002 0.802545
vn -0.596592 0.000003 0.802545
vn -0.596592 0.000003 0.802545
vn -0.596592 0.000003 0.802545
vn -0.596592 0.000003 0.802545
vn -0.596591 0.000000 0.802545
vn -0.596591 0.000000 0.802545
vn -0.596591 0.000000 0.802545
vn -0.596591 0.000000 0.802545
vn -0.596591 0.000001 0.802545
vn -0.596591 0.000001 0.802545
vn -0.596591 0.000001 0.802545
vn -0.596591 0.000001 0.802545
vn -0.596593 0.000002 0.802544
vn -0.596593 0.000002 0.802544
vn -0.596593 0.000002 0.802544
vn -0.596593 0.000002 0.802544
vn -0.596591 0.000003 0.802546
vn -0.596591 0.000003 0.802546
vn -0.596591 0.000003 0.802546
vn -0.596591 0.000003 0.802546
vn -0.596591 0.000000 0.802545
vn -0.596591 0.000000 0.802545
vn -0.596591 0.000000 0.802545
vn -0.596591 0.000000 0.802545
vn -0.596592 0.000001 0.802545
vn -0.596592 0.000001 0.802545
vn -0.596592 0.000001 0.802545
vn -0.596591 0.000001 0.802545
vn -0.596592 -0.000002 0.802545
vn -0.596592 -0.000002 0.802545
vn -0.596592 -0.000002 0.802545
vn -0.596592 -0.000002 0.802545
vn 0.981755 0.000002 -0.190149
vn 0.981755 0.000002 -0.190149
vn 0.981755 0.000002 -0.190149
vn 0.981755 0.000002 -0.190149
vn 0.981755 -0.000001 -0.190152
vn 0.981755 -0.000001 -0.190152
vn 0.981755 -0.000001 -0.190152
vn 0.981755 -0.000001 -0.190152
vn 0.981755 0.000000 -0.190150
vn 0.981755 0.000000 -0.190150
vn 0.981755 0.000000 -0.190150
vn 0.981755 0.000000 -0.190150
vn 0.981756 0.000000 -0.190145
vn 0.981756 0.000000 -0.190145
vn 0.981756 0.000000 -0.190145
vn 0.981756 0.000000 -0.190145
vn 0.981756 0.000000 -0.190145
vn 0.981756 0.000000 -0.190145
vn 0.981756 0.000000 -0.190145
vn 0.981756 0.000000 -0.190145
vn 0.981754 -0.000000 -0.190158
vn 0.981754 -0.000000 -0.190158
vn 0.981754 -0.000000 -0.190158
vn 0.981754 -0.000000 -0.190158
vn 0.981756 -0.000003 -0.190146
vn 0.981756 -0.000003 -0.190146
vn 0.981756 -0.000003 -0.190146
vn 0.981756 -0.000003 -0.190146
vn 0.981753 -0.000002 -0.190159
vn 0.981753 -0.000002 -0.190159
vn 0.981753 -0.000002 -0.190159
vn 0.981753 -0.000002 -0.190159
vn 0.981752 0.000000 -0.190164
vn 0.981752 0.000000 -0.190164
vn 0.981752 0.000000 -0.190164
vn 0.981752 0.000000 -0.190164
vn 0.591711 0.000001 -0.806150
vn 0.591711 0.000001 -0.806150
vn 0.591711 0.000001 -0.806150
vn 0.591711 0.000001 -0.806150
vn 0.591713 0.000002 -0.806149
vn 0.591713 0.000002 -0.806149
vn 0.591713 0.000002 -0.806149
vn 0.591713 0.000002 -0.806149
vn 0.591713 0.000000 -0.806149
vn 0.591713 0.000000 -0.806149
vn 0.591713 0.000000 -0.806149
vn 0.591713 0.000000 -0.806149
vn 0.591713 0.000002 -0.806148
vn 0.591713 0.000002 -0.806148
vn 0.591713 0.000002 -0.806148
vn 0.591713 0.000002 -0.806148
vn 0.591713 -0.000002 -0.806149
vn 0.591713 -0.000002 -0.806149
vn 0.591713 -0.000002 -0.806149
vn 0.591713 -0.000002 -0.806149
vn 0.591712 -0.000001 -0.806149
vn 0.591712 -0.000001 -0.806149
vn 0.591713 -0.000001 -0.806149
vn 0.591713 -0.000001 -0.806149
vn 0.591712 0.000001 -0.806150
vn 0.591712 0.000001 -0.806150
vn 0.591712 0.000001 -0.806150
vn 0.591712 0.000001 -0.806150
vn 0.591712 -0.000001 -0.806149
vn 0.591713 -0.000001 -0.806149
vn 0.591713 -0.000001 -0.806149
vn 0.591713 -0.000001 -0.806149
vn 0.591713 0.000000 -0.806149
vn 0.591713 0.000000 -0.806149
vn 0.591713 0.000000 -0.806149
vn 0.591713 0.000000 -0.806149
vn -0.190146 0.000001 -0.981756
vn -0.190146 0.000001 -0.981756
vn -0.190146 0.000001 -0.981756
vn -0.190146 0.000001 -0.981756
vn -0.190162 0.000001 -0.981753
vn -0.190162 0.000001 -0.981753
vn -0.190162 0.000001 -0.981753
vn -0.190162 0.000001 -0.981753
vn -0.190156 -0.000001 -0.981754
vn -0.190156 -0.000001 -0.981754
vn -0.190156 -0.000001 -0.981754
vn -0.190156 -0.000001 -0.981754
vn -0.190146 0.000000 -0.981756
vn -0.190146 0.000000 -0.981756
vn -0.190146 0.000000 -0.981756
vn -0.190146 0.000000 -0.981756
vn -0.190147 0.000000 -0.981756
vn -0.190147 0.000000 -0.981756
vn -0.190147 0.000000 -0.981756
vn -0.190147 0.000000 -0.981756
vn -0.190151 0.000000 -0.981755
vn -0.190151 0.000000 -0.981755
vn -0.190151 0.000000 -0.981755
vn -0.190151 0.000000 -0.981755
vn -0.190143 0.000000 -0.981756
vn -0.190143 0.000000 -0.981756
vn -0.190143 0.000000 -0.981756
vn -0.190143 0.000000 -0.981756
vn -0.190151 0.000001 -0.981755
vn -0.190151 0.000001 -0.981755
vn -0.190151 0.000001 -0.981755
vn -0.190151 0.000001 -0.981755
vn -0.190159 -0.000001 -0.981753
vn -0.190159 -0.000001 -0.981753
vn -0.190159 -0.000001 -0.981753
vn -0.190159 -0.000001 -0.981753
vn 0.000000 1.000000 -0.000000
vn 0.000000 1.000000 -0.000000
vn 0.000000 1.000000 -0.000000
vn 0.000000 1.000000 -0.000000
vn 0.000000 1.000000 0.000000
vn 0.000000 1.000000 0.000000
vn 0.000000 1.000000 0.000000
vn 0.000000 1.000000 0.000000
vn -0.000000 1.000000 0.000000
vn -0.000000 1.000000 0.000000
vn -0.000000 1.000000 0.000000
vn -0.000000 1.000000 0.000000
vn 0.000000 1.000000 0.000000
vn 0.000000 1.000000 0.000000
vn 0.000000 1.000000 0.000000
vn 0.000000 1.000000 0.000000
vn -0.000000 1.000000 -0.000000
vn -0.000000 1.000000 -0.000000
vn -0.000000 1.000000 -0.000000
vn -0.000000 1.000000 -0.000000
vn -0.000000 1.000000 0.000000
vn -0.000000 1.000000 0.000000
vn -0.000000 1.000000 0.000000
vn -0.000000 1.000000 0.000000
vn 0.000000 1.000000 0.000000
vn 0.000000 1.000000 0.000000
vn 0.000000 1.000000 0.000000
vn 0.000000 1.000000 0.000000
vn 0.000000 1.000000 0.000000
vn 0.000000 1.000000 0.000000
vn 0.000000 1.000000 0.000000
vn 0.000000 1.000000 0.000000
vn -0.000000 1.000000 0.000000
vn -0.000000 1.000000 0.000000
vn -0.000000 1.000000 0.000000
vn -0.000000 1.000000 0.000000
vn 0.319795 -0.000001 -0.947487
vn 0.319795 -0.000001 -0.947487
vn 0.319795 -0.000001 -0.947487
vn 0.319795 -0.000001 -0.947487
vn 0.319791 -0.000001 -0.947488
vn 0.319791 -0.000001 -0.947488
vn 0.319791 -0.000001 -0.947488
vn 0.319791 -0.000001 -0.947488
vn 0.319793 0.000000 -0.947488
vn 0.319793 0.000000 -0.947488
vn 0.319793 0.000000 -0.947488
vn 0.319793 0.000000 -0.947488
vn 0.319786 0.000000 -0.947490
vn 0.319786 0.000000 -0.947490
vn 0.319786 0.000000 -0.947490
vn 0.319786 0.000000 -0.947490
vn 0.319787 0.000000 -0.947490
vn 0.319787 0.000000 -0.947490
vn 0.319787 0.000000 -0.947490
vn 0.319787 0.000000 -0.947490
vn 0.319788 -0.000000 -0.947489
vn 0.319788 -0.000000 -0.947489
vn 0.319788 -0.000000 -0.947489
vn 0.319788 -0.000000 -0.947489
vn 0.319789 -0.000000 -0.947489
vn 0.319789 -0.000000 -0.947489
vn 0.319789 -0.000000 -0.947489
vn 0.319789 -0.000000 -0.947489
vn 0.319789 -0.000001 -0.947489
vn 0.319789 -0.000001 -0.947489
vn 0.319789 -0.000001 -0.947489
vn 0.319788 -0.000001 -0.947489
vn 0.319787 0.000001 -0.947490
vn 0.319786 0.000001 -0.947490
vn 0.319787 0.000001 -0.947490
vn 0.319786 0.000001 -0.947490
vn -0.999964 0.000000 0.008538
vn -0.999964 0.000000 0.008538
vn -0.999964 0.000000 0.008538
vn -0.999964 0.000000 0.008538
vn -0.999964 0.000001 0.008537
vn -0.999964 0.000001 0.008537
vn -0.999964 0.000001 0.008537
vn -0.999964 0.000001 0.008537
vn -0.999964 0.000000 0.008537
vn -0.999964 0.000000 0.008537
vn -0.999964 0.000000 0.008537
vn -0.999964 0.000000 0.008537
vn -0.999964 -0.000000 0.008538
vn -0.999964 -0.000000 0.008538
vn -0.999964 -0.000000 0.008538
vn -0.999964 -0.000000 0.008538
vn -0.999964 0.000000 0.008538
vn -0.999964 0.000000 0.008538
vn -0.999964 0.000000 0.008538
vn -0.999964 0.000000 0.008538
vn -0.999964 -0.000001 0.008538
vn -0.999964 -0.000001 0.008538
vn -0.999964 -0.000001 0.008538
vn -0.999964 -0.000001 0.008538
vn -0.999964 0.000000 0.008538
vn -0.999964 0.000000 0.008538
vn -0.999964 0.000000 0.008538
vn -0.999964 0.000000 0.008538
vn -0.999964 0.000001 0.008537
vn -0.999964 0.000001 0.008537
vn -0.999964 0.000001 0.008537
vn -0.999964 0.000001 0.008537
vn -0.999964 -0.000001 0.008537
vn -0.999964 -0.000001 0.008537
vn -0.999964 -0.000001 0.008537
vn -0.999964 -0.000001 0.008537
vn 0.319794 0.000001 0.947487
vn 0.319794 0.000001 0.947487
vn 0.319794 0.000001 0.947487
vn 0.319794 0.000001 0.947487
vn 0.319788 0.000000 0.947489
vn 0.319788 0.000000 0.947489
vn 0.319788 0.000000 0.947489
vn 0.319788 0.000000 0.947489
vn 0.319788 -0.000001 0.947489
vn 0.319788 -0.000001 0.947489
vn 0.319788 -0.000001 0.947489
vn 0.319788 -0.000001 0.947489
vn 0.319794 0.000000 0.947487
vn 0.319794 0.000000 0.947487
vn 0.319794 0.000000 0.947487
vn 0.319794 0.000000 0.947487
vn 0.319794 0.000000 0.947487
vn 0.319794 0.000000 0.947487
vn 0.319794 0.000000 0.947487
vn 0.319794 0.000000 0.947487
vn 0.319786 0.000001 0.947490
vn 0.319786 0.000001 0.947490
vn 0.319786 0.000001 0.947490
vn 0.319786 0.000001 0.947490
vn 0.319795 0.000000 0.947487
vn 0.319795 0.000000 0.947487
vn 0.319795 0.000000 0.947487
vn 0.319795 0.000000 0.947487
vn 0.319786 0.000001 0.947490
vn 0.319786 0.000001 0.947490
vn 0.319786 0.000001 0.947490
vn 0.319786 0.000001 0.947490
vn 0.319786 -0.000001 0.947490
vn 0.319786 -0.000001 0.947490
vn 0.319786 -0.000001 0.947490
vn 0.319786 -0.000001 0.947490
vn 1.000000 0.000000 0.000000
vn 1.000000 0.000000 0.000000
vn 1.000000 0.000000 0.000000
vn 1.000000 0.000000 0.000000
vn 1.000000 0.000000 0.000000
vn 1.000000 0.000000 0.000000
vn 1.000000 0.000000 0.000000
vn 1.000000 0.000000 0.000000
vn 1.000000 0.000000 0.000001
vn 1.000000 0.000000 0.000001
vn 1.000000 0.000000 0.000001
vn 1.000000 0.000000 0.000001
vn 1.000000 0.000000 -0.000001
vn 1.000000 0.000000 -0.000001
vn 1.000000 0.000000 -0.000001
vn 1.000000 0.000000 -0.000001
vn 1.000000 0.000000 -0.000001
vn 1.000000 0.000000 -0.000001
vn 1.000000 0.000000 -0.000001
vn 1.000000 0.000000 -0.000001
vn 1.000000 0.000000 -0.000000
vn 1.000000 0.000000 -0.000000
vn 1.000000 0.000000 -0.000000
vn 1.000000 0.000000 -0.000000
vn 1.000000 0.000000 0.000001
vn 1.000000 0.000000 0.000001
vn 1.000000 0.000000 0.000001
vn 1.000000 0.000000 0.000001
vn 1.000000 0.000000 -0.000001
vn 1.000000 0.000000 -0.000001
vn 1.000000 0.000000 -0.000001
vn 1.000000 0.000000 -0.000001
vn 1.000000 0.000000 -0.000001
vn 1.000000 0.000000 -0.000001
vn 1.000000 0.000000 -0.000001
vn 1.000000 0.000000 -0.000001
vn -0.596592 0.000000 0.802545
vn 0.222109 0.000001 0.975022
vn 0.222109 0.000001 0.975022
vn -0.596592 0.000000 0.802545
vn -0.596592 0.000000 0.802545
vn -0.596592 0.000000 0.802545
vn -0.596592 -0.000003 0.802545
vn -0.596592 -0.000003 0.802545
vn -0.596592 -0.000003 0.802544
vn -0.596592 -0.000003 0.802545
vn -0.596591 0.000000 0.802545
vn -0.596591 0.000000 0.802545
vn -0.596591 -0.000003 0.802545
vn -0.596591 -0.000003 0.802545
vn -0.596591 -0.000003 0.802545
vn -0.596591 -0.000003 0.802545
vn -0.596591 0.000003 0.802545
vn -0.596591 0.000003 0.802545
vn -0.596591 0.000003 0.802545
vn -0.596591 0.000003 0.802545
vn -0.596593 -0.000003 0.802544
vn -0.596593 -0.000003 0.802544
vn -0.596593 -0.000003 0.802544
vn -0.596593 -0.000003 0.802544
vn -0.596592 0.000003 0.802545
vn -0.596592 0.000003 0.802545
vn -0.596592 0.000003 0.802545
vn -0.596592 0.000003 0.802545
vn -0.596591 0.000003 0.802545
vn -0.596591 0.000003 0.802545
vn -0.596591 0.000003 0.802545
vn -0.596591 0.000003 0.802545
vn -0.596592 0.000000 0.802545
vn -0.596592 0.000000 0.802545
vn -0.596591 -0.000006 0.802545
vn -0.596591 -0.000006 0.802545
vn -0.596591 -0.000006 0.802545
vn -0.596591 -0.000006 0.802545
vn -0.596591 0.000006 0.802545
vn -0.596591 0.000006 0.802545
vn -0.596591 0.000006 0.802545
vn -0.596591 0.000006 0.802545
vn -0.596592 0.000000 0.802545
vn -0.596592 0.000000 0.802545
vn -0.596592 0.000000 0.802545
vn -0.596592 0.000000 0.802545
vn -0.596592 0.000000 0.802545
vn -0.596592 0.000000 0.802545
vn -0.596592 0.000000 0.802545
vn -0.596592 0.000000 0.802545
vn -0.596591 0.000000 0.802546
vn -0.596591 0.000000 0.802546
vn -0.596591 0.000000 0.802545
vn -0.596591 0.000000 0.802545
vn -0.596592 0.000003 0.802545
vn -0.596592 0.000003 0.802545
vn -0.596592 0.000003 0.802545
vn -0.596592 0.000003 0.802545
vn -0.596591 0.000003 0.802545
vn -0.596591 0.000003 0.802545
vn -0.596591 0.000003 0.802545
vn -0.596591 0.000003 0.802545
vn -0.596591 -0.000003 0.802545
vn -0.596591 -0.000003 0.802545
vn -0.596591 -0.000003 0.802545
vn -0.596591 -0.000003 0.802545
vn -0.596593 0.000001 0.802544
vn -0.596593 0.000001 0.802544
vn -0.596593 0.000001 0.802544
vn -0.596593 0.000001 0.802544
vn -0.596592 0.000000 0.802545
vn -0.596592 0.000000 0.802545
vn -0.596592 0.000000 0.802545
vn -0.596592 0.000000 0.802545
vn -0.596591 -0.000004 0.802545
vn -0.596591 -0.000004 0.802545
vn -0.596591 -0.000004 0.802545
vn -0.596591 -0.000004 0.802545
vn -0.596594 0.000000 0.802544
vn -0.596594 0.000000 0.802544
vn -0.596593 0.000000 0.802544
vn -0.596594 0.000000 0.802544
vn -0.596591 -0.000004 0.802545
vn -0.596591 -0.000004 0.802545
vn -0.596591 -0.000004 0.802545
vn -0.596591 -0.000004 0.802545
vn -0.596591 0.000006 0.802546
vn -0.596591 0.000006 0.802546
vn -0.596591 0.000006 0.802546
vn -0.596591 0.000006 0.802546
vn -0.596592 0.000000 0.802545
vn -0.596592 0.000000 0.802545
vn -0.596592 0.000000 0.802545
vn -0.596592 0.000000 0.802545
vn -0.596592 0.000000 0.802545
vn -0.596592 0.000000 0.802545
vn -0.596592 0.000000 0.802545
vn -0.596592 0.000000 0.802545
vn -0.596591 0.000000 0.802545
vn -0.596591 0.000000 0.802545
vn -0.596591 0.000000 0.802545
vn -0.596591 0.000000 0.802545
vn 0.000000 1.000000 0.000000
vn -0.000000 1.000000 0.000000
vn -0.000000 1.000000 0.000000
vn 0.000000 1.000000 0.000000
vn 0.000000 1.000000 0.000000
vn 0.000000 1.000000 0.000000
vn 0.000000 1.000000 -0.000000
vn 0.000000 1.000000 -0.000000
vn 0.000000 1.000000 -0.000000
vn 0.000000 1.000000 -0.000000
vn -0.000000 1.000000 0.000000
vn -0.000000 1.000000 0.000000
vn 0.000000 1.000000 0.000000
vn 0.000000 1.000000 0.000000
vn 0.000000 1.000000 0.000000
vn 0.000000 1.000000 0.000000
vn 0.000000 1.000000 -0.000000
vn 0.000000 1.000000 -0.000000
vn 0.000000 1.000000 -0.000000
vn 0.000000 1.000000 -0.000000
vn -0.000000 1.000000 -0.000000
vn -0.000000 1.000000 -0.000000
vn -0.000000 1.000000 -0.000000
vn -0.000000 1.000000 -0.000000
vn -0.000000 1.000000 0.000000
vn -0.000000 1.000000 0.000000
vn -0.000000 1.000000 0.000000
vn -0.000000 1.000000 0.000000
vn 0.000000 1.000000 0.000000
vn 0.000000 1.000000 0.000000
vn 0.000000 1.000000 0.000000
vn 0.000000 1.000000 0.000000
vn 0.000000 1.000000 0.000000
vn -0.000000 1.000000 0.000000
vn 0.000000 1.000000 0.000000
vn 0.000000 1.000000 0.000000
vn 0.000000 1.000000 0.000000
vn 0.000000 1.000000 0.000000
vn 0.000000 1.000000 0.000000
vn 0.000000 1.000000 0.000000
vn -0.000000 1.000000 -0.000000
vn -0.000000 1.000000 -0.000000
vn -0.000000 1.000000 0.000000
vn -0.000000 1.000000 0.000000
vn -0.000000 1.000000 0.000000
vn -0.000000 1.000000 0.000000
vn 0.000000 1.000000 0.000000
vn 0.000000 1.000000 0.000000
vn 0.000000 1.000000 0.000000
vn 0.000000 1.000000 0.000000
vn 0.000000 1.000000 0.000000
vn 0.000000 1.000000 0.000000
vn 0.000000 1.000000 0.000000
vn 0.000000 1.000000 0.000000
vn 0.000000 1.000000 -0.000000
vn 0.000000 1.000000 -0.000000
vn 0.000000 1.000000 -0.000000
vn 0.000000 1.000000 -0.000000
vn 0.000000 1.000000 0.000000
vn 0.000000 1.000000 0.000000
vn 0.000000 1.000000 0.000000
vn 0.000000 1.000000 0.000000
vn -0.000000 -1.000000 -0.000000
vn -0.000000 -1.000000 -0.000000
vn -0.000000 -1.000000 -0.000000
vn -0.000000 -1.000000 0.000000
vn -0.000000 -1.000000 0.000000
vn 0.000000 -1.000000 -0.000000
vn 0.000000 -1.000000 -0.000000
vn 0.000000 -1.000000 -0.000000
vn 0.000000 -1.000000 -0.000000
vn -0.000000 -1.000000 0.000000
vn -0.000000 -1.000000 0.000000
vn 0.000000 -1.000000 -0.000000
vn 0.000000 -1.000000 -0.000000
vn 0.000000 -1.000000 -0.000000
vn 0.000000 -1.000000 -0.000000
vn 0.000000 -1.000000 0.000000
vn 0.000000 -1.000000 0.000000
vn 0.000000 -1.000000 0.000000
vn 0.000000 -1.000000 0.000000
vn -0.000000 -1.000000 -0.000000
vn -0.000000 -1.000000 -0.000000
vn -0.000000 -1.000000 -0.000000
vn -0.000000 -1.000000 -0.000000
vn 0.000000 -1.000000 0.000000
vn 0.000000 -1.000000 0.000000
vn 0.000000 -1.000000 0.000000
vn 0.000000 -1.000000 0.000000
vn -0.000000 -1.000000 0.000000
vn -0.000000 -1.000000 0.000000
vn -0.000000 -1.000000 0.000000
vn -0.000000 -1.000000 0.000000
vn 0.000000 -1.000000 -0.000000
vn 0.000000 -1.000000 -0.000000
vn 0.000000 -1.000000 0.000000
vn 0.000000 -1.000000 0.000000
vn 0.000000 -1.000000 0.000000
vn 0.000000 -1.000000 0.000000
vn -0.000000 -1.000000 0.000000
vn -0.000000 -1.000000 0.000000
vn -0.000000 -1.000000 0.000000
vn -0.000000 -1.000000 0.000000
vn 0.000000 -1.000000 -0.000000
vn 0.000000 -1.000000 -0.000000
vn 0.000000 -1.000000 -0.000000
vn 0.000000 -1.000000 -0.000000
vn 0.000000 -1.000000 0.000000
vn 0.000000 -1.000000 0.000000
vn 0.000000 -1.000000 0.000000
vn 0.000000 -1.000000 0.000000
vn 0.000000 -1.000000 0.000000
vn 0.000000 -1.000000 0.000000
vn 0.000000 -1.000000 0.000000
vn 0.000000 -1.000000 0.000000
vn -0.000000 -1.000000 0.000000
vn -0.000000 -1.000000 0.000000
vn -0.000000 -1.000000 0.000000
vn -0.000000 -1.000000 0.000000
vn 0.000000 -1.000000 0.000000
vn 0.000000 -1.000000 0.000000
vn 0.000000 -1.000000 0.000000
vn 0.000000 -1.000000 0.000000
vn 0.000000 -1.000000 0.000000
vn 0.000000 -1.000000 0.000000
vn 0.000000 -1.000000 0.000000
vn 0.000000 -1.000000 0.000000
vn -0.571200 -0.000003 -0.820811
vn -0.571200 -0.000003 -0.820811
vn -0.571200 -0.000003 -0.820811
vn -0.571200 -0.000003 -0.820811
vn -0.571200 0.000000 -0.820811
vn -0.571200 0.000000 -0.820811
vn -0.571200 0.000000 -0.820811
vn -0.571200 0.000000 -0.820811
vn -0.571201 -0.000003 -0.820810
vn -0.571201 -0.000003 -0.820810
vn -0.571201 -0.000003 -0.820811
vn -0.571201 -0.000003 -0.820810
vn -0.571199 0.000003 -0.820812
vn -0.571199 0.000003 -0.820812
vn -0.571199 0.000003 -0.820812
vn -0.571199 0.000003 -0.820812
vn -0.571199 -0.000003 -0.820812
vn -0.571199 -0.000003 -0.820812
vn -0.571199 -0.000003 -0.820812
vn -0.571199 -0.000003 -0.820812
vn -0.571200 -0.000004 -0.820811
vn -0.571200 -0.000004 -0.820811
vn -0.571200 -0.000004 -0.820811
vn -0.571200 -0.000004 -0.820811
vn -0.571199 -0.000003 -0.820812
vn -0.571199 -0.000003 -0.820812
vn -0.571199 -0.000003 -0.820812
vn -0.571199 -0.000003 -0.820812
vn -0.571200 -0.000004 -0.820811
vn -0.571200 -0.000004 -0.820811
vn -0.571200 -0.000004 -0.820811
vn -0.571200 -0.000004 -0.820811
vn -0.571202 0.000003 -0.820810
vn -0.571202 0.000003 -0.820810
vn -0.571202 0.000003 -0.820810
vn -0.571202 0.000003 -0.820810
vn -0.571200 0.000000 -0.820811
vn -0.960727 0.000007 -0.277494
vn -0.960727 0.000007 -0.277494
vn -0.571200 0.000000 -0.820811
vn -0.571201 -0.000003 -0.820811
vn -0.571201 -0.000003 -0.820811
vn -0.571200 0.000000 -0.820811
vn -0.571200 0.000000 -0.820811
vn -0.571200 0.000000 -0.820811
vn -0.571200 0.000000 -0.820811
vn -0.571200 0.000000 -0.820811
vn -0.571200 0.000000 -0.820811
vn -0.571200 0.000006 -0.820811
vn -0.571200 0.000006 -0.820811
vn -0.571200 0.000006 -0.820811
vn -0.571200 0.000006 -0.820811
vn -0.571200 0.000000 -0.820811
vn -0.571200 0.000000 -0.820811
vn -0.571200 0.000000 -0.820811
vn -0.571200 0.000000 -0.820811
vn -0.571199 0.000000 -0.820812
vn -0.571199 0.000000 -0.820812
vn -0.571199 0.000000 -0.820812
vn -0.571199 0.000000 -0.820812
vn -0.571199 0.000000 -0.820812
vn -0.571199 0.000000 -0.820811
vn -0.571199 0.000000 -0.820812
vn -0.571199 0.000000 -0.820812
vn -0.571200 0.000000 -0.820811
vn -0.571200 0.000000 -0.820811
vn -0.571200 0.000000 -0.820811
vn -0.571200 0.000000 -0.820811
vn -0.571200 0.000000 -0.820811
vn -0.571200 0.000000 -0.820811
vn -0.571199 -0.000000 -0.820812
vn -0.571199 -0.000000 -0.820812
vn -0.571199 -0.000000 -0.820812
vn -0.571199 -0.000000 -0.820812
vn -0.571199 -0.000006 -0.820811
vn -0.571199 -0.000006 -0.820811
vn -0.571199 -0.000006 -0.820811
vn -0.571199 -0.000006 -0.820811
vn -0.571200 0.000000 -0.820811
vn -0.571200 0.000000 -0.820811
vn -0.571200 0.000000 -0.820811
vn -0.571200 0.000000 -0.820811
vn -0.571201 0.000000 -0.820811
vn -0.571201 0.000000 -0.820811
vn -0.571201 0.000000 -0.820811
vn -0.571201 0.000000 -0.820811
vn -0.571199 -0.000003 -0.820811
vn -0.571199 -0.000003 -0.820811
vn -0.571199 -0.000003 -0.820811
vn -0.571199 -0.000003 -0.820811
vn -0.571200 0.000000 -0.820811
vn -0.571200 0.000000 -0.820811
vn -0.571200 0.000000 -0.820811
vn -0.571200 0.000000 -0.820811
vn -0.571199 0.000009 -0.820811
vn -0.571199 0.000009 -0.820811
vn -0.571199 0.000009 -0.820811
vn -0.571199 0.000009 -0.820811
vn -0.571199 0.000000 -0.820811
vn -0.571199 0.000000 -0.820811
vn -0.571199 0.000000 -0.820811
vn -0.571199 0.000000 -0.820811
vn -0.000000 -1.000000 -0.000000
vn -0.000000 -1.000000 -0.000000
vn 0.000000 -1.000000 0.000000
vn -0.000000 -1.000000 -0.000000
vn 0.000000 -1.000000 0.000000
vn 0.000000 -1.000000 0.000000
vn 0.000000 -1.000000 0.000000
vn 0.000000 -1.000000 0.000000
vn 0.000000 -1.000000 0.000000
vn 0.000000 -1.000000 0.000000
vn 0.000000 -1.000000 -0.000000
vn 0.000000 -1.000000 -0.000000
vn 0.000000 -1.000000 0.000000
vn 0.000000 -1.000000 0.000000
vn 0.000000 -1.000000 0.000000
vn 0.000000 -1.000000 0.000000
vn -0.000000 -1.000000 0.000000
vn -0.000000 -1.000000 0.000000
vn -0.000000 -1.000000 0.000000
vn -0.000000 -1.000000 0.000000
vn 0.000000 -1.000000 -0.000000
vn 0.000000 -1.000000 -0.000000
vn 0.000000 -1.000000 -0.000000
vn 0.000000 -1.000000 -0.000000
vn -0.000000 -1.000000 0.000000
vn -0.000000 -1.000000 0.000000
vn -0.000000 -1.000000 0.000000
vn -0.000000 -1.000000 0.000000
vn -0.000000 -1.000000 0.000000
vn -0.000000 -1.000000 0.000000
vn -0.000000 -1.000000 0.000000
vn -0.000000 -1.000000 0.000000
vn 0.000000 -1.000000 -0.000000
vn 0.000000 -1.000000 -0.000000
vn 0.000000 -1.000000 -0.000000
vn 0.000000 -1.000000 -0.000000
vn 0.000000 -1.000000 -0.000000
vn 0.000000 -1.000000 -0.000000
vn 0.000000 -1.000000 0.000000
vn 0.000000 -1.000000 0.000000
vn 0.000000 -1.000000 0.000000
vn 0.000000 -1.000000 0.000000
vn -0.000000 -1.000000 0.000000
vn -0.000000 -1.000000 0.000000
vn -0.000000 -1.000000 0.000000
vn -0.000000 -1.000000 0.000000
vn 0.000000 -1.000000 0.000000
vn 0.000000 -1.000000 0.000000
vn 0.000000 -1.000000 0.000000
vn 0.000000 -1.000000 0.000000
vn 0.000000 -1.000000 0.000000
vn 0.000000 -1.000000 0.000000
vn 0.000000 -1.000000 0.000000
vn 0.000000 -1.000000 0.000000
vn 0.000000 -1.000000 0.000000
vn 0.000000 -1.000000 0.000000
vn 0.000000 -1.000000 0.000000
vn 0.000000 -1.000000 0.000000
vn 0.000000 -1.000000 0.000000
vn 0.000000 -1.000000 0.000000
vn 0.000000 -1.000000 0.000000
vn 0.000000 -1.000000 0.000000
vn -0.000000 -1.000000 -0.000000
vn -0.000000 -1.000000 -0.000000
vn -0.000000 -1.000000 -0.000000
vn -0.000000 -1.000000 -0.000000
vn 1.000000 0.000000 -0.000001
vn 1.000000 0.000000 -0.000001
vn 1.000000 0.000000 -0.000001
vn 1.000000 0.000000 -0.000001
vn 1.000000 0.000000 0.000001
vn 1.000000 0.000000 0.000001
vn 1.000000 0.000000 0.000001
vn 1.000000 0.000000 0.000001
vn 1.000000 0.000000 0.000001
vn 1.000000 0.000000 0.000001
vn 1.000000 0.000000 0.000001
vn 1.000000 0.000000 0.000001
vn 1.000000 0.000002 -0.000001
vn 1.000000 0.000002 -0.000001
vn 1.000000 0.000002 -0.000001
vn 1.000000 0.000002 -0.000001
vn 1.000000 0.000000 -0.000001
vn 1.000000 0.000000 -0.000001
vn 1.000000 0.000000 -0.000001
vn 1.000000 0.000000 -0.000001
vn 1.000000 0.000000 0.000001
vn 1.000000 0.000000 0.000001
vn 1.000000 0.000000 0.000001
vn 1.000000 0.000000 0.000001
vn 1.000000 0.000004 0.000000
vn 1.000000 0.000004 0.000000
vn 1.000000 0.000004 0.000000
vn 1.000000 0.000004 0.000000
vn 1.000000 0.000001 0.000000
vn 1.000000 0.000001 0.000000
vn 1.000000 0.000001 0.000000
vn 1.000000 0.000001 0.000000
vn 1.000000 -0.000004 0.000000
vn 1.000000 -0.000004 0.000000
vn 1.000000 -0.000004 0.000000
vn 1.000000 -0.000004 0.000000
vn 1.000000 0.000000 -0.000001
vn 1.000000 0.000000 -0.000001
vn 1.000000 0.000000 -0.000001
vn 1.000000 0.000000 -0.000001
vn 1.000000 0.000000 -0.000001
vn 1.000000 0.000000 -0.000001
vn 1.000000 0.000000 -0.000001
vn 1.000000 0.000000 -0.000001
vn 1.000000 0.000000 0.000001
vn 1.000000 0.000000 0.000001
vn 1.000000 0.000000 0.000001
vn 1.000000 0.000000 0.000001
vn 1.000000 -0.000004 0.000000
vn 1.000000 -0.000004 0.000000
vn 1.000000 -0.000004 0.000000
vn 1.000000 -0.000004 0.000000
vn 1.000000 -0.000002 0.000000
vn 1.000000 -0.000002 0.000000
vn 1.000000 -0.000002 0.000000
vn 1.000000 -0.000002 0.000000
vn 1.000000 -0.000004 0.000000
vn 1.000000 -0.000004 0.000000
vn 1.000000 -0.000004 0.000000
vn 1.000000 -0.000004 0.000000
vn 1.000000 -0.000003 0.000000
vn 1.000000 -0.000003 0.000000
vn 1.000000 -0.000003 0.000000
vn 1.000000 -0.000003 0.000000
vn 1.000000 0.000000 0.000000
vn 1.000000 0.000000 0.000000
vn 1.000000 0.000000 0.000000
vn 1.000000 0.000000 0.000000
vn 1.000000 0.000000 0.000000
vn 1.000000 0.000000 0.000000
vn 1.000000 0.000000 0.000000
vn 1.000000 0.000000 0.000000
vn 1.000000 -0.000004 0.000000
vn 1.000000 -0.000004 0.000000
vn 1.000000 -0.000004 0.000000
vn 1.000000 -0.000004 0.000000
vn 1.000000 0.000002 0.000000
vn 1.000000 0.000002 0.000000
vn 1.000000 0.000002 0.000000
vn 1.000000 0.000002 0.000000
vn 1.000000 -0.000004 0.000000
vn 1.000000 -0.000004 0.000000
vn 1.000000 -0.000004 0.000000
vn 1.000000 -0.000004 0.000000
vn 1.000000 0.000001 0.000000
vn 1.000000 0.000001 0.000000
vn 1.000000 0.000001 0.000000
vn 1.000000 0.000001 0.000000
vn 1.000000 0.000000 0.000000
vn 1.000000 0.000000 0.000000
vn 1.000000 0.000000 0.000000
vn 1.000000 0.000000 0.000000
vn 1.000000 -0.000003 0.000000
vn 1.000000 -0.000003 0.000000
vn 1.000000 -0.000003 0.000000
vn 1.000000 -0.000003 0.000000
vn 1.000000 0.000000 0.000000
vn 1.000000 0.000000 0.000000
vn 1.000000 0.000000 0.000000
vn 1.000000 0.000000 0.000000
vn 1.000000 -0.000005 0.000000
vn 1.000000 -0.000005 0.000000
vn 1.000000 -0.000005 0.000000
vn 1.000000 -0.000005 0.000000
vn 1.000000 0.000004 0.000000
vn 1.000000 0.000004 0.000000
vn 1.000000 0.000004 0.000000
vn 1.000000 0.000004 0.000000
vn 0.000000 1.000000 -0.000007
vn 0.000000 1.000000 -0.000007
vn 0.000000 1.000000 -0.000007
vn 0.000000 1.000000 -0.000007
vn 0.000000 1.000000 -0.000002
vn 0.000000 1.000000 -0.000002
vn 0.000000 1.000000 -0.000002
vn 0.000000 1.000000 -0.000002
vn -0.000003 1.000000 0.000007
vn -0.000003 1.000000 0.000007
vn -0.000003 1.000000 0.000007
vn -0.000003 1.000000 0.000007
vn -0.000006 1.000000 -0.000013
vn -0.000006 1.000000 -0.000013
vn -0.000006 1.000000 -0.000013
vn -0.000006 1.000000 -0.000013
vn 0.000005 1.000000 0.000006
vn 0.000005 1.000000 0.000006
vn 0.000005 1.000000 0.000006
vn 0.000005 1.000000 0.000006
vn 0.000003 1.000000 0.000010
vn 0.000003 1.000000 0.000010
vn 0.000003 1.000000 0.000010
vn 0.000003 1.000000 0.000010
vn 0.000003 1.000000 0.000013
vn 0.000003 1.000000 0.000013
vn 0.000003 1.000000 0.000013
vn 0.000003 1.000000 0.000013
vn 0.000006 1.000000 0.000010
vn 0.000006 1.000000 0.000010
vn 0.000006 1.000000 0.000010
vn 0.000006 1.000000 0.000010
vn -0.000003 1.000000 -0.000013
vn -0.000003 1.000000 -0.000013
vn -0.000003 1.000000 -0.000013
vn -0.000003 1.000000 -0.000013
vn 0.000003 1.000000 -0.000008
vn 0.000003 1.000000 -0.000008
vn 0.000003 1.000000 -0.000008
vn 0.000003 1.000000 -0.000008
vn -0.000003 1.000000 0.000007
vn -0.000003 1.000000 0.000007
vn -0.000003 1.000000 0.000007
vn -0.000003 1.000000 0.000007
vn -0.000003 1.000000 0.000006
vn -0.000003 1.000000 0.000006
vn -0.000003 1.000000 0.000006
vn -0.000003 1.000000 0.000006
vn -0.000003 1.000000 0.000000
vn -0.000003 1.000000 0.000000
vn -0.000003 1.000000 0.000000
vn -0.000003 1.000000 0.000000
vn -0.000003 1.000000 0.000001
vn -0.000003 1.000000 0.000001
vn -0.000003 1.000000 0.000001
vn -0.000003 1.000000 0.000001
vn 0.000003 1.000000 -0.000007
vn 0.000003 1.000000 -0.000007
vn 0.000003 1.000000 -0.000007
vn 0.000003 1.000000 -0.000007
vn -0.000003 1.000000 -0.000003
vn -0.000003 1.000000 -0.000003
vn -0.000003 1.000000 -0.000003
vn -0.000003 1.000000 -0.000003
vn 0.000000 1.000000 -0.000006
vn 0.000000 1.000000 -0.000006
vn 0.000000 1.000000 -0.000006
vn 0.000000 1.000000 -0.000006
vn 0.000000 1.000000 -0.000002
vn 0.000000 1.000000 -0.000002
vn 0.000000 1.000000 -0.000002
vn 0.000000 1.000000 -0.000002
vn -0.000003 1.000000 0.000006
vn -0.000003 1.000000 0.000006
vn -0.000003 1.000000 0.000006
vn -0.000003 1.000000 0.000006
vn -0.000003 1.000000 0.000009
vn -0.000003 1.000000 0.000009
vn -0.000003 1.000000 0.000009
vn -0.000003 1.000000 0.000009
vn 0.000003 1.000000 -0.000013
vn 0.000003 1.000000 -0.000013
vn 0.000003 1.000000 -0.000013
vn 0.000003 1.000000 -0.000013
vn 0.000000 1.000000 0.000004
vn 0.000000 1.000000 0.000004
vn 0.000000 1.000000 0.000004
vn 0.000000 1.000000 0.000004
vn 0.000000 1.000000 -0.000013
vn 0.000000 1.000000 -0.000013
vn 0.000000 1.000000 -0.000013
vn 0.000000 1.000000 -0.000013
vn 0.000000 1.000000 0.000003
vn 0.000000 1.000000 0.000003
vn 0.000000 1.000000 0.000003
vn 0.000000 1.000000 0.000003
vn 0.000003 1.000000 0.000013
vn 0.000003 1.000000 0.000013
vn 0.000003 1.000000 0.000013
vn 0.000003 1.000000 0.000013
vn 0.000000 1.000000 -0.000004
vn 0.000000 1.000000 -0.000004
vn 0.000000 1.000000 -0.000004
vn 0.000000 1.000000 -0.000004
vn 0.000000 1.000000 -0.000007
vn 0.000000 1.000000 -0.000007
vn 0.000000 1.000000 -0.000007
vn 0.000000 1.000000 -0.000007
vn 0.432762 0.000002 0.901508
vn 0.432762 0.000002 0.901508
vn 0.432761 0.000000 0.901509
vn 0.432761 0.000000 0.901508
vn 0.432761 0.000000 0.901509
vn 0.432761 0.000000 0.901509
vn 0.432762 -0.000005 0.901508
vn 0.432762 -0.000005 0.901508
vn 0.432762 -0.000005 0.901508
vn 0.432762 -0.000005 0.901508
vn 0.432762 -0.000001 0.901508
vn 0.432762 -0.000001 0.901508
vn 0.432762 -0.000001 0.901508
vn 0.432762 -0.000001 0.901508
vn 0.432762 0.000001 0.901508
vn 0.432762 0.000001 0.901508
vn 0.432762 0.000001 0.901508
vn 0.432762 0.000001 0.901508
vn 0.432762 -0.000001 0.901508
vn 0.432762 -0.000001 0.901508
vn 0.432762 -0.000001 0.901508
vn 0.432762 -0.000001 0.901508
vn 0.432761 -0.000000 0.901509
vn 0.432761 -0.000000 0.901509
vn 0.432761 -0.000000 0.901509
vn 0.432761 -0.000000 0.901509
vn 0.432762 0.000000 0.901508
vn 0.432762 0.000000 0.901508
vn 0.432762 0.000000 0.901508
vn 0.432762 0.000000 0.901508
vn 0.432762 0.000001 0.901508
vn 0.432762 0.000001 0.901508
vn 0.432762 0.000001 0.901508
vn 0.432762 0.000001 0.901508
vn 0.432761 0.000003 0.901509
vn 0.432761 0.000003 0.901509
vn 0.432761 0.000003 0.901509
vn 0.432761 0.000003 0.901509
vn 0.432762 -0.000002 0.901509
vn 0.432761 -0.000002 0.901509
vn 0.432762 -0.000002 0.901509
vn 0.432761 -0.000002 0.901509
vn 0.432762 -0.000002 0.901508
vn 0.432762 -0.000002 0.901508
vn 0.432762 -0.000002 0.901508
vn 0.432762 -0.000002 0.901508
vn 0.432762 -0.000002 0.901508
vn 0.432762 -0.000002 0.901508
vn 0.432762 -0.000002 0.901508
vn 0.432762 -0.000002 0.901508
vn 0.432762 -0.000005 0.901508
vn 0.432762 -0.000005 0.901508
vn 0.432762 -0.000005 0.901508
vn 0.432762 -0.000005 0.901508
vn 0.432762 0.000000 0.901508
vn 0.432762 0.000000 0.901508
vn 0.432762 0.000000 0.901508
vn 0.432762 0.000000 0.901508
vn 0.432762 -0.000000 0.901508
vn 0.432762 -0.000000 0.901508
vn 0.432762 -0.000000 0.901508
vn 0.432762 -0.000000 0.901508
vn 0.432762 -0.000001 0.901509
vn 0.432762 -0.000001 0.901508
vn 0.432762 -0.000001 0.901508
vn 0.432762 -0.000001 0.901508
vn 0.432762 -0.000001 0.901508
vn 0.432762 -0.000001 0.901508
vn 0.432762 -0.000001 0.901508
vn 0.432762 -0.000001 0.901508
vn 0.432761 -0.000003 0.901509
vn 0.432761 -0.000003 0.901509
vn 0.432761 -0.000003 0.901509
vn 0.432761 -0.000003 0.901509
vn 0.432761 -0.000004 0.901508
vn 0.432761 -0.000004 0.901508
vn 0.432761 -0.000004 0.901508
vn 0.432762 -0.000004 0.901508
vn 0.432762 0.000000 0.901508
vn 0.432762 0.000000 0.901508
vn 0.432762 0.000000 0.901508
vn 0.432762 0.000000 0.901508
vn 0.432762 -0.000006 0.901508
vn 0.432762 -0.000006 0.901508
vn 0.432762 -0.000006 0.901508
vn 0.432762 -0.000006 0.901508
vn 0.432762 0.000003 0.901508
vn 0.432762 0.000003 0.901508
vn 0.432762 0.000003 0.901508
vn 0.432762 0.000003 0.901508
vn 0.432762 0.000003 0.901508
vn 0.432762 0.000003 0.901508
vn 0.432762 0.000003 0.901508
vn 0.432762 0.000003 0.901508
vn 0.432762 0.000001 0.901508
vn 0.432762 0.000001 0.901508
vn 0.432762 0.000001 0.901508
vn 0.432762 0.000001 0.901508
vn 0.432762 0.000003 0.901508
vn 0.432762 0.000003 0.901508
vn 0.432762 0.000003 0.901508
vn 0.432762 0.000003 0.901508
vn 0.432762 0.000002 0.901508
vn 0.432762 0.000002 0.901508
vn 0.432762 0.000002 0.901508
vn 0.432762 0.000002 0.901508
vn -0.000000 1.000000 0.000000
vn -0.000000 1.000000 0.000000
vn -0.000000 1.000000 0.000000
vn -0.000000 1.000000 0.000000
vn -0.000000 1.000000 0.000000
vn -0.000000 1.000000 0.000000
vn -0.000000 1.000000 0.000000
vn -0.000000 1.000000 0.000000
vn -0.000000 1.000000 0.000000
vn -0.000000 1.000000 0.000000
vn -0.000000 1.000000 0.000000
vn -0.000000 1.000000 0.000000
vn -0.000000 1.000000 0.000000
vn -0.000000 1.000000 0.000000
vn 0.000000 1.000000 0.000000
vn 0.000000 1.000000 0.000000
vn 0.000000 1.000000 0.000000
vn 0.000000 1.000000 0.000000
vn 0.000000 1.000000 0.000000
vn 0.000000 1.000000 0.000000
vn 0.000000 1.000000 0.000000
vn 0.000000 1.000000 0.000000
vn -0.000000 1.000000 0.000000
vn -0.000000 1.000000 0.000000
vn -0.000000 1.000000 0.000000
vn -0.000000 1.000000 0.000000
vn 0.000000 1.000000 0.000000
vn 0.000000 1.000000 0.000000
vn 0.000000 1.000000 0.000000
vn 0.000000 1.000000 0.000000
vn 0.000000 1.000000 0.000000
vn 0.000000 1.000000 0.000000
vn 0.000000 1.000000 0.000000
vn 0.000000 1.000000 0.000000
vn -0.000000 1.000000 0.000000
vn -0.000000 1.000000 0.000000
vn -0.000000 1.000000 0.000000
vn -0.000000 1.000000 0.000000
vn 0.000000 1.000000 0.000000
vn 0.000000 1.000000 0.000000
vn 0.000000 1.000000 0.000000
vn 0.000000 1.000000 0.000000
vn 0.000000 1.000000 0.000000
vn 0.000000 1.000000 0.000000
vn 0.000000 1.000000 0.000000
vn 0.000000 1.000000 0.000000
vn 0.000000 1.000000 0.000000
vn 0.000000 1.000000 0.000000
vn 0.000000 1.000000 0.000000
vn 0.000000 1.000000 0.000000
vn 0.000000 1.000000 0.000000
vn 0.000000 1.000000 0.000000
vn 0.000000 1.000000 0.000000
vn 0.000000 1.000000 0.000000
vn 0.000000 1.000000 0.000000
vn 0.000000 1.000000 0.000000
vn 0.000000 1.000000 0.000000
vn 0.000000 1.000000 0.000000
vn -0.000000 1.000000 0.000000
vn -0.000000 1.000000 0.000000
vn -0.000000 1.000000 0.000000
vn -0.000000 1.000000 0.000000
vn -0.000000 1.000000 -0.000000
vn -0.000000 1.000000 -0.000000
vn -0.000000 1.000000 -0.000000
vn -0.000000 1.000000 -0.000000
vn -0.000000 1.000000 -0.000000
vn -0.000000 1.000000 -0.000000
vn -0.000000 1.000000 -0.000000
vn -0.000000 1.000000 -0.000000
vn 0.000000 1.000000 -0.000000
vn 0.000000 1.000000 -0.000000
vn 0.000000 1.000000 -0.000000
vn 0.000000 1.000000 -0.000000
vn 0.000000 1.000000 0.000000
vn 0.000000 1.000000 0.000000
vn 0.000000 1.000000 0.000000
vn 0.000000 1.000000 0.000000
vn -0.000000 1.000000 0.000000
vn -0.000000 1.000000 0.000000
vn -0.000000 1.000000 0.000000
vn -0.000000 1.000000 0.000000
vn -0.000001 1.000000 0.000000
vn -0.000001 1.000000 0.000000
vn -0.000001 1.000000 0.000000
vn -0.000001 1.000000 0.000000
vn -0.000000 1.000000 -0.000000
vn -0.000000 1.000000 -0.000000
vn -0.000000 1.000000 -0.000000
vn -0.000000 1.000000 -0.000000
vn 0.000000 1.000000 0.000000
vn 0.000000 1.000000 0.000000
vn 0.000000 1.000000 0.000000
vn 0.000000 1.000000 0.000000
vn -0.000000 1.000000 0.000000
vn -0.000000 1.000000 0.000000
vn -0.000000 1.000000 0.000000
vn -0.000000 1.000000 0.000000
vn 0.000000 1.000000 0.000000
vn 0.000000 1.000000 0.000000
vn 0.000000 1.000000 0.000000
vn 0.000000 1.000000 0.000000
vn 0.000000 1.000000 0.000001
vn 0.000000 1.000000 0.000001
vn 0.000000 1.000000 0.000001
vn 0.000000 1.000000 0.000001
vn 0.000000 1.000000 0.000000
vn 0.000000 1.000000 0.000000
vn -0.000000 1.000000 -0.000000
vn -0.000000 1.000000 -0.000000
vn -0.000000 1.000000 0.000000
vn -0.000000 1.000000 0.000000
vn -0.000000 1.000000 0.000000
vn -0.000000 1.000000 0.000000
vn 0.000000 1.000000 0.000000
vn 0.000000 1.000000 0.000000
vn 0.000000 1.000000 0.000000
vn 0.000000 1.000000 0.000000
vn 0.000000 1.000000 0.000000
vn 0.000000 1.000000 0.000000
vn -0.000000 1.000000 0.000000
vn -0.000000 1.000000 0.000000
vn -0.000000 1.000000 0.000000
vn -0.000000 1.000000 0.000000
vn -0.000000 1.000000 0.000000
vn -0.000000 1.000000 0.000000
vn -0.000000 1.000000 0.000000
vn -0.000000 1.000000 0.000000
vn -0.000000 1.000000 -0.000000
vn -0.000000 1.000000 -0.000000
vn -0.000000 1.000000 -0.000000
vn -0.000000 1.000000 -0.000000
vn -0.000000 1.000000 0.000000
vn -0.000000 1.000000 0.000000
vn -0.000000 1.000000 0.000000
vn -0.000000 1.000000 0.000000
vn -0.000000 1.000000 0.000000
vn -0.000000 1.000000 0.000000
vn -0.000000 1.000000 0.000000
vn -0.000000 1.000000 0.000000
vn 0.000000 1.000000 -0.000000
vn 0.000000 1.000000 -0.000000
vn 0.000000 1.000000 -0.000000
vn 0.000000 1.000000 -0.000000
vn -0.000000 1.000000 0.000000
vn -0.000000 1.000000 0.000000
vn -0.000000 1.000000 0.000000
vn -0.000000 1.000000 0.000000
vn -0.000000 1.000000 0.000000
vn -0.000000 1.000000 0.000000
vn 0.000000 1.000000 0.000000
vn 0.000000 1.000000 0.000000
vn 0.000000 1.000000 0.000000
vn 0.000000 1.000000 0.000000
vn -0.000000 1.000000 0.000000
vn -0.000000 1.000000 0.000000
vn -0.000000 1.000000 0.000000
vn -0.000000 1.000000 0.000000
vn -0.000000 1.000000 0.000000
vn -0.000000 1.000000 0.000000
vn -0.000000 1.000000 0.000000
vn -0.000000 1.000000 0.000000
vn 0.000000 1.000000 0.000000
vn 0.000000 1.000000 0.000000
vn 0.000000 1.000000 0.000000
vn 0.000000 1.000000 0.000000
vn -0.000000 1.000000 -0.000000
vn -0.000000 1.000000 0.000000
vn -0.000000 1.000000 0.000000
vn -0.000000 1.000000 0.000000
vn -0.000000 1.000000 -0.000000
vn -0.000000 1.000000 -0.000000
vn -0.000000 1.000000 0.000000
vn -0.000000 1.000000 0.000000
vn -0.000000 1.000000 0.000000
vn -0.000000 1.000000 0.000000
vn -0.000000 1.000000 0.000000
vn -0.000000 1.000000 0.000000
vn -0.000000 1.000000 0.000000
vn -0.000000 1.000000 0.000000
vn -0.000000 1.000000 0.000000
vn -0.000000 1.000000 0.000000
vn -0.000000 1.000000 0.000000
vn -0.000000 1.000000 0.000000
vn -0.000000 1.000000 0.000000
vn -0.000000 1.000000 0.000000
vn -0.000000 1.000000 0.000000
vn -0.000000 1.000000 0.000000
vn -0.000000 1.000000 0.000000
vn -0.000000 1.000000 0.000000
vn 0.000000 1.000000 0.000000
vn 0.000000 1.000000 0.000000
vn 0.000000 1.000000 0.000000
vn 0.000000 1.000000 0.000000
vn 0.000000 1.000000 -0.000000
vn 0.000000 1.000000 -0.000000
vn 0.000000 1.000000 -0.000000
vn 0.000000 1.000000 -0.000000
vn 0.000000 1.000000 -0.000000
vn 0.000000 1.000000 -0.000000
vn 0.000000 1.000000 -0.000000
vn 0.000000 1.000000 -0.000000
vn 0.000000 1.000000 0.000000
vn 0.000000 1.000000 0.000000
vn 0.000000 1.000000 0.000000
vn 0.000000 1.000000 0.000000
vn -0.000000 1.000000 -0.000000
vn -0.000000 1.000000 -0.000000
vn -0.000000 1.000000 -0.000000
vn -0.000000 1.000000 -0.000000
vn 0.000000 1.000000 0.000000
vn 0.000000 1.000000 0.000000
vn 0.000000 1.000000 0.000000
vn 0.000000 1.000000 0.000000
vn -0.000000 1.000000 -0.000000
vn -0.000000 1.000000 -0.000000
vn -0.000000 1.000000 -0.000000
vn -0.000000 1.000000 -0.000000
vn -0.000000 1.000000 0.000000
vn -0.000000 1.000000 0.000000
vn -0.000000 1.000000 0.000000
vn -0.000000 1.000000 0.000000
vn 0.000000 1.000000 0.000000
vn 0.000000 1.000000 0.000000
vn 0.000000 1.000000 0.000000
vn 0.000000 1.000000 0.000000
vn 0.000000 1.000000 0.000000
vn 0.000000 1.000000 0.000000
vn 0.000000 1.000000 0.000000
vn 0.000000 1.000000 0.000000
vn -0.000000 1.000000 0.000000
vn -0.000000 1.000000 0.000000
vn -0.000000 1.000000 0.000000
vn -0.000000 1.000000 0.000000
vn 0.000000 1.000000 0.000000
vn 0.441131 0.023163 -0.897144
vn 0.394653 0.447270 -0.802620
vn 0.000000 1.000000 0.000000
vn 0.000000 1.000000 -0.000000
vn 0.000000 1.000000 -0.000000
vn -0.000000 1.000000 0.000000
vn -0.000000 1.000000 0.000000
vn -0.000000 1.000000 0.000000
vn -0.000000 1.000000 0.000000
vn 0.000000 1.000000 0.000000
vn 0.000000 1.000000 0.000000
vn 0.000000 1.000000 0.000000
vn 0.000000 1.000000 0.000000
vn 0.000000 1.000000 0.000000
vn 0.000000 1.000000 0.000000
vn -0.000000 1.000000 0.000000
vn -0.000000 1.000000 0.000000
vn -0.000000 1.000000 0.000000
vn -0.000000 1.000000 0.000000
vn 0.000000 1.000000 -0.000000
vn 0.000000 1.000000 -0.000000
vn 0.000000 1.000000 -0.000000
vn 0.000000 1.000000 -0.000000
vn -0.000000 1.000000 0.000000
vn -0.000000 1.000000 0.000000
vn -0.000000 1.000000 0.000000
vn -0.000000 1.000000 0.000000
vn -0.000000 1.000000 0.000000
vn -0.000000 1.000000 0.000000
vn -0.000000 1.000000 0.000000
vn -0.000000 1.000000 0.000000
vn 0.441250 0.000004 -0.897384
vn 0.441250 0.000004 -0.897384
vn 0.441250 0.000002 -0.897385
vn 0.441250 0.000002 -0.897384
vn 0.441250 0.000000 -0.897385
vn 0.441250 0.000000 -0.897385
vn 0.441250 0.000000 -0.897384
vn 0.441250 0.000000 -0.897385
vn 0.441250 0.000001 -0.897384
vn 0.441250 0.000001 -0.897384
vn 0.441250 0.000001 -0.897384
vn 0.441250 0.000001 -0.897384
vn 0.441250 0.000001 -0.897384
vn 0.441250 0.000001 -0.897384
vn 0.441250 0.000001 -0.897384
vn 0.441250 0.000001 -0.897384
vn 0.441250 0.000001 -0.897384
vn 0.441250 0.000001 -0.897384
vn 0.441250 -0.000001 -0.897384
vn 0.441250 -0.000001 -0.897384
vn 0.441250 -0.000001 -0.897384
vn 0.441250 -0.000001 -0.897384
vn 0.441250 -0.000002 -0.897384
vn 0.441250 -0.000002 -0.897384
vn 0.441250 -0.000002 -0.897384
vn 0.441250 -0.000002 -0.897384
vn 0.441250 0.000002 -0.897384
vn 0.441250 0.000002 -0.897384
vn 0.441250 0.000002 -0.897384
vn 0.441250 0.000002 -0.897384
vn 0.441250 -0.000002 -0.897384
vn 0.441250 -0.000002 -0.897384
vn 0.441250 0.000000 -0.897384
vn 0.441250 0.000000 -0.897384
vn 0.441250 0.000000 -0.897384
vn 0.441250 0.000000 -0.897384
vn 0.441250 0.000000 -0.897384
vn 0.441250 0.000000 -0.897384
vn 0.441250 0.000000 -0.897384
vn 0.441250 0.000000 -0.897384
vn 0.441250 0.000002 -0.897384
vn 0.441250 0.000002 -0.897384
vn 0.441250 0.000002 -0.897384
vn 0.441250 0.000002 -0.897384
vn 0.441250 0.000002 -0.897384
vn 0.441250 0.000002 -0.897384
vn 0.441250 0.000002 -0.897384
vn 0.441250 0.000002 -0.897384
vn 0.441250 0.000000 -0.897384
vn 0.441250 0.000000 -0.897384
vn 0.441250 0.000000 -0.897384
vn 0.441250 0.000000 -0.897384
vn 0.441250 0.000001 -0.897384
vn 0.441250 0.000001 -0.897384
vn 0.441250 0.000001 -0.897384
vn 0.441250 0.000001 -0.897384
vn 0.441250 0.000000 -0.897384
vn 0.441250 0.000000 -0.897384
vn 0.441250 0.000000 -0.897384
vn 0.441250 0.000000 -0.897384
vn 0.441250 -0.000002 -0.897384
vn 0.441250 -0.000002 -0.897384
vn 0.441250 -0.000002 -0.897384
vn 0.441250 -0.000002 -0.897384
vn 0.441250 0.000002 -0.897384
vn 0.441250 0.000002 -0.897384
vn 0.441250 0.000000 -0.897384
vn 0.441250 0.000000 -0.897384
vn 0.441250 0.000000 -0.897384
vn 0.441250 0.000000 -0.897384
vn 0.441250 0.000000 -0.897384
vn 0.441250 0.000000 -0.897384
vn 0.441250 -0.000002 -0.897384
vn 0.441250 -0.000002 -0.897384
vn 0.441250 0.000000 -0.897384
vn 0.441250 0.000000 -0.897384
vn 0.441250 0.000000 -0.897384
vn 0.441250 0.000000 -0.897384
vn 0.441250 -0.000000 -0.897384
vn 0.441250 -0.000000 -0.897384
vn 0.441250 -0.000000 -0.897384
vn 0.441250 -0.000000 -0.897384
vn 0.441250 -0.000001 -0.897384
vn 0.441250 -0.000001 -0.897384
vn 0.441250 -0.000001 -0.897384
vn 0.441250 -0.000001 -0.897384
vn 0.441250 -0.000002 -0.897384
vn 0.441250 -0.000002 -0.897384
vn 0.441250 -0.000002 -0.897384
vn 0.441250 -0.000002 -0.897384
vn 0.441250 0.000002 -0.897384
vn 0.441250 0.000002 -0.897384
vn 0.441250 0.000002 -0.897384
vn 0.441250 0.000002 -0.897384
vn -0.000000 -1.000000 -0.000000
vn -0.000000 -1.000000 -0.000000
vn -0.000000 -1.000000 0.000000
vn -0.000000 -1.000000 0.000000
vn -0.000000 -1.000000 0.000000
vn -0.000000 -1.000000 0.000000
vn -0.000000 -1.000000 0.000000
vn -0.000000 -1.000000 0.000000
vn -0.000000 -1.000000 0.000000
vn -0.000000 -1.000000 0.000000
vn -0.000000 -1.000000 0.000000
vn -0.000000 -1.000000 0.000000
vn -0.000000 -1.000000 0.000000
vn -0.000000 -1.000000 0.000000
vn -0.000000 -1.000000 -0.000000
vn -0.000000 -1.000000 -0.000000
vn -0.000000 -1.000000 -0.000000
vn -0.000000 -1.000000 -0.000000
vn -0.000000 -1.000000 0.000000
vn -0.000000 -1.000000 0.000000
vn -0.000000 -1.000000 0.000000
vn -0.000000 -1.000000 0.000000
vn -0.000000 -1.000000 -0.000000
vn -0.000000 -1.000000 -0.000000
vn -0.000000 -1.000000 -0.000000
vn -0.000000 -1.000000 -0.000000
vn -0.000000 -1.000000 0.000000
vn -0.000000 -1.000000 0.000000
vn -0.000000 -1.000000 0.000000
vn -0.000000 -1.000000 0.000000
vn -0.000000 -1.000000 -0.000000
vn 0.000000 -1.000000 -0.000000
vn 0.000000 -1.000000 -0.000000
vn -0.000000 -1.000000 0.000000
vn -0.000000 -1.000000 0.000000
vn -0.000000 -1.000000 0.000000
vn -0.000000 -1.000000 0.000000
vn -0.000000 -1.000000 -0.000000
vn -0.000000 -1.000000 -0.000000
vn -0.000000 -1.000000 0.000000
vn -0.000000 -1.000000 0.000000
vn -0.000000 -1.000000 0.000000
vn -0.000000 -1.000000 0.000000
vn -0.000000 -1.000000 0.000000
vn -0.000000 -1.000000 0.000000
vn -0.000000 -1.000000 0.000000
vn -0.000000 -1.000000 0.000000
vn -0.000000 -1.000000 0.000000
vn -0.000000 -1.000000 0.000000
vn -0.000000 -1.000000 0.000000
vn -0.000000 -1.000000 0.000000
vn -0.000000 -1.000000 0.000000
vn -0.000000 -1.000000 0.000000
vn -0.000000 -1.000000 0.000000
vn -0.000000 -1.000000 0.000000
vn -0.000000 -1.000000 0.000000
vn -0.000000 -1.000000 0.000000
vn -0.000000 -1.000000 0.000000
vn -0.000000 -1.000000 0.000000
vn -0.000000 -1.000000 0.000000
vn -0.000000 -1.000000 0.000000
vn -0.000000 -1.000000 0.000000
vn -0.000000 -1.000000 0.000000
vn -0.000000 -1.000000 0.000000
vn -0.000000 -1.000000 0.000000
vn -0.000000 -1.000000 0.000000
vn -0.000000 -1.000000 -0.000000
vn -0.000000 -1.000000 -0.000000
vn -0.000000 -1.000000 0.000000
vn -0.000000 -1.000000 0.000000
vn -0.000000 -1.000000 0.000000
vn -0.000000 -1.000000 0.000000
vn -0.000000 -1.000000 0.000000
vn -0.000000 -1.000000 0.000000
vn -0.000000 -1.000000 0.000000
vn -0.000000 -1.000000 0.000000
vn -0.000000 -1.000000 0.000000
vn -0.000000 -1.000000 0.000000
vn -0.000000 -1.000000 0.000000
vn -0.000000 -1.000000 0.000000
vn -0.000000 -1.000000 0.000000
vn -0.000000 -1.000000 0.000000
vn -0.000000 -1.000000 0.000000
vn -0.000000 -1.000000 0.000000
vn -0.000000 -1.000000 -0.000000
vn -0.000000 -1.000000 -0.000000
vn -0.000000 -1.000000 -0.000000
vn -0.000000 -1.000000 -0.000000
vn -0.000000 -1.000000 -0.000000
vn -0.000000 -1.000000 -0.000000
vn -0.000000 -1.000000 0.000000
vn -0.000000 -1.000000 0.000000
vn -0.000000 -1.000000 -0.000000
vn -0.000000 -1.000000 -0.000000
vn -0.000000 -1.000000 -0.000000
vn -0.000000 -1.000000 -0.000000
vn -0.000000 -1.000000 0.000000
vn -0.000000 -1.000000 0.000000
vn -0.000000 -1.000000 0.000000
vn -0.000000 -1.000000 0.000000
vn 0.000000 -1.000000 0.000000
vn 0.000000 -1.000000 0.000000
vn 0.000000 -1.000000 0.000000
vn 0.000000 -1.000000 0.000000
vn -0.000000 -1.000000 -0.000000
vn -0.000000 -1.000000 -0.000000
vn -0.000000 -1.000000 -0.000000
vn -0.000000 -1.000000 -0.000000
vn -0.000000 -1.000000 -0.000000
vn -0.000000 -1.000000 -0.000000
vn -0.000000 -1.000000 -0.000000
vn -0.000000 -1.000000 -0.000000
vn -0.000000 -1.000000 0.000000
vn -0.000000 -1.000000 0.000000
vn -0.000000 -1.000000 0.000000
vn -0.000000 -1.000000 0.000000
vn -0.000000 -1.000000 0.000000
vn -0.000000 -1.000000 0.000000
vn -0.000000 -1.000000 0.000000
vn -0.000000 -1.000000 0.000000
vn -0.000000 -1.000000 0.000000
vn -0.000000 -1.000000 0.000000
vn -0.000000 -1.000000 0.000000
vn -0.000000 -1.000000 0.000000
vn -0.000000 -1.000000 -0.000000
vn -0.000000 -1.000000 -0.000000
vn -0.000000 -1.000000 -0.000000
vn -0.000000 -1.000000 -0.000000
vn -0.000000 -1.000000 0.000000
vn -0.000000 -1.000000 0.000000
vn -0.000000 -1.000000 0.000000
vn -0.000000 -1.000000 0.000000
vn -0.000000 -1.000000 0.000000
vn -0.000000 -1.000000 0.000000
vn -0.000000 -1.000000 -0.000000
vn -0.000000 -1.000000 -0.000000
vn -0.000000 -1.000000 -0.000000
vn -0.000000 -1.000000 -0.000000
vn -0.000000 -1.000000 0.000000
vn -0.000000 -1.000000 0.000000
vn -0.000000 -1.000000 0.000000
vn -0.000000 -1.000000 0.000000
vn -0.000000 -1.000000 -0.000000
vn -0.000000 -1.000000 -0.000000
vn -0.000000 -1.000000 -0.000000
vn -0.000000 -1.000000 -0.000000
vn 0.000000 -1.000000 -0.000000
vn 0.000000 -1.000000 -0.000000
vn 0.000000 -1.000000 -0.000000
vn 0.000000 -1.000000 -0.000000
vn -0.000000 -1.000000 0.000000
vn -0.000000 -1.000000 0.000000
vn -0.000000 -1.000000 0.000000
vn -0.000000 -1.000000 0.000000
vn -0.000000 -1.000000 0.000000
vn -0.000000 -1.000000 0.000000
vn -0.000000 -1.000000 0.000000
vn -0.000000 -1.000000 0.000000
vn -0.000000 -1.000000 0.000000
vn -0.000000 -1.000000 0.000000
vn -0.000000 -1.000000 -0.000000
vn -0.000000 -1.000000 -0.000000
vn -0.000000 -1.000000 -0.000000
vn -0.000000 -1.000000 -0.000000
vn -0.000000 -1.000000 0.000000
vn -0.000000 -1.000000 0.000000
vn -0.000000 -1.000000 0.000000
vn -0.000000 -1.000000 0.000000
vn -0.000000 -1.000000 0.000000
vn -0.000000 -1.000000 0.000000
vn -0.000000 -1.000000 0.000000
vn -0.000000 -1.000000 0.000000
vn -0.000000 -1.000000 0.000000
vn -0.000000 -1.000000 0.000000
vn -0.000000 -1.000000 0.000000
vn -0.000000 -1.000000 0.000000
vn -0.000000 -1.000000 -0.000000
vn -0.000000 -1.000000 -0.000000
vn -0.000000 -1.000000 -0.000000
vn -0.000000 -1.000000 -0.000000
vn -0.000000 -1.000000 0.000000
vn -0.000000 -1.000000 0.000000
vn -0.000000 -1.000000 0.000000
vn -0.000000 -1.000000 0.000000
vn -0.000000 -1.000000 0.000000
vn -0.000000 -1.000000 0.000000
vn -0.000000 -1.000000 0.000000
vn -0.000000 -1.000000 0.000000
vn -0.000000 -1.000000 -0.000000
vn -0.000000 -1.000000 -0.000000
vn -0.000000 -1.000000 0.000000
vn -0.000000 -1.000000 0.000000
vn -0.000000 -1.000000 -0.000000
vn -0.000000 -1.000000 -0.000000
vn -0.000000 -1.000000 -0.000000
vn -0.000000 -1.000000 -0.000000
vn -0.000000 -1.000000 -0.000000
vn -0.000000 -1.000000 -0.000000
vn -0.000000 -1.000000 0.000000
vn -0.000000 -1.000000 0.000000
vn -0.000000 -1.000000 0.000000
vn -0.000000 -1.000000 0.000000
vn -0.000000 -1.000000 -0.000000
vn -0.000000 -1.000000 -0.000000
vn -0.000000 -1.000000 -0.000000
vn -0.000000 -1.000000 -0.000000
vn -0.000000 -1.000000 0.000000
vn -0.000000 -1.000000 0.000000
vn -0.000000 -1.000000 0.000000
vn -0.000000 -1.000000 0.000000
vn -0.000000 -1.000000 0.000000
vn -0.000000 -1.000000 0.000000
vn -0.000000 -1.000000 0.000000
vn -0.000000 -1.000000 0.000000
vn -0.000000 -1.000000 0.000000
vn -0.000000 -1.000000 0.000000
vn -0.000000 -1.000000 0.000000
vn -0.000000 -1.000000 0.000000
vn 0.000000 -1.000000 0.000000
vn -0.000000 -1.000000 0.000000
vn -0.000000 -1.000000 0.000000
vn -0.000000 -1.000000 0.000000
vn -0.000000 -1.000000 0.000000
vn -0.000000 -1.000000 0.000000
vn -0.000000 -1.000000 0.000000
vn -0.000000 -1.000000 -0.000000
vn -0.000000 -1.000000 -0.000000
vn -0.000000 -1.000000 -0.000000
vn -0.000000 -1.000000 -0.000000
vn -0.000000 -1.000000 -0.000000
vn -0.000000 -1.000000 -0.000000
vn -0.000000 -1.000000 0.000000
vn -0.000000 -1.000000 0.000000
vn -0.000000 -1.000000 0.000000
vn -0.000000 -1.000000 0.000000
vn 0.000000 -1.000000 0.000000
vn 0.000000 -1.000000 0.000000
vn 0.000000 -1.000000 0.000000
vn 0.000000 -1.000000 0.000000
vn 0.000000 -1.000000 0.000000
vn 0.000000 -1.000000 0.000000
vn 0.000000 -1.000000 0.000000
vn 0.000000 -1.000000 0.000000
vn -0.000000 -1.000000 -0.000000
vn -0.000000 -1.000000 -0.000000
vn -0.000000 -1.000000 -0.000000
vn -0.000000 -1.000000 -0.000000
vn -0.000000 -1.000000 0.000000
vn 0.000000 -1.000000 -0.000000
vn 0.000000 -1.000000 -0.000000
vn 0.000000 -1.000000 0.000000
vn 0.000000 -1.000000 0.000000
vn 0.000000 -1.000000 0.000000
vn 0.000000 -1.000000 0.000000
vn -0.000000 -1.000000 -0.000000
vn -0.000000 -1.000000 -0.000000
vn -0.000000 -1.000000 0.000000
vn -0.000000 -1.000000 0.000000
vn -0.000000 -1.000000 0.000000
vn -0.000000 -1.000000 0.000000
vn 0.000000 -1.000000 0.000000
vn 0.000000 -1.000000 0.000000
vn 0.000000 -1.000000 0.000000
vn 0.000000 -1.000000 0.000000
vn -0.000000 -1.000000 -0.000000
vn -0.000000 -1.000000 -0.000000
vn -0.000000 -1.000000 -0.000000
vn -0.000000 -1.000000 -0.000000
vn -0.000000 -1.000000 -0.000000
vn -0.000000 -1.000000 -0.000000
vn -0.000000 -1.000000 -0.000000
vn -0.000000 -1.000000 -0.000000
vn -0.000000 -1.000000 0.000000
vn -0.000000 -1.000000 0.000000
vn -0.000000 -1.000000 0.000000
vn -0.000000 -1.000000 0.000000
vn 0.000000 -1.000000 -0.000000
vn 0.000000 -1.000000 -0.000000
vn 0.000000 -1.000000 -0.000000
vn 0.000000 -1.000000 -0.000000
vn 0.000000 -1.000000 -0.000000
vn 0.000000 -1.000000 -0.000000
vn 0.000000 -1.000000 0.000000
vn 0.000000 -1.000000 0.000000
vn 0.000000 -1.000000 0.000000
vn 0.000000 -1.000000 0.000000
vn 0.000000 -1.000000 0.000000
vn 0.000000 -1.000000 0.000000
vn 0.000000 -1.000000 0.000000
vn 0.000000 -1.000000 0.000000
vn 0.000000 -1.000000 0.000000
vn 0.000000 -1.000000 0.000000
vn 0.000000 -1.000000 0.000000
vn 0.000000 -1.000000 0.000000
vn 0.000000 -1.000000 0.000000
vn 0.000000 -1.000000 0.000000
vn 0.000000 -1.000000 0.000000
vn 0.000000 -1.000000 0.000000
vn 0.000000 -1.000000 0.000000
vn 0.000000 -1.000000 0.000000
vn 0.000000 -1.000000 0.000000
vn 0.000000 -1.000000 0.000000
vn 0.000000 -1.000000 0.000000
vn 0.000000 -1.000000 0.000000
vn 0.000000 -1.000000 0.000000
vn 0.000000 -1.000000 0.000000
vn 0.000000 -1.000000 0.000000
vn 0.000000 -1.000000 0.000000
vn 0.000000 -1.000000 0.000000
vn 0.000000 -1.000000 0.000000
vn -0.998765 0.000009 -0.049689
vn -0.998765 0.000009 -0.049689
vn -0.998765 0.000000 -0.049689
vn -0.998765 0.000000 -0.049689
vn -0.998765 0.000000 -0.049689
vn -0.998765 0.000000 -0.049689
vn -0.998765 0.000009 -0.049689
vn -0.998765 0.000009 -0.049689
vn -0.998765 0.000009 -0.049689
vn -0.998765 0.000009 -0.049689
vn -0.998765 0.000002 -0.049690
vn -0.998765 0.000002 -0.049690
vn -0.998765 0.000002 -0.049690
vn -0.998765 0.000002 -0.049690
vn -0.998765 0.000000 -0.049690
vn -0.998765 0.000000 -0.049690
vn -0.998765 0.000000 -0.049690
vn -0.998765 0.000000 -0.049690
vn -0.998765 0.000002 -0.049690
vn -0.998765 0.000002 -0.049690
vn -0.998765 0.000002 -0.049690
vn -0.998765 0.000002 -0.049690
vn -0.998765 0.000000 -0.049689
vn -0.998765 0.000000 -0.049689
vn -0.998765 0.000000 -0.049689
vn -0.998765 0.000000 -0.049689
vn -0.998765 0.000005 -0.049689
vn -0.998765 0.000005 -0.049689
vn -0.998765 0.000005 -0.049689
vn -0.998765 0.000005 -0.049689
vn -0.998765 0.000000 -0.049689
vn -0.998765 0.000000 -0.049689
vn -0.998765 0.000000 -0.049689
vn -0.998765 0.000000 -0.049689
vn -0.998765 0.000000 -0.049690
vn -0.998765 0.000000 -0.049690
vn -0.998765 0.000000 -0.049690
vn -0.998765 0.000000 -0.049690
vn -0.998765 0.000000 -0.049690
vn -0.998765 0.000000 -0.049690
vn -0.998765 0.000000 -0.049690
vn -0.998765 0.000000 -0.049690
vn -0.998765 0.000000 -0.049690
vn -0.998765 0.000000 -0.049690
vn -0.998765 0.000000 -0.049690
vn -0.998765 0.000000 -0.049690
vn -0.998765 0.000000 -0.049689
vn -0.998765 0.000000 -0.049689
vn -0.998765 0.000000 -0.049689
vn -0.998765 0.000000 -0.049689
vn -0.998765 0.000009 -0.049690
vn -0.998765 0.000009 -0.049690
vn -0.998765 0.000009 -0.049690
vn -0.998765 0.000009 -0.049690
vn -0.998765 -0.000009 -0.049690
vn -0.998765 -0.000009 -0.049690
vn -0.998765 -0.000009 -0.049690
vn -0.998765 -0.000009 -0.049690
vn -0.998765 0.000000 -0.049689
vn -0.998765 0.000000 -0.049689
vn -0.998765 0.000000 -0.049689
vn -0.998765 0.000000 -0.049689
vn -0.998765 0.000009 -0.049689
vn -0.998765 0.000009 -0.049689
vn -0.998765 0.000009 -0.049689
vn -0.998765 0.000009 -0.049689
vn -0.998765 0.000009 -0.049690
vn -0.998765 0.000009 -0.049690
vn -0.998765 0.000009 -0.049690
vn -0.998765 0.000009 -0.049690
vn -0.998765 0.000000 -0.049690
vn -0.998765 0.000000 -0.049690
vn -0.998765 0.000000 -0.049690
vn -0.998765 0.000000 -0.049690
vn -0.998765 0.000000 -0.049690
vn -0.998765 0.000000 -0.049690
vn -0.998765 0.000000 -0.049690
vn -0.998765 0.000000 -0.049690
vn -0.998765 0.000000 -0.049690
vn -0.998765 0.000000 -0.049690
vn -0.998765 0.000000 -0.049690
vn -0.998765 0.000000 -0.049690
vn -0.998765 -0.000000 -0.049690
vn -0.998765 -0.000000 -0.049690
vn -0.998765 -0.000000 -0.049690
vn -0.998765 -0.000000 -0.049690
vn -0.998765 -0.000018 -0.049689
vn -0.998765 -0.000018 -0.049689
vn -0.998765 -0.000018 -0.049689
vn -0.998765 -0.000018 -0.049689
vn -0.998765 -0.000009 -0.049689
vn -0.998765 -0.000009 -0.049689
vn -0.998765 -0.000009 -0.049689
vn -0.998765 -0.000009 -0.049689
vn -0.998765 0.000000 -0.049690
vn -0.998765 0.000000 -0.049690
vn -0.998765 0.000000 -0.049690
vn -0.998765 0.000000 -0.049690
vn -0.998765 0.000000 -0.049690
vn -0.998765 0.000000 -0.049690
vn -0.998765 0.000000 -0.049690
vn -0.998765 0.000000 -0.049690
vn -0.998765 0.000009 -0.049689
vn -0.998765 0.000009 -0.049689
vn -0.998765 0.000009 -0.049689
vn -0.998765 0.000009 -0.049689
vn -0.000000 1.000000 -0.000000
vn -0.000000 1.000000 -0.000000
vn -0.000000 1.000000 -0.000000
vn -0.000000 1.000000 -0.000000
vn 0.000000 1.000000 0.000000
vn 0.000000 1.000000 0.000000
vn 0.000000 1.000000 0.000000
vn 0.000000 1.000000 0.000000
vn 0.000000 1.000000 0.000000
vn 0.000000 1.000000 0.000000
vn 0.000000 1.000000 0.000000
vn 0.000000 1.000000 0.000000
vn 0.000000 1.000000 0.000000
vn 0.000000 1.000000 0.000000
vn 0.000000 1.000000 0.000000
vn 0.000000 1.000000 0.000000
vn 0.000000 1.000000 0.000000
vn 0.000000 1.000000 0.000000
vn 0.000000 1.000000 0.000000
vn 0.000000 1.000000 0.000000
vn 0.000000 1.000000 0.000000
vn 0.000000 1.000000 0.000000
vn 0.000000 1.000000 0.000000
vn 0.000000 1.000000 0.000000
vn 0.000000 1.000000 0.000000
vn 0.000000 1.000000 0.000000
vn 0.000000 1.000000 0.000000
vn 0.000000 1.000000 0.000000
vn 0.000000 1.000000 0.000000
vn 0.000000 1.000000 0.000000
vn -0.000000 1.000000 0.000000
vn 0.000000 1.000000 0.000000
vn 0.000000 1.000000 0.000000
vn 0.000000 1.000000 0.000000
vn -0.000000 1.000000 -0.000000
vn -0.000000 1.000000 -0.000000
vn -0.000000 1.000000 -0.000000
vn -0.000000 1.000000 -0.000000
vn 0.000000 1.000000 -0.000000
vn 0.000000 1.000000 -0.000000
vn -0.000000 1.000000 -0.000000
vn -0.000000 1.000000 -0.000000
vn -0.000000 1.000000 -0.000000
vn -0.000000 1.000000 -0.000000
vn 0.000000 1.000000 0.000000
vn 0.000000 1.000000 0.000000
vn 0.000000 1.000000 0.000000
vn 0.000000 1.000000 0.000000
vn 0.000000 1.000000 -0.000000
vn 0.000000 1.000000 -0.000000
vn 0.000000 1.000000 -0.000000
vn 0.000000 1.000000 -0.000000
vn -0.000000 1.000000 -0.000000
vn -0.000000 1.000000 -0.000000
vn -0.000000 1.000000 -0.000000
vn -0.000000 1.000000 -0.000000
vn -0.000000 1.000000 -0.000000
vn -0.000000 1.000000 -0.000000
vn -0.000000 1.000000 -0.000000
vn -0.000000 1.000000 -0.000000
vn -0.000000 1.000000 0.000000
vn -0.000000 1.000000 -0.000000
vn -0.000000 1.000000 0.000000
vn -0.000000 1.000000 0.000000
vn -0.000000 1.000000 0.000000
vn -0.000000 1.000000 0.000000
vn -0.000000 1.000000 0.000000
vn -0.000000 1.000000 0.000000
vn -0.000000 1.000000 0.000000
vn 0.000000 1.000000 0.000000
vn 0.000000 1.000000 0.000000
vn 0.000000 1.000000 0.000000
vn 0.000000 1.000000 0.000000
vn 0.000000 1.000000 0.000000
vn 0.000000 1.000000 0.000000
vn 0.000000 1.000000 -0.000000
vn 0.000000 1.000000 -0.000000
vn 0.000000 1.000000 -0.000000
vn 0.000000 1.000000 -0.000000
vn 0.000000 1.000000 0.000000
vn 0.000000 1.000000 0.000000
vn 0.000000 1.000000 0.000000
vn 0.000000 1.000000 0.000000
vn 0.000000 1.000000 -0.000000
vn 0.000000 1.000000 -0.000000
vn 0.000000 1.000000 -0.000000
vn 0.000000 1.000000 -0.000000
vn 0.000000 1.000000 0.000000
vn 0.000000 1.000000 0.000000
vn 0.000000 1.000000 0.000000
vn 0.000000 1.000000 0.000000
vn 0.000000 1.000000 -0.000000
vn 0.000000 1.000000 -0.000000
vn 0.000000 1.000000 -0.000000
vn 0.000000 1.000000 -0.000000
vn 0.000000 1.000000 0.000000
vn 0.000000 1.000000 0.000000
vn 0.000000 1.000000 0.000000
vn 0.000000 1.000000 0.000000
vn 0.000000 1.000000 0.000000
vn 0.000000 1.000000 0.000000
vn 0.000000 1.000000 0.000000
vn 0.000000 1.000000 0.000000
vn 0.000000 1.000000 0.000000
vn 0.000000 1.000000 0.000000
vn 0.000000 1.000000 0.000000
vn 0.000000 1.000000 0.000000
vn 0.000000 1.000000 0.000000
vn 0.000000 1.000000 0.000000
vn 0.000000 1.000000 0.000000
vn 0.000000 1.000000 0.000000
vn 0.000000 1.000000 0.000000
vn 0.000000 1.000000 0.000000
vn 0.000000 1.000000 0.000000
vn 0.000000 1.000000 0.000000
vn 0.000000 1.000000 0.000000
vn 0.000000 1.000000 0.000000
vn 0.000000 1.000000 0.000000
vn 0.000000 1.000000 0.000000
vn 0.000000 1.000000 0.000000
vn 0.000000 1.000000 0.000000
vn 0.000000 1.000000 0.000000
vn 0.000000 1.000000 0.000000
vn 0.000000 1.000000 -0.000000
vn 0.000000 1.000000 -0.000000
vn 0.000000 1.000000 -0.000000
vn 0.000000 1.000000 -0.000000
vn 0.000000 1.000000 0.000000
vn 0.000000 1.000000 0.000000
vn 0.000000 1.000000 0.000000
vn 0.000000 1.000000 0.000000
vn 0.000000 1.000000 -0.000000
vn 0.000000 1.000000 -0.000000
vn 0.000000 1.000000 -0.000000
vn 0.000000 1.000000 -0.000000
vn 0.000000 1.000000 0.000000
vn 0.000000 1.000000 0.000000
vn 0.000000 1.000000 0.000000
vn 0.000000 1.000000 0.000000
vn 0.000000 1.000000 0.000000
vn 0.000000 1.000000 0.000000
vn 0.000000 1.000000 0.000000
vn 0.000000 1.000000 0.000000
vn 0.000000 1.000000 0.000000
vn 0.000000 1.000000 0.000000
vn 0.000000 1.000000 0.000000
vn 0.000000 1.000000 0.000000
vn 0.000000 1.000000 0.000000
vn 0.000000 1.000000 0.000000
vn 0.000000 1.000000 0.000000
vn 0.000000 1.000000 0.000000
vn -0.000000 1.000000 0.000000
vn -0.000000 1.000000 0.000000
vn -0.000000 1.000000 0.000000
vn -0.000000 1.000000 0.000000
vn -0.000000 1.000000 0.000000
vn -0.000000 1.000000 0.000000
vn -0.000000 1.000000 0.000000
vn -0.000000 1.000000 0.000000
vn 0.000000 1.000000 0.000000
vn 0.000000 1.000000 0.000000
vn 0.000000 1.000000 0.000000
vn 0.000000 1.000000 0.000000
vn 0.000000 1.000000 -0.000000
vn 0.000000 1.000000 -0.000000
vn 0.000000 1.000000 -0.000000
vn 0.000000 1.000000 -0.000000
vn 0.000000 1.000000 0.000000
vn 0.000000 1.000000 0.000000
vn 0.000000 1.000000 0.000000
vn 0.000000 1.000000 0.000000
vn -0.000005 1.000000 -0.000000
vn -0.000005 1.000000 -0.000000
vn -0.000005 1.000000 -0.000000
vn -0.000005 1.000000 -0.000000
vn -0.000005 1.000000 -0.000001
vn -0.000005 1.000000 -0.000001
vn -0.000005 1.000000 -0.000001
vn -0.000005 1.000000 -0.000001
vn 0.000005 1.000000 0.000001
vn 0.000005 1.000000 0.000001
vn 0.000005 1.000000 0.000001
vn 0.000005 1.000000 0.000001
vn 0.000000 1.000000 0.000000
vn 0.000000 1.000000 0.000000
vn 0.000000 1.000000 0.000000
vn 0.000000 1.000000 0.000000
vn 0.000005 1.000000 0.000000
vn 0.000005 1.000000 0.000000
vn 0.000005 1.000000 0.000000
vn 0.000005 1.000000 0.000000
vn 0.000005 1.000000 0.000000
vn 0.000005 1.000000 0.000000
vn 0.000005 1.000000 0.000000
vn 0.000005 1.000000 0.000000
vn 0.000000 1.000000 -0.000000
vn 0.000000 1.000000 -0.000000
vn 0.000000 1.000000 -0.000000
vn 0.000000 1.000000 -0.000000
vn 0.000005 1.000000 0.000000
vn 0.000005 1.000000 0.000000
vn 0.000005 1.000000 0.000000
vn 0.000005 1.000000 0.000000
vn -0.000005 1.000000 0.000001
vn -0.000005 1.000000 0.000001
vn -0.000005 1.000000 0.000001
vn -0.000005 1.000000 0.000001
vn -0.000005 1.000000 -0.000001
vn -0.000005 1.000000 -0.000001
vn -0.000005 1.000000 -0.000001
vn -0.000005 1.000000 -0.000001
vn 0.000000 1.000000 -0.000000
vn 0.000000 1.000000 -0.000000
vn 0.000000 1.000000 -0.000000
vn 0.000000 1.000000 -0.000000
vn 0.000000 1.000000 0.000001
vn 0.000000 1.000000 0.000001
vn 0.000000 1.000000 0.000001
vn 0.000000 1.000000 0.000001
vn 0.000000 1.000000 0.000000
vn 0.000000 1.000000 0.000000
vn 0.000000 1.000000 0.000000
vn 0.000000 1.000000 0.000000
vn 0.000010 1.000000 -0.000001
vn 0.000010 1.000000 -0.000001
vn 0.000010 1.000000 -0.000001
vn 0.000010 1.000000 -0.000001
vn -0.000010 1.000000 -0.000001
vn -0.000010 1.000000 -0.000001
vn -0.000010 1.000000 -0.000001
vn -0.000010 1.000000 -0.000001
vn -0.000010 1.000000 0.000001
vn -0.000010 1.000000 0.000001
vn -0.000010 1.000000 0.000001
vn -0.000010 1.000000 0.000001
vn -0.000005 1.000000 -0.000000
vn -0.000005 1.000000 -0.000000
vn -0.000005 1.000000 -0.000000
vn -0.000005 1.000000 -0.000000
vn -0.000005 1.000000 0.000000
vn -0.000005 1.000000 0.000000
vn -0.000005 1.000000 0.000000
vn -0.000005 1.000000 0.000000
vn 0.000010 1.000000 -0.000000
vn 0.000010 1.000000 -0.000000
vn 0.000010 1.000000 -0.000000
vn 0.000010 1.000000 -0.000000
vn 0.000005 1.000000 0.000000
vn 0.000005 1.000000 0.000000
vn 0.000005 1.000000 0.000000
vn 0.000005 1.000000 0.000000
vn -0.000005 1.000000 0.000001
vn -0.000005 1.000000 0.000001
vn -0.000005 1.000000 0.000001
vn -0.000005 1.000000 0.000001
vn 0.000000 1.000000 0.000001
vn 0.000000 1.000000 0.000001
vn 0.000000 1.000000 0.000001
vn 0.000000 1.000000 0.000001
vn 0.000000 1.000000 -0.000000
vn 0.000000 1.000000 -0.000000
vn 0.000000 1.000000 -0.000000
vn 0.000000 1.000000 -0.000000
vn 0.000000 1.000000 -0.000001
vn 0.000000 1.000000 -0.000001
vn 0.000000 1.000000 -0.000001
vn 0.000000 1.000000 -0.000001
vn -0.000005 1.000000 -0.000000
vn -0.000005 1.000000 -0.000000
vn -0.000005 1.000000 -0.000000
vn -0.000005 1.000000 -0.000000
vn -0.000001 1.000000 -0.000001
vn -0.000001 1.000000 -0.000001
vn -0.000001 1.000000 -0.000001
vn -0.000001 1.000000 -0.000001
vn 0.000003 1.000000 0.000000
vn 0.000003 1.000000 0.000000
vn 0.000003 1.000000 0.000000
vn 0.000003 1.000000 0.000000
vn 0.000005 1.000000 -0.000009
vn 0.000005 1.000000 -0.000009
vn 0.000005 1.000000 -0.000009
vn 0.000005 1.000000 -0.000009
vn -0.000002 1.000000 0.000000
vn -0.000002 1.000000 0.000000
vn -0.000002 1.000000 0.000000
vn -0.000002 1.000000 0.000000
vn -0.000003 1.000000 0.000002
vn -0.000003 1.000000 0.000002
vn -0.000003 1.000000 0.000002
vn -0.000003 1.000000 0.000002
vn -0.000002 1.000000 0.000004
vn -0.000002 1.000000 0.000004
vn -0.000002 1.000000 0.000004
vn -0.000002 1.000000 0.000004
vn -0.000005 1.000000 0.000009
vn -0.000005 1.000000 0.000009
vn -0.000005 1.000000 0.000009
vn -0.000005 1.000000 0.000009
vn 0.000005 1.000000 -0.000008
vn 0.000005 1.000000 -0.000008
vn 0.000005 1.000000 -0.000008
vn 0.000005 1.000000 -0.000008
vn 0.000002 1.000000 -0.000001
vn 0.000002 1.000000 -0.000001
vn 0.000002 1.000000 -0.000001
vn 0.000002 1.000000 -0.000001
vn 0.000002 1.000000 0.000004
vn 0.000002 1.000000 0.000004
vn 0.000002 1.000000 0.000004
vn 0.000002 1.000000 0.000004
vn 0.000001 1.000000 0.000001
vn 0.000001 1.000000 0.000001
vn 0.000001 1.000000 0.000001
vn 0.000001 1.000000 0.000001
vn 0.000000 1.000000 -0.000004
vn 0.000000 1.000000 -0.000004
vn 0.000000 1.000000 -0.000004
vn 0.000000 1.000000 -0.000004
vn -0.000001 1.000000 -0.000002
vn -0.000001 1.000000 -0.000002
vn -0.000001 1.000000 -0.000002
vn -0.000001 1.000000 -0.000002
vn 0.000002 1.000000 -0.000004
vn 0.000002 1.000000 -0.000004
vn 0.000002 1.000000 -0.000004
vn 0.000002 1.000000 -0.000004
vn 0.000003 1.000000 -0.000001
vn 0.000003 1.000000 -0.000001
vn 0.000003 1.000000 -0.000001
vn 0.000003 1.000000 -0.000001
vn 0.000000 1.000000 0.000000
vn 0.000000 1.000000 0.000000
vn 0.000000 1.000000 0.000000
vn 0.000000 1.000000 0.000000
vn 0.000000 1.000000 0.000003
vn 0.000000 1.000000 0.000003
vn 0.000000 1.000000 0.000003
vn 0.000000 1.000000 0.000003
vn -0.000002 1.000000 0.000000
vn -0.000002 1.000000 0.000000
vn -0.000002 1.000000 0.000000
vn -0.000002 1.000000 0.000000
vn -0.000002 1.000000 0.000005
vn -0.000002 1.000000 0.000005
vn -0.000002 1.000000 0.000005
vn -0.000002 1.000000 0.000005
vn 0.000002 1.000000 0.000000
vn 0.000002 1.000000 0.000000
vn 0.000002 1.000000 0.000000
vn 0.000002 1.000000 0.000000
vn 0.000000 1.000000 0.000002
vn 0.000000 1.000000 0.000002
vn 0.000000 1.000000 0.000002
vn 0.000000 1.000000 0.000002
vn 0.000000 1.000000 0.000000
vn 0.000000 1.000000 0.000000
vn 0.000000 1.000000 0.000000
vn 0.000000 1.000000 0.000000
vn 0.000000 1.000000 -0.000001
vn 0.000000 1.000000 -0.000001
vn 0.000000 1.000000 -0.000001
vn 0.000000 1.000000 -0.000001
vn 0.000002 1.000000 0.000004
vn 0.000002 1.000000 0.000004
vn 0.000002 1.000000 0.000004
vn 0.000002 1.000000 0.000004
vn 0.000000 1.000000 0.000002
vn 0.000000 1.000000 0.000002
vn 0.000000 1.000000 0.000002
vn 0.000000 1.000000 0.000002
vn 0.000000 1.000000 0.000000
vn 0.000000 1.000000 0.000000
vn 0.000000 1.000000 0.000000
vn 0.000000 1.000000 0.000000
vn 0.000002 1.000000 -0.000000
vn 0.000002 1.000000 -0.000000
vn 0.000002 1.000000 -0.000000
vn 0.000002 1.000000 -0.000000
vn 0.000000 1.000000 0.000000
vn 0.000000 1.000000 0.000000
vn -0.000000 1.000000 -0.000000
vn -0.000000 1.000000 -0.000000
vn -0.000000 1.000000 -0.000000
vn -0.000000 1.000000 -0.000000
vn -0.000000 1.000000 -0.000000
vn -0.000000 1.000000 -0.000000
vn -0.000000 1.000000 -0.000000
vn -0.000000 1.000000 -0.000000
vn -0.000000 1.000000 0.000000
vn -0.000000 1.000000 0.000000
vn -0.000000 1.000000 0.000000
vn -0.000000 1.000000 0.000000
vn 0.000000 1.000000 0.000000
vn 0.000000 1.000000 0.000000
vn 0.000000 1.000000 0.000000
vn 0.000000 1.000000 0.000000
vn -0.000000 1.000000 -0.000000
vn -0.000000 1.000000 -0.000000
vn -0.000000 1.000000 -0.000000
vn -0.000000 1.000000 -0.000000
vn 0.000000 1.000000 0.000000
vn 0.000000 1.000000 0.000000
vn 0.000000 1.000000 0.000000
vn 0.000000 1.000000 0.000000
vn 0.000000 1.000000 0.000000
vn 0.000000 1.000000 0.000000
vn 0.000000 1.000000 0.000000
vn 0.000000 1.000000 0.000000
vn -0.000000 1.000000 -0.000000
vn -0.000000 1.000000 -0.000000
vn -0.000000 1.000000 -0.000000
vn 0.000000 1.000000 0.000000
vn 0.000000 1.000000 0.000000
vn 0.000000 1.000000 0.000000
vn 0.000000 1.000000 0.000000
vn -0.000000 1.000000 0.000000
vn -0.000000 1.000000 0.000000
vn 0.000000 1.000000 0.000000
vn 0.000000 1.000000 0.000000
vn 0.000000 1.000000 0.000000
vn 0.000000 1.000000 0.000000
vn 0.000000 1.000000 0.000000
vn 0.000000 1.000000 0.000000
vn 0.000000 1.000000 0.000000
vn 0.000000 1.000000 0.000000
vn 0.000000 1.000000 0.000000
vn 0.000000 1.000000 0.000000
vn 0.000000 1.000000 0.000000
vn 0.000000 1.000000 0.000000
vn 0.000000 1.000000 0.000000
vn 0.000000 1.000000 0.000000
vn 0.000000 1.000000 0.000000
vn 0.000000 1.000000 0.000000
vn 0.000000 1.000000 0.000000
vn 0.000000 1.000000 0.000000
vn 0.000000 1.000000 0.000000
vn 0.000000 1.000000 0.000000
vn -0.181470 -0.000001 0.983396
vn -0.181470 -0.000001 0.983396
vn -0.181470 -0.000001 0.983396
vn -0.181470 -0.000001 0.983396
vn -0.181465 0.000000 0.983397
vn -0.181465 0.000000 0.983397
vn -0.181465 0.000000 0.983397
vn -0.181465 0.000000 0.983397
vn -0.181474 0.000000 0.983396
vn -0.181474 0.000000 0.983396
vn -0.181474 0.000000 0.983396
vn -0.181474 0.000000 0.983396
vn -0.181461 0.000001 0.983398
vn -0.181461 0.000001 0.983398
vn -0.181461 0.000001 0.983398
vn -0.181461 0.000001 0.983398
vn -0.181483 0.000001 0.983394
vn -0.181483 0.000001 0.983394
vn -0.181483 0.000001 0.983394
vn -0.181483 0.000001 0.983394
vn -0.181489 -0.000001 0.983393
vn -0.181489 -0.000001 0.983393
vn -0.181489 -0.000001 0.983393
vn -0.181489 -0.000001 0.983393
vn -0.181474 0.000001 0.983396
vn -0.181474 0.000001 0.983396
vn -0.181474 0.000001 0.983396
vn -0.181474 0.000001 0.983396
vn -0.181488 0.000000 0.983393
vn -0.181488 0.000000 0.983393
vn -0.181488 0.000000 0.983393
vn -0.181488 0.000000 0.983393
vn -0.181477 -0.000000 0.983395
vn -0.181477 -0.000000 0.983395
vn -0.181477 -0.000000 0.983395
vn -0.181477 -0.000000 0.983395
vn -0.181485 0.000001 0.983394
vn -0.181485 0.000001 0.983394
vn -0.181485 0.000001 0.983394
vn -0.181485 0.000001 0.983394
vn -0.181473 0.000000 0.983396
vn -0.181473 0.000000 0.983396
vn -0.181473 0.000000 0.983396
vn -0.181473 0.000000 0.983396
vn -0.181473 -0.000001 0.983396
vn -0.181473 -0.000001 0.983396
vn -0.181473 -0.000001 0.983396
vn -0.181473 -0.000001 0.983396
vn -0.181474 -0.000001 0.983396
vn -0.181474 -0.000001 0.983396
vn -0.181474 -0.000001 0.983396
vn -0.181474 -0.000001 0.983396
vn -0.181463 0.000001 0.983398
vn -0.181463 0.000001 0.983398
vn -0.181463 0.000001 0.983398
vn -0.181463 0.000001 0.983398
vn -0.181486 0.000000 0.983394
vn -0.181486 0.000000 0.983394
vn -0.181486 0.000000 0.983394
vn -0.181486 0.000000 0.983394
vn -0.181473 0.000000 0.983396
vn -0.181473 0.000000 0.983396
vn -0.181473 0.000000 0.983396
vn -0.181473 0.000000 0.983396
vn -0.181488 0.000000 0.983393
vn -0.181488 0.000000 0.983393
vn -0.181488 0.000000 0.983393
vn -0.181488 0.000000 0.983393
vn -0.181476 0.000000 0.983396
vn -0.181476 0.000000 0.983396
vn -0.181476 0.000000 0.983395
vn -0.181476 0.000000 0.983396
vn -0.181486 -0.000000 0.983394
vn -0.181486 -0.000000 0.983394
vn -0.181486 -0.000000 0.983394
vn -0.181486 -0.000000 0.983394
vn -0.181453 -0.000000 0.983400
vn -0.181454 -0.000000 0.983400
vn -0.181454 -0.000000 0.983400
vn -0.181454 -0.000000 0.983400
vn -0.181486 -0.000001 0.983394
vn -0.181486 -0.000001 0.983393
vn -0.181486 -0.000001 0.983394
vn -0.181486 -0.000001 0.983393
vn -0.181471 0.000000 0.983396
vn -0.181471 0.000000 0.983396
vn -0.181471 0.000000 0.983396
vn -0.181471 0.000000 0.983396
vn -0.181464 0.000000 0.983398
vn -0.181464 0.000000 0.983398
vn -0.181464 0.000000 0.983398
vn -0.181464 0.000000 0.983398
vn -0.181486 0.000000 0.983394
vn -0.181486 0.000000 0.983394
vn -0.181486 0.000000 0.983394
vn -0.181486 0.000000 0.983394
vn -0.181474 0.000000 0.983396
vn -0.181474 0.000000 0.983396
vn -0.181474 0.000000 0.983396
vn -0.181474 0.000000 0.983396
vn -0.181473 -0.000000 0.983396
vn -0.181473 -0.000000 0.983396
vn -0.181473 -0.000000 0.983396
vn -0.181473 -0.000000 0.983396
vn -0.181474 -0.000001 0.983396
vn -0.181474 -0.000001 0.983396
vn -0.181474 -0.000001 0.983396
vn -0.181474 -0.000001 0.983396
vn 0.571532 0.000000 0.820580
vn 0.571532 0.000000 0.820580
vn 0.571532 0.000000 0.820580
vn 0.571532 0.000000 0.820580
vn 0.571532 0.000000 0.820580
vn 0.571532 0.000000 0.820580
vn 0.571532 0.000000 0.820580
vn 0.571532 0.000000 0.820580
vn 0.571531 0.000000 0.820580
vn 0.571531 0.000000 0.820580
vn 0.571531 0.000000 0.820581
vn 0.571531 0.000000 0.820581
vn 0.571531 0.000000 0.820580
vn 0.571531 0.000000 0.820580
vn 0.571531 0.000000 0.820580
vn 0.571531 0.000000 0.820580
vn 0.571532 0.000001 0.820580
vn 0.571532 0.000001 0.820580
vn 0.571532 0.000001 0.820580
vn 0.571532 0.000001 0.820580
vn 0.571531 0.000001 0.820580
vn 0.571531 0.000001 0.820580
vn 0.571531 0.000001 0.820580
vn 0.571531 0.000001 0.820580
vn 0.571532 0.000001 0.820580
vn 0.571532 0.000001 0.820580
vn 0.571532 0.000001 0.820580
vn 0.571532 0.000001 0.820580
vn 0.571531 0.000000 0.820580
vn 0.571531 0.000000 0.820580
vn 0.571531 0.000000 0.820580
vn 0.571531 0.000000 0.820580
vn 0.571531 -0.000000 0.820581
vn 0.571531 -0.000000 0.820581
vn 0.571531 -0.000000 0.820581
vn 0.571531 -0.000000 0.820581
vn 0.571532 0.000001 0.820580
vn 0.571532 0.000001 0.820580
vn 0.571532 0.000001 0.820580
vn 0.571532 0.000001 0.820580
vn 0.571531 0.000001 0.820581
vn 0.571531 0.000001 0.820581
vn 0.571531 0.000001 0.820581
vn 0.571531 0.000001 0.820581
vn 0.571530 -0.000002 0.820581
vn 0.571530 -0.000002 0.820581
vn 0.571530 -0.000002 0.820581
vn 0.571530 -0.000002 0.820581
vn 0.571531 0.000000 0.820581
vn 0.571531 0.000000 0.820581
vn 0.571531 0.000000 0.820581
vn 0.571531 0.000000 0.820581
vn 0.571530 0.000000 0.820581
vn 0.571530 0.000000 0.820581
vn 0.571530 0.000000 0.820581
vn 0.571530 0.000000 0.820581
vn 0.571532 0.000001 0.820580
vn 0.571531 0.000001 0.820580
vn 0.571532 0.000001 0.820580
vn 0.571532 0.000001 0.820580
vn 0.571532 -0.000001 0.820579
vn 0.571532 -0.000001 0.820580
vn 0.571532 -0.000001 0.820579
vn 0.571532 -0.000001 0.820580
vn 0.571530 0.000000 0.820581
vn 0.571530 0.000000 0.820581
vn 0.571530 0.000000 0.820581
vn 0.571530 0.000000 0.820581
vn 0.571532 -0.000003 0.820580
vn 0.571532 -0.000003 0.820580
vn 0.571532 -0.000003 0.820580
vn 0.571532 -0.000003 0.820580
vn 0.571531 -0.000001 0.820580
vn 0.571531 -0.000001 0.820580
vn 0.571531 -0.000001 0.820580
vn 0.571531 -0.000001 0.820580
vn 0.571531 0.000001 0.820580
vn 0.571531 0.000001 0.820580
vn 0.571531 0.000001 0.820580
vn 0.571531 0.000001 0.820580
vn 0.571531 0.000001 0.820580
vn 0.571531 0.000001 0.820580
vn 0.571531 0.000001 0.820580
vn 0.571531 0.000001 0.820580
vn 0.571532 0.000000 0.820580
vn 0.571532 0.000000 0.820580
vn 0.571532 0.000000 0.820580
vn 0.571532 0.000000 0.820580
vn 0.571531 0.000001 0.820581
vn 0.571531 0.000001 0.820580
vn 0.571531 0.000001 0.820581
vn 0.571531 0.000001 0.820580
vn 0.571531 -0.000001 0.820580
vn 0.571531 -0.000001 0.820581
vn 0.571531 -0.000001 0.820581
vn 0.571531 -0.000001 0.820580
vn 0.571531 -0.000001 0.820581
vn 0.571531 -0.000001 0.820581
vn 0.571531 -0.000001 0.820581
vn 0.571531 -0.000001 0.820581
vn 0.571531 0.000000 0.820581
vn 0.571531 0.000000 0.820581
vn 0.571531 0.000000 0.820581
vn 0.571531 0.000000 0.820581
vn 0.571532 -0.000001 0.820580
vn 0.571532 -0.000001 0.820580
vn 0.571532 -0.000001 0.820580
vn 0.571532 -0.000001 0.820580
vn 0.983396 -0.000001 0.181475
vn 0.983396 -0.000001 0.181475
vn 0.983396 -0.000001 0.181475
vn 0.983396 -0.000001 0.181475
vn 0.983394 0.000000 0.181482
vn 0.983394 0.000000 0.181482
vn 0.983394 0.000000 0.181482
vn 0.983394 0.000000 0.181482
vn 0.983396 0.000000 0.181473
vn 0.983396 0.000000 0.181473
vn 0.983396 0.000000 0.181473
vn 0.983396 0.000000 0.181473
vn 0.983397 -0.000002 0.181469
vn 0.983397 -0.000002 0.181469
vn 0.983397 -0.000002 0.181469
vn 0.983397 -0.000002 0.181469
vn 0.983395 0.000001 0.181478
vn 0.983395 0.000001 0.181478
vn 0.983395 0.000001 0.181478
vn 0.983395 0.000001 0.181478
vn 0.983395 -0.000003 0.181479
vn 0.983395 -0.000003 0.181479
vn 0.983395 -0.000003 0.181479
vn 0.983395 -0.000003 0.181479
vn 0.983396 -0.000001 0.181472
vn 0.983396 -0.000001 0.181472
vn 0.983396 -0.000001 0.181472
vn 0.983396 -0.000001 0.181472
vn 0.983395 0.000000 0.181478
vn 0.983395 0.000000 0.181478
vn 0.983395 0.000000 0.181478
vn 0.983395 0.000000 0.181478
vn 0.983396 -0.000001 0.181475
vn 0.983396 -0.000001 0.181475
vn 0.983396 -0.000001 0.181475
vn 0.983396 -0.000001 0.181475
vn 0.983394 0.000002 0.181482
vn 0.983394 0.000002 0.181482
vn 0.983394 0.000002 0.181482
vn 0.983394 0.000002 0.181482
vn 0.983396 -0.000003 0.181472
vn 0.983396 -0.000003 0.181472
vn 0.983396 -0.000003 0.181472
vn 0.983396 -0.000003 0.181472
vn 0.983396 -0.000002 0.181472
vn 0.983396 -0.000002 0.181472
vn 0.983396 -0.000002 0.181472
vn 0.983396 -0.000002 0.181472
vn 0.983395 -0.000000 0.181478
vn 0.983395 -0.000000 0.181478
vn 0.983395 -0.000000 0.181478
vn 0.983395 -0.000000 0.181478
vn 0.983396 -0.000002 0.181472
vn 0.983396 -0.000002 0.181472
vn 0.983396 -0.000002 0.181472
vn 0.983396 -0.000002 0.181472
vn 0.983397 0.000000 0.181465
vn 0.983397 0.000000 0.181465
vn 0.983397 0.000000 0.181465
vn 0.983397 0.000000 0.181465
vn 0.983399 0.000003 0.181457
vn 0.983399 0.000003 0.181457
vn 0.983399 0.000003 0.181457
vn 0.983399 0.000003 0.181457
vn 0.983394 0.000003 0.181485
vn 0.983394 0.000003 0.181485
vn 0.983394 0.000003 0.181485
vn 0.983394 0.000003 0.181485
vn 0.983395 -0.000002 0.181479
vn 0.983395 -0.000002 0.181479
vn 0.983395 -0.000002 0.181479
vn 0.983395 -0.000002 0.181479
vn 0.983395 0.000000 0.181478
vn 0.983395 0.000000 0.181478
vn 0.983395 0.000000 0.181478
vn 0.983395 0.000000 0.181478
vn 0.983395 0.000000 0.181479
vn 0.983395 0.000000 0.181479
vn 0.983395 0.000000 0.181479
vn 0.983395 0.000000 0.181479
vn 0.983397 0.000000 0.181465
vn 0.983397 0.000000 0.181465
vn 0.983397 0.000000 0.181465
vn 0.983397 0.000000 0.181465
vn 0.983394 -0.000003 0.181483
vn 0.983394 -0.000003 0.181483
vn 0.983394 -0.000003 0.181483
vn 0.983394 -0.000003 0.181483
vn 0.983396 -0.000002 0.181473
vn 0.983396 -0.000002 0.181473
vn 0.983396 -0.000002 0.181473
vn 0.983396 -0.000002 0.181473
vn 0.983398 0.000003 0.181463
vn 0.983398 0.000003 0.181463
vn 0.983398 0.000003 0.181463
vn 0.983398 0.000003 0.181463
vn 0.983397 -0.000000 0.181465
vn 0.983397 -0.000000 0.181465
vn 0.983397 -0.000000 0.181465
vn 0.983397 -0.000000 0.181465
vn 0.983396 0.000002 0.181472
vn 0.983396 0.000002 0.181472
vn 0.983396 0.000002 0.181472
vn 0.983396 0.000002 0.181472
vn 0.983398 -0.000000 0.181463
vn 0.983398 -0.000000 0.181463
vn 0.983398 -0.000000 0.181463
vn 0.983398 -0.000000 0.181463
vn -0.571200 -0.000000 -0.820811
vn -0.571200 -0.000000 -0.820811
vn -0.571200 -0.000000 -0.820811
vn -0.571200 -0.000000 -0.820811
vn -0.571200 0.000000 -0.820811
vn -0.571200 0.000000 -0.820811
vn -0.571200 0.000000 -0.820811
vn -0.571200 0.000000 -0.820811
vn -0.571200 0.000002 -0.820811
vn -0.571200 0.000002 -0.820811
vn -0.571200 0.000002 -0.820811
vn -0.571200 0.000002 -0.820811
vn -0.571200 0.000000 -0.820811
vn -0.571200 0.000000 -0.820811
vn -0.571200 0.000000 -0.820811
vn -0.571200 0.000000 -0.820811
vn -0.571200 0.000002 -0.820811
vn -0.571200 0.000002 -0.820811
vn -0.571200 0.000002 -0.820811
vn -0.571200 0.000002 -0.820811
vn -0.571200 0.000000 -0.820811
vn -0.571200 0.000000 -0.820811
vn -0.571200 0.000000 -0.820811
vn -0.571200 0.000000 -0.820811
vn -0.571201 0.000003 -0.820811
vn -0.571201 0.000003 -0.820810
vn -0.571201 0.000003 -0.820810
vn -0.571201 0.000003 -0.820810
vn -0.571200 0.000000 -0.820811
vn -0.571200 0.000000 -0.820811
vn -0.571200 0.000000 -0.820811
vn -0.571200 0.000000 -0.820811
vn -0.571200 0.000001 -0.820811
vn -0.571200 0.000001 -0.820811
vn -0.571200 0.000001 -0.820811
vn -0.571200 0.000001 -0.820811
vn -0.571200 0.000000 -0.820811
vn -0.571200 0.000000 -0.820811
vn -0.571200 0.000000 -0.820811
vn -0.571200 0.000000 -0.820811
vn -0.571199 0.000001 -0.820811
vn -0.571199 0.000001 -0.820811
vn -0.571199 0.000001 -0.820811
vn -0.571199 0.000001 -0.820811
vn -0.571200 -0.000001 -0.820811
vn -0.571200 -0.000001 -0.820811
vn -0.571200 -0.000001 -0.820811
vn -0.571200 -0.000001 -0.820811
vn -0.571199 0.000001 -0.820812
vn -0.571199 0.000001 -0.820812
vn -0.571199 0.000001 -0.820812
vn -0.571199 0.000001 -0.820812
vn -0.571199 -0.000001 -0.820812
vn -0.571199 -0.000001 -0.820812
vn -0.571199 -0.000001 -0.820812
vn -0.571199 -0.000001 -0.820812
vn -0.571201 -0.000000 -0.820811
vn -0.571201 -0.000000 -0.820811
vn -0.571201 -0.000000 -0.820811
vn -0.571201 -0.000000 -0.820810
vn -0.571200 -0.000003 -0.820811
vn -0.571200 -0.000003 -0.820811
vn -0.571200 -0.000003 -0.820811
vn -0.571200 -0.000003 -0.820811
vn -0.571199 -0.000002 -0.820812
vn -0.571199 -0.000002 -0.820812
vn -0.571199 -0.000002 -0.820812
vn -0.571199 -0.000002 -0.820812
vn -0.571200 -0.000001 -0.820811
vn -0.571200 -0.000001 -0.820811
vn -0.571200 -0.000001 -0.820811
vn -0.571200 -0.000001 -0.820811
vn -0.571199 0.000001 -0.820811
vn -0.571199 0.000001 -0.820811
vn -0.571200 0.000001 -0.820811
vn -0.571199 0.000001 -0.820811
vn -0.571200 0.000000 -0.820811
vn -0.571200 0.000000 -0.820811
vn -0.571200 0.000000 -0.820811
vn -0.571200 0.000000 -0.820811
vn -0.571200 0.000001 -0.820811
vn -0.571200 0.000001 -0.820811
vn -0.571200 0.000001 -0.820811
vn -0.571200 0.000001 -0.820811
vn -0.571200 0.000000 -0.820811
vn -0.571200 0.000000 -0.820811
vn -0.571200 0.000000 -0.820811
vn -0.571200 0.000000 -0.820811
vn -0.571200 0.000001 -0.820811
vn -0.571200 0.000001 -0.820811
vn -0.571200 0.000001 -0.820811
vn -0.571200 0.000001 -0.820811
vn -0.571200 -0.000002 -0.820811
vn -0.571200 -0.000002 -0.820811
vn -0.571200 -0.000002 -0.820811
vn -0.571200 -0.000002 -0.820811
vn -0.571198 -0.000002 -0.820812
vn -0.571198 -0.000002 -0.820812
vn -0.571198 -0.000002 -0.820812
vn -0.571198 -0.000002 -0.820812
vn -0.571199 0.000000 -0.820811
vn -0.571199 0.000000 -0.820811
vn -0.571199 0.000000 -0.820811
vn -0.571199 0.000000 -0.820811
vn -0.571200 0.000000 -0.820811
vn -0.571200 0.000000 -0.820811
vn -0.571200 0.000000 -0.820811
vn -0.571200 0.000000 -0.820811
vn -0.596592 0.000000 0.802544
vn -0.596592 0.000000 0.802544
vn -0.596593 0.000000 0.802544
vn -0.596593 0.000000 0.802544
vn -0.596592 -0.000001 0.802545
vn -0.596592 -0.000001 0.802545
vn -0.596592 -0.000001 0.802545
vn -0.596592 -0.000001 0.802545
vn -0.596592 0.000000 0.802545
vn -0.596592 0.000000 0.802545
vn -0.596592 0.000000 0.802545
vn -0.596592 0.000000 0.802545
vn -0.596592 0.000000 0.802545
vn -0.596592 0.000000 0.802545
vn -0.596592 0.000000 0.802545
vn -0.596592 0.000000 0.802545
vn -0.596591 -0.000002 0.802545
vn -0.596591 -0.000002 0.802545
vn -0.596591 -0.000002 0.802545
vn -0.596591 -0.000002 0.802545
vn -0.596591 0.000002 0.802545
vn -0.596591 0.000002 0.802545
vn -0.596591 0.000002 0.802545
vn -0.596591 0.000002 0.802545
vn -0.596592 0.000000 0.802545
vn -0.596592 0.000000 0.802545
vn -0.596592 0.000000 0.802545
vn -0.596592 0.000000 0.802545
vn -0.596592 0.000001 0.802544
vn -0.596592 0.000001 0.802544
vn -0.596592 0.000001 0.802544
vn -0.596593 0.000001 0.802544
vn -0.596592 0.000004 0.802545
vn -0.596592 0.000004 0.802545
vn -0.596592 0.000004 0.802545
vn -0.596592 0.000004 0.802545
vn -0.596591 0.000000 0.802545
vn -0.596591 0.000000 0.802545
vn -0.596591 0.000000 0.802545
vn -0.596591 0.000000 0.802545
vn -0.596591 0.000000 0.802545
vn -0.596591 0.000000 0.802545
vn -0.596591 0.000000 0.802545
vn -0.596591 0.000000 0.802545
vn -0.596594 -0.000001 0.802543
vn -0.596594 -0.000001 0.802543
vn -0.596594 -0.000001 0.802543
vn -0.596594 -0.000001 0.802543
vn -0.596591 -0.000001 0.802545
vn -0.596591 -0.000001 0.802545
vn -0.596591 -0.000001 0.802545
vn -0.596591 -0.000001 0.802545
vn -0.596590 -0.000001 0.802546
vn -0.596590 -0.000001 0.802546
vn -0.596590 -0.000001 0.802546
vn -0.596590 -0.000001 0.802546
vn -0.596591 -0.000001 0.802545
vn -0.596591 -0.000001 0.802545
vn -0.596591 -0.000001 0.802545
vn -0.596591 -0.000001 0.802545
vn -0.596590 0.000000 0.802546
vn -0.596590 0.000000 0.802546
vn -0.596590 0.000000 0.802546
vn -0.596591 0.000000 0.802546
vn -0.596592 0.000002 0.802545
vn -0.596592 0.000002 0.802545
vn -0.596592 0.000002 0.802545
vn -0.596592 0.000002 0.802545
vn -0.596591 -0.000001 0.802545
vn -0.596591 -0.000001 0.802545
vn -0.596591 -0.000001 0.802545
vn -0.596591 -0.000001 0.802545
vn -0.596591 -0.000003 0.802546
vn -0.596591 -0.000003 0.802546
vn -0.596591 -0.000003 0.802546
vn -0.596591 -0.000003 0.802546
vn -0.596590 0.000000 0.802546
vn -0.596590 0.000000 0.802546
vn -0.596590 0.000000 0.802546
vn -0.596590 0.000000 0.802546
vn -0.596592 0.000000 0.802545
vn -0.596592 0.000000 0.802545
vn -0.596592 0.000000 0.802545
vn -0.596592 0.000000 0.802545
vn -0.596591 0.000002 0.802546
vn -0.596591 0.000002 0.802546
vn -0.596591 0.000002 0.802546
vn -0.596591 0.000002 0.802546
vn -0.596592 0.000000 0.802545
vn -0.596592 0.000000 0.802545
vn -0.596592 0.000000 0.802545
vn -0.596592 0.000000 0.802545
vn -0.596591 0.000002 0.802545
vn -0.596591 0.000002 0.802545
vn -0.596591 0.000002 0.802545
vn -0.596591 0.000002 0.802545
vn -0.596591 0.000001 0.802545
vn -0.596592 0.000001 0.802545
vn -0.596591 0.000001 0.802545
vn -0.596592 0.000001 0.802545
vn -0.596591 -0.000002 0.802545
vn -0.596591 -0.000002 0.802545
vn -0.596591 -0.000002 0.802545
vn -0.596591 -0.000002 0.802545
vn -0.596591 0.000001 0.802545
vn -0.596591 0.000001 0.802545
vn -0.596591 0.000001 0.802545
vn -0.596591 0.000001 0.802545
vn 0.981754 0.000000 -0.190156
vn 0.981754 0.000000 -0.190156
vn 0.981754 0.000000 -0.190156
vn 0.981754 0.000000 -0.190156
vn 0.981754 0.000000 -0.190156
vn 0.981754 0.000000 -0.190156
vn 0.981754 0.000000 -0.190156
vn 0.981754 0.000000 -0.190156
vn 0.981756 0.000000 -0.190145
vn 0.981756 0.000000 -0.190145
vn 0.981756 0.000000 -0.190145
vn 0.981756 0.000000 -0.190145
vn 0.981754 0.000000 -0.190156
vn 0.981754 0.000000 -0.190156
vn 0.981754 0.000000 -0.190156
vn 0.981754 0.000000 -0.190156
vn 0.981756 0.000001 -0.190148
vn 0.981756 0.000001 -0.190148
vn 0.981756 0.000001 -0.190148
vn 0.981756 0.000001 -0.190148
vn 0.981756 -0.000002 -0.190148
vn 0.981756 -0.000002 -0.190148
vn 0.981756 -0.000002 -0.190148
vn 0.981756 -0.000002 -0.190148
vn 0.981755 -0.000002 -0.190149
vn 0.981755 -0.000002 -0.190149
vn 0.981755 -0.000002 -0.190149
vn 0.981755 -0.000002 -0.190149
vn 0.981756 0.000000 -0.190145
vn 0.981756 0.000000 -0.190145
vn 0.981756 0.000000 -0.190145
vn 0.981756 0.000000 -0.190145
vn 0.981755 0.000001 -0.190148
vn 0.981756 0.000001 -0.190148
vn 0.981755 0.000001 -0.190148
vn 0.981755 0.000001 -0.190148
vn 0.981754 0.000000 -0.190156
vn 0.981754 0.000000 -0.190156
vn 0.981754 0.000000 -0.190156
vn 0.981754 0.000000 -0.190156
vn 0.981756 0.000001 -0.190148
vn 0.981756 0.000001 -0.190148
vn 0.981756 0.000001 -0.190148
vn 0.981756 0.000001 -0.190148
vn 0.981756 -0.000002 -0.190145
vn 0.981756 -0.000002 -0.190145
vn 0.981756 -0.000002 -0.190145
vn 0.981756 -0.000002 -0.190145
vn 0.981756 0.000001 -0.190144
vn 0.981756 0.000001 -0.190144
vn 0.981756 0.000001 -0.190144
vn 0.981756 0.000001 -0.190144
vn 0.981757 -0.000002 -0.190143
vn 0.981757 -0.000002 -0.190143
vn 0.981757 -0.000002 -0.190143
vn 0.981757 -0.000002 -0.190143
vn 0.981754 -0.000000 -0.190154
vn 0.981754 -0.000000 -0.190154
vn 0.981754 -0.000000 -0.190154
vn 0.981754 -0.000000 -0.190154
vn 0.981754 0.000003 -0.190156
vn 0.981754 0.000003 -0.190156
vn 0.981754 0.000003 -0.190156
vn 0.981754 0.000003 -0.190156
vn 0.981756 0.000001 -0.190144
vn 0.981756 0.000001 -0.190144
vn 0.981756 0.000001 -0.190144
vn 0.981756 0.000001 -0.190144
vn 0.981757 -0.000002 -0.190141
vn 0.981757 -0.000002 -0.190141
vn 0.981757 -0.000002 -0.190141
vn 0.981757 -0.000002 -0.190141
vn 0.981756 -0.000000 -0.190145
vn 0.981756 -0.000000 -0.190145
vn 0.981756 -0.000000 -0.190145
vn 0.981756 -0.000000 -0.190145
vn 0.981756 0.000000 -0.190145
vn 0.981756 0.000000 -0.190145
vn 0.981756 0.000000 -0.190145
vn 0.981756 0.000000 -0.190145
vn 0.981755 0.000000 -0.190151
vn 0.981755 0.000000 -0.190151
vn 0.981755 0.000000 -0.190151
vn 0.981755 0.000000 -0.190151
vn 0.981756 -0.000002 -0.190144
vn 0.981756 -0.000002 -0.190144
vn 0.981756 -0.000002 -0.190144
vn 0.981756 -0.000002 -0.190144
vn 0.981755 -0.000002 -0.190149
vn 0.981755 -0.000002 -0.190149
vn 0.981755 -0.000002 -0.190149
vn 0.981755 -0.000002 -0.190149
vn 0.981754 0.000003 -0.190153
vn 0.981754 0.000003 -0.190153
vn 0.981754 0.000003 -0.190153
vn 0.981754 0.000003 -0.190153
vn 0.981754 0.000000 -0.190157
vn 0.981754 0.000000 -0.190157
vn 0.981754 0.000000 -0.190157
vn 0.981754 0.000000 -0.190157
vn 0.981754 0.000002 -0.190153
vn 0.981754 0.000002 -0.190153
vn 0.981754 0.000002 -0.190153
vn 0.981754 0.000002 -0.190153
vn 0.981754 0.000001 -0.190154
vn 0.981754 0.000001 -0.190154
vn 0.981754 0.000001 -0.190154
vn 0.981754 0.000001 -0.190154
vn 0.591712 -0.000000 -0.806150
vn 0.591712 -0.000000 -0.806150
vn 0.591712 -0.000000 -0.806150
vn 0.591712 -0.000000 -0.806150
vn 0.591713 0.000001 -0.806149
vn 0.591713 0.000001 -0.806149
vn 0.591713 0.000001 -0.806149
vn 0.591713 0.000001 -0.806149
vn 0.591713 0.000002 -0.806149
vn 0.591713 0.000002 -0.806149
vn 0.591713 0.000002 -0.806149
vn 0.591713 0.000002 -0.806149
vn 0.591713 -0.000001 -0.806149
vn 0.591713 -0.000001 -0.806149
vn 0.591713 -0.000001 -0.806149
vn 0.591713 -0.000001 -0.806149
vn 0.591713 -0.000001 -0.806149
vn 0.591713 -0.000001 -0.806149
vn 0.591713 -0.000001 -0.806149
vn 0.591713 -0.000001 -0.806149
vn 0.591713 -0.000001 -0.806149
vn 0.591713 -0.000001 -0.806149
vn 0.591713 -0.000001 -0.806149
vn 0.591713 -0.000001 -0.806149
vn 0.591712 0.000000 -0.806150
vn 0.591712 0.000000 -0.806150
vn 0.591712 0.000000 -0.806150
vn 0.591712 0.000000 -0.806150
vn 0.591711 0.000000 -0.806150
vn 0.591711 0.000000 -0.806150
vn 0.591711 0.000000 -0.806150
vn 0.591711 0.000000 -0.806150
vn 0.591712 0.000001 -0.806150
vn 0.591712 0.000001 -0.806150
vn 0.591712 0.000001 -0.806150
vn 0.591712 0.000001 -0.806150
vn 0.591711 0.000000 -0.806150
vn 0.591711 0.000000 -0.806150
vn 0.591711 0.000000 -0.806150
vn 0.591711 0.000000 -0.806150
vn 0.591713 -0.000001 -0.806149
vn 0.591713 -0.000001 -0.806149
vn 0.591713 -0.000001 -0.806149
vn 0.591713 -0.000001 -0.806149
vn 0.591712 0.000000 -0.806149
vn 0.591712 0.000000 -0.806149
vn 0.591712 0.000000 -0.806149
vn 0.591712 0.000000 -0.806149
vn 0.591713 -0.000002 -0.806149
vn 0.591713 -0.000002 -0.806149
vn 0.591713 -0.000002 -0.806149
vn 0.591713 -0.000002 -0.806149
vn 0.591711 0.000002 -0.806150
vn 0.591711 0.000002 -0.806150
vn 0.591711 0.000002 -0.806150
vn 0.591711 0.000002 -0.806150
vn 0.591713 0.000000 -0.806148
vn 0.591713 0.000000 -0.806148
vn 0.591713 0.000000 -0.806148
vn 0.591713 0.000000 -0.806148
vn 0.591713 -0.000003 -0.806149
vn 0.591713 -0.000003 -0.806149
vn 0.591713 -0.000003 -0.806149
vn 0.591713 -0.000003 -0.806149
vn 0.591711 -0.000002 -0.806150
vn 0.591711 -0.000002 -0.806150
vn 0.591711 -0.000002 -0.806150
vn 0.591711 -0.000002 -0.806150
vn 0.591711 0.000001 -0.806150
vn 0.591711 0.000001 -0.806150
vn 0.591711 0.000001 -0.806150
vn 0.591711 0.000001 -0.806150
vn 0.591712 -0.000001 -0.806150
vn 0.591712 -0.000001 -0.806150
vn 0.591712 -0.000001 -0.806150
vn 0.591712 -0.000001 -0.806150
vn 0.591711 0.000001 -0.806150
vn 0.591711 0.000001 -0.806150
vn 0.591711 0.000001 -0.806150
vn 0.591711 0.000001 -0.806150
vn 0.591713 0.000003 -0.806149
vn 0.591713 0.000003 -0.806149
vn 0.591713 0.000003 -0.806149
vn 0.591713 0.000003 -0.806149
vn 0.591711 0.000000 -0.806150
vn 0.591711 0.000000 -0.806150
vn 0.591711 0.000000 -0.806150
vn 0.591711 0.000000 -0.806150
vn 0.591712 -0.000002 -0.806150
vn 0.591711 -0.000002 -0.806150
vn 0.591712 -0.000002 -0.806150
vn 0.591712 -0.000002 -0.806150
vn 0.591711 0.000000 -0.806150
vn 0.591711 0.000000 -0.806150
vn 0.591711 0.000000 -0.806150
vn 0.591711 0.000000 -0.806150
vn 0.591712 -0.000004 -0.806149
vn 0.591712 -0.000004 -0.806149
vn 0.591712 -0.000004 -0.806149
vn 0.591712 -0.000004 -0.806149
vn 0.591714 0.000002 -0.806148
vn 0.591714 0.000002 -0.806148
vn 0.591714 0.000002 -0.806148
vn 0.591714 0.000002 -0.806148
vn 0.591712 -0.000001 -0.806150
vn 0.591712 -0.000001 -0.806150
vn 0.591712 -0.000001 -0.806150
vn 0.591712 -0.000001 -0.806150
vn -0.190154 0.000000 -0.981754
vn -0.190154 0.000000 -0.981754
vn -0.190154 0.000000 -0.981754
vn -0.190154 0.000000 -0.981754
vn -0.190148 0.000000 -0.981755
vn -0.190148 0.000000 -0.981755
vn -0.190148 0.000000 -0.981755
vn -0.190148 0.000000 -0.981755
vn -0.190152 0.000000 -0.981755
vn -0.190152 0.000000 -0.981755
vn -0.190152 0.000000 -0.981755
vn -0.190152 0.000000 -0.981755
vn -0.190147 0.000001 -0.981756
vn -0.190147 0.000001 -0.981756
vn -0.190147 0.000001 -0.981756
vn -0.190147 0.000001 -0.981756
vn -0.190154 0.000001 -0.981754
vn -0.190154 0.000001 -0.981754
vn -0.190154 0.000001 -0.981754
vn -0.190154 0.000001 -0.981754
vn -0.190152 -0.000001 -0.981755
vn -0.190152 -0.000001 -0.981755
vn -0.190152 -0.000001 -0.981755
vn -0.190152 -0.000001 -0.981755
vn -0.190145 -0.000001 -0.981756
vn -0.190145 -0.000001 -0.981756
vn -0.190145 -0.000001 -0.981756
vn -0.190145 -0.000001 -0.981756
vn -0.190151 0.000001 -0.981755
vn -0.190151 0.000001 -0.981755
vn -0.190151 0.000001 -0.981755
vn -0.190151 0.000001 -0.981755
vn -0.190152 0.000001 -0.981755
vn -0.190152 0.000001 -0.981755
vn -0.190152 0.000001 -0.981755
vn -0.190152 0.000001 -0.981755
vn -0.190145 0.000001 -0.981756
vn -0.190145 0.000001 -0.981756
vn -0.190145 0.000001 -0.981756
vn -0.190145 0.000001 -0.981756
vn -0.190154 0.000001 -0.981754
vn -0.190154 0.000001 -0.981754
vn -0.190154 0.000001 -0.981754
vn -0.190154 0.000001 -0.981754
vn -0.190150 0.000000 -0.981755
vn -0.190150 0.000000 -0.981755
vn -0.190150 0.000000 -0.981755
vn -0.190150 0.000000 -0.981755
vn -0.190143 -0.000001 -0.981756
vn -0.190143 -0.000001 -0.981756
vn -0.190143 -0.000001 -0.981756
vn -0.190143 -0.000001 -0.981756
vn -0.190143 0.000001 -0.981756
vn -0.190143 0.000001 -0.981756
vn -0.190143 0.000001 -0.981756
vn -0.190143 0.000001 -0.981756
vn -0.190154 0.000001 -0.981754
vn -0.190154 0.000001 -0.981754
vn -0.190154 0.000001 -0.981754
vn -0.190154 0.000001 -0.981754
vn -0.190140 0.000000 -0.981757
vn -0.190140 0.000000 -0.981757
vn -0.190140 0.000000 -0.981757
vn -0.190140 0.000000 -0.981757
vn -0.190160 0.000000 -0.981753
vn -0.190160 0.000000 -0.981753
vn -0.190160 0.000000 -0.981753
vn -0.190160 0.000000 -0.981753
vn -0.190154 -0.000000 -0.981754
vn -0.190154 -0.000000 -0.981754
vn -0.190154 -0.000000 -0.981754
vn -0.190154 -0.000000 -0.981754
vn -0.190144 -0.000001 -0.981756
vn -0.190144 -0.000001 -0.981756
vn -0.190144 -0.000001 -0.981756
vn -0.190144 -0.000001 -0.981756
vn -0.190145 0.000000 -0.981756
vn -0.190145 0.000000 -0.981756
vn -0.190145 0.000000 -0.981756
vn -0.190145 0.000000 -0.981756
vn -0.190155 0.000001 -0.981754
vn -0.190155 0.000001 -0.981754
vn -0.190155 0.000001 -0.981754
vn -0.190155 0.000001 -0.981754
vn -0.190144 0.000000 -0.981756
vn -0.190144 0.000000 -0.981756
vn -0.190144 0.000000 -0.981756
vn -0.190144 0.000000 -0.981756
vn -0.190162 0.000000 -0.981753
vn -0.190162 0.000000 -0.981753
vn -0.190162 0.000000 -0.981753
vn -0.190162 0.000000 -0.981753
vn -0.190155 0.000000 -0.981754
vn -0.190155 0.000000 -0.981754
vn -0.190155 0.000000 -0.981754
vn -0.190155 0.000000 -0.981754
vn -0.190152 -0.000001 -0.981755
vn -0.190152 -0.000001 -0.981755
vn -0.190152 -0.000001 -0.981755
vn -0.190152 -0.000001 -0.981755
vn -0.190146 0.000000 -0.981756
vn -0.190146 0.000000 -0.981756
vn -0.190146 0.000000 -0.981756
vn -0.190146 0.000000 -0.981756
vn -0.190152 0.000001 -0.981755
vn -0.190152 0.000001 -0.981755
vn -0.190152 0.000001 -0.981755
vn -0.190152 0.000001 -0.981755
vn 0.000000 1.000000 0.000000
vn 0.000000 1.000000 0.000000
vn -0.000000 1.000000 -0.000000
vn -0.000000 1.000000 -0.000000
vn -0.000000 1.000000 0.000000
vn -0.000000 1.000000 0.000000
vn -0.000000 1.000000 0.000000
vn -0.000000 1.000000 0.000000
vn 0.000000 1.000000 0.000000
vn 0.000000 1.000000 0.000000
vn 0.000000 1.000000 0.000000
vn 0.000000 1.000000 0.000000
vn 0.000000 1.000000 0.000000
vn 0.000000 1.000000 0.000000
vn -0.000000 1.000000 0.000000
vn -0.000000 1.000000 0.000000
vn -0.000000 1.000000 0.000000
vn -0.000000 1.000000 0.000000
vn 0.000000 1.000000 0.000000
vn 0.000000 1.000000 0.000000
vn 0.000000 1.000000 0.000000
vn 0.000000 1.000000 0.000000
vn -0.000000 1.000000 0.000000
vn -0.000000 1.000000 0.000000
vn -0.000000 1.000000 0.000000
vn -0.000000 1.000000 0.000000
vn -0.000000 1.000000 0.000000
vn -0.000000 1.000000 0.000000
vn -0.000000 1.000000 0.000000
vn -0.000000 1.000000 0.000000
vn -0.000000 1.000000 0.000000
vn -0.000000 1.000000 0.000000
vn -0.000000 1.000000 0.000000
vn 0.000000 1.000000 -0.000000
vn 0.000000 1.000000 -0.000000
vn 0.000000 1.000000 -0.000000
vn 0.000000 1.000000 -0.000000
vn -0.000000 1.000000 0.000000
vn -0.000000 1.000000 0.000000
vn 0.000000 1.000000 0.000000
vn 0.000000 1.000000 0.000000
vn 0.000000 1.000000 0.000000
vn 0.000000 1.000000 0.000000
vn 0.000000 1.000000 0.000000
vn 0.000000 1.000000 0.000000
vn 0.000000 1.000000 0.000000
vn 0.000000 1.000000 0.000000
vn -0.000000 1.000000 0.000000
vn -0.000000 1.000000 0.000000
vn -0.000000 1.000000 0.000000
vn -0.000000 1.000000 0.000000
vn -0.000000 1.000000 -0.000000
vn -0.000000 1.000000 -0.000000
vn -0.000000 1.000000 -0.000000
vn -0.000000 1.000000 -0.000000
vn -0.000000 1.000000 0.000000
vn -0.000000 1.000000 0.000000
vn -0.000000 1.000000 0.000000
vn -0.000000 1.000000 0.000000
vn -0.000000 1.000000 0.000000
vn 0.000000 1.000000 0.000000
vn 0.000000 1.000000 0.000000
vn 0.000000 1.000000 0.000000
vn 0.000000 1.000000 0.000000
vn 0.000000 1.000000 0.000000
vn 0.000000 1.000000 0.000000
vn -0.000000 1.000000 0.000000
vn -0.000000 1.000000 0.000000
vn 0.000000 1.000000 0.000000
vn 0.000000 1.000000 0.000000
vn 0.000000 1.000000 0.000000
vn 0.000000 1.000000 0.000000
vn -0.000000 1.000000 0.000000
vn -0.000000 1.000000 0.000000
vn -0.000000 1.000000 0.000000
vn -0.000000 1.000000 0.000000
vn -0.000000 1.000000 0.000000
vn -0.000000 1.000000 0.000000
vn -0.000000 1.000000 0.000000
vn -0.000000 1.000000 0.000000
vn -0.000000 1.000000 0.000000
vn -0.000000 1.000000 0.000000
vn -0.000000 1.000000 0.000000
vn -0.000000 1.000000 0.000000
vn -0.000000 1.000000 -0.000000
vn -0.000000 1.000000 -0.000000
vn -0.000000 1.000000 -0.000000
vn -0.000000 1.000000 -0.000000
vn 0.319794 0.000000 -0.947487
vn 0.319794 0.000000 -0.947487
vn 0.319794 0.000000 -0.947487
vn 0.319794 0.000000 -0.947487
vn 0.319791 -0.000001 -0.947488
vn 0.319791 -0.000001 -0.947488
vn 0.319791 -0.000001 -0.947488
vn 0.319791 -0.000001 -0.947488
vn 0.319783 -0.000000 -0.947491
vn 0.319783 -0.000000 -0.947491
vn 0.319783 -0.000000 -0.947491
vn 0.319783 -0.000000 -0.947491
vn 0.319789 0.000000 -0.947489
vn 0.319789 0.000000 -0.947489
vn 0.319789 0.000000 -0.947489
vn 0.319789 0.000000 -0.947489
vn 0.319793 0.000000 -0.947488
vn 0.319793 0.000000 -0.947488
vn 0.319793 0.000000 -0.947488
vn 0.319793 0.000000 -0.947488
vn 0.319790 0.000000 -0.947489
vn 0.319790 0.000000 -0.947489
vn 0.319790 0.000000 -0.947489
vn 0.319790 0.000000 -0.947489
vn 0.319789 0.000000 -0.947489
vn 0.319789 0.000000 -0.947489
vn 0.319789 0.000000 -0.947489
vn 0.319789 0.000000 -0.947489
vn 0.319795 0.000000 -0.947487
vn 0.319795 0.000000 -0.947487
vn 0.319795 0.000000 -0.947487
vn 0.319795 0.000000 -0.947487
vn 0.319792 0.000000 -0.947488
vn 0.319792 0.000000 -0.947488
vn 0.319792 0.000000 -0.947488
vn 0.319792 0.000000 -0.947488
vn 0.319794 -0.000000 -0.947487
vn 0.319794 -0.000000 -0.947487
vn 0.319794 -0.000000 -0.947487
vn 0.319794 -0.000000 -0.947487
vn 0.319790 -0.000000 -0.947488
vn 0.319790 -0.000000 -0.947488
vn 0.319790 -0.000000 -0.947488
vn 0.319790 -0.000000 -0.947488
vn 0.319790 0.000000 -0.947489
vn 0.319790 0.000000 -0.947489
vn 0.319790 0.000000 -0.947489
vn 0.319790 0.000000 -0.947489
vn 0.319786 0.000000 -0.947490
vn 0.319786 0.000000 -0.947490
vn 0.319786 0.000000 -0.947490
vn 0.319786 0.000000 -0.947490
vn 0.319787 0.000000 -0.947490
vn 0.319787 0.000000 -0.947490
vn 0.319787 0.000000 -0.947490
vn 0.319787 0.000000 -0.947490
vn 0.319793 0.000000 -0.947488
vn 0.319793 0.000000 -0.947488
vn 0.319793 0.000000 -0.947488
vn 0.319793 0.000000 -0.947488
vn 0.319786 0.000000 -0.947490
vn 0.319786 0.000000 -0.947490
vn 0.319786 0.000000 -0.947490
vn 0.319786 0.000000 -0.947490
vn 0.319793 0.000000 -0.947488
vn 0.319793 0.000000 -0.947488
vn 0.319793 0.000000 -0.947488
vn 0.319793 0.000000 -0.947488
vn 0.319793 0.000000 -0.947488
vn 0.319793 0.000000 -0.947488
vn 0.319793 0.000000 -0.947488
vn 0.319793 0.000000 -0.947488
vn 0.319792 0.000000 -0.947488
vn 0.319792 0.000000 -0.947488
vn 0.319792 0.000000 -0.947488
vn 0.319792 0.000000 -0.947488
vn 0.319791 0.000000 -0.947488
vn 0.319791 0.000000 -0.947488
vn 0.319791 0.000000 -0.947488
vn 0.319791 0.000000 -0.947488
vn 0.319793 0.000000 -0.947487
vn 0.319793 0.000000 -0.947487
vn 0.319793 0.000000 -0.947487
vn 0.319793 0.000000 -0.947487
vn 0.319792 -0.000000 -0.947488
vn 0.319791 -0.000000 -0.947488
vn 0.319791 -0.000000 -0.947488
vn 0.319792 -0.000000 -0.947488
vn 0.319793 -0.000000 -0.947488
vn 0.319793 -0.000000 -0.947488
vn 0.319793 -0.000000 -0.947488
vn 0.319793 -0.000000 -0.947488
vn 0.319793 0.000000 -0.947487
vn 0.319793 0.000000 -0.947487
vn 0.319793 0.000000 -0.947487
vn 0.319793 0.000000 -0.947487
vn 0.319788 0.000000 -0.947489
vn 0.319788 0.000000 -0.947489
vn 0.319788 0.000000 -0.947489
vn 0.319788 0.000000 -0.947489
vn 0.319789 -0.000000 -0.947489
vn 0.319789 -0.000000 -0.947489
vn 0.319789 -0.000000 -0.947489
vn 0.319789 -0.000000 -0.947489
vn 0.319789 -0.000001 -0.947489
vn 0.319789 -0.000001 -0.947489
vn 0.319789 -0.000001 -0.947489
vn 0.319789 -0.000001 -0.947489
vn -0.999964 0.000000 0.008538
vn -0.999964 0.000000 0.008538
vn -0.999964 0.000000 0.008538
vn -0.999964 0.000000 0.008538
vn -0.999964 0.000000 0.008538
vn -0.999964 0.000000 0.008538
vn -0.999964 0.000000 0.008538
vn -0.999964 0.000000 0.008538
vn -0.999964 0.000000 0.008537
vn -0.999964 0.000000 0.008537
vn -0.999964 0.000000 0.008537
vn -0.999964 0.000000 0.008537
vn -0.999964 -0.000001 0.008537
vn -0.999964 -0.000001 0.008537
vn -0.999964 -0.000001 0.008537
vn -0.999964 -0.000001 0.008537
vn -0.999964 -0.000004 0.008538
vn -0.999964 -0.000004 0.008538
vn -0.999964 -0.000004 0.008538
vn -0.999964 -0.000004 0.008538
vn -0.999964 0.000004 0.008538
vn -0.999964 0.000004 0.008538
vn -0.999964 0.000004 0.008538
vn -0.999964 0.000004 0.008538
vn -0.999964 0.000000 0.008538
vn -0.999964 0.000000 0.008538
vn -0.999964 0.000000 0.008538
vn -0.999964 0.000000 0.008538
vn -0.999964 0.000000 0.008538
vn -0.999964 0.000000 0.008538
vn -0.999964 0.000000 0.008538
vn -0.999964 0.000000 0.008538
vn -0.999964 0.000000 0.008537
vn -0.999964 0.000000 0.008537
vn -0.999964 0.000000 0.008537
vn -0.999964 0.000000 0.008537
vn -0.999964 0.000000 0.008538
vn -0.999964 0.000000 0.008538
vn -0.999964 0.000000 0.008538
vn -0.999964 0.000000 0.008538
vn -0.999964 -0.000001 0.008538
vn -0.999964 -0.000001 0.008538
vn -0.999964 -0.000001 0.008538
vn -0.999964 -0.000001 0.008538
vn -0.999964 0.000001 0.008538
vn -0.999964 0.000001 0.008538
vn -0.999964 0.000001 0.008538
vn -0.999964 0.000001 0.008538
vn -0.999964 0.000000 0.008538
vn -0.999964 0.000000 0.008538
vn -0.999964 0.000000 0.008538
vn -0.999964 0.000000 0.008538
vn -0.999964 0.000000 0.008538
vn -0.999964 0.000000 0.008538
vn -0.999964 0.000000 0.008538
vn -0.999964 0.000000 0.008538
vn -0.999964 0.000002 0.008536
vn -0.999964 0.000002 0.008536
vn -0.999964 0.000002 0.008536
vn -0.999964 0.000002 0.008536
vn -0.999964 0.000001 0.008538
vn -0.999964 0.000001 0.008538
vn -0.999964 0.000001 0.008538
vn -0.999964 0.000001 0.008538
vn -0.999964 -0.000003 0.008537
vn -0.999964 -0.000003 0.008537
vn -0.999964 -0.000003 0.008537
vn -0.999964 -0.000003 0.008537
vn -0.999964 0.000000 0.008537
vn -0.999964 0.000000 0.008537
vn -0.999964 0.000000 0.008537
vn -0.999964 0.000000 0.008537
vn -0.999964 -0.000000 0.008538
vn -0.999964 -0.000000 0.008538
vn -0.999964 -0.000000 0.008538
vn -0.999964 -0.000000 0.008538
vn -0.999964 0.000000 0.008538
vn -0.999964 0.000000 0.008538
vn -0.999964 0.000000 0.008538
vn -0.999964 0.000000 0.008538
vn -0.999964 -0.000000 0.008537
vn -0.999964 -0.000000 0.008537
vn -0.999964 -0.000000 0.008537
vn -0.999964 -0.000000 0.008537
vn -0.999964 -0.000001 0.008538
vn -0.999964 -0.000001 0.008538
vn -0.999964 -0.000001 0.008538
vn -0.999964 -0.000001 0.008538
vn -0.999964 -0.000001 0.008538
vn -0.999964 -0.000001 0.008538
vn -0.999964 -0.000001 0.008538
vn -0.999964 -0.000001 0.008538
vn -0.999964 0.000001 0.008538
vn -0.999964 0.000001 0.008538
vn -0.999964 0.000001 0.008538
vn -0.999964 0.000001 0.008538
vn -0.999964 0.000000 0.008538
vn -0.999964 0.000000 0.008538
vn -0.999964 0.000000 0.008538
vn -0.999964 0.000000 0.008538
vn -0.999964 0.000000 0.008538
vn -0.999964 0.000000 0.008538
vn -0.999964 0.000000 0.008538
vn -0.999964 0.000000 0.008538
vn -0.999964 -0.000001 0.008538
vn -0.999964 -0.000001 0.008538
vn -0.999964 -0.000001 0.008538
vn -0.999964 -0.000001 0.008538
vn 0.319798 0.000000 0.947486
vn 0.319798 0.000000 0.947486
vn 0.319798 0.000000 0.947486
vn 0.319798 0.000000 0.947486
vn 0.319801 -0.000001 0.947485
vn 0.319801 -0.000001 0.947485
vn 0.319801 -0.000001 0.947485
vn 0.319801 -0.000001 0.947485
vn 0.319783 0.000000 0.947491
vn 0.319783 0.000000 0.947491
vn 0.319783 0.000000 0.947491
vn 0.319783 0.000000 0.947491
vn 0.319795 0.000001 0.947487
vn 0.319795 0.000001 0.947487
vn 0.319795 0.000001 0.947487
vn 0.319795 0.000001 0.947487
vn 0.319780 0.000000 0.947492
vn 0.319780 0.000000 0.947492
vn 0.319780 0.000000 0.947492
vn 0.319780 0.000000 0.947492
vn 0.319781 0.000000 0.947492
vn 0.319781 0.000000 0.947492
vn 0.319781 0.000000 0.947492
vn 0.319781 0.000000 0.947492
vn 0.319801 0.000000 0.947485
vn 0.319801 0.000000 0.947485
vn 0.319801 0.000000 0.947485
vn 0.319801 0.000000 0.947485
vn 0.319801 0.000000 0.947485
vn 0.319801 0.000000 0.947485
vn 0.319801 0.000000 0.947485
vn 0.319801 0.000000 0.947485
vn 0.319783 0.000001 0.947491
vn 0.319783 0.000001 0.947491
vn 0.319783 0.000001 0.947491
vn 0.319783 0.000001 0.947491
vn 0.319788 -0.000001 0.947489
vn 0.319788 -0.000001 0.947489
vn 0.319788 -0.000001 0.947489
vn 0.319788 -0.000001 0.947489
vn 0.319787 -0.000001 0.947490
vn 0.319787 -0.000001 0.947490
vn 0.319787 -0.000001 0.947490
vn 0.319787 -0.000001 0.947490
vn 0.319784 0.000001 0.947491
vn 0.319784 0.000001 0.947491
vn 0.319784 0.000001 0.947491
vn 0.319784 0.000001 0.947490
vn 0.319802 0.000000 0.947485
vn 0.319801 0.000000 0.947485
vn 0.319801 0.000000 0.947485
vn 0.319801 0.000000 0.947485
vn 0.319796 0.000000 0.947487
vn 0.319796 0.000000 0.947487
vn 0.319796 0.000000 0.947487
vn 0.319796 0.000000 0.947487
vn 0.319794 0.000001 0.947487
vn 0.319794 0.000001 0.947487
vn 0.319794 0.000001 0.947487
vn 0.319794 0.000001 0.947487
vn 0.319798 0.000000 0.947486
vn 0.319798 0.000000 0.947486
vn 0.319798 0.000000 0.947486
vn 0.319798 0.000000 0.947486
vn 0.319789 0.000000 0.947489
vn 0.319789 0.000000 0.947489
vn 0.319789 0.000000 0.947489
vn 0.319789 0.000000 0.947489
vn 0.319788 0.000000 0.947489
vn 0.319788 0.000000 0.947489
vn 0.319788 0.000000 0.947489
vn 0.319788 0.000000 0.947489
vn 0.319788 0.000000 0.947489
vn 0.319788 0.000000 0.947489
vn 0.319788 0.000000 0.947489
vn 0.319788 0.000000 0.947489
vn 0.319786 -0.000001 0.947490
vn 0.319786 -0.000001 0.947490
vn 0.319786 -0.000001 0.947490
vn 0.319786 -0.000001 0.947490
vn 0.319793 -0.000001 0.947487
vn 0.319793 -0.000001 0.947487
vn 0.319793 -0.000001 0.947487
vn 0.319793 -0.000001 0.947487
vn 0.319791 0.000000 0.947488
vn 0.319791 0.000000 0.947488
vn 0.319791 0.000000 0.947488
vn 0.319791 0.000000 0.947488
vn 0.319783 -0.000000 0.947491
vn 0.319783 -0.000000 0.947491
vn 0.319783 -0.000000 0.947491
vn 0.319783 -0.000000 0.947491
vn 0.319784 0.000001 0.947491
vn 0.319784 0.000001 0.947491
vn 0.319784 0.000001 0.947491
vn 0.319784 0.000001 0.947491
vn 0.319794 0.000000 0.947487
vn 0.319794 0.000000 0.947487
vn 0.319794 0.000000 0.947487
vn 0.319794 0.000000 0.947487
vn 0.319796 0.000000 0.947486
vn 0.319797 0.000000 0.947486
vn 0.319796 0.000000 0.947486
vn 0.319797 0.000000 0.947486
vn 0.319784 0.000001 0.947491
vn 0.319784 0.000001 0.947491
vn 0.319784 0.000001 0.947491
vn 0.319784 0.000001 0.947491
vn 1.000000 -0.000000 -0.000001
vn 1.000000 -0.000000 -0.000001
vn 1.000000 -0.000000 -0.000001
vn 1.000000 -0.000000 -0.000001
vn 1.000000 0.000001 -0.000001
vn 1.000000 0.000001 -0.000001
vn 1.000000 0.000001 -0.000001
vn 1.000000 0.000001 -0.000001
vn 1.000000 0.000000 0.000001
vn 1.000000 0.000000 0.000001
vn 1.000000 0.000000 0.000001
vn 1.000000 0.000000 0.000001
vn 1.000000 0.000000 0.000001
vn 1.000000 0.000000 0.000001
vn 1.000000 0.000000 0.000001
vn 1.000000 0.000000 0.000001
vn 1.000000 -0.000000 -0.000001
vn 1.000000 -0.000000 -0.000001
vn 1.000000 -0.000000 -0.000001
vn 1.000000 -0.000000 -0.000001
vn 1.000000 0.000000 -0.000001
vn 1.000000 0.000000 -0.000001
vn 1.000000 0.000000 -0.000001
vn 1.000000 0.000000 -0.000001
vn 1.000000 0.000000 -0.000001
vn 1.000000 0.000000 -0.000001
vn 1.000000 0.000000 -0.000001
vn 1.000000 0.000000 -0.000001
vn 1.000000 0.000000 0.000000
vn 1.000000 0.000000 0.000000
vn 1.000000 0.000000 0.000000
vn 1.000000 0.000000 0.000000
vn 1.000000 0.000000 0.000000
vn 1.000000 0.000000 0.000000
vn 1.000000 0.000000 0.000000
vn 1.000000 0.000000 0.000000
vn 1.000000 0.000000 0.000000
vn 1.000000 0.000000 0.000000
vn 1.000000 0.000000 0.000000
vn 1.000000 0.000000 0.000000
vn 1.000000 0.000000 0.000000
vn 1.000000 0.000000 0.000000
vn 1.000000 0.000000 0.000000
vn 1.000000 0.000000 0.000000
vn 1.000000 -0.000001 -0.000001
vn 1.000000 -0.000001 -0.000001
vn 1.000000 -0.000001 -0.000001
vn 1.000000 -0.000001 -0.000001
vn 1.000000 0.000001 0.000001
vn 1.000000 0.000001 0.000001
vn 1.000000 0.000001 0.000001
vn 1.000000 0.000001 0.000001
vn 1.000000 0.000000 0.000001
vn 1.000000 0.000000 0.000001
vn 1.000000 0.000000 0.000001
vn 1.000000 0.000000 0.000001
vn 1.000000 -0.000001 0.000000
vn 1.000000 -0.000001 0.000000
vn 1.000000 -0.000001 0.000000
vn 1.000000 -0.000001 0.000000
vn 1.000000 0.000000 0.000000
vn 1.000000 0.000000 0.000000
vn 1.000000 0.000000 0.000000
vn 1.000000 0.000000 0.000000
vn 1.000000 -0.000001 -0.000001
vn 1.000000 -0.000001 -0.000001
vn 1.000000 -0.000001 -0.000001
vn 1.000000 -0.000001 -0.000001
vn 1.000000 0.000000 0.000000
vn 1.000000 0.000000 0.000000
vn 1.000000 0.000000 0.000000
vn 1.000000 0.000000 0.000000
vn 1.000000 0.000000 0.000001
vn 1.000000 0.000000 0.000001
vn 1.000000 0.000000 0.000001
vn 1.000000 0.000000 0.000001
vn 1.000000 0.000000 0.000001
vn 1.000000 0.000000 0.000001
vn 1.000000 0.000000 0.000001
vn 1.000000 0.000000 0.000001
vn 1.000000 0.000000 -0.000001
vn 1.000000 0.000000 -0.000001
vn 1.000000 0.000000 -0.000001
vn 1.000000 0.000000 -0.000001
vn 1.000000 0.000000 0.000000
vn 1.000000 0.000000 0.000000
vn 1.000000 0.000000 0.000000
vn 1.000000 0.000000 0.000000
vn 1.000000 0.000000 0.000000
vn 1.000000 0.000000 0.000000
vn 1.000000 0.000000 0.000000
vn 1.000000 0.000000 0.000000
vn 1.000000 0.000000 0.000000
vn 1.000000 0.000000 0.000000
vn 1.000000 0.000000 0.000000
vn 1.000000 0.000000 0.000000
vn 1.000000 0.000000 0.000001
vn 1.000000 0.000000 0.000001
vn 1.000000 0.000000 0.000001
vn 1.000000 0.000000 0.000001
vn 1.000000 0.000000 0.000000
vn 1.000000 0.000000 0.000000
vn 1.000000 0.000000 0.000000
vn 1.000000 0.000000 0.000000
vn 1.000000 0.000000 0.000000
vn 1.000000 0.000000 0.000000
vn 1.000000 0.000000 0.000000
vn 1.000000 0.000000 0.000000
s off
g pCube1
f 2609/2827/8037 2219/2398/8038 2606/2824/8039 2605/2823/8040
f 2614/2832/8041 2224/2403/8042 2611/2829/8043 2610/2828/8044
f 2619/2838/8045 2228/2408/8046 2616/2834/8047 2615/2833/8048
f 2624/2844/8049 2233/2415/8050 2621/2840/8051 2620/2839/8052
f 2629/2850/8053 2238/2421/8054 2626/2846/8055 2625/2845/8056
f 2634/2856/8057 2243/2427/8058 2631/2852/8059 2630/2851/8060
f 2639/2861/8061 2248/2432/8062 2636/2858/8063 2635/2857/8064
f 2644/2866/8065 2253/2437/8066 2641/2863/8067 2640/2862/8068
f 2649/2871/8069 2258/2442/8070 2646/2868/8071 2645/2867/8072
f 2654/2876/8073 2263/2447/8074 2651/2873/8075 2650/2872/8076
f 2659/2881/8077 2268/2453/8078 2656/2878/8079 2655/2877/8080
f 2664/2886/8081 2273/2458/8082 2661/2883/8083 2660/2882/8084
f 2669/2892/8085 2278/2464/8086 2666/2888/8087 2665/2887/8088
f 2674/2897/8089 2283/2469/8090 2671/2894/8091 2670/2893/8092
f 2679/2903/8093 2288/2475/8094 2676/2899/8095 2675/2898/8096
f 2684/2909/8097 2293/2481/8098 2681/2905/8099 2680/2904/8100
f 2689/2915/8101 2298/2487/8102 2686/2911/8103 2685/2910/8104
f 2694/2920/8105 2303/2492/8106 2691/2917/8107 2690/2916/8108
f 2699/2925/8109 2308/2497/8110 2696/2922/8111 2695/2921/8112
f 2704/2930/8113 2313/2502/8114 2701/2927/8115 2700/2926/8116
f 2709/2935/8117 2318/2507/8118 2706/2932/8119 2705/2931/8120
f 2714/2940/8121 2323/2512/8122 2711/2937/8123 2710/2936/8124
f 2719/2945/8125 2328/2517/8126 2716/2942/8127 2715/2941/8128
f 2724/2950/8129 2332/2522/8130 2721/2947/8131 2720/2946/8132
f 2729/2955/8133 2337/2527/8134 2726/2952/8135 2725/2951/8136
f 2734/2960/8137 2342/2532/8138 2731/2957/8139 2730/2956/8140
f 2739/2965/8141 2347/2537/8142 2736/2962/8143 2735/2961/8144
f 2744/2970/8145 2352/2542/8146 2741/2967/8147 2740/2966/8148
f 2749/2975/8149 2357/2547/8150 2746/2972/8151 2745/2971/8152
f 2754/2980/8153 2362/2552/8154 2751/2977/8155 2750/2976/8156
f 2759/2985/8157 2367/2557/8158 2756/2982/8159 2755/2981/8160
f 2764/2990/8161 2372/2562/8162 2761/2987/8163 2760/2986/8164
f 2769/2995/8165 2376/2567/8166 2766/2992/8167 2765/2991/8168
f 2774/3001/8169 2218/2397/8170 2771/2997/8171 2770/2996/8172
f 2779/3006/8173 2380/2572/8174 2776/3003/8175 2775/3002/8176
f 2784/3011/8177 2383/2575/8178 2781/3008/8179 2780/3007/8180
f 2789/3016/8181 2223/2402/8182 2786/3013/8183 2785/3012/8184
f 2794/3021/8185 2388/2580/8186 2791/3018/8187 2790/3017/8188
f 2799/3026/8189 2227/2407/8190 2796/3023/8191 2795/3022/8192
f 2804/3031/8193 2394/2586/8194 2801/3028/8195 2800/3027/8196
f 2809/3037/8197 2232/2414/8198 2806/3033/8199 2805/3032/8200
f 2814/3043/8201 2397/2592/8202 2811/3039/8203 2810/3038/8204
f 2819/3048/8205 2401/2597/8206 2816/3045/8207 2815/3044/8208
f 2824/3053/8209 2237/2420/8210 2821/3050/8211 2820/3049/8212
f 2829/3058/8213 2407/2604/8214 2826/3055/8215 2825/3054/8216
f 2834/3063/8217 2242/2426/8218 2831/3060/8219 2830/3059/8220
f 2839/3069/8221 2412/2611/8222 2836/3065/8223 2835/3064/8224
f 2844/3075/8225 2416/2617/8226 2841/3071/8227 2840/3070/8228
f 2849/3080/8229 2247/2431/8230 2846/3077/8231 2845/3076/8232
f 2854/3085/8233 2423/2626/8234 2851/3082/8235 2850/3081/8236
f 2859/3090/8237 2427/2630/8238 2856/3087/8239 2855/3086/8240
f 2864/3095/8241 2252/2436/8242 2861/3092/8243 2860/3091/8244
f 2869/3101/8245 2432/2636/8246 2866/3097/8247 2865/3096/8248
f 2874/3106/8249 2435/2640/8250 2871/3103/8251 2870/3102/8252
f 2879/3111/8253 2257/2441/8254 2876/3108/8255 2875/3107/8256
f 2884/3116/8257 2440/2645/8258 2881/3113/8259 2880/3112/8260
f 2889/3121/8261 2442/2647/8262 2886/3118/8263 2885/3117/8264
f 2894/3126/8265 2445/2650/8266 2891/3123/8267 2890/3122/8268
f 2899/3131/8269 2262/2446/8270 2896/3128/8271 2895/3127/8272
f 2904/3136/8273 2448/2653/8274 2901/3133/8275 2900/3132/8276
f 2909/3141/8277 2452/2657/8278 2906/3138/8279 2905/3137/8280
f 2914/3146/8281 2456/2661/8282 2911/3143/8283 2910/3142/8284
f 2919/3152/8285 2267/2452/8286 2916/3148/8287 2915/3147/8288
f 2924/3157/8289 2460/2666/8290 2921/3154/8291 2920/3153/8292
f 2929/3163/8293 2462/2669/8294 2926/3159/8295 2925/3158/8296
f 2934/3168/8297 2272/2457/8298 2931/3165/8299 2930/3164/8300
f 2939/3173/8301 2466/2674/8302 2936/3170/8303 2935/3169/8304
f 2944/3178/8305 2277/2463/8306 2941/3175/8307 2940/3174/8308
f 2949/3183/8309 2469/2677/8310 2946/3180/8311 2945/3179/8312
f 2954/3188/8313 2282/2468/8314 2951/3185/8315 2950/3184/8316
f 2959/3193/8317 2474/2683/8318 2956/3190/8319 2955/3189/8320
f 2964/3199/8321 2476/2686/8322 2961/3195/8323 2960/3194/8324
f 2969/3204/8325 2287/2474/8326 2966/3201/8327 2965/3200/8328
f 2974/3209/8329 2479/2690/8330 2971/3206/8331 2970/3205/8332
f 2979/3214/8333 2481/2692/8334 2976/3211/8335 2975/3210/8336
f 2984/3219/8337 2292/2480/8338 2981/3216/8339 2980/3215/8340
f 2989/3225/8341 2485/2698/8342 2986/3221/8343 2985/3220/8344
f 2994/3230/8345 2487/2701/8346 2991/3227/8347 2990/3226/8348
f 2999/3235/8349 2297/2486/8350 2996/3232/8351 2995/3231/8352
f 3004/3240/8353 2490/2705/8354 3001/3237/8355 3000/3236/8356
f 3009/3245/8357 2493/2708/8358 3006/3242/8359 3005/3241/8360
f 3014/3250/8361 2497/2712/8362 3011/3247/8363 3010/3246/8364
f 3019/3255/8365 2501/2716/8366 3016/3252/8367 3015/3251/8368
f 3024/3260/8369 2302/2491/8370 3021/3257/8371 3020/3256/8372
f 3029/3265/8373 2506/2722/8374 3026/3262/8375 3025/3261/8376
f 3034/3270/8377 2510/2726/8378 3031/3267/8379 3030/3266/8380
f 3039/3275/8381 2307/2496/8382 3036/3272/8383 3035/3271/8384
f 3044/3280/8385 2517/2733/8386 3041/3277/8387 3040/3276/8388
f 3049/3285/8389 2521/2737/8390 3046/3282/8391 3045/3281/8392
f 3054/3290/8393 2312/2501/8394 3051/3287/8395 3050/3286/8396
f 3059/3295/8397 2526/2742/8398 3056/3292/8399 3055/3291/8400
f 3064/3300/8401 2317/2506/8402 3061/3297/8403 3060/3296/8404
f 3069/3305/8405 2529/2745/8406 3066/3302/8407 3065/3301/8408
f 3074/3310/8409 2532/2748/8410 3071/3307/8411 3070/3306/8412
f 3079/3315/8413 2322/2511/8414 3076/3312/8415 3075/3311/8416
f 3084/3320/8417 2536/2752/8418 3081/3317/8419 3080/3316/8420
f 3089/3325/8421 2539/2755/8422 3086/3322/8423 3085/3321/8424
f 3094/3330/8425 2327/2516/8426 3091/3327/8427 3090/3326/8428
f 3099/3335/8429 2542/2758/8430 3096/3332/8431 3095/3331/8432
f 3104/3340/8433 2545/2761/8434 3101/3337/8435 3100/3336/8436
f 3109/3346/8437 2331/2521/8438 3106/3342/8439 3105/3341/8440
f 3114/3351/8441 2548/2765/8442 3111/3348/8443 3110/3347/8444
f 3119/3356/8445 2550/2767/8446 3116/3353/8447 3115/3352/8448
f 3124/3361/8449 2336/2526/8450 3121/3358/8451 3120/3357/8452
f 3129/3366/8453 2553/2770/8454 3126/3363/8455 3125/3362/8456
f 3134/3371/8457 2556/2773/8458 3131/3368/8459 3130/3367/8460
f 3139/3376/8461 2341/2531/8462 3136/3373/8463 3135/3372/8464
f 3144/3381/8465 2560/2777/8466 3141/3378/8467 3140/3377/8468
f 3149/3386/8469 2563/2780/8470 3146/3383/8471 3145/3382/8472
f 3154/3391/8473 2346/2536/8474 3151/3388/8475 3150/3387/8476
f 3159/3396/8477 2566/2783/8478 3156/3393/8479 3155/3392/8480
f 3164/3401/8481 2569/2786/8482 3161/3398/8483 3160/3397/8484
f 3169/3406/8485 2351/2541/8486 3166/3403/8487 3165/3402/8488
f 3174/3411/8489 2572/2789/8490 3171/3408/8491 3170/3407/8492
f 3179/3416/8493 2574/2791/8494 3176/3413/8495 3175/3412/8496
f 3184/3421/8497 2356/2546/8498 3181/3418/8499 3180/3417/8500
f 3189/3426/8501 2577/2794/8502 3186/3423/8503 3185/3422/8504
f 3194/3431/8505 2579/2796/8506 3191/3428/8507 3190/3427/8508
f 3199/3436/8509 2361/2551/8510 3196/3433/8511 3195/3432/8512
f 3204/3441/8513 2582/2799/8514 3201/3438/8515 3200/3437/8516
f 3209/3446/8517 2585/2802/8518 3206/3443/8519 3205/3442/8520
f 3214/3451/8521 2366/2556/8522 3211/3448/8523 3210/3447/8524
f 3219/3456/8525 2589/2806/8526 3216/3453/8527 3215/3452/8528
f 3224/3461/8529 2592/2809/8530 3221/3458/8531 3220/3457/8532
f 3229/3466/8533 2371/2561/8534 3226/3463/8535 3225/3462/8536
f 3234/3471/8537 2595/2812/8538 3231/3468/8539 3230/3467/8540
f 3239/3476/8541 2598/2815/8542 3236/3473/8543 3235/3472/8544
f 3244/3482/8545 2375/2566/8546 3241/3478/8547 3240/3477/8548
f 3249/3487/8549 2601/2819/8550 3246/3484/8551 3245/3483/8552
f 3254/3492/8553 2603/2821/8554 3251/3489/8555 3250/3488/8556
f 2608/2826/8557 2216/2394/8558 3256/3494/8559 3255/3493/8560
f 3258/3497/8561 2217/2395/8562 2617/3499/8563 3259/3498/8564
f 3260/3500/8565 2218/2397/8566 3262/3502/8567 3261/3501/8568
s 1
f 2613/2831/8569 2221/2400/8570 3265/3505/8571 3264/3504/8572
s off
f 3267/3507/8573 2222/2401/8574 3152/3389/8575 3268/3508/8576
f 3269/3509/8577 2223/2402/8578 3271/3511/8579 3270/3510/8580
f 2618/2837/8581 2217/2405/8582 3257/3514/8583 3273/3513/8584
s 2
f 3275/3516/8585 2226/2406/8586 2977/3212/8587 3276/3517/8588
s off
f 3277/3518/8589 2227/2407/8590 3279/3520/8591 3278/3519/8592
f 2623/2843/8593 2230/2410/8594 3282/3523/8595 3281/3522/8596
f 3284/3527/8597 2231/2412/8598 2917/3529/8599 3285/3528/8600
f 3286/3530/8601 2232/2414/8602 3288/3532/8603 3287/3531/8604
f 2628/2849/8605 2235/2418/8606 3291/3536/8607 3290/3534/8608
s 3
f 3293/3538/8609 2236/2419/8610 2937/3171/8611 3294/3539/8612
s off
f 3295/3540/8613 2237/2420/8614 3297/3542/8615 3296/3541/8616
f 2633/2855/8617 2240/2424/8618 3300/3546/8619 3299/3544/8620
f 3302/3548/8621 2241/2425/8622 2872/3104/8623 3303/3549/8624
f 3304/3550/8625 2242/2426/8626 3306/3552/8627 3305/3551/8628
f 2638/2860/8629 2245/2429/8630 3309/3555/8631 3308/3554/8632
f 3311/3557/8633 2246/2430/8634 3072/3308/8635 3312/3558/8636
f 3313/3559/8637 2247/2431/8638 3315/3561/8639 3314/3560/8640
f 2643/2865/8641 2250/2434/8642 3318/3564/8643 3317/3563/8644
s 4
f 3320/3566/8645 2251/2435/8646 2777/3004/8647 3321/3567/8648
s off
f 3322/3568/8649 2252/2436/8650 3324/3570/8651 3323/3569/8652
s 5
f 2648/2870/8653 2255/2439/8654 3327/3573/8655 3326/3572/8656
s 6
f 3329/3575/8657 2256/2440/8658 2792/3019/8659 3330/3576/8660
s off
f 3331/3577/8661 2257/2441/8662 3333/3579/8663 3332/3578/8664
s 7
f 2653/2875/8665 2260/2444/8666 3336/3582/8667 3335/3581/8668
s off
f 3338/3584/8669 2261/2445/8670 3092/3328/8671 3339/3585/8672
f 3340/3586/8673 2262/2446/8674 3342/3588/8675 3341/3587/8676
s 8
f 2658/2880/8677 2265/2449/8678 3345/3591/8679 3344/3590/8680
s off
f 3347/3594/8681 2266/2451/8682 2807/3596/8683 3348/3595/8684
f 3349/3597/8685 2267/2452/8686 3351/3599/8687 3350/3598/8688
s 9
f 2663/2885/8689 2270/2455/8690 3354/3602/8691 3353/3601/8692
s 10
f 3356/3604/8693 2271/2456/8694 2957/3191/8695 3357/3605/8696
s off
f 3358/3606/8697 2272/2457/8698 3360/3608/8699 3359/3607/8700
f 2668/2891/8701 2275/2461/8702 3363/3612/8703 3362/3610/8704
s 11
f 3365/3614/8705 2276/2462/8706 2802/3029/8707 3366/3615/8708
s off
f 3367/3616/8709 2277/2463/8710 3369/3618/8711 3368/3617/8712
s 12
f 2673/2896/8713 2280/2466/8714 3372/3621/8715 3371/3620/8716
s 13
f 3374/3623/8717 2281/2467/8718 2972/3207/8719 3375/3624/8720
s off
f 3376/3625/8721 2282/2468/8722 3378/3627/8723 3377/3626/8724
f 2678/2902/8725 2285/2472/8726 3381/3631/8727 3380/3629/8728
s 14
f 3383/3633/8729 2286/2473/8730 2827/3056/8731 3384/3634/8732
s off
f 3385/3635/8733 2287/2474/8734 3387/3637/8735 3386/3636/8736
f 2683/2908/8737 2290/2477/8738 3390/3640/8739 3389/3639/8740
s 15
f 3392/3643/8741 2291/2479/8742 2817/3046/8743 3393/3644/8744
s off
f 3394/3645/8745 2292/2480/8746 3396/3647/8747 3395/3646/8748
f 2688/2914/8749 2295/2484/8750 3399/3651/8751 3398/3649/8752
f 3401/3653/8753 2296/2485/8754 3167/3404/8755 3402/3654/8756
f 3403/3655/8757 2297/2486/8758 3405/3657/8759 3404/3656/8760
f 2693/2919/8761 2300/2489/8762 3408/3660/8763 3407/3659/8764
f 3410/3662/8765 2301/2490/8766 3207/3444/8767 3411/3663/8768
f 3412/3664/8769 2302/2491/8770 3414/3666/8771 3413/3665/8772
f 2698/2924/8773 2305/2494/8774 3417/3669/8775 3416/3668/8776
f 3419/3671/8777 2306/2495/8778 3132/3369/8779 3420/3672/8780
f 3421/3673/8781 2307/2496/8782 3423/3675/8783 3422/3674/8784
s 16
f 2703/2929/8785 2310/2499/8786 3426/3678/8787 3425/3677/8788
s off
f 3428/3680/8789 2311/2500/8790 3077/3313/8791 3429/3681/8792
f 3430/3682/8793 2312/2501/8794 3432/3684/8795 3431/3683/8796
f 2708/2934/8797 2315/2504/8798 3435/3687/8799 3434/3686/8800
f 3437/3689/8801 2316/2505/8802 3017/3253/8803 3438/3690/8804
f 3439/3691/8805 2317/2506/8806 3441/3693/8807 3440/3692/8808
f 2713/2939/8809 2320/2509/8810 3444/3696/8811 3443/3695/8812
f 3446/3698/8813 2321/2510/8814 3052/3288/8815 3447/3699/8816
f 3448/3700/8817 2322/2511/8818 3450/3702/8819 3449/3701/8820
f 2718/2944/8821 2325/2514/8822 3453/3705/8823 3452/3704/8824
f 3455/3707/8825 2326/2515/8826 2897/3129/8827 3456/3708/8828
f 3457/3709/8829 2327/2516/8830 3459/3711/8831 3458/3710/8832
f 2723/2949/8833 2330/2519/8834 3462/3714/8835 3461/3713/8836
f 3463/3716/8837 2230/2520/8838 2622/3718/8839 3464/3717/8840
f 3465/3719/8841 2331/2521/8842 3467/3721/8843 3466/3720/8844
f 2728/2954/8845 2334/2524/8846 3470/3724/8847 3469/3723/8848
f 3472/3726/8849 2335/2525/8850 2782/3009/8851 3473/3727/8852
f 3474/3728/8853 2336/2526/8854 3476/3730/8855 3475/3729/8856
f 2733/2959/8857 2339/2529/8858 3479/3733/8859 3478/3732/8860
f 3481/3735/8861 2340/2530/8862 2882/3114/8863 3482/3736/8864
f 3483/3737/8865 2341/2531/8866 3485/3739/8867 3484/3738/8868
f 2738/2964/8869 2344/2534/8870 3488/3742/8871 3487/3741/8872
f 3490/3744/8873 2345/2535/8874 2787/3014/8875 3491/3745/8876
f 3492/3746/8877 2346/2536/8878 3494/3748/8879 3493/3747/8880
f 2743/2969/8881 2349/2539/8882 3497/3751/8883 3496/3750/8884
f 3499/3753/8885 2350/2540/8886 2997/3233/8887 3500/3754/8888
f 3501/3755/8889 2351/2541/8890 3503/3757/8891 3502/3756/8892
s 17
f 2748/2974/8893 2354/2544/8894 3506/3760/8895 3505/3759/8896
s off
f 3508/3762/8897 2355/2545/8898 3212/3449/8899 3509/3763/8900
f 3510/3764/8901 2356/2546/8902 3512/3766/8903 3511/3765/8904
f 2753/2979/8905 2359/2549/8906 3515/3769/8907 3514/3768/8908
f 3517/3771/8909 2360/2550/8910 2912/3144/8911 3518/3772/8912
f 3519/3773/8913 2361/2551/8914 3521/3775/8915 3520/3774/8916
f 2758/2984/8917 2364/2554/8918 3524/3778/8919 3523/3777/8920
f 3526/3780/8921 2365/2555/8922 3182/3419/8923 3527/3781/8924
f 3528/3782/8925 2366/2556/8926 3530/3784/8927 3529/3783/8928
f 2763/2989/8929 2369/2559/8930 3533/3787/8931 3532/3786/8932
f 3535/3789/8933 2370/2560/8934 2892/3124/8935 3536/3790/8936
f 3537/3791/8937 2371/2561/8938 3539/3793/8939 3538/3792/8940
f 2768/2994/8941 2374/2564/8942 3542/3796/8943 3541/3795/8944
f 3543/3798/8945 2240/2565/8946 2632/3800/8947 3544/3799/8948
f 3545/3801/8949 2375/2566/8950 3547/3803/8951 3546/3802/8952
f 2773/3000/8953 2378/2569/8954 3550/3806/8955 3549/3805/8956
s 18
f 3552/3809/8957 2379/2571/8958 2862/3093/8959 3553/3810/8960
s off
f 3554/3811/8961 2380/2572/8962 3556/3813/8963 3555/3812/8964
s 19
f 2778/3005/8965 2251/2435/8966 3319/3565/8967 3557/3814/8968
s off
f 3559/3816/8969 2382/2574/8970 3122/3359/8971 3560/3817/8972
f 3561/3818/8973 2383/2575/8974 3563/3820/8975 3562/3819/8976
f 2783/3010/8977 2335/2525/8978 3471/3725/8979 3564/3821/8980
f 3566/3823/8981 2385/2577/8982 2992/3228/8983 3567/3824/8984
f 3568/3825/8985 2219/2398/8986 3263/3503/8987 3569/3826/8988
f 2788/3015/8989 2345/2535/8990 3489/3743/8991 3570/3827/8992
s 20
f 3572/3829/8993 2387/2579/8994 2877/3109/8995 3573/3830/8996
s off
f 3574/3831/8997 2388/2580/8998 3576/3833/8999 3575/3832/9000
s 21
f 2793/3020/9001 2256/2440/9002 3328/3574/9003 3577/3834/9004
s 22
f 3579/3836/9005 2390/2582/9006 3002/3238/9007 3580/3837/9008
s off
f 3581/3838/9009 2224/2403/9010 3272/3512/9011 3582/3839/9012
s 23
f 2798/3025/9013 2392/2584/9014 3584/3841/9015 3583/3840/9016
s 24
f 3586/3843/9017 2393/2585/9018 2942/3176/9019 3587/3844/9020
s off
f 3588/3845/9021 2394/2586/9022 3590/3847/9023 3589/3846/9024
s 25
f 2803/3030/9025 2276/2462/9026 3364/3613/9027 3591/3848/9028
s off
f 3592/3850/9029 2378/2588/9030 2772/3852/9031 3593/3851/9032
f 3594/3853/9033 2228/2408/9034 3280/3521/9035 3595/3854/9036
f 2808/3036/9037 2266/2590/9038 3346/3856/9039 3596/3855/9040
f 3597/3858/9041 2235/2591/9042 2627/3860/9043 3598/3859/9044
f 3599/3861/9045 2397/2592/9046 3601/3863/9047 3600/3862/9048
f 2813/3042/9049 2399/2594/9050 3603/3865/9051 3602/3864/9052
s 26
f 3605/3868/9053 2400/2596/9054 2982/3217/9055 3606/3869/9056
s off
f 3607/3870/9057 2401/2597/9058 3609/3872/9059 3608/3871/9060
s 27
f 2818/3047/9061 2291/2479/9062 3391/3642/9063 3610/3873/9064
s off
f 3612/3876/9065 2403/2599/9066 3107/3878/9067 3613/3877/9068
f 3614/3879/9069 2233/2415/9070 3289/3533/9071 3615/3880/9072
s 28
f 2823/3052/9073 2405/2602/9074 3617/3882/9075 3616/3881/9076
s 29
f 3619/3884/9077 2406/2603/9078 2967/3202/9079 3620/3885/9080
s off
f 3621/3886/9081 2407/2604/9082 3623/3888/9083 3622/3887/9084
s 30
f 2828/3057/9085 2286/2473/9086 3382/3632/9087 3624/3889/9088
s off
f 3625/3891/9089 2399/2606/9090 2812/3893/9091 3626/3892/9092
f 3627/3894/9093 2238/2421/9094 3298/3543/9095 3628/3895/9096
f 2833/3062/9097 2410/2608/9098 3630/3897/9099 3629/3896/9100
f 3632/3900/9101 2411/2610/9102 2962/3902/9103 3633/3901/9104
f 3634/3903/9105 2412/2611/9106 3636/3905/9107 3635/3904/9108
f 2838/3068/9109 2414/2614/9110 3638/3908/9111 3637/3906/9112
f 3640/3911/9113 2415/2616/9114 2927/3913/9115 3641/3912/9116
f 3642/3914/9117 2416/2617/9118 3644/3916/9119 3643/3915/9120
f 2843/3074/9121 2418/2620/9122 3646/3919/9123 3645/3917/9124
f 3648/3922/9125 2419/2622/9126 3242/3924/9127 3649/3923/9128
f 3650/3925/9129 2243/2427/9130 3307/3553/9131 3651/3926/9132
f 2848/3079/9133 2421/2624/9134 3653/3928/9135 3652/3927/9136
f 3655/3930/9137 2422/2625/9138 3087/3323/9139 3656/3931/9140
f 3657/3932/9141 2423/2626/9142 3659/3934/9143 3658/3933/9144
f 2853/3084/9145 2425/2628/9146 3661/3936/9147 3660/3935/9148
f 3663/3938/9149 2426/2629/9150 3102/3338/9151 3664/3939/9152
f 3665/3940/9153 2427/2630/9154 3667/3942/9155 3666/3941/9156
f 2858/3089/9157 2429/2632/9158 3669/3944/9159 3668/3943/9160
f 3671/3946/9161 2430/2633/9162 3117/3354/9163 3672/3947/9164
f 3673/3948/9165 2248/2432/9166 3316/3562/9167 3674/3949/9168
s 31
f 2863/3094/9169 2379/2571/9170 3551/3808/9171 3675/3950/9172
s off
f 3676/3952/9173 2275/2635/9174 2667/3954/9175 3677/3953/9176
f 3678/3955/9177 2432/2636/9178 3680/3957/9179 3679/3956/9180
f 2868/3100/9181 2434/2638/9182 3682/3959/9183 3681/3958/9184
f 3683/3961/9185 2410/2608/9186 2832/3061/9187 3684/3962/9188
f 3685/3963/9189 2435/2640/9190 3687/3965/9191 3686/3964/9192
f 2873/3105/9193 2241/2425/9194 3301/3547/9195 3688/3966/9196
f 3690/3968/9197 2437/2642/9198 2887/3119/9199 3691/3969/9200
f 3692/3970/9201 2253/2437/9202 3325/3571/9203 3693/3971/9204
s 32
f 2878/3110/9205 2387/2579/9206 3571/3828/9207 3694/3972/9208
s off
f 3696/3974/9209 2439/2644/9210 3137/3374/9211 3697/3975/9212
f 3698/3976/9213 2440/2645/9214 3700/3978/9215 3699/3977/9216
f 2883/3115/9217 2340/2530/9218 3480/3734/9219 3701/3979/9220
f 3702/3980/9221 2250/2434/9222 2642/2864/9223 3703/3981/9224
f 3704/3982/9225 2442/2647/9226 3706/3984/9227 3705/3983/9228
f 2888/3120/9229 2437/2642/9230 3689/3967/9231 3707/3985/9232
f 3709/3987/9233 2444/2649/9234 3227/3464/9235 3710/3988/9236
f 3711/3989/9237 2445/2650/9238 3713/3991/9239 3712/3990/9240
f 2893/3125/9241 2370/2560/9242 3534/3788/9243 3714/3992/9244
s 33
f 3715/3993/9245 2354/2544/9246 2747/2973/9247 3716/3994/9248
s off
f 3717/3995/9249 2258/2442/9250 3334/3580/9251 3718/3996/9252
f 2898/3130/9253 2326/2515/9254 3454/3706/9255 3719/3997/9256
s 34
f 3720/3998/9257 2310/2499/9258 2702/2928/9259 3721/3999/9260
s off
f 3722/4000/9261 2448/2653/9262 3724/4002/9263 3723/4001/9264
s 35
f 2903/3135/9265 2450/2655/9266 3726/4004/9267 3725/4003/9268
s 36
f 3728/4006/9269 2451/2656/9270 3187/3424/9271 3729/4007/9272
s off
f 3730/4008/9273 2452/2657/9274 3732/4010/9275 3731/4009/9276
s 37
f 2908/3140/9277 2454/2659/9278 3734/4012/9279 3733/4011/9280
s off
f 3736/4014/9281 2455/2660/9282 3197/3434/9283 3737/4015/9284
f 3738/4016/9285 2456/2661/9286 3740/4018/9287 3739/4017/9288
f 2913/3145/9289 2360/2550/9290 3516/3770/9291 3741/4019/9292
s 38
f 3743/4021/9293 2458/2663/9294 2922/3155/9295 3744/4022/9296
s off
f 3745/4023/9297 2263/2447/9298 3343/3589/9299 3746/4024/9300
f 2918/3151/9301 2231/2665/9302 3283/4026/9303 3747/4025/9304
s 39
f 3748/4027/9305 2260/2444/9306 2652/2874/9307 3749/4028/9308
s off
f 3750/4029/9309 2460/2666/9310 3752/4031/9311 3751/4030/9312
s 40
f 2923/3156/9313 2458/2663/9314 3742/4020/9315 3753/4032/9316
s off
f 3754/4034/9317 2418/2668/9318 2842/4036/9319 3755/4035/9320
f 3756/4037/9321 2462/2669/9322 3758/4039/9323 3757/4038/9324
f 2928/3162/9325 2415/2671/9326 3639/4041/9327 3759/4040/9328
s 41
f 3760/4042/9329 2270/2455/9330 2662/2884/9331 3761/4043/9332
s off
f 3762/4044/9333 2268/2453/9334 3352/3600/9335 3763/4045/9336
s 42
f 2933/3167/9337 2465/2673/9338 3765/4047/9339 3764/4046/9340
s 43
f 3766/4048/9341 2405/2602/9342 2822/3051/9343 3767/4049/9344
s off
f 3768/4050/9345 2466/2674/9346 3770/4052/9347 3769/4051/9348
s 44
f 2938/3172/9349 2236/2419/9350 3292/3537/9351 3771/4053/9352
s 45
f 3772/4054/9353 2265/2449/9354 2657/2879/9355 3773/4055/9356
s off
f 3774/4056/9357 2273/2458/9358 3361/3609/9359 3775/4057/9360
s 46
f 2943/3177/9361 2393/2585/9362 3585/3842/9363 3776/4058/9364
s 47
f 3777/4059/9365 2280/2466/9366 2672/2895/9367 3778/4060/9368
s off
f 3779/4061/9369 2469/2677/9370 3781/4063/9371 3780/4062/9372
s 48
f 2948/3182/9373 2471/2679/9374 3783/4065/9375 3782/4064/9376
s off
f 3784/4067/9377 2434/2680/9378 2867/4069/9379 3785/4068/9380
f 3786/4070/9381 2278/2464/9382 3370/3619/9383 3787/4071/9384
s 49
f 2953/3187/9385 2473/2682/9386 3789/4073/9387 3788/4072/9388
s 50
f 3790/4074/9389 2465/2673/9390 2932/3166/9391 3791/4075/9392
s off
f 3792/4076/9393 2474/2683/9394 3794/4078/9395 3793/4077/9396
s 51
f 2958/3192/9397 2271/2456/9398 3355/3603/9399 3795/4079/9400
s off
f 3796/4081/9401 2414/2685/9402 2837/4083/9403 3797/4082/9404
f 3798/4084/9405 2476/2686/9406 3800/4086/9407 3799/4085/9408
f 2963/3198/9409 2411/2688/9410 3631/4088/9411 3801/4087/9412
s 52
f 3802/4089/9413 2471/2679/9414 2947/3181/9415 3803/4090/9416
s off
f 3804/4091/9417 2283/2469/9418 3379/3628/9419 3805/4092/9420
s 53
f 2968/3203/9421 2406/2603/9422 3618/3883/9423 3806/4093/9424
s 54
f 3807/4094/9425 2473/2682/9426 2952/3186/9427 3808/4095/9428
s off
f 3809/4096/9429 2479/2690/9430 3811/4098/9431 3810/4097/9432
s 55
f 2973/3208/9433 2281/2467/9434 3373/3622/9435 3812/4099/9436
s 56
f 3813/4100/9437 2392/2584/9438 2797/3024/9439 3814/4101/9440
s off
f 3815/4102/9441 2481/2692/9442 3817/4104/9443 3816/4103/9444
s 57
f 2978/3213/9445 2226/2406/9446 3274/3515/9447 3818/4105/9448
s off
f 3820/4108/9449 2483/2695/9450 2987/4110/9451 3821/4109/9452
f 3822/4111/9453 2288/2475/9454 3388/3638/9455 3823/4112/9456
s 58
f 2983/3218/9457 2400/2596/9458 3604/3867/9459 3824/4113/9460
s off
f 3825/4115/9461 2285/2697/9462 2677/4117/9463 3826/4116/9464
f 3827/4118/9465 2485/2698/9466 3829/4120/9467 3828/4119/9468
f 2988/3224/9469 2483/2700/9470 3819/4122/9471 3830/4121/9472
f 3831/4123/9473 2216/2394/9474 2607/2825/9475 3832/4124/9476
f 3833/4125/9477 2487/2701/9478 3835/4127/9479 3834/4126/9480
f 2993/3229/9481 2385/2577/9482 3565/3822/9483 3836/4128/9484
f 3837/4130/9485 2295/2703/9486 2687/4132/9487 3838/4131/9488
f 3839/4133/9489 2293/2481/9490 3397/3648/9491 3840/4134/9492
f 2998/3234/9493 2350/2540/9494 3498/3752/9495 3841/4135/9496
s 59
f 3842/4136/9497 2221/2400/9498 2612/2830/9499 3843/4137/9500
s off
f 3844/4138/9501 2490/2705/9502 3846/4140/9503 3845/4139/9504
s 60
f 3003/3239/9505 2390/2582/9506 3578/3835/9507 3847/4141/9508
s 61
f 3849/4143/9509 2492/2707/9510 3192/3429/9511 3850/4144/9512
s off
f 3851/4145/9513 2493/2708/9514 3853/4147/9515 3852/4146/9516
s 62
f 3008/3244/9517 2495/2710/9518 3855/4149/9519 3854/4148/9520
s 63
f 3857/4151/9521 2496/2711/9522 3057/3293/9523 3858/4152/9524
s off
f 3859/4153/9525 2497/2712/9526 3861/4155/9527 3860/4154/9528
s 64
f 3013/3249/9529 2499/2714/9530 3863/4157/9531 3862/4156/9532
s off
f 3865/4159/9533 2500/2715/9534 3062/3298/9535 3866/4160/9536
f 3867/4161/9537 2501/2716/9538 3869/4163/9539 3868/4162/9540
f 3018/3254/9541 2316/2505/9542 3436/3688/9543 3870/4164/9544
f 3871/4166/9545 2290/2718/9546 2682/4168/9547 3872/4167/9548
f 3873/4169/9549 2298/2487/9550 3406/3658/9551 3874/4170/9552
f 3023/3259/9553 2504/2720/9554 3876/4172/9555 3875/4171/9556
f 3878/4174/9557 2505/2721/9558 3222/3459/9559 3879/4175/9560
f 3880/4176/9561 2506/2722/9562 3882/4178/9563 3881/4177/9564
f 3028/3264/9565 2508/2724/9566 3884/4180/9567 3883/4179/9568
f 3886/4182/9569 2509/2725/9570 3237/3474/9571 3887/4183/9572
f 3888/4184/9573 2510/2726/9574 3890/4186/9575 3889/4185/9576
f 3033/3269/9577 2512/2728/9578 3892/4188/9579 3891/4187/9580
f 3894/4190/9581 2513/2729/9582 3252/3490/9583 3895/4191/9584
f 3896/4192/9585 2303/2492/9586 3415/3667/9587 3897/4193/9588
f 3038/3274/9589 2515/2731/9590 3899/4195/9591 3898/4194/9592
f 3901/4197/9593 2516/2732/9594 3147/3384/9595 3902/4198/9596
f 3903/4199/9597 2517/2733/9598 3905/4201/9599 3904/4200/9600
f 3043/3279/9601 2519/2735/9602 3907/4203/9603 3906/4202/9604
f 3909/4205/9605 2520/2736/9606 3162/3399/9607 3910/4206/9608
f 3911/4207/9609 2521/2737/9610 3913/4209/9611 3912/4208/9612
f 3048/3284/9613 2523/2739/9614 3915/4211/9615 3914/4210/9616
f 3917/4213/9617 2524/2740/9618 3177/3414/9619 3918/4214/9620
f 3919/4215/9621 2308/2497/9622 3424/3676/9623 3920/4216/9624
f 3053/3289/9625 2321/2510/9626 3445/3697/9627 3921/4217/9628
s 65
f 3922/4218/9629 2499/2714/9630 3012/3248/9631 3923/4219/9632
s off
f 3924/4220/9633 2526/2742/9634 3926/4222/9635 3925/4221/9636
s 66
f 3058/3294/9637 2496/2711/9638 3856/4150/9639 3927/4223/9640
s 67
f 3928/4224/9641 2450/2655/9642 2902/3134/9643 3929/4225/9644
s off
f 3930/4226/9645 2313/2502/9646 3433/3685/9647 3931/4227/9648
f 3063/3299/9649 2500/2715/9650 3864/4158/9651 3932/4228/9652
f 3933/4229/9653 2320/2509/9654 2712/2938/9655 3934/4230/9656
f 3935/4231/9657 2529/2745/9658 3937/4233/9659 3936/4232/9660
f 3068/3304/9661 2531/2747/9662 3939/4235/9663 3938/4234/9664
f 3940/4236/9665 2421/2624/9666 2847/3078/9667 3941/4237/9668
f 3942/4238/9669 2532/2748/9670 3944/4240/9671 3943/4239/9672
f 3073/3309/9673 2246/2430/9674 3310/3556/9675 3945/4241/9676
f 3947/4243/9677 2534/2750/9678 3112/3349/9679 3948/4244/9680
f 3949/4245/9681 2318/2507/9682 3442/3694/9683 3950/4246/9684
f 3078/3314/9685 2311/2500/9686 3427/3679/9687 3951/4247/9688
f 3952/4248/9689 2325/2514/9690 2717/2943/9691 3953/4249/9692
f 3954/4250/9693 2536/2752/9694 3956/4252/9695 3955/4251/9696
f 3083/3319/9697 2538/2754/9698 3958/4254/9699 3957/4253/9700
f 3959/4255/9701 2425/2628/9702 2852/3083/9703 3960/4256/9704
f 3961/4257/9705 2539/2755/9706 3963/4259/9707 3962/4258/9708
f 3088/3324/9709 2422/2625/9710 3654/3929/9711 3964/4260/9712
f 3965/4261/9713 2531/2747/9714 3067/3303/9715 3966/4262/9716
f 3967/4263/9717 2323/2512/9718 3451/3703/9719 3968/4264/9720
f 3093/3329/9721 2261/2445/9722 3337/3583/9723 3969/4265/9724
f 3970/4266/9725 2330/2519/9726 2722/2948/9727 3971/4267/9728
f 3972/4268/9729 2542/2758/9730 3974/4270/9731 3973/4269/9732
f 3098/3334/9733 2544/2760/9734 3976/4272/9735 3975/4271/9736
f 3977/4273/9737 2429/2632/9738 2857/3088/9739 3978/4274/9740
f 3979/4275/9741 2545/2761/9742 3981/4277/9743 3980/4276/9744
f 3103/3339/9745 2426/2629/9746 3662/3937/9747 3982/4278/9748
f 3983/4279/9749 2538/2754/9750 3082/3318/9751 3984/4280/9752
f 3985/4281/9753 2328/2517/9754 3460/3712/9755 3986/4282/9756
f 3108/3345/9757 2403/2764/9758 3611/4284/9759 3987/4283/9760
f 3988/4285/9761 2315/2504/9762 2707/2933/9763 3989/4286/9764
f 3990/4287/9765 2548/2765/9766 3992/4289/9767 3991/4288/9768
f 3113/3350/9769 2534/2750/9770 3946/4242/9771 3993/4290/9772
f 3994/4291/9773 2245/2429/9774 2637/2859/9775 3995/4292/9776
f 3996/4293/9777 2550/2767/9778 3998/4295/9779 3997/4294/9780
f 3118/3355/9781 2430/2633/9782 3670/3945/9783 3999/4296/9784
f 4000/4297/9785 2544/2760/9786 3097/3333/9787 4001/4298/9788
f 4002/4299/9789 2332/2522/9790 3468/3722/9791 4003/4300/9792
f 3123/3360/9793 2382/2574/9794 3558/3815/9795 4004/4301/9796
f 4005/4302/9797 2339/2529/9798 2732/2958/9799 4006/4303/9800
f 4007/4304/9801 2553/2770/9802 4009/4306/9803 4008/4305/9804
f 3128/3365/9805 2555/2772/9806 4011/4308/9807 4010/4307/9808
f 4012/4309/9809 2515/2731/9810 3037/3273/9811 4013/4310/9812
f 4014/4311/9813 2556/2773/9814 4016/4313/9815 4015/4312/9816
f 3133/3370/9817 2306/2495/9818 3418/3670/9819 4017/4314/9820
f 4019/4316/9821 2558/2775/9822 3172/3409/9823 4020/4317/9824
f 4021/4318/9825 2337/2527/9826 3477/3731/9827 4022/4319/9828
f 3138/3375/9829 2439/2644/9830 3695/3973/9831 4023/4320/9832
f 4024/4321/9833 2344/2534/9834 2737/2963/9835 4025/4322/9836
f 4026/4323/9837 2560/2777/9838 4028/4325/9839 4027/4324/9840
f 3143/3380/9841 2562/2779/9842 4030/4327/9843 4029/4326/9844
f 4031/4328/9845 2519/2735/9846 3042/3278/9847 4032/4329/9848
f 4033/4330/9849 2563/2780/9850 4035/4332/9851 4034/4331/9852
f 3148/3385/9853 2516/2732/9854 3900/4196/9855 4036/4333/9856
f 4037/4334/9857 2555/2772/9858 3127/3364/9859 4038/4335/9860
f 4039/4336/9861 2342/2532/9862 3486/3740/9863 4040/4337/9864
f 3153/3390/9865 2222/2401/9866 3266/3506/9867 4041/4338/9868
f 4042/4339/9869 2349/2539/9870 2742/2968/9871 4043/4340/9872
f 4044/4341/9873 2566/2783/9874 4046/4343/9875 4045/4342/9876
f 3158/3395/9877 2568/2785/9878 4048/4345/9879 4047/4344/9880
f 4049/4346/9881 2523/2739/9882 3047/3283/9883 4050/4347/9884
f 4051/4348/9885 2569/2786/9886 4053/4350/9887 4052/4349/9888
f 3163/3400/9889 2520/2736/9890 3908/4204/9891 4054/4351/9892
f 4055/4352/9893 2562/2779/9894 3142/3379/9895 4056/4353/9896
f 4057/4354/9897 2347/2537/9898 3495/3749/9899 4058/4355/9900
f 3168/3405/9901 2296/2485/9902 3400/3652/9903 4059/4356/9904
f 4060/4357/9905 2334/2524/9906 2727/2953/9907 4061/4358/9908
f 4062/4359/9909 2572/2789/9910 4064/4361/9911 4063/4360/9912
f 3173/3410/9913 2558/2775/9914 4018/4315/9915 4065/4362/9916
f 4066/4363/9917 2305/2494/9918 2697/2923/9919 4067/4364/9920
f 4068/4365/9921 2574/2791/9922 4070/4367/9923 4069/4366/9924
f 3178/3415/9925 2524/2740/9926 3916/4212/9927 4071/4368/9928
f 4072/4369/9929 2568/2785/9930 3157/3394/9931 4073/4370/9932
f 4074/4371/9933 2352/2542/9934 3504/3758/9935 4075/4372/9936
f 3183/3420/9937 2365/2555/9938 3525/3779/9939 4076/4373/9940
s 68
f 4077/4374/9941 2454/2659/9942 2907/3139/9943 4078/4375/9944
s off
f 4079/4376/9945 2577/2794/9946 4081/4378/9947 4080/4377/9948
s 69
f 3188/3425/9949 2451/2656/9950 3727/4005/9951 4082/4379/9952
s 70
f 4083/4380/9953 2495/2710/9954 3007/3243/9955 4084/4381/9956
s off
f 4085/4382/9957 2579/2796/9958 4087/4384/9959 4086/4383/9960
s 71
f 3193/3430/9961 2492/2707/9962 3848/4142/9963 4088/4385/9964
s 72
f 4089/4386/9965 2255/2439/9966 2647/2869/9967 4090/4387/9968
s off
f 4091/4388/9969 2357/2547/9970 3513/3767/9971 4092/4389/9972
f 3198/3435/9973 2455/2660/9974 3735/4013/9975 4093/4390/9976
f 4094/4391/9977 2364/2554/9978 2757/2983/9979 4095/4392/9980
f 4096/4393/9981 2582/2799/9982 4098/4395/9983 4097/4394/9984
f 3203/3440/9985 2584/2801/9986 4100/4397/9987 4099/4396/9988
f 4101/4398/9989 2504/2720/9990 3022/3258/9991 4102/4399/9992
f 4103/4400/9993 2585/2802/9994 4105/4402/9995 4104/4401/9996
f 3208/3445/9997 2301/2490/9998 3409/3661/9999 4106/4403/10000
f 4108/4405/10001 2587/2804/10002 3247/3485/10003 4109/4406/10004
f 4110/4407/10005 2362/2552/10006 3522/3776/10007 4111/4408/10008
f 3213/3450/10009 2355/2545/10010 3507/3761/10011 4112/4409/10012
f 4113/4410/10013 2369/2559/10014 2762/2988/10015 4114/4411/10016
f 4115/4412/10017 2589/2806/10018 4117/4414/10019 4116/4413/10020
f 3218/3455/10021 2591/2808/10022 4119/4416/10023 4118/4415/10024
f 4120/4417/10025 2508/2724/10026 3027/3263/10027 4121/4418/10028
f 4122/4419/10029 2592/2809/10030 4124/4421/10031 4123/4420/10032
f 3223/3460/10033 2505/2721/10034 3877/4173/10035 4125/4422/10036
f 4126/4423/10037 2584/2801/10038 3202/3439/10039 4127/4424/10040
f 4128/4425/10041 2367/2557/10042 3531/3785/10043 4129/4426/10044
f 3228/3465/10045 2444/2649/10046 3708/3986/10047 4130/4427/10048
f 4131/4428/10049 2374/2564/10050 2767/2993/10051 4132/4429/10052
f 4133/4430/10053 2595/2812/10054 4135/4432/10055 4134/4431/10056
f 3233/3470/10057 2597/2814/10058 4137/4434/10059 4136/4433/10060
f 4138/4435/10061 2512/2728/10062 3032/3268/10063 4139/4436/10064
f 4140/4437/10065 2598/2815/10066 4142/4439/10067 4141/4438/10068
f 3238/3475/10069 2509/2725/10070 3885/4181/10071 4143/4440/10072
f 4144/4441/10073 2591/2808/10074 3217/3454/10075 4145/4442/10076
f 4146/4443/10077 2372/2562/10078 3540/3794/10079 4147/4444/10080
f 3243/3481/10081 2419/2818/10082 3647/4446/10083 4148/4445/10084
f 4149/4447/10085 2359/2549/10086 2752/2978/10087 4150/4448/10088
f 4151/4449/10089 2601/2819/10090 4153/4451/10091 4152/4450/10092
f 3248/3486/10093 2587/2804/10094 4107/4404/10095 4154/4452/10096
f 4155/4453/10097 2300/2489/10098 2692/2918/10099 4156/4454/10100
f 4157/4455/10101 2603/2821/10102 4159/4457/10103 4158/4456/10104
f 3253/3491/10105 2513/2729/10106 3893/4189/10107 4160/4458/10108
f 4161/4459/10109 2597/2814/10110 3232/3469/10111 4162/4460/10112
f 4163/4461/10113 2376/2567/10114 3548/3804/10115 4164/4462/10116
f 2606/2824/10117 2121/2280/10118 2607/2825/10119 2605/2823/10120
f 2607/2825/10121 2216/2394/10122 2608/2826/10123 2605/2823/10124
f 2608/2826/10125 2215/2393/10126 2609/2827/10127 2605/2823/10128
s 73
f 2611/2829/10129 2125/2284/10130 2612/2830/10131 2610/2828/10132
s 59
f 2612/2830/9499 2221/2400/9498 2613/2831/10133 2610/2828/10134
s off
f 2613/2831/10135 2220/2399/10136 2614/2832/10137 2610/2828/10138
f 2616/2834/10139 2118/2288/10140 2617/2836/10141 2615/2833/10142
f 2617/2836/10143 2217/2405/10144 2618/2837/10145 2615/2833/10146
f 2618/2837/10147 2225/2404/10148 2619/2838/10149 2615/2833/10150
f 2621/2840/10151 2133/2295/10152 2622/2841/10153 2620/2839/10154
f 2622/2841/10155 2230/2410/10156 2623/2843/10157 2620/2839/10158
f 2623/2843/10159 2229/2409/10160 2624/2844/10161 2620/2839/10162
f 2626/2846/10163 2131/2300/10164 2627/2848/10165 2625/2845/10166
f 2627/2848/10167 2235/2418/10168 2628/2849/10169 2625/2845/10170
f 2628/2849/10171 2234/2416/10172 2629/2850/10173 2625/2845/10174
f 2631/2852/10175 2141/2308/10176 2632/2854/10177 2630/2851/10178
f 2632/2854/10179 2240/2424/10180 2633/2855/10181 2630/2851/10182
f 2633/2855/10183 2239/2422/10184 2634/2856/10185 2630/2851/10186
f 2636/2858/10187 2146/2313/10188 2637/2859/10189 2635/2857/10190
f 2637/2859/10191 2245/2429/10192 2638/2860/10193 2635/2857/10194
f 2638/2860/10195 2244/2428/10196 2639/2861/10197 2635/2857/10198
f 2641/2863/10199 2149/2317/10200 2642/2864/10201 2640/2862/10202
f 2642/2864/10203 2250/2434/10204 2643/2865/10205 2640/2862/10206
f 2643/2865/10207 2249/2433/10208 2644/2866/10209 2640/2862/10210
s 74
f 2646/2868/10211 2153/2321/10212 2647/2869/10213 2645/2867/10214
s 72
f 2647/2869/9967 2255/2439/9966 2648/2870/10215 2645/2867/10216
s off
f 2648/2870/10217 2254/2438/10218 2649/2871/10219 2645/2867/10220
s 75
f 2651/2873/10221 2159/2327/10222 2652/2874/10223 2650/2872/10224
s 39
f 2652/2874/9307 2260/2444/9306 2653/2875/10225 2650/2872/10226
s off
f 2653/2875/10227 2259/2443/10228 2654/2876/10229 2650/2872/10230
s 76
f 2656/2878/10231 2161/2331/10232 2657/2879/10233 2655/2877/10234
s 45
f 2657/2879/9355 2265/2449/9354 2658/2880/10235 2655/2877/10236
s off
f 2658/2880/10237 2264/2448/10238 2659/2881/10239 2655/2877/10240
s 77
f 2661/2883/10241 2161/2331/10242 2662/2884/10243 2660/2882/10244
s 41
f 2662/2884/9331 2270/2455/9330 2663/2885/10245 2660/2882/10246
s off
f 2663/2885/10247 2269/2454/10248 2664/2886/10249 2660/2882/10250
f 2666/2888/10251 2148/2336/10252 2667/2890/10253 2665/2887/10254
f 2667/2890/10255 2275/2461/10256 2668/2891/10257 2665/2887/10258
f 2668/2891/10259 2274/2459/10260 2669/2892/10261 2665/2887/10262
s 78
f 2671/2894/10263 2165/2335/10264 2672/2895/10265 2670/2893/10266
s 47
f 2672/2895/9367 2280/2466/9366 2673/2896/10267 2670/2893/10268
s off
f 2673/2896/10269 2279/2465/10270 2674/2897/10271 2670/2893/10272
f 2676/2899/10273 2169/2342/10274 2677/2901/10275 2675/2898/10276
f 2677/2901/10277 2285/2472/10278 2678/2902/10279 2675/2898/10280
f 2678/2902/10281 2284/2470/10282 2679/2903/10283 2675/2898/10284
f 2681/2905/10285 2171/2345/10286 2682/2906/10287 2680/2904/10288
f 2682/2906/10289 2290/2477/10290 2683/2908/10291 2680/2904/10292
f 2683/2908/10293 2289/2476/10294 2684/2909/10295 2680/2904/10296
f 2686/2911/10297 2171/2352/10298 2687/2913/10299 2685/2910/10300
f 2687/2913/10301 2295/2484/10302 2688/2914/10303 2685/2910/10304
f 2688/2914/10305 2294/2482/10306 2689/2915/10307 2685/2910/10308
f 2691/2917/10309 2181/2357/10310 2692/2918/10311 2690/2916/10312
f 2692/2918/10313 2300/2489/10314 2693/2919/10315 2690/2916/10316
f 2693/2919/10317 2299/2488/10318 2694/2920/10319 2690/2916/10320
f 2696/2922/10321 2186/2362/10322 2697/2923/10323 2695/2921/10324
f 2697/2923/10325 2305/2494/10326 2698/2924/10327 2695/2921/10328
f 2698/2924/10329 2304/2493/10330 2699/2925/10331 2695/2921/10332
s 79
f 2701/2927/10333 2156/2324/10334 2702/2928/10335 2700/2926/10336
s 34
f 2702/2928/9259 2310/2499/9258 2703/2929/10337 2700/2926/10338
s off
f 2703/2929/10339 2309/2498/10340 2704/2930/10341 2700/2926/10342
f 2706/2932/10343 2191/2367/10344 2707/2933/10345 2705/2931/10346
f 2707/2933/10347 2315/2504/10348 2708/2934/10349 2705/2931/10350
f 2708/2934/10351 2314/2503/10352 2709/2935/10353 2705/2931/10354
f 2711/2937/10355 2190/2366/10356 2712/2938/10357 2710/2936/10358
f 2712/2938/10359 2320/2509/10360 2713/2939/10361 2710/2936/10362
f 2713/2939/10363 2319/2508/10364 2714/2940/10365 2710/2936/10366
f 2716/2942/10367 2193/2369/10368 2717/2943/10369 2715/2941/10370
f 2717/2943/10371 2325/2514/10372 2718/2944/10373 2715/2941/10374
f 2718/2944/10375 2324/2513/10376 2719/2945/10377 2715/2941/10378
f 2721/2947/10379 2195/2371/10380 2722/2948/10381 2720/2946/10382
f 2722/2948/10383 2330/2519/10384 2723/2949/10385 2720/2946/10386
f 2723/2949/10387 2329/2518/10388 2724/2950/10389 2720/2946/10390
f 2726/2952/10391 2199/2376/10392 2727/2953/10393 2725/2951/10394
f 2727/2953/10395 2334/2524/10396 2728/2954/10397 2725/2951/10398
f 2728/2954/10399 2333/2523/10400 2729/2955/10401 2725/2951/10402
f 2731/2957/10403 2198/2375/10404 2732/2958/10405 2730/2956/10406
f 2732/2958/10407 2339/2529/10408 2733/2959/10409 2730/2956/10410
f 2733/2959/10411 2338/2528/10412 2734/2960/10413 2730/2956/10414
f 2736/2962/10415 2201/2378/10416 2737/2963/10417 2735/2961/10418
f 2737/2963/10419 2344/2534/10420 2738/2964/10421 2735/2961/10422
f 2738/2964/10423 2343/2533/10424 2739/2965/10425 2735/2961/10426
f 2741/2967/10427 2203/2380/10428 2742/2968/10429 2740/2966/10430
f 2742/2968/10431 2349/2539/10432 2743/2969/10433 2740/2966/10434
f 2743/2969/10435 2348/2538/10436 2744/2970/10437 2740/2966/10438
s 80
f 2746/2972/10439 2153/2321/10440 2747/2973/10441 2745/2971/10442
s 33
f 2747/2973/9247 2354/2544/9246 2748/2974/10443 2745/2971/10444
s off
f 2748/2974/10445 2353/2543/10446 2749/2975/10447 2745/2971/10448
f 2751/2977/10449 2209/2386/10450 2752/2978/10451 2750/2976/10452
f 2752/2978/10453 2359/2549/10454 2753/2979/10455 2750/2976/10456
f 2753/2979/10457 2358/2548/10458 2754/2980/10459 2750/2976/10460
f 2756/2982/10461 2208/2385/10462 2757/2983/10463 2755/2981/10464
f 2757/2983/10465 2364/2554/10466 2758/2984/10467 2755/2981/10468
f 2758/2984/10469 2363/2553/10470 2759/2985/10471 2755/2981/10472
f 2761/2987/10473 2211/2388/10474 2762/2988/10475 2760/2986/10476
f 2762/2988/10477 2369/2559/10478 2763/2989/10479 2760/2986/10480
f 2763/2989/10481 2368/2558/10482 2764/2990/10483 2760/2986/10484
f 2766/2992/10485 2213/2390/10486 2767/2993/10487 2765/2991/10488
f 2767/2993/10489 2374/2564/10490 2768/2994/10491 2765/2991/10492
f 2768/2994/10493 2373/2563/10494 2769/2995/10495 2765/2991/10496
f 2771/2997/10497 2118/2276/10498 2772/2998/10499 2770/2996/10500
f 2772/2998/10501 2378/2569/10502 2773/3000/10503 2770/2996/10504
f 2773/3000/10505 2377/2568/10506 2774/3001/10507 2770/2996/10508
s 81
f 2776/3003/10509 2119/2278/10510 2777/3004/10511 2775/3002/10512
s 4
f 2777/3004/8647 2251/2435/8646 2778/3005/10513 2775/3002/10514
s off
f 2778/3005/10515 2381/2573/10516 2779/3006/10517 2775/3002/10518
f 2781/3008/10519 2120/2279/10520 2782/3009/10521 2780/3007/10522
f 2782/3009/10523 2335/2525/10524 2783/3010/10525 2780/3007/10526
f 2783/3010/10527 2384/2576/10528 2784/3011/10529 2780/3007/10530
f 2786/3013/10531 2123/2282/10532 2787/3014/10533 2785/3012/10534
f 2787/3014/10535 2345/2535/10536 2788/3015/10537 2785/3012/10538
f 2788/3015/10539 2386/2578/10540 2789/3016/10541 2785/3012/10542
s 82
f 2791/3018/10543 2124/2283/10544 2792/3019/10545 2790/3017/10546
s 6
f 2792/3019/8659 2256/2440/8658 2793/3020/10547 2790/3017/10548
s off
f 2793/3020/10549 2389/2581/10550 2794/3021/10551 2790/3017/10552
s 83
f 2796/3023/10553 2127/2286/10554 2797/3024/10555 2795/3022/10556
s 56
f 2797/3024/9439 2392/2584/9438 2798/3025/10557 2795/3022/10558
s off
f 2798/3025/10559 2391/2583/10560 2799/3026/10561 2795/3022/10562
s 84
f 2801/3028/10563 2128/2287/10564 2802/3029/10565 2800/3027/10566
s 11
f 2802/3029/8707 2276/2462/8706 2803/3030/10567 2800/3027/10568
s off
f 2803/3030/10569 2395/2587/10570 2804/3031/10571 2800/3027/10572
f 2806/3033/10573 2130/2290/10574 2807/3034/10575 2805/3032/10576
f 2807/3034/10577 2266/2590/10578 2808/3036/10579 2805/3032/10580
f 2808/3036/10581 2396/2589/10582 2809/3037/10583 2805/3032/10584
f 2811/3039/10585 2131/2292/10586 2812/3040/10587 2810/3038/10588
f 2812/3040/10589 2399/2594/10590 2813/3042/10591 2810/3038/10592
f 2813/3042/10593 2398/2593/10594 2814/3043/10595 2810/3038/10596
s 85
f 2816/3045/10597 2132/2294/10598 2817/3046/10599 2815/3044/10600
s 15
f 2817/3046/8743 2291/2479/8742 2818/3047/10601 2815/3044/10602
s off
f 2818/3047/10603 2402/2598/10604 2819/3048/10605 2815/3044/10606
s 86
f 2821/3050/10607 2135/2298/10608 2822/3051/10609 2820/3049/10610
s 43
f 2822/3051/9343 2405/2602/9342 2823/3052/10611 2820/3049/10612
s off
f 2823/3052/10613 2404/2601/10614 2824/3053/10615 2820/3049/10616
s 87
f 2826/3055/10617 2136/2299/10618 2827/3056/10619 2825/3054/10620
s 14
f 2827/3056/8731 2286/2473/8730 2828/3057/10621 2825/3054/10622
s off
f 2828/3057/10623 2408/2605/10624 2829/3058/10625 2825/3054/10626
f 2831/3060/10627 2138/2302/10628 2832/3061/10629 2830/3059/10630
f 2832/3061/10631 2410/2608/10632 2833/3062/10633 2830/3059/10634
f 2833/3062/10635 2409/2607/10636 2834/3063/10637 2830/3059/10638
f 2836/3065/10639 2139/2304/10640 2837/3067/10641 2835/3064/10642
f 2837/3067/10643 2414/2614/10644 2838/3068/10645 2835/3064/10646
f 2838/3068/10647 2413/2612/10648 2839/3069/10649 2835/3064/10650
f 2841/3071/10651 2140/2306/10652 2842/3073/10653 2840/3070/10654
f 2842/3073/10655 2418/2620/10656 2843/3074/10657 2840/3070/10658
f 2843/3074/10659 2417/2618/10660 2844/3075/10661 2840/3070/10662
f 2846/3077/10663 2143/2310/10664 2847/3078/10665 2845/3076/10666
f 2847/3078/10667 2421/2624/10668 2848/3079/10669 2845/3076/10670
f 2848/3079/10671 2420/2623/10672 2849/3080/10673 2845/3076/10674
f 2851/3082/10675 2144/2311/10676 2852/3083/10677 2850/3081/10678
f 2852/3083/10679 2425/2628/10680 2853/3084/10681 2850/3081/10682
f 2853/3084/10683 2424/2627/10684 2854/3085/10685 2850/3081/10686
f 2856/3087/10687 2145/2312/10688 2857/3088/10689 2855/3086/10690
f 2857/3088/10691 2429/2632/10692 2858/3089/10693 2855/3086/10694
f 2858/3089/10695 2428/2631/10696 2859/3090/10697 2855/3086/10698
s 88
f 2861/3092/10699 2119/2278/10700 2862/3093/10701 2860/3091/10702
s 18
f 2862/3093/8959 2379/2571/8958 2863/3094/10703 2860/3091/10704
s off
f 2863/3094/10705 2431/2634/10706 2864/3095/10707 2860/3091/10708
f 2866/3097/10709 2148/2315/10710 2867/3098/10711 2865/3096/10712
f 2867/3098/10713 2434/2638/10714 2868/3100/10715 2865/3096/10716
f 2868/3100/10717 2433/2637/10718 2869/3101/10719 2865/3096/10720
f 2871/3103/10721 2138/2302/10722 2872/3104/10723 2870/3102/10724
f 2872/3104/10725 2241/2425/10726 2873/3105/10727 2870/3102/10728
f 2873/3105/10729 2436/2641/10730 2874/3106/10731 2870/3102/10732
s 89
f 2876/3108/10733 2124/2283/10734 2877/3109/10735 2875/3107/10736
s 20
f 2877/3109/8995 2387/2579/8994 2878/3110/10737 2875/3107/10738
s off
f 2878/3110/10739 2438/2643/10740 2879/3111/10741 2875/3107/10742
f 2881/3113/10743 2151/2319/10744 2882/3114/10745 2880/3112/10746
f 2882/3114/10747 2340/2530/10748 2883/3115/10749 2880/3112/10750
f 2883/3115/10751 2441/2646/10752 2884/3116/10753 2880/3112/10754
f 2886/3118/10755 2149/2317/10756 2887/3119/10757 2885/3117/10758
f 2887/3119/10759 2437/2642/10760 2888/3120/10761 2885/3117/10762
f 2888/3120/10763 2443/2648/10764 2889/3121/10765 2885/3117/10766
f 2891/3123/10767 2152/2320/10768 2892/3124/10769 2890/3122/10770
f 2892/3124/10771 2370/2560/10772 2893/3125/10773 2890/3122/10774
f 2893/3125/10775 2446/2651/10776 2894/3126/10777 2890/3122/10778
f 2896/3128/10779 2155/2323/10780 2897/3129/10781 2895/3127/10782
f 2897/3129/10783 2326/2515/10784 2898/3130/10785 2895/3127/10786
f 2898/3130/10787 2447/2652/10788 2899/3131/10789 2895/3127/10790
s 90
f 2901/3133/10791 2156/2324/10792 2902/3134/10793 2900/3132/10794
s 67
f 2902/3134/9643 2450/2655/9642 2903/3135/10795 2900/3132/10796
s off
f 2903/3135/10797 2449/2654/10798 2904/3136/10799 2900/3132/10800
s 91
f 2906/3138/10801 2157/2325/10802 2907/3139/10803 2905/3137/10804
s 68
f 2907/3139/9943 2454/2659/9942 2908/3140/10805 2905/3137/10806
s off
f 2908/3140/10807 2453/2658/10808 2909/3141/10809 2905/3137/10810
f 2911/3143/10811 2158/2326/10812 2912/3144/10813 2910/3142/10814
f 2912/3144/10815 2360/2550/10816 2913/3145/10817 2910/3142/10818
f 2913/3145/10819 2457/2662/10820 2914/3146/10821 2910/3142/10822
f 2916/3148/10823 2130/2329/10824 2917/3150/10825 2915/3147/10826
f 2917/3150/10827 2231/2665/10828 2918/3151/10829 2915/3147/10830
f 2918/3151/10831 2459/2664/10832 2919/3152/10833 2915/3147/10834
s 92
f 2921/3154/10835 2159/2327/10836 2922/3155/10837 2920/3153/10838
s 38
f 2922/3155/9295 2458/2663/9294 2923/3156/10839 2920/3153/10840
s off
f 2923/3156/10841 2461/2667/10842 2924/3157/10843 2920/3153/10844
f 2926/3159/10845 2140/2330/10846 2927/3160/10847 2925/3158/10848
f 2927/3160/10849 2415/2671/10850 2928/3162/10851 2925/3158/10852
f 2928/3162/10853 2463/2670/10854 2929/3163/10855 2925/3158/10856
s 93
f 2931/3165/10857 2163/2333/10858 2932/3166/10859 2930/3164/10860
s 50
f 2932/3166/9391 2465/2673/9390 2933/3167/10861 2930/3164/10862
s off
f 2933/3167/10863 2464/2672/10864 2934/3168/10865 2930/3164/10866
s 94
f 2936/3170/10867 2135/2298/10868 2937/3171/10869 2935/3169/10870
s 3
f 2937/3171/8611 2236/2419/8610 2938/3172/10871 2935/3169/10872
s off
f 2938/3172/10873 2467/2675/10874 2939/3173/10875 2935/3169/10876
s 95
f 2941/3175/10877 2128/2287/10878 2942/3176/10879 2940/3174/10880
s 24
f 2942/3176/9019 2393/2585/9018 2943/3177/10881 2940/3174/10882
s off
f 2943/3177/10883 2468/2676/10884 2944/3178/10885 2940/3174/10886
s 96
f 2946/3180/10887 2165/2335/10888 2947/3181/10889 2945/3179/10890
s 52
f 2947/3181/9415 2471/2679/9414 2948/3182/10891 2945/3179/10892
s off
f 2948/3182/10893 2470/2678/10894 2949/3183/10895 2945/3179/10896
s 97
f 2951/3185/10897 2167/2338/10898 2952/3186/10899 2950/3184/10900
s 54
f 2952/3186/9427 2473/2682/9426 2953/3187/10901 2950/3184/10902
s off
f 2953/3187/10903 2472/2681/10904 2954/3188/10905 2950/3184/10906
s 98
f 2956/3190/10907 2163/2333/10908 2957/3191/10909 2955/3189/10910
s 10
f 2957/3191/8695 2271/2456/8694 2958/3192/10911 2955/3189/10912
s off
f 2958/3192/10913 2475/2684/10914 2959/3193/10915 2955/3189/10916
f 2961/3195/10917 2139/2339/10918 2962/3196/10919 2960/3194/10920
f 2962/3196/10921 2411/2688/10922 2963/3198/10923 2960/3194/10924
f 2963/3198/10925 2477/2687/10926 2964/3199/10927 2960/3194/10928
s 99
f 2966/3201/10929 2136/2299/10930 2967/3202/10931 2965/3200/10932
s 29
f 2967/3202/9079 2406/2603/9078 2968/3203/10933 2965/3200/10934
s off
f 2968/3203/10935 2478/2689/10936 2969/3204/10937 2965/3200/10938
s 100
f 2971/3206/10939 2167/2338/10940 2972/3207/10941 2970/3205/10942
s 13
f 2972/3207/8719 2281/2467/8718 2973/3208/10943 2970/3205/10944
s off
f 2973/3208/10945 2480/2691/10946 2974/3209/10947 2970/3205/10948
s 101
f 2976/3211/10949 2127/2286/10950 2977/3212/10951 2975/3210/10952
s 2
f 2977/3212/8587 2226/2406/8586 2978/3213/10953 2975/3210/10954
s off
f 2978/3213/10955 2482/2693/10956 2979/3214/10957 2975/3210/10958
s 102
f 2981/3216/10959 2132/2294/10960 2982/3217/10961 2980/3215/10962
s 26
f 2982/3217/9055 2400/2596/9054 2983/3218/10963 2980/3215/10964
s off
f 2983/3218/10965 2484/2696/10966 2984/3219/10967 2980/3215/10968
f 2986/3221/10969 2169/2344/10970 2987/3222/10971 2985/3220/10972
f 2987/3222/10973 2483/2700/10974 2988/3224/10975 2985/3220/10976
f 2988/3224/10977 2486/2699/10978 2989/3225/10979 2985/3220/10980
f 2991/3227/10981 2121/2280/10982 2992/3228/10983 2990/3226/10984
f 2992/3228/10985 2385/2577/10986 2993/3229/10987 2990/3226/10988
f 2993/3229/10989 2488/2702/10990 2994/3230/10991 2990/3226/10992
f 2996/3232/10993 2173/2348/10994 2997/3233/10995 2995/3231/10996
f 2997/3233/10997 2350/2540/10998 2998/3234/10999 2995/3231/11000
f 2998/3234/11001 2489/2704/11002 2999/3235/11003 2995/3231/11004
s 103
f 3001/3237/11005 2125/2284/11006 3002/3238/11007 3000/3236/11008
s 22
f 3002/3238/9007 2390/2582/9006 3003/3239/11009 3000/3236/11010
s off
f 3003/3239/11011 2491/2706/11012 3004/3240/11013 3000/3236/11014
s 104
f 3006/3242/11015 2174/2349/11016 3007/3243/11017 3005/3241/11018
s 70
f 3007/3243/9955 2495/2710/9954 3008/3244/11019 3005/3241/11020
s off
f 3008/3244/11021 2494/2709/11022 3009/3245/11023 3005/3241/11024
s 105
f 3011/3247/11025 2175/2350/11026 3012/3248/11027 3010/3246/11028
s 65
f 3012/3248/9631 2499/2714/9630 3013/3249/11029 3010/3246/11030
s off
f 3013/3249/11031 2498/2713/11032 3014/3250/11033 3010/3246/11034
f 3016/3252/11035 2176/2351/11036 3017/3253/11037 3015/3251/11038
f 3017/3253/11039 2316/2505/11040 3018/3254/11041 3015/3251/11042
f 3018/3254/11043 2502/2717/11044 3019/3255/11045 3015/3251/11046
f 3021/3257/11047 2178/2354/11048 3022/3258/11049 3020/3256/11050
f 3022/3258/11051 2504/2720/11052 3023/3259/11053 3020/3256/11054
f 3023/3259/11055 2503/2719/11056 3024/3260/11057 3020/3256/11058
f 3026/3262/11059 2179/2355/11060 3027/3263/11061 3025/3261/11062
f 3027/3263/11063 2508/2724/11064 3028/3264/11065 3025/3261/11066
f 3028/3264/11067 2507/2723/11068 3029/3265/11069 3025/3261/11070
f 3031/3267/11071 2180/2356/11072 3032/3268/11073 3030/3266/11074
f 3032/3268/11075 2512/2728/11076 3033/3269/11077 3030/3266/11078
f 3033/3269/11079 2511/2727/11080 3034/3270/11081 3030/3266/11082
f 3036/3272/11083 2183/2359/11084 3037/3273/11085 3035/3271/11086
f 3037/3273/11087 2515/2731/11088 3038/3274/11089 3035/3271/11090
f 3038/3274/11091 2514/2730/11092 3039/3275/11093 3035/3271/11094
f 3041/3277/11095 2184/2360/11096 3042/3278/11097 3040/3276/11098
f 3042/3278/11099 2519/2735/11100 3043/3279/11101 3040/3276/11102
f 3043/3279/11103 2518/2734/11104 3044/3280/11105 3040/3276/11106
f 3046/3282/11107 2185/2361/11108 3047/3283/11109 3045/3281/11110
f 3047/3283/11111 2523/2739/11112 3048/3284/11113 3045/3281/11114
f 3048/3284/11115 2522/2738/11116 3049/3285/11117 3045/3281/11118
f 3051/3287/11119 2188/2364/11120 3052/3288/11121 3050/3286/11122
f 3052/3288/11123 2321/2510/11124 3053/3289/11125 3050/3286/11126
f 3053/3289/11127 2525/2741/11128 3054/3290/11129 3050/3286/11130
s 106
f 3056/3292/11131 2175/2350/11132 3057/3293/11133 3055/3291/11134
s 63
f 3057/3293/9523 2496/2711/9522 3058/3294/11135 3055/3291/11136
s off
f 3058/3294/11137 2527/2743/11138 3059/3295/11139 3055/3291/11140
f 3061/3297/11141 2176/2351/11142 3062/3298/11143 3060/3296/11144
f 3062/3298/11145 2500/2715/11146 3063/3299/11147 3060/3296/11148
f 3063/3299/11149 2528/2744/11150 3064/3300/11151 3060/3296/11152
f 3066/3302/11153 2190/2366/11154 3067/3303/11155 3065/3301/11156
f 3067/3303/11157 2531/2747/11158 3068/3304/11159 3065/3301/11160
f 3068/3304/11161 2530/2746/11162 3069/3305/11163 3065/3301/11164
f 3071/3307/11165 2143/2310/11166 3072/3308/11167 3070/3306/11168
f 3072/3308/11169 2246/2430/11170 3073/3309/11171 3070/3306/11172
f 3073/3309/11173 2533/2749/11174 3074/3310/11175 3070/3306/11176
f 3076/3312/11177 2188/2364/11178 3077/3313/11179 3075/3311/11180
f 3077/3313/11181 2311/2500/11182 3078/3314/11183 3075/3311/11184
f 3078/3314/11185 2535/2751/11186 3079/3315/11187 3075/3311/11188
f 3081/3317/11189 2193/2369/11190 3082/3318/11191 3080/3316/11192
f 3082/3318/11193 2538/2754/11194 3083/3319/11195 3080/3316/11196
f 3083/3319/11197 2537/2753/11198 3084/3320/11199 3080/3316/11200
f 3086/3322/11201 2144/2311/11202 3087/3323/11203 3085/3321/11204
f 3087/3323/11205 2422/2625/11206 3088/3324/11207 3085/3321/11208
f 3088/3324/11209 2540/2756/11210 3089/3325/11211 3085/3321/11212
f 3091/3327/11213 2155/2323/11214 3092/3328/11215 3090/3326/11216
f 3092/3328/11217 2261/2445/11218 3093/3329/11219 3090/3326/11220
f 3093/3329/11221 2541/2757/11222 3094/3330/11223 3090/3326/11224
f 3096/3332/11225 2195/2371/11226 3097/3333/11227 3095/3331/11228
f 3097/3333/11229 2544/2760/11230 3098/3334/11231 3095/3331/11232
f 3098/3334/11233 2543/2759/11234 3099/3335/11235 3095/3331/11236
f 3101/3337/11237 2145/2312/11238 3102/3338/11239 3100/3336/11240
f 3102/3338/11241 2426/2629/11242 3103/3339/11243 3100/3336/11244
f 3103/3339/11245 2546/2762/11246 3104/3340/11247 3100/3336/11248
f 3106/3342/11249 2133/2373/11250 3107/3344/11251 3105/3341/11252
f 3107/3344/11253 2403/2764/11254 3108/3345/11255 3105/3341/11256
f 3108/3345/11257 2547/2763/11258 3109/3346/11259 3105/3341/11260
f 3111/3348/11261 2191/2367/11262 3112/3349/11263 3110/3347/11264
f 3112/3349/11265 2534/2750/11266 3113/3350/11267 3110/3347/11268
f 3113/3350/11269 2549/2766/11270 3114/3351/11271 3110/3347/11272
f 3116/3353/11273 2146/2313/11274 3117/3354/11275 3115/3352/11276
f 3117/3354/11277 2430/2633/11278 3118/3355/11279 3115/3352/11280
f 3118/3355/11281 2551/2768/11282 3119/3356/11283 3115/3352/11284
f 3121/3358/11285 2120/2279/11286 3122/3359/11287 3120/3357/11288
f 3122/3359/11289 2382/2574/11290 3123/3360/11291 3120/3357/11292
f 3123/3360/11293 2552/2769/11294 3124/3361/11295 3120/3357/11296
f 3126/3363/11297 2198/2375/11298 3127/3364/11299 3125/3362/11300
f 3127/3364/11301 2555/2772/11302 3128/3365/11303 3125/3362/11304
f 3128/3365/11305 2554/2771/11306 3129/3366/11307 3125/3362/11308
f 3131/3368/11309 2183/2359/11310 3132/3369/11311 3130/3367/11312
f 3132/3369/11313 2306/2495/11314 3133/3370/11315 3130/3367/11316
f 3133/3370/11317 2557/2774/11318 3134/3371/11319 3130/3367/11320
f 3136/3373/11321 2151/2319/11322 3137/3374/11323 3135/3372/11324
f 3137/3374/11325 2439/2644/11326 3138/3375/11327 3135/3372/11328
f 3138/3375/11329 2559/2776/11330 3139/3376/11331 3135/3372/11332
f 3141/3378/11333 2201/2378/11334 3142/3379/11335 3140/3377/11336
f 3142/3379/11337 2562/2779/11338 3143/3380/11339 3140/3377/11340
f 3143/3380/11341 2561/2778/11342 3144/3381/11343 3140/3377/11344
f 3146/3383/11345 2184/2360/11346 3147/3384/11347 3145/3382/11348
f 3147/3384/11349 2516/2732/11350 3148/3385/11351 3145/3382/11352
f 3148/3385/11353 2564/2781/11354 3149/3386/11355 3145/3382/11356
f 3151/3388/11357 2123/2282/11358 3152/3389/11359 3150/3387/11360
f 3152/3389/11361 2222/2401/11362 3153/3390/11363 3150/3387/11364
f 3153/3390/11365 2565/2782/11366 3154/3391/11367 3150/3387/11368
f 3156/3393/11369 2203/2380/11370 3157/3394/11371 3155/3392/11372
f 3157/3394/11373 2568/2785/11374 3158/3395/11375 3155/3392/11376
f 3158/3395/11377 2567/2784/11378 3159/3396/11379 3155/3392/11380
f 3161/3398/11381 2185/2361/11382 3162/3399/11383 3160/3397/11384
f 3162/3399/11385 2520/2736/11386 3163/3400/11387 3160/3397/11388
f 3163/3400/11389 2570/2787/11390 3164/3401/11391 3160/3397/11392
f 3166/3403/11393 2173/2348/11394 3167/3404/11395 3165/3402/11396
f 3167/3404/11397 2296/2485/11398 3168/3405/11399 3165/3402/11400
f 3168/3405/11401 2571/2788/11402 3169/3406/11403 3165/3402/11404
f 3171/3408/11405 2199/2376/11406 3172/3409/11407 3170/3407/11408
f 3172/3409/11409 2558/2775/11410 3173/3410/11411 3170/3407/11412
f 3173/3410/11413 2573/2790/11414 3174/3411/11415 3170/3407/11416
f 3176/3413/11417 2186/2362/11418 3177/3414/11419 3175/3412/11420
f 3177/3414/11421 2524/2740/11422 3178/3415/11423 3175/3412/11424
f 3178/3415/11425 2575/2792/11426 3179/3416/11427 3175/3412/11428
f 3181/3418/11429 2206/2383/11430 3182/3419/11431 3180/3417/11432
f 3182/3419/11433 2365/2555/11434 3183/3420/11435 3180/3417/11436
f 3183/3420/11437 2576/2793/11438 3184/3421/11439 3180/3417/11440
s 107
f 3186/3423/11441 2157/2325/11442 3187/3424/11443 3185/3422/11444
s 36
f 3187/3424/9271 2451/2656/9270 3188/3425/11445 3185/3422/11446
s off
f 3188/3425/11447 2578/2795/11448 3189/3426/11449 3185/3422/11450
s 108
f 3191/3428/11451 2174/2349/11452 3192/3429/11453 3190/3427/11454
s 61
f 3192/3429/9511 2492/2707/9510 3193/3430/11455 3190/3427/11456
s off
f 3193/3430/11457 2580/2797/11458 3194/3431/11459 3190/3427/11460
f 3196/3433/11461 2158/2326/11462 3197/3434/11463 3195/3432/11464
f 3197/3434/11465 2455/2660/11466 3198/3435/11467 3195/3432/11468
f 3198/3435/11469 2581/2798/11470 3199/3436/11471 3195/3432/11472
f 3201/3438/11473 2208/2385/11474 3202/3439/11475 3200/3437/11476
f 3202/3439/11477 2584/2801/11478 3203/3440/11479 3200/3437/11480
f 3203/3440/11481 2583/2800/11482 3204/3441/11483 3200/3437/11484
f 3206/3443/11485 2178/2354/11486 3207/3444/11487 3205/3442/11488
f 3207/3444/11489 2301/2490/11490 3208/3445/11491 3205/3442/11492
f 3208/3445/11493 2586/2803/11494 3209/3446/11495 3205/3442/11496
f 3211/3448/11497 2206/2383/11498 3212/3449/11499 3210/3447/11500
f 3212/3449/11501 2355/2545/11502 3213/3450/11503 3210/3447/11504
f 3213/3450/11505 2588/2805/11506 3214/3451/11507 3210/3447/11508
f 3216/3453/11509 2211/2388/11510 3217/3454/11511 3215/3452/11512
f 3217/3454/11513 2591/2808/11514 3218/3455/11515 3215/3452/11516
f 3218/3455/11517 2590/2807/11518 3219/3456/11519 3215/3452/11520
f 3221/3458/11521 2179/2355/11522 3222/3459/11523 3220/3457/11524
f 3222/3459/11525 2505/2721/11526 3223/3460/11527 3220/3457/11528
f 3223/3460/11529 2593/2810/11530 3224/3461/11531 3220/3457/11532
f 3226/3463/11533 2152/2320/11534 3227/3464/11535 3225/3462/11536
f 3227/3464/11537 2444/2649/11538 3228/3465/11539 3225/3462/11540
f 3228/3465/11541 2594/2811/11542 3229/3466/11543 3225/3462/11544
f 3231/3468/11545 2213/2390/11546 3232/3469/11547 3230/3467/11548
f 3232/3469/11549 2597/2814/11550 3233/3470/11551 3230/3467/11552
f 3233/3470/11553 2596/2813/11554 3234/3471/11555 3230/3467/11556
f 3236/3473/11557 2180/2356/11558 3237/3474/11559 3235/3472/11560
f 3237/3474/11561 2509/2725/11562 3238/3475/11563 3235/3472/11564
f 3238/3475/11565 2599/2816/11566 3239/3476/11567 3235/3472/11568
f 3241/3478/11569 2141/2392/11570 3242/3479/11571 3240/3477/11572
f 3242/3479/11573 2419/2818/11574 3243/3481/11575 3240/3477/11576
f 3243/3481/11577 2600/2817/11578 3244/3482/11579 3240/3477/11580
f 3246/3484/11581 2209/2386/11582 3247/3485/11583 3245/3483/11584
f 3247/3485/11585 2587/2804/11586 3248/3486/11587 3245/3483/11588
f 3248/3486/11589 2602/2820/11590 3249/3487/11591 3245/3483/11592
f 3251/3489/11593 2181/2357/11594 3252/3490/11595 3250/3488/11596
f 3252/3490/11597 2513/2729/11598 3253/3491/11599 3250/3488/11600
f 3253/3491/11601 2604/2822/11602 3254/3492/11603 3250/3488/11604
f 3256/3494/11605 2083/2232/11606 3257/3495/11607 3255/3493/11608
f 3257/3495/11609 2217/2395/11610 3258/3497/11611 3255/3493/11612
f 3258/3497/11613 2215/2393/11614 2608/2826/11615 3255/3493/11616
f 2617/3499/11617 2118/2276/11618 2771/2997/11619 3259/3498/11620
f 2771/2997/11621 2218/2397/11622 3260/3500/11623 3259/3498/11624
f 3260/3500/11625 2215/2393/11626 3258/3497/11627 3259/3498/11628
f 3262/3502/11629 2117/2275/11630 3263/3503/11631 3261/3501/11632
f 3263/3503/11633 2219/2398/11634 2609/2827/11635 3261/3501/11636
f 2609/2827/11637 2215/2393/11638 3260/3500/11639 3261/3501/11640
s 109
f 3265/3505/11641 2099/2257/11642 3266/3506/11643 3264/3504/11644
s off
f 3266/3506/11645 2222/2401/11646 3267/3507/11647 3264/3504/11648
f 3267/3507/11649 2220/2399/11650 2613/2831/11651 3264/3504/11652
f 3152/3389/11653 2123/2282/11654 2786/3013/11655 3268/3508/11656
f 2786/3013/11657 2223/2402/11658 3269/3509/11659 3268/3508/11660
f 3269/3509/11661 2220/2399/11662 3267/3507/11663 3268/3508/11664
f 3271/3511/11665 2122/2281/11666 3272/3512/11667 3270/3510/11668
f 3272/3512/11669 2224/2403/11670 2614/2832/11671 3270/3510/11672
f 2614/2832/11673 2220/2399/11674 3269/3509/11675 3270/3510/11676
s 110
f 3257/3514/11677 2083/2240/11678 3274/3515/11679 3273/3513/11680
s 57
f 3274/3515/9447 2226/2406/9446 3275/3516/11681 3273/3513/11682
s off
f 3275/3516/11683 2225/2404/11684 2618/2837/11685 3273/3513/11686
s 101
f 2977/3212/10951 2127/2286/10950 2796/3023/11687 3276/3517/11688
s off
f 2796/3023/11689 2227/2407/11690 3277/3518/11691 3276/3517/11692
f 3277/3518/11693 2225/2404/11694 3275/3516/11695 3276/3517/11696
f 3279/3520/11697 2126/2285/11698 3280/3521/11699 3278/3519/11700
f 3280/3521/11701 2228/2408/11702 2619/2838/11703 3278/3519/11704
f 2619/2838/11705 2225/2404/11706 3277/3518/11707 3278/3519/11708
f 3282/3523/11709 2087/2245/11710 3283/3525/11711 3281/3522/11712
f 3283/3525/11713 2231/2412/11714 3284/3527/11715 3281/3522/11716
f 3284/3527/11717 2229/2409/11718 2623/2843/11719 3281/3522/11720
f 2917/3529/11721 2130/2290/11722 2806/3033/11723 3285/3528/11724
f 2806/3033/11725 2232/2414/11726 3286/3530/11727 3285/3528/11728
f 3286/3530/11729 2229/2409/11730 3284/3527/11731 3285/3528/11732
f 3288/3532/11733 2129/2289/11734 3289/3533/11735 3287/3531/11736
f 3289/3533/11737 2233/2415/11738 2624/2844/11739 3287/3531/11740
f 2624/2844/11741 2229/2409/11742 3286/3530/11743 3287/3531/11744
s 111
f 3291/3536/11745 2089/2238/11746 3292/3537/11747 3290/3534/11748
s 44
f 3292/3537/9351 2236/2419/9350 3293/3538/11749 3290/3534/11750
s off
f 3293/3538/11751 2234/2416/11752 2628/2849/11753 3290/3534/11754
s 94
f 2937/3171/10869 2135/2298/10868 2821/3050/11755 3294/3539/11756
s off
f 2821/3050/11757 2237/2420/11758 3295/3540/11759 3294/3539/11760
f 3295/3540/11761 2234/2416/11762 3293/3538/11763 3294/3539/11764
f 3297/3542/11765 2134/2297/11766 3298/3543/11767 3296/3541/11768
f 3298/3543/11769 2238/2421/11770 2629/2850/11771 3296/3541/11772
f 2629/2850/11773 2234/2416/11774 3295/3540/11775 3296/3541/11776
f 3300/3546/11777 2086/2235/11778 3301/3547/11779 3299/3544/11780
f 3301/3547/11781 2241/2425/11782 3302/3548/11783 3299/3544/11784
f 3302/3548/11785 2239/2422/11786 2633/2855/11787 3299/3544/11788
f 2872/3104/11789 2138/2302/11790 2831/3060/11791 3303/3549/11792
f 2831/3060/11793 2242/2426/11794 3304/3550/11795 3303/3549/11796
f 3304/3550/11797 2239/2422/11798 3302/3548/11799 3303/3549/11800
f 3306/3552/11801 2137/2301/11802 3307/3553/11803 3305/3551/11804
f 3307/3553/11805 2243/2427/11806 2634/2856/11807 3305/3551/11808
f 2634/2856/11809 2239/2422/11810 3304/3550/11811 3305/3551/11812
f 3309/3555/11813 2103/2261/11814 3310/3556/11815 3308/3554/11816
f 3310/3556/11817 2246/2430/11818 3311/3557/11819 3308/3554/11820
f 3311/3557/11821 2244/2428/11822 2638/2860/11823 3308/3554/11824
f 3072/3308/11825 2143/2310/11826 2846/3077/11827 3312/3558/11828
f 2846/3077/11829 2247/2431/11830 3313/3559/11831 3312/3558/11832
f 3313/3559/11833 2244/2428/11834 3311/3557/11835 3312/3558/11836
f 3315/3561/11837 2142/2309/11838 3316/3562/11839 3314/3560/11840
f 3316/3562/11841 2248/2432/11842 2639/2861/11843 3314/3560/11844
f 2639/2861/11845 2244/2428/11846 3313/3559/11847 3314/3560/11848
s 112
f 3318/3564/11849 2092/2248/11850 3319/3565/11851 3317/3563/11852
s 19
f 3319/3565/8967 2251/2435/8966 3320/3566/11853 3317/3563/11854
s off
f 3320/3566/11855 2249/2433/11856 2643/2865/11857 3317/3563/11858
s 81
f 2777/3004/10511 2119/2278/10510 2861/3092/11859 3321/3567/11860
s off
f 2861/3092/11861 2252/2436/11862 3322/3568/11863 3321/3567/11864
f 3322/3568/11865 2249/2433/11866 3320/3566/11867 3321/3567/11868
f 3324/3570/11869 2147/2314/11870 3325/3571/11871 3323/3569/11872
f 3325/3571/11873 2253/2437/11874 2644/2866/11875 3323/3569/11876
f 2644/2866/11877 2249/2433/11878 3322/3568/11879 3323/3569/11880
s 113
f 3327/3573/11881 2093/2249/11882 3328/3574/11883 3326/3572/11884
s 21
f 3328/3574/9003 2256/2440/9002 3329/3575/11885 3326/3572/11886
s off
f 3329/3575/11887 2254/2438/11888 2648/2870/11889 3326/3572/11890
s 82
f 2792/3019/10545 2124/2283/10544 2876/3108/11891 3330/3576/11892
s off
f 2876/3108/11893 2257/2441/11894 3331/3577/11895 3330/3576/11896
f 3331/3577/11897 2254/2438/11898 3329/3575/11899 3330/3576/11900
f 3333/3579/11901 2150/2318/11902 3334/3580/11903 3332/3578/11904
f 3334/3580/11905 2258/2442/11906 2649/2871/11907 3332/3578/11908
f 2649/2871/11909 2254/2438/11910 3331/3577/11911 3332/3578/11912
s 114
f 3336/3582/11913 2087/2236/11914 3337/3583/11915 3335/3581/11916
s off
f 3337/3583/11917 2261/2445/11918 3338/3584/11919 3335/3581/11920
f 3338/3584/11921 2259/2443/11922 2653/2875/11923 3335/3581/11924
f 3092/3328/11925 2155/2323/11926 2896/3128/11927 3339/3585/11928
f 2896/3128/11929 2262/2446/11930 3340/3586/11931 3339/3585/11932
f 3340/3586/11933 2259/2443/11934 3338/3584/11935 3339/3585/11936
f 3342/3588/11937 2154/2322/11938 3343/3589/11939 3341/3587/11940
f 3343/3589/11941 2263/2447/11942 2654/2876/11943 3341/3587/11944
f 2654/2876/11945 2259/2443/11946 3340/3586/11947 3341/3587/11948
s 111
f 3345/3591/11949 2089/2238/11746 3346/3593/11950 3344/3590/11951
s off
f 3346/3593/11952 2266/2451/11953 3347/3594/11954 3344/3590/11955
f 3347/3594/11956 2264/2448/11957 2658/2880/11958 3344/3590/11959
f 2807/3596/11960 2130/2329/11961 2916/3148/11962 3348/3595/11963
f 2916/3148/11964 2267/2452/11965 3349/3597/11966 3348/3595/11967
f 3349/3597/11968 2264/2448/11969 3347/3594/11970 3348/3595/11971
f 3351/3599/11972 2160/2328/11973 3352/3600/11974 3350/3598/11975
f 3352/3600/11976 2268/2453/11977 2659/2881/11978 3350/3598/11979
f 2659/2881/11980 2264/2448/11981 3349/3597/11982 3350/3598/11983
s 115
f 3354/3602/11984 2090/2239/11985 3355/3603/11986 3353/3601/11987
s 51
f 3355/3603/9399 2271/2456/9398 3356/3604/11988 3353/3601/11989
s off
f 3356/3604/11990 2269/2454/11991 2663/2885/11992 3353/3601/11993
s 98
f 2957/3191/10909 2163/2333/10908 2931/3165/11994 3357/3605/11995
s off
f 2931/3165/11996 2272/2457/11997 3358/3606/11998 3357/3605/11999
f 3358/3606/12000 2269/2454/12001 3356/3604/12002 3357/3605/12003
f 3360/3608/12004 2162/2332/12005 3361/3609/12006 3359/3607/12007
f 3361/3609/12008 2273/2458/12009 2664/2886/12010 3359/3607/12011
f 2664/2886/12012 2269/2454/12013 3358/3606/12014 3359/3607/12015
s 116
f 3363/3612/12016 2091/2247/12017 3364/3613/12018 3362/3610/12019
s 25
f 3364/3613/9027 2276/2462/9026 3365/3614/12020 3362/3610/12021
s off
f 3365/3614/12022 2274/2459/12023 2668/2891/12024 3362/3610/12025
s 84
f 2802/3029/10565 2128/2287/10564 2941/3175/12026 3366/3615/12027
s off
f 2941/3175/12028 2277/2463/12029 3367/3616/12030 3366/3615/12031
f 3367/3616/12032 2274/2459/12033 3365/3614/12034 3366/3615/12035
f 3369/3618/12036 2164/2334/12037 3370/3619/12038 3368/3617/12039
f 3370/3619/12040 2278/2464/12041 2669/2892/12042 3368/3617/12043
f 2669/2892/12044 2274/2459/12045 3367/3616/12046 3368/3617/12047
s 117
f 3372/3621/12048 2094/2250/12049 3373/3622/12050 3371/3620/12051
s 55
f 3373/3622/9435 2281/2467/9434 3374/3623/12052 3371/3620/12053
s off
f 3374/3623/12054 2279/2465/12055 2673/2896/12056 3371/3620/12057
s 100
f 2972/3207/10941 2167/2338/10940 2951/3185/12058 3375/3624/12059
s off
f 2951/3185/12060 2282/2468/12061 3376/3625/12062 3375/3624/12063
f 3376/3625/12064 2279/2465/12065 3374/3623/12066 3375/3624/12067
f 3378/3627/12068 2166/2337/12069 3379/3628/12070 3377/3626/12071
f 3379/3628/12072 2283/2469/12073 2674/2897/12074 3377/3626/12075
f 2674/2897/12076 2279/2465/12077 3376/3625/12078 3377/3626/12079
s 118
f 3381/3631/12080 2096/2253/12081 3382/3632/12082 3380/3629/12083
s 30
f 3382/3632/9087 2286/2473/9086 3383/3633/12084 3380/3629/12085
s off
f 3383/3633/12086 2284/2470/12087 2678/2902/12088 3380/3629/12089
s 87
f 2827/3056/10619 2136/2299/10618 2966/3201/12090 3384/3634/12091
s off
f 2966/3201/12092 2287/2474/12093 3385/3635/12094 3384/3634/12095
f 3385/3635/12096 2284/2470/12097 3383/3633/12098 3384/3634/12099
f 3387/3637/12100 2168/2340/12101 3388/3638/12102 3386/3636/12103
f 3388/3638/12104 2288/2475/12105 2679/2903/12106 3386/3636/12107
f 2679/2903/12108 2284/2470/12109 3385/3635/12110 3386/3636/12111
s 119
f 3390/3640/12112 2097/2254/12113 3391/3642/12114 3389/3639/12115
s 27
f 3391/3642/9063 2291/2479/9062 3392/3643/12116 3389/3639/12117
s off
f 3392/3643/12118 2289/2476/12119 2683/2908/12120 3389/3639/12121
s 85
f 2817/3046/10599 2132/2294/10598 2981/3216/12122 3393/3644/12123
s off
f 2981/3216/12124 2292/2480/12125 3394/3645/12126 3393/3644/12127
f 3394/3645/12128 2289/2476/12129 3392/3643/12130 3393/3644/12131
f 3396/3647/12132 2170/2343/12133 3397/3648/12134 3395/3646/12135
f 3397/3648/12136 2293/2481/12137 2684/2909/12138 3395/3646/12139
f 2684/2909/12140 2289/2476/12141 3394/3645/12142 3395/3646/12143
f 3399/3651/12144 2085/2234/12145 3400/3652/12146 3398/3649/12147
f 3400/3652/12148 2296/2485/12149 3401/3653/12150 3398/3649/12151
f 3401/3653/12152 2294/2482/12153 2688/2914/12154 3398/3649/12155
f 3167/3404/12156 2173/2348/12157 2996/3232/12158 3402/3654/12159
f 2996/3232/12160 2297/2486/12161 3403/3655/12162 3402/3654/12163
f 3403/3655/12164 2294/2482/12165 3401/3653/12166 3402/3654/12167
f 3405/3657/12168 2172/2347/12169 3406/3658/12170 3404/3656/12171
f 3406/3658/12172 2298/2487/12173 2689/2915/12174 3404/3656/12175
f 2689/2915/12176 2294/2482/12177 3403/3655/12178 3404/3656/12179
f 3408/3660/12180 2114/2271/12181 3409/3661/12182 3407/3659/12183
f 3409/3661/12184 2301/2490/12185 3410/3662/12186 3407/3659/12187
f 3410/3662/12188 2299/2488/12189 2693/2919/12190 3407/3659/12191
f 3207/3444/12192 2178/2354/12193 3021/3257/12194 3411/3663/12195
f 3021/3257/12196 2302/2491/12197 3412/3664/12198 3411/3663/12199
f 3412/3664/12200 2299/2488/12201 3410/3662/12202 3411/3663/12203
f 3414/3666/12204 2177/2353/12205 3415/3667/12206 3413/3665/12207
f 3415/3667/12208 2303/2492/12209 2694/2920/12210 3413/3665/12211
f 2694/2920/12212 2299/2488/12213 3412/3664/12214 3413/3665/12215
f 3417/3669/12216 2107/2265/12217 3418/3670/12218 3416/3668/12219
f 3418/3670/12220 2306/2495/12221 3419/3671/12222 3416/3668/12223
f 3419/3671/12224 2304/2493/12225 2698/2924/12226 3416/3668/12227
f 3132/3369/12228 2183/2359/12229 3036/3272/12230 3420/3672/12231
f 3036/3272/12232 2307/2496/12233 3421/3673/12234 3420/3672/12235
f 3421/3673/12236 2304/2493/12237 3419/3671/12238 3420/3672/12239
f 3423/3675/12240 2182/2358/12241 3424/3676/12242 3422/3674/12243
f 3424/3676/12244 2308/2497/12245 2699/2925/12246 3422/3674/12247
f 2699/2925/12248 2304/2493/12249 3421/3673/12250 3422/3674/12251
s 120
f 3426/3678/12252 2102/2260/12253 3427/3679/12254 3425/3677/12255
s off
f 3427/3679/12256 2311/2500/12257 3428/3680/12258 3425/3677/12259
f 3428/3680/12260 2309/2498/12261 2703/2929/12262 3425/3677/12263
f 3077/3313/12264 2188/2364/12265 3051/3287/12266 3429/3681/12267
f 3051/3287/12268 2312/2501/12269 3430/3682/12270 3429/3681/12271
f 3430/3682/12272 2309/2498/12273 3428/3680/12274 3429/3681/12275
f 3432/3684/12276 2187/2363/12277 3433/3685/12278 3431/3683/12279
f 3433/3685/12280 2313/2502/12281 2704/2930/12282 3431/3683/12283
f 2704/2930/12284 2309/2498/12285 3430/3682/12286 3431/3683/12287
f 3435/3687/12288 2097/2255/12289 3436/3688/12290 3434/3686/12291
f 3436/3688/12292 2316/2505/12293 3437/3689/12294 3434/3686/12295
f 3437/3689/12296 2314/2503/12297 2708/2934/12298 3434/3686/12299
f 3017/3253/12300 2176/2351/12301 3061/3297/12302 3438/3690/12303
f 3061/3297/12304 2317/2506/12305 3439/3691/12306 3438/3690/12307
f 3439/3691/12308 2314/2503/12309 3437/3689/12310 3438/3690/12311
f 3441/3693/12312 2189/2365/12313 3442/3694/12314 3440/3692/12315
f 3442/3694/12316 2318/2507/12317 2709/2935/12318 3440/3692/12319
f 2709/2935/12320 2314/2503/12321 3439/3691/12322 3440/3692/12323
f 3444/3696/12324 2101/2259/12325 3445/3697/12326 3443/3695/12327
f 3445/3697/12328 2321/2510/12329 3446/3698/12330 3443/3695/12331
f 3446/3698/12332 2319/2508/12333 2713/2939/12334 3443/3695/12335
f 3052/3288/12336 2188/2364/12337 3076/3312/12338 3447/3699/12339
f 3076/3312/12340 2322/2511/12341 3448/3700/12342 3447/3699/12343
f 3448/3700/12344 2319/2508/12345 3446/3698/12346 3447/3699/12347
f 3450/3702/12348 2192/2368/12349 3451/3703/12350 3449/3701/12351
f 3451/3703/12352 2323/2512/12353 2714/2940/12354 3449/3701/12355
f 2714/2940/12356 2319/2508/12357 3448/3700/12358 3449/3701/12359
f 3453/3705/12360 2102/2260/12361 3454/3706/12362 3452/3704/12363
f 3454/3706/12364 2326/2515/12365 3455/3707/12366 3452/3704/12367
f 3455/3707/12368 2324/2513/12369 2718/2944/12370 3452/3704/12371
f 2897/3129/12372 2155/2323/12373 3091/3327/12374 3456/3708/12375
f 3091/3327/12376 2327/2516/12377 3457/3709/12378 3456/3708/12379
f 3457/3709/12380 2324/2513/12381 3455/3707/12382 3456/3708/12383
f 3459/3711/12384 2194/2370/12385 3460/3712/12386 3458/3710/12387
f 3460/3712/12388 2328/2517/12389 2719/2945/12390 3458/3710/12391
f 2719/2945/12392 2324/2513/12393 3457/3709/12394 3458/3710/12395
f 3462/3714/12396 2087/2236/12397 3282/3715/12398 3461/3713/12399
f 3282/3715/12400 2230/2520/12401 3463/3716/12402 3461/3713/12403
f 3463/3716/12404 2329/2518/12405 2723/2949/12406 3461/3713/12407
f 2622/3718/12408 2133/2373/12409 3106/3342/12410 3464/3717/12411
f 3106/3342/12412 2331/2521/12413 3465/3719/12414 3464/3717/12415
f 3465/3719/12416 2329/2518/12417 3463/3716/12418 3464/3717/12419
f 3467/3721/12420 2196/2372/12421 3468/3722/12422 3466/3720/12423
f 3468/3722/12424 2332/2522/12425 2724/2950/12426 3466/3720/12427
f 2724/2950/12428 2329/2518/12429 3465/3719/12430 3466/3720/12431
f 3470/3724/12432 2085/2234/12433 3471/3725/12434 3469/3723/12435
f 3471/3725/12436 2335/2525/12437 3472/3726/12438 3469/3723/12439
f 3472/3726/12440 2333/2523/12441 2728/2954/12442 3469/3723/12443
f 2782/3009/12444 2120/2279/12445 3121/3358/12446 3473/3727/12447
f 3121/3358/12448 2336/2526/12449 3474/3728/12450 3473/3727/12451
f 3474/3728/12452 2333/2523/12453 3472/3726/12454 3473/3727/12455
f 3476/3730/12456 2197/2374/12457 3477/3731/12458 3475/3729/12459
f 3477/3731/12460 2337/2527/12461 2729/2955/12462 3475/3729/12463
f 2729/2955/12464 2333/2523/12465 3474/3728/12466 3475/3729/12467
f 3479/3733/12468 2092/2248/12469 3480/3734/12470 3478/3732/12471
f 3480/3734/12472 2340/2530/12473 3481/3735/12474 3478/3732/12475
f 3481/3735/12476 2338/2528/12477 2733/2959/12478 3478/3732/12479
f 2882/3114/12480 2151/2319/12481 3136/3373/12482 3482/3736/12483
f 3136/3373/12484 2341/2531/12485 3483/3737/12486 3482/3736/12487
f 3483/3737/12488 2338/2528/12489 3481/3735/12490 3482/3736/12491
f 3485/3739/12492 2200/2377/12493 3486/3740/12494 3484/3738/12495
f 3486/3740/12496 2342/2532/12497 2734/2960/12498 3484/3738/12499
f 2734/2960/12500 2338/2528/12501 3483/3737/12502 3484/3738/12503
f 3488/3742/12504 2100/2258/12505 3489/3743/12506 3487/3741/12507
f 3489/3743/12508 2345/2535/12509 3490/3744/12510 3487/3741/12511
f 3490/3744/12512 2343/2533/12513 2738/2964/12514 3487/3741/12515
f 2787/3014/12516 2123/2282/12517 3151/3388/12518 3491/3745/12519
f 3151/3388/12520 2346/2536/12521 3492/3746/12522 3491/3745/12523
f 3492/3746/12524 2343/2533/12525 3490/3744/12526 3491/3745/12527
f 3494/3748/12528 2202/2379/12529 3495/3749/12530 3493/3747/12531
f 3495/3749/12532 2347/2537/12533 2739/2965/12534 3493/3747/12535
f 2739/2965/12536 2343/2533/12537 3492/3746/12538 3493/3747/12539
f 3497/3751/12540 2099/2257/12541 3498/3752/12542 3496/3750/12543
f 3498/3752/12544 2350/2540/12545 3499/3753/12546 3496/3750/12547
f 3499/3753/12548 2348/2538/12549 2743/2969/12550 3496/3750/12551
f 2997/3233/12552 2173/2348/12553 3166/3403/12554 3500/3754/12555
f 3166/3403/12556 2351/2541/12557 3501/3755/12558 3500/3754/12559
f 3501/3755/12560 2348/2538/12561 3499/3753/12562 3500/3754/12563
f 3503/3757/12564 2204/2381/12565 3504/3758/12566 3502/3756/12567
f 3504/3758/12568 2352/2542/12569 2744/2970/12570 3502/3756/12571
f 2744/2970/12572 2348/2538/12573 3501/3755/12574 3502/3756/12575
s 121
f 3506/3760/12576 2112/2270/12577 3507/3761/12578 3505/3759/12579
s off
f 3507/3761/12580 2355/2545/12581 3508/3762/12582 3505/3759/12583
f 3508/3762/12584 2353/2543/12585 2748/2974/12586 3505/3759/12587
f 3212/3449/12588 2206/2383/12589 3181/3418/12590 3509/3763/12591
f 3181/3418/12592 2356/2546/12593 3510/3764/12594 3509/3763/12595
f 3510/3764/12596 2353/2543/12597 3508/3762/12598 3509/3763/12599
f 3512/3766/12600 2205/2382/12601 3513/3767/12602 3511/3765/12603
f 3513/3767/12604 2357/2547/12605 2749/2975/12606 3511/3765/12607
f 2749/2975/12608 2353/2543/12609 3510/3764/12610 3511/3765/12611
f 3515/3769/12612 2088/2237/12613 3516/3770/12614 3514/3768/12615
f 3516/3770/12616 2360/2550/12617 3517/3771/12618 3514/3768/12619
f 3517/3771/12620 2358/2548/12621 2753/2979/12622 3514/3768/12623
f 2912/3144/12624 2158/2326/12625 3196/3433/12626 3518/3772/12627
f 3196/3433/12628 2361/2551/12629 3519/3773/12630 3518/3772/12631
f 3519/3773/12632 2358/2548/12633 3517/3771/12634 3518/3772/12635
f 3521/3775/12636 2207/2384/12637 3522/3776/12638 3520/3774/12639
f 3522/3776/12640 2362/2552/12641 2754/2980/12642 3520/3774/12643
f 2754/2980/12644 2358/2548/12645 3519/3773/12646 3520/3774/12647
f 3524/3778/12648 2111/2269/12649 3525/3779/12650 3523/3777/12651
f 3525/3779/12652 2365/2555/12653 3526/3780/12654 3523/3777/12655
f 3526/3780/12656 2363/2553/12657 2758/2984/12658 3523/3777/12659
f 3182/3419/12660 2206/2383/12661 3211/3448/12662 3527/3781/12663
f 3211/3448/12664 2366/2556/12665 3528/3782/12666 3527/3781/12667
f 3528/3782/12668 2363/2553/12669 3526/3780/12670 3527/3781/12671
f 3530/3784/12672 2210/2387/12673 3531/3785/12674 3529/3783/12675
f 3531/3785/12676 2367/2557/12677 2759/2985/12678 3529/3783/12679
f 2759/2985/12680 2363/2553/12681 3528/3782/12682 3529/3783/12683
f 3533/3787/12684 2112/2270/12685 3534/3788/12686 3532/3786/12687
f 3534/3788/12688 2370/2560/12689 3535/3789/12690 3532/3786/12691
f 3535/3789/12692 2368/2558/12693 2763/2989/12694 3532/3786/12695
f 2892/3124/12696 2152/2320/12697 3226/3463/12698 3536/3790/12699
f 3226/3463/12700 2371/2561/12701 3537/3791/12702 3536/3790/12703
f 3537/3791/12704 2368/2558/12705 3535/3789/12706 3536/3790/12707
f 3539/3793/12708 2212/2389/12709 3540/3794/12710 3538/3792/12711
f 3540/3794/12712 2372/2562/12713 2764/2990/12714 3538/3792/12715
f 2764/2990/12716 2368/2558/12717 3537/3791/12718 3538/3792/12719
f 3542/3796/12720 2086/2235/12721 3300/3797/12722 3541/3795/12723
f 3300/3797/12724 2240/2565/12725 3543/3798/12726 3541/3795/12727
f 3543/3798/12728 2373/2563/12729 2768/2994/12730 3541/3795/12731
f 2632/3800/12732 2141/2392/12733 3241/3478/12734 3544/3799/12735
f 3241/3478/12736 2375/2566/12737 3545/3801/12738 3544/3799/12739
f 3545/3801/12740 2373/2563/12741 3543/3798/12742 3544/3799/12743
f 3547/3803/12744 2214/2391/12745 3548/3804/12746 3546/3802/12747
f 3548/3804/12748 2376/2567/12749 2769/2995/12750 3546/3802/12751
f 2769/2995/12752 2373/2563/12753 3545/3801/12754 3546/3802/12755
s 122
f 3550/3806/12756 2091/2246/12757 3551/3808/12758 3549/3805/12759
s 31
f 3551/3808/9171 2379/2571/9170 3552/3809/12760 3549/3805/12761
s off
f 3552/3809/12762 2377/2568/12763 2773/3000/12764 3549/3805/12765
s 88
f 2862/3093/10701 2119/2278/10700 2776/3003/12766 3553/3810/12767
s off
f 2776/3003/12768 2380/2572/12769 3554/3811/12770 3553/3810/12771
f 3554/3811/12772 2377/2568/12773 3552/3809/12774 3553/3810/12775
f 3556/3813/12776 2117/2275/12777 3262/3502/12778 3555/3812/12779
f 3262/3502/12780 2218/2397/12781 2774/3001/12782 3555/3812/12783
f 2774/3001/12784 2377/2568/12785 3554/3811/12786 3555/3812/12787
s 112
f 3319/3565/11851 2092/2248/11850 3558/3815/12788 3557/3814/12789
s off
f 3558/3815/12790 2382/2574/12791 3559/3816/12792 3557/3814/12793
f 3559/3816/12794 2381/2573/12795 2778/3005/12796 3557/3814/12797
f 3122/3359/12798 2120/2279/12799 2781/3008/12800 3560/3817/12801
f 2781/3008/12802 2383/2575/12803 3561/3818/12804 3560/3817/12805
f 3561/3818/12806 2381/2573/12807 3559/3816/12808 3560/3817/12809
f 3563/3820/12810 2117/2275/12811 3556/3813/12812 3562/3819/12813
f 3556/3813/12814 2380/2572/12815 2779/3006/12816 3562/3819/12817
f 2779/3006/12818 2381/2573/12819 3561/3818/12820 3562/3819/12821
f 3471/3725/12822 2085/2234/12823 3565/3822/12824 3564/3821/12825
f 3565/3822/12826 2385/2577/12827 3566/3823/12828 3564/3821/12829
f 3566/3823/12830 2384/2576/12831 2783/3010/12832 3564/3821/12833
f 2992/3228/12834 2121/2280/12835 2606/2824/12836 3567/3824/12837
f 2606/2824/12838 2219/2398/12839 3568/3825/12840 3567/3824/12841
f 3568/3825/12842 2384/2576/12843 3566/3823/12844 3567/3824/12845
f 3263/3503/12846 2117/2275/12847 3563/3820/12848 3569/3826/12849
f 3563/3820/12850 2383/2575/12851 2784/3011/12852 3569/3826/12853
f 2784/3011/12854 2384/2576/12855 3568/3825/12856 3569/3826/12857
s 123
f 3489/3743/12858 2100/2258/12859 3571/3828/12860 3570/3827/12861
s 32
f 3571/3828/9207 2387/2579/9206 3572/3829/12862 3570/3827/12863
s off
f 3572/3829/12864 2386/2578/12865 2788/3015/12866 3570/3827/12867
s 89
f 2877/3109/10735 2124/2283/10734 2791/3018/12868 3573/3830/12869
s off
f 2791/3018/12870 2388/2580/12871 3574/3831/12872 3573/3830/12873
f 3574/3831/12874 2386/2578/12875 3572/3829/12876 3573/3830/12877
f 3576/3833/12878 2122/2281/12879 3271/3511/12880 3575/3832/12881
f 3271/3511/12882 2223/2402/12883 2789/3016/12884 3575/3832/12885
f 2789/3016/12886 2386/2578/12887 3574/3831/12888 3575/3832/12889
s 113
f 3328/3574/11883 2093/2249/11882 3578/3835/12890 3577/3834/12891
s 60
f 3578/3835/9507 2390/2582/9506 3579/3836/12892 3577/3834/12893
s off
f 3579/3836/12894 2389/2581/12895 2793/3020/12896 3577/3834/12897
s 103
f 3002/3238/11007 2125/2284/11006 2611/2829/12898 3580/3837/12899
s off
f 2611/2829/12900 2224/2403/12901 3581/3838/12902 3580/3837/12903
f 3581/3838/12904 2389/2581/12905 3579/3836/12906 3580/3837/12907
f 3272/3512/12908 2122/2281/12909 3576/3833/12910 3582/3839/12911
f 3576/3833/12912 2388/2580/12913 2794/3021/12914 3582/3839/12915
f 2794/3021/12916 2389/2581/12917 3581/3838/12918 3582/3839/12919
s 117
f 3584/3841/12920 2094/2250/12049 3585/3842/12921 3583/3840/12922
s 46
f 3585/3842/9363 2393/2585/9362 3586/3843/12923 3583/3840/12924
s off
f 3586/3843/12925 2391/2583/12926 2798/3025/12927 3583/3840/12928
s 95
f 2942/3176/10879 2128/2287/10878 2801/3028/12929 3587/3844/12930
s off
f 2801/3028/12931 2394/2586/12932 3588/3845/12933 3587/3844/12934
f 3588/3845/12935 2391/2583/12936 3586/3843/12937 3587/3844/12938
f 3590/3847/12939 2126/2285/12940 3279/3520/12941 3589/3846/12942
f 3279/3520/12943 2227/2407/12944 2799/3026/12945 3589/3846/12946
f 2799/3026/12947 2391/2583/12948 3588/3845/12949 3589/3846/12950
s 116
f 3364/3613/12018 2091/2247/12017 3550/3849/12951 3591/3848/12952
s off
f 3550/3849/12953 2378/2588/12954 3592/3850/12955 3591/3848/12956
f 3592/3850/12957 2395/2587/12958 2803/3030/12959 3591/3848/12960
f 2772/3852/12961 2118/2288/12962 2616/2834/12963 3593/3851/12964
f 2616/2834/12965 2228/2408/12966 3594/3853/12967 3593/3851/12968
f 3594/3853/12969 2395/2587/12970 3592/3850/12971 3593/3851/12972
f 3280/3521/12973 2126/2285/12974 3590/3847/12975 3595/3854/12976
f 3590/3847/12977 2394/2586/12978 2804/3031/12979 3595/3854/12980
f 2804/3031/12981 2395/2587/12982 3594/3853/12983 3595/3854/12984
f 3346/3856/12985 2089/2244/12986 3291/3857/12987 3596/3855/12988
f 3291/3857/12989 2235/2591/12990 3597/3858/12991 3596/3855/12992
f 3597/3858/12993 2396/2589/12994 2808/3036/12995 3596/3855/12996
f 2627/3860/12997 2131/2292/12998 2811/3039/12999 3598/3859/13000
f 2811/3039/13001 2397/2592/13002 3599/3861/13003 3598/3859/13004
f 3599/3861/13005 2396/2589/13006 3597/3858/13007 3598/3859/13008
f 3601/3863/13009 2129/2289/13010 3288/3532/13011 3600/3862/13012
f 3288/3532/13013 2232/2414/13014 2809/3037/13015 3600/3862/13016
f 2809/3037/13017 2396/2589/13018 3599/3861/13019 3600/3862/13020
s 124
f 3603/3865/13021 2096/2252/13022 3604/3867/13023 3602/3864/13024
s 58
f 3604/3867/9459 2400/2596/9458 3605/3868/13025 3602/3864/13026
s off
f 3605/3868/13027 2398/2593/13028 2813/3042/13029 3602/3864/13030
s 102
f 2982/3217/10961 2132/2294/10960 2816/3045/13031 3606/3869/13032
s off
f 2816/3045/13033 2401/2597/13034 3607/3870/13035 3606/3869/13036
f 3607/3870/13037 2398/2593/13038 3605/3868/13039 3606/3869/13040
f 3609/3872/13041 2129/2289/13042 3601/3863/13043 3608/3871/13044
f 3601/3863/13045 2397/2592/13046 2814/3043/13047 3608/3871/13048
f 2814/3043/13049 2398/2593/13050 3607/3870/13051 3608/3871/13052
s 119
f 3391/3642/12114 2097/2254/12113 3611/3874/13053 3610/3873/13054
s off
f 3611/3874/13055 2403/2599/13056 3612/3876/13057 3610/3873/13058
f 3612/3876/13059 2402/2598/13060 2818/3047/13061 3610/3873/13062
f 3107/3878/13063 2133/2295/13064 2621/2840/13065 3613/3877/13066
f 2621/2840/13067 2233/2415/13068 3614/3879/13069 3613/3877/13070
f 3614/3879/13071 2402/2598/13072 3612/3876/13073 3613/3877/13074
f 3289/3533/13075 2129/2289/13076 3609/3872/13077 3615/3880/13078
f 3609/3872/13079 2401/2597/13080 2819/3048/13081 3615/3880/13082
f 2819/3048/13083 2402/2598/13084 3614/3879/13085 3615/3880/13086
s 125
f 3617/3882/13087 2095/2251/13088 3618/3883/13089 3616/3881/13090
s 53
f 3618/3883/9423 2406/2603/9422 3619/3884/13091 3616/3881/13092
s off
f 3619/3884/13093 2404/2601/13094 2823/3052/13095 3616/3881/13096
s 99
f 2967/3202/10931 2136/2299/10930 2826/3055/13097 3620/3885/13098
s off
f 2826/3055/13099 2407/2604/13100 3621/3886/13101 3620/3885/13102
f 3621/3886/13103 2404/2601/13104 3619/3884/13105 3620/3885/13106
f 3623/3888/13107 2134/2297/13108 3297/3542/13109 3622/3887/13110
f 3297/3542/13111 2237/2420/13112 2824/3053/13113 3622/3887/13114
f 2824/3053/13115 2404/2601/13116 3621/3886/13117 3622/3887/13118
s 118
f 3382/3632/12082 2096/2253/12081 3603/3890/13119 3624/3889/13120
s off
f 3603/3890/13121 2399/2606/13122 3625/3891/13123 3624/3889/13124
f 3625/3891/13125 2408/2605/13126 2828/3057/13127 3624/3889/13128
f 2812/3893/13129 2131/2300/13130 2626/2846/13131 3626/3892/13132
f 2626/2846/13133 2238/2421/13134 3627/3894/13135 3626/3892/13136
f 3627/3894/13137 2408/2605/13138 3625/3891/13139 3626/3892/13140
f 3298/3543/13141 2134/2297/13142 3623/3888/13143 3628/3895/13144
f 3623/3888/13145 2407/2604/13146 2829/3058/13147 3628/3895/13148
f 2829/3058/13149 2408/2605/13150 3627/3894/13151 3628/3895/13152
f 3630/3897/13153 2084/2233/13154 3631/3899/13155 3629/3896/13156
f 3631/3899/13157 2411/2610/13158 3632/3900/13159 3629/3896/13160
f 3632/3900/13161 2409/2607/13162 2833/3062/13163 3629/3896/13164
f 2962/3902/13165 2139/2304/13166 2836/3065/13167 3633/3901/13168
f 2836/3065/13169 2412/2611/13170 3634/3903/13171 3633/3901/13172
f 3634/3903/13173 2409/2607/13174 3632/3900/13175 3633/3901/13176
f 3636/3905/13177 2137/2301/13178 3306/3552/13179 3635/3904/13180
f 3306/3552/13181 2242/2426/13182 2834/3063/13183 3635/3904/13184
f 2834/3063/13185 2409/2607/13186 3634/3903/13187 3635/3904/13188
f 3638/3908/13189 2090/2242/13190 3639/3910/13191 3637/3906/13192
f 3639/3910/13193 2415/2616/13194 3640/3911/13195 3637/3906/13196
f 3640/3911/13197 2413/2612/13198 2838/3068/13199 3637/3906/13200
f 2927/3913/13201 2140/2306/13202 2841/3071/13203 3641/3912/13204
f 2841/3071/13205 2416/2617/13206 3642/3914/13207 3641/3912/13208
f 3642/3914/13209 2413/2612/13210 3640/3911/13211 3641/3912/13212
f 3644/3916/13213 2137/2301/13214 3636/3905/13215 3643/3915/13216
f 3636/3905/13217 2412/2611/13218 2839/3069/13219 3643/3915/13220
f 2839/3069/13221 2413/2612/13222 3642/3914/13223 3643/3915/13224
f 3646/3919/13225 2088/2243/13226 3647/3921/13227 3645/3917/13228
f 3647/3921/13229 2419/2622/13230 3648/3922/13231 3645/3917/13232
f 3648/3922/13233 2417/2618/13234 2843/3074/13235 3645/3917/13236
f 3242/3924/13237 2141/2308/13238 2631/2852/13239 3649/3923/13240
f 2631/2852/13241 2243/2427/13242 3650/3925/13243 3649/3923/13244
f 3650/3925/13245 2417/2618/13246 3648/3922/13247 3649/3923/13248
f 3307/3553/13249 2137/2301/13250 3644/3916/13251 3651/3926/13252
f 3644/3916/13253 2416/2617/13254 2844/3075/13255 3651/3926/13256
f 2844/3075/13257 2417/2618/13258 3650/3925/13259 3651/3926/13260
f 3653/3928/13261 2104/2262/13262 3654/3929/13263 3652/3927/13264
f 3654/3929/13265 2422/2625/13266 3655/3930/13267 3652/3927/13268
f 3655/3930/13269 2420/2623/13270 2848/3079/13271 3652/3927/13272
f 3087/3323/13273 2144/2311/13274 2851/3082/13275 3656/3931/13276
f 2851/3082/13277 2423/2626/13278 3657/3932/13279 3656/3931/13280
f 3657/3932/13281 2420/2623/13282 3655/3930/13283 3656/3931/13284
f 3659/3934/13285 2142/2309/13286 3315/3561/13287 3658/3933/13288
f 3315/3561/13289 2247/2431/13290 2849/3080/13291 3658/3933/13292
f 2849/3080/13293 2420/2623/13294 3657/3932/13295 3658/3933/13296
f 3661/3936/13297 2105/2263/13298 3662/3937/13299 3660/3935/13300
f 3662/3937/13301 2426/2629/13302 3663/3938/13303 3660/3935/13304
f 3663/3938/13305 2424/2627/13306 2853/3084/13307 3660/3935/13308
f 3102/3338/13309 2145/2312/13310 2856/3087/13311 3664/3939/13312
f 2856/3087/13313 2427/2630/13314 3665/3940/13315 3664/3939/13316
f 3665/3940/13317 2424/2627/13318 3663/3938/13319 3664/3939/13320
f 3667/3942/13321 2142/2309/13322 3659/3934/13323 3666/3941/13324
f 3659/3934/13325 2423/2626/13326 2854/3085/13327 3666/3941/13328
f 2854/3085/13329 2424/2627/13330 3665/3940/13331 3666/3941/13332
f 3669/3944/13333 2106/2264/13334 3670/3945/13335 3668/3943/13336
f 3670/3945/13337 2430/2633/13338 3671/3946/13339 3668/3943/13340
f 3671/3946/13341 2428/2631/13342 2858/3089/13343 3668/3943/13344
f 3117/3354/13345 2146/2313/13346 2636/2858/13347 3672/3947/13348
f 2636/2858/13349 2248/2432/13350 3673/3948/13351 3672/3947/13352
f 3673/3948/13353 2428/2631/13354 3671/3946/13355 3672/3947/13356
f 3316/3562/13357 2142/2309/13358 3667/3942/13359 3674/3949/13360
f 3667/3942/13361 2427/2630/13362 2859/3090/13363 3674/3949/13364
f 2859/3090/13365 2428/2631/13366 3673/3948/13367 3674/3949/13368
s 122
f 3551/3808/12758 2091/2246/12757 3363/3951/13369 3675/3950/13370
s off
f 3363/3951/13371 2275/2635/13372 3676/3952/13373 3675/3950/13374
f 3676/3952/13375 2431/2634/13376 2863/3094/13377 3675/3950/13378
f 2667/3954/13379 2148/2315/13380 2866/3097/13381 3677/3953/13382
f 2866/3097/13383 2432/2636/13384 3678/3955/13385 3677/3953/13386
f 3678/3955/13387 2431/2634/13388 3676/3952/13389 3677/3953/13390
f 3680/3957/13391 2147/2314/13392 3324/3570/13393 3679/3956/13394
f 3324/3570/13395 2252/2436/13396 2864/3095/13397 3679/3956/13398
f 2864/3095/13399 2431/2634/13400 3678/3955/13401 3679/3956/13402
f 3682/3959/13403 2084/2233/13404 3630/3897/13405 3681/3958/13406
f 3630/3897/13407 2410/2608/13408 3683/3961/13409 3681/3958/13410
f 3683/3961/13411 2433/2637/13412 2868/3100/13413 3681/3958/13414
f 2832/3061/13415 2138/2302/13416 2871/3103/13417 3684/3962/13418
f 2871/3103/13419 2435/2640/13420 3685/3963/13421 3684/3962/13422
f 3685/3963/13423 2433/2637/13424 3683/3961/13425 3684/3962/13426
f 3687/3965/13427 2147/2314/13428 3680/3957/13429 3686/3964/13430
f 3680/3957/13431 2432/2636/13432 2869/3101/13433 3686/3964/13434
f 2869/3101/13435 2433/2637/13436 3685/3963/13437 3686/3964/13438
f 3301/3547/13439 2086/2235/13440 3689/3967/13441 3688/3966/13442
f 3689/3967/13443 2437/2642/13444 3690/3968/13445 3688/3966/13446
f 3690/3968/13447 2436/2641/13448 2873/3105/13449 3688/3966/13450
f 2887/3119/13451 2149/2317/13452 2641/2863/13453 3691/3969/13454
f 2641/2863/13455 2253/2437/13456 3692/3970/13457 3691/3969/13458
f 3692/3970/13459 2436/2641/13460 3690/3968/13461 3691/3969/13462
f 3325/3571/13463 2147/2314/13464 3687/3965/13465 3693/3971/13466
f 3687/3965/13467 2435/2640/13468 2874/3106/13469 3693/3971/13470
f 2874/3106/13471 2436/2641/13472 3692/3970/13473 3693/3971/13474
s 123
f 3571/3828/12860 2100/2258/12859 3695/3973/13475 3694/3972/13476
s off
f 3695/3973/13477 2439/2644/13478 3696/3974/13479 3694/3972/13480
f 3696/3974/13481 2438/2643/13482 2878/3110/13483 3694/3972/13484
f 3137/3374/13485 2151/2319/13486 2881/3113/13487 3697/3975/13488
f 2881/3113/13489 2440/2645/13490 3698/3976/13491 3697/3975/13492
f 3698/3976/13493 2438/2643/13494 3696/3974/13495 3697/3975/13496
f 3700/3978/13497 2150/2318/13498 3333/3579/13499 3699/3977/13500
f 3333/3579/13501 2257/2441/13502 2879/3111/13503 3699/3977/13504
f 2879/3111/13505 2438/2643/13506 3698/3976/13507 3699/3977/13508
f 3480/3734/13509 2092/2248/13510 3318/3564/13511 3701/3979/13512
f 3318/3564/13513 2250/2434/13514 3702/3980/13515 3701/3979/13516
f 3702/3980/13517 2441/2646/13518 2883/3115/13519 3701/3979/13520
f 2642/2864/13521 2149/2317/13522 2886/3118/13523 3703/3981/13524
f 2886/3118/13525 2442/2647/13526 3704/3982/13527 3703/3981/13528
f 3704/3982/13529 2441/2646/13530 3702/3980/13531 3703/3981/13532
f 3706/3984/13533 2150/2318/13534 3700/3978/13535 3705/3983/13536
f 3700/3978/13537 2440/2645/13538 2884/3116/13539 3705/3983/13540
f 2884/3116/13541 2441/2646/13542 3704/3982/13543 3705/3983/13544
f 3689/3967/13545 2086/2235/13546 3708/3986/13547 3707/3985/13548
f 3708/3986/13549 2444/2649/13550 3709/3987/13551 3707/3985/13552
f 3709/3987/13553 2443/2648/13554 2888/3120/13555 3707/3985/13556
f 3227/3464/13557 2152/2320/13558 2891/3123/13559 3710/3988/13560
f 2891/3123/13561 2445/2650/13562 3711/3989/13563 3710/3988/13564
f 3711/3989/13565 2443/2648/13566 3709/3987/13567 3710/3988/13568
f 3713/3991/13569 2150/2318/13570 3706/3984/13571 3712/3990/13572
f 3706/3984/13573 2442/2647/13574 2889/3121/13575 3712/3990/13576
f 2889/3121/13577 2443/2648/13578 3711/3989/13579 3712/3990/13580
s 121
f 3534/3788/13581 2112/2270/12577 3506/3760/12576 3714/3992/13582
s 17
f 3506/3760/8895 2354/2544/8894 3715/3993/13583 3714/3992/13584
s off
f 3715/3993/13585 2446/2651/13586 2893/3125/13587 3714/3992/13588
s 80
f 2747/2973/10441 2153/2321/10440 2646/2868/13589 3716/3994/13590
s off
f 2646/2868/13591 2258/2442/13592 3717/3995/13593 3716/3994/13594
f 3717/3995/13595 2446/2651/13596 3715/3993/13597 3716/3994/13598
f 3334/3580/13599 2150/2318/13600 3713/3991/13601 3718/3996/13602
f 3713/3991/13603 2445/2650/13604 2894/3126/13605 3718/3996/13606
f 2894/3126/13607 2446/2651/13608 3717/3995/13609 3718/3996/13610
s 120
f 3454/3706/13611 2102/2260/12253 3426/3678/12252 3719/3997/13612
s 16
f 3426/3678/8787 2310/2499/8786 3720/3998/13613 3719/3997/13614
s off
f 3720/3998/13615 2447/2652/13616 2898/3130/13617 3719/3997/13618
s 79
f 2702/2928/10335 2156/2324/10334 2901/3133/13619 3721/3999/13620
s off
f 2901/3133/13621 2448/2653/13622 3722/4000/13623 3721/3999/13624
f 3722/4000/13625 2447/2652/13626 3720/3998/13627 3721/3999/13628
f 3724/4002/13629 2154/2322/13630 3342/3588/13631 3723/4001/13632
f 3342/3588/13633 2262/2446/13634 2899/3131/13635 3723/4001/13636
f 2899/3131/13637 2447/2652/13638 3722/4000/13639 3723/4001/13640
s 126
f 3726/4004/13641 2098/2256/13642 3727/4005/13643 3725/4003/13644
s 69
f 3727/4005/9951 2451/2656/9950 3728/4006/13645 3725/4003/13646
s off
f 3728/4006/13647 2449/2654/13648 2903/3135/13649 3725/4003/13650
s 107
f 3187/3424/11443 2157/2325/11442 2906/3138/13651 3729/4007/13652
s off
f 2906/3138/13653 2452/2657/13654 3730/4008/13655 3729/4007/13656
f 3730/4008/13657 2449/2654/13658 3728/4006/13659 3729/4007/13660
f 3732/4010/13661 2154/2322/13662 3724/4002/13663 3731/4009/13664
f 3724/4002/13665 2448/2653/13666 2904/3136/13667 3731/4009/13668
f 2904/3136/13669 2449/2654/13670 3730/4008/13671 3731/4009/13672
s 127
f 3734/4012/13673 2111/2269/13674 3735/4013/13675 3733/4011/13676
s off
f 3735/4013/13677 2455/2660/13678 3736/4014/13679 3733/4011/13680
f 3736/4014/13681 2453/2658/13682 2908/3140/13683 3733/4011/13684
f 3197/3434/13685 2158/2326/13686 2911/3143/13687 3737/4015/13688
f 2911/3143/13689 2456/2661/13690 3738/4016/13691 3737/4015/13692
f 3738/4016/13693 2453/2658/13694 3736/4014/13695 3737/4015/13696
f 3740/4018/13697 2154/2322/13698 3732/4010/13699 3739/4017/13700
f 3732/4010/13701 2452/2657/13702 2909/3141/13703 3739/4017/13704
f 2909/3141/13705 2453/2658/13706 3738/4016/13707 3739/4017/13708
s 128
f 3516/3770/13709 2088/2237/13710 3742/4020/13711 3741/4019/13712
s 40
f 3742/4020/9315 2458/2663/9314 3743/4021/13713 3741/4019/13714
s off
f 3743/4021/13715 2457/2662/13716 2913/3145/13717 3741/4019/13718
s 92
f 2922/3155/10837 2159/2327/10836 2651/2873/13719 3744/4022/13720
s off
f 2651/2873/13721 2263/2447/13722 3745/4023/13723 3744/4022/13724
f 3745/4023/13725 2457/2662/13726 3743/4021/13727 3744/4022/13728
f 3343/3589/13729 2154/2322/13730 3740/4018/13731 3746/4024/13732
f 3740/4018/13733 2456/2661/13734 2914/3146/13735 3746/4024/13736
f 2914/3146/13737 2457/2662/13738 3745/4023/13739 3746/4024/13740
s 114
f 3283/4026/13741 2087/2236/11914 3336/3582/11913 3747/4025/13742
s 7
f 3336/3582/8667 2260/2444/8666 3748/4027/13743 3747/4025/13744
s off
f 3748/4027/13745 2459/2664/13746 2918/3151/13747 3747/4025/13748
s 75
f 2652/2874/10223 2159/2327/10222 2921/3154/13749 3749/4028/13750
s off
f 2921/3154/13751 2460/2666/13752 3750/4029/13753 3749/4028/13754
f 3750/4029/13755 2459/2664/13756 3748/4027/13757 3749/4028/13758
f 3752/4031/13759 2160/2328/13760 3351/3599/13761 3751/4030/13762
f 3351/3599/13763 2267/2452/13764 2919/3152/13765 3751/4030/13766
f 2919/3152/13767 2459/2664/13768 3750/4029/13769 3751/4030/13770
s 128
f 3742/4020/13711 2088/2237/13710 3646/4033/13771 3753/4032/13772
s off
f 3646/4033/13773 2418/2668/13774 3754/4034/13775 3753/4032/13776
f 3754/4034/13777 2461/2667/13778 2923/3156/13779 3753/4032/13780
f 2842/4036/13781 2140/2330/13782 2926/3159/13783 3755/4035/13784
f 2926/3159/13785 2462/2669/13786 3756/4037/13787 3755/4035/13788
f 3756/4037/13789 2461/2667/13790 3754/4034/13791 3755/4035/13792
f 3758/4039/13793 2160/2328/13794 3752/4031/13795 3757/4038/13796
f 3752/4031/13797 2460/2666/13798 2924/3157/13799 3757/4038/13800
f 2924/3157/13801 2461/2667/13802 3756/4037/13803 3757/4038/13804
s 115
f 3639/4041/13805 2090/2239/11985 3354/3602/11984 3759/4040/13806
s 9
f 3354/3602/8691 2270/2455/8690 3760/4042/13807 3759/4040/13808
s off
f 3760/4042/13809 2463/2670/13810 2928/3162/13811 3759/4040/13812
s 77
f 2662/2884/10243 2161/2331/10242 2656/2878/13813 3761/4043/13814
s off
f 2656/2878/13815 2268/2453/13816 3762/4044/13817 3761/4043/13818
f 3762/4044/13819 2463/2670/13820 3760/4042/13821 3761/4043/13822
f 3352/3600/13823 2160/2328/13824 3758/4039/13825 3763/4045/13826
f 3758/4039/13827 2462/2669/13828 2929/3163/13829 3763/4045/13830
f 2929/3163/13831 2463/2670/13832 3762/4044/13833 3763/4045/13834
s 125
f 3765/4047/13835 2095/2251/13088 3617/3882/13087 3764/4046/13836
s 28
f 3617/3882/9075 2405/2602/9074 3766/4048/13837 3764/4046/13838
s off
f 3766/4048/13839 2464/2672/13840 2933/3167/13841 3764/4046/13842
s 86
f 2822/3051/10609 2135/2298/10608 2936/3170/13843 3767/4049/13844
s off
f 2936/3170/13845 2466/2674/13846 3768/4050/13847 3767/4049/13848
f 3768/4050/13849 2464/2672/13850 3766/4048/13851 3767/4049/13852
f 3770/4052/13853 2162/2332/13854 3360/3608/13855 3769/4051/13856
f 3360/3608/13857 2272/2457/13858 2934/3168/13859 3769/4051/13860
f 2934/3168/13861 2464/2672/13862 3768/4050/13863 3769/4051/13864
s 111
f 3292/3537/11747 2089/2238/11746 3345/3591/11949 3771/4053/13865
s 8
f 3345/3591/8679 2265/2449/8678 3772/4054/13866 3771/4053/13867
s off
f 3772/4054/13868 2467/2675/13869 2938/3172/13870 3771/4053/13871
s 76
f 2657/2879/10233 2161/2331/10232 2661/2883/13872 3773/4055/13873
s off
f 2661/2883/13874 2273/2458/13875 3774/4056/13876 3773/4055/13877
f 3774/4056/13878 2467/2675/13879 3772/4054/13880 3773/4055/13881
f 3361/3609/13882 2162/2332/13883 3770/4052/13884 3775/4057/13885
f 3770/4052/13886 2466/2674/13887 2939/3173/13888 3775/4057/13889
f 2939/3173/13890 2467/2675/13891 3774/4056/13892 3775/4057/13893
s 117
f 3585/3842/12921 2094/2250/12049 3372/3621/12048 3776/4058/13894
s 12
f 3372/3621/8715 2280/2466/8714 3777/4059/13895 3776/4058/13896
s off
f 3777/4059/13897 2468/2676/13898 2943/3177/13899 3776/4058/13900
s 78
f 2672/2895/10265 2165/2335/10264 2946/3180/13901 3778/4060/13902
s off
f 2946/3180/13903 2469/2677/13904 3779/4061/13905 3778/4060/13906
f 3779/4061/13907 2468/2676/13908 3777/4059/13909 3778/4060/13910
f 3781/4063/13911 2164/2334/13912 3369/3618/13913 3780/4062/13914
f 3369/3618/13915 2277/2463/13916 2944/3178/13917 3780/4062/13918
f 2944/3178/13919 2468/2676/13920 3779/4061/13921 3780/4062/13922
s 129
f 3783/4065/13923 2084/2241/13924 3682/4066/13925 3782/4064/13926
s off
f 3682/4066/13927 2434/2680/13928 3784/4067/13929 3782/4064/13930
f 3784/4067/13931 2470/2678/13932 2948/3182/13933 3782/4064/13934
f 2867/4069/13935 2148/2336/13936 2666/2888/13937 3785/4068/13938
f 2666/2888/13939 2278/2464/13940 3786/4070/13941 3785/4068/13942
f 3786/4070/13943 2470/2678/13944 3784/4067/13945 3785/4068/13946
f 3370/3619/13947 2164/2334/13948 3781/4063/13949 3787/4071/13950
f 3781/4063/13951 2469/2677/13952 2949/3183/13953 3787/4071/13954
f 2949/3183/13955 2470/2678/13956 3786/4070/13957 3787/4071/13958
s 125
f 3789/4073/13959 2095/2251/13088 3765/4047/13835 3788/4072/13960
s 42
f 3765/4047/9339 2465/2673/9338 3790/4074/13961 3788/4072/13962
s off
f 3790/4074/13963 2472/2681/13964 2953/3187/13965 3788/4072/13966
s 93
f 2932/3166/10859 2163/2333/10858 2956/3190/13967 3791/4075/13968
s off
f 2956/3190/13969 2474/2683/13970 3792/4076/13971 3791/4075/13972
f 3792/4076/13973 2472/2681/13974 3790/4074/13975 3791/4075/13976
f 3794/4078/13977 2166/2337/13978 3378/3627/13979 3793/4077/13980
f 3378/3627/13981 2282/2468/13982 2954/3188/13983 3793/4077/13984
f 2954/3188/13985 2472/2681/13986 3792/4076/13987 3793/4077/13988
s 115
f 3355/3603/11986 2090/2239/11985 3638/4080/13989 3795/4079/13990
s off
f 3638/4080/13991 2414/2685/13992 3796/4081/13993 3795/4079/13994
f 3796/4081/13995 2475/2684/13996 2958/3192/13997 3795/4079/13998
f 2837/4083/13999 2139/2339/14000 2961/3195/14001 3797/4082/14002
f 2961/3195/14003 2476/2686/14004 3798/4084/14005 3797/4082/14006
f 3798/4084/14007 2475/2684/14008 3796/4081/14009 3797/4082/14010
f 3800/4086/14011 2166/2337/14012 3794/4078/14013 3799/4085/14014
f 3794/4078/14015 2474/2683/14016 2959/3193/14017 3799/4085/14018
f 2959/3193/14019 2475/2684/14020 3798/4084/14021 3799/4085/14022
s 129
f 3631/4088/14023 2084/2241/13924 3783/4065/13923 3801/4087/14024
s 48
f 3783/4065/9375 2471/2679/9374 3802/4089/14025 3801/4087/14026
s off
f 3802/4089/14027 2477/2687/14028 2963/3198/14029 3801/4087/14030
s 96
f 2947/3181/10889 2165/2335/10888 2671/2894/14031 3803/4090/14032
s off
f 2671/2894/14033 2283/2469/14034 3804/4091/14035 3803/4090/14036
f 3804/4091/14037 2477/2687/14038 3802/4089/14039 3803/4090/14040
f 3379/3628/14041 2166/2337/14042 3800/4086/14043 3805/4092/14044
f 3800/4086/14045 2476/2686/14046 2964/3199/14047 3805/4092/14048
f 2964/3199/14049 2477/2687/14050 3804/4091/14051 3805/4092/14052
s 125
f 3618/3883/13089 2095/2251/13088 3789/4073/13959 3806/4093/14053
s 49
f 3789/4073/9387 2473/2682/9386 3807/4094/14054 3806/4093/14055
s off
f 3807/4094/14056 2478/2689/14057 2968/3203/14058 3806/4093/14059
s 97
f 2952/3186/10899 2167/2338/10898 2971/3206/14060 3808/4095/14061
s off
f 2971/3206/14062 2479/2690/14063 3809/4096/14064 3808/4095/14065
f 3809/4096/14066 2478/2689/14067 3807/4094/14068 3808/4095/14069
f 3811/4098/14070 2168/2340/14071 3387/3637/14072 3810/4097/14073
f 3387/3637/14074 2287/2474/14075 2969/3204/14076 3810/4097/14077
f 2969/3204/14078 2478/2689/14079 3809/4096/14080 3810/4097/14081
s 117
f 3373/3622/12050 2094/2250/12049 3584/3841/12920 3812/4099/14082
s 23
f 3584/3841/9015 2392/2584/9014 3813/4100/14083 3812/4099/14084
s off
f 3813/4100/14085 2480/2691/14086 2973/3208/14087 3812/4099/14088
s 83
f 2797/3024/10555 2127/2286/10554 2976/3211/14089 3814/4101/14090
s off
f 2976/3211/14091 2481/2692/14092 3815/4102/14093 3814/4101/14094
f 3815/4102/14095 2480/2691/14096 3813/4100/14097 3814/4101/14098
f 3817/4104/14099 2168/2340/14100 3811/4098/14101 3816/4103/14102
f 3811/4098/14103 2479/2690/14104 2974/3209/14105 3816/4103/14106
f 2974/3209/14107 2480/2691/14108 3815/4102/14109 3816/4103/14110
s 110
f 3274/3515/11679 2083/2240/11678 3819/4107/14111 3818/4105/14112
s off
f 3819/4107/14113 2483/2695/14114 3820/4108/14115 3818/4105/14116
f 3820/4108/14117 2482/2693/14118 2978/3213/14119 3818/4105/14120
f 2987/4110/14121 2169/2342/14122 2676/2899/14123 3821/4109/14124
f 2676/2899/14125 2288/2475/14126 3822/4111/14127 3821/4109/14128
f 3822/4111/14129 2482/2693/14130 3820/4108/14131 3821/4109/14132
f 3388/3638/14133 2168/2340/14134 3817/4104/14135 3823/4112/14136
f 3817/4104/14137 2481/2692/14138 2979/3214/14139 3823/4112/14140
f 2979/3214/14141 2482/2693/14142 3822/4111/14143 3823/4112/14144
s 124
f 3604/3867/13023 2096/2252/13022 3381/4114/14145 3824/4113/14146
s off
f 3381/4114/14147 2285/2697/14148 3825/4115/14149 3824/4113/14150
f 3825/4115/14151 2484/2696/14152 2983/3218/14153 3824/4113/14154
f 2677/4117/14155 2169/2344/14156 2986/3221/14157 3826/4116/14158
f 2986/3221/14159 2485/2698/14160 3827/4118/14161 3826/4116/14162
f 3827/4118/14163 2484/2696/14164 3825/4115/14165 3826/4116/14166
f 3829/4120/14167 2170/2343/14168 3396/3647/14169 3828/4119/14170
f 3396/3647/14171 2292/2480/14172 2984/3219/14173 3828/4119/14174
f 2984/3219/14175 2484/2696/14176 3827/4118/14177 3828/4119/14178
f 3819/4122/14179 2083/2232/14180 3256/3494/14181 3830/4121/14182
f 3256/3494/14183 2216/2394/14184 3831/4123/14185 3830/4121/14186
f 3831/4123/14187 2486/2699/14188 2988/3224/14189 3830/4121/14190
f 2607/2825/14191 2121/2280/14192 2991/3227/14193 3832/4124/14194
f 2991/3227/14195 2487/2701/14196 3833/4125/14197 3832/4124/14198
f 3833/4125/14199 2486/2699/14200 3831/4123/14201 3832/4124/14202
f 3835/4127/14203 2170/2343/14204 3829/4120/14205 3834/4126/14206
f 3829/4120/14207 2485/2698/14208 2989/3225/14209 3834/4126/14210
f 2989/3225/14211 2486/2699/14212 3833/4125/14213 3834/4126/14214
f 3565/3822/14215 2085/2234/14216 3399/4129/14217 3836/4128/14218
f 3399/4129/14219 2295/2703/14220 3837/4130/14221 3836/4128/14222
f 3837/4130/14223 2488/2702/14224 2993/3229/14225 3836/4128/14226
f 2687/4132/14227 2171/2345/14228 2681/2905/14229 3838/4131/14230
f 2681/2905/14231 2293/2481/14232 3839/4133/14233 3838/4131/14234
f 3839/4133/14235 2488/2702/14236 3837/4130/14237 3838/4131/14238
f 3397/3648/14239 2170/2343/14240 3835/4127/14241 3840/4134/14242
f 3835/4127/14243 2487/2701/14244 2994/3230/14245 3840/4134/14246
f 2994/3230/14247 2488/2702/14248 3839/4133/14249 3840/4134/14250
s 109
f 3498/3752/14251 2099/2257/11642 3265/3505/11641 3841/4135/14252
s 1
f 3265/3505/8571 2221/2400/8570 3842/4136/14253 3841/4135/14254
s off
f 3842/4136/14255 2489/2704/14256 2998/3234/14257 3841/4135/14258
s 73
f 2612/2830/10131 2125/2284/10130 3001/3237/14259 3843/4137/14260
s off
f 3001/3237/14261 2490/2705/14262 3844/4138/14263 3843/4137/14264
f 3844/4138/14265 2489/2704/14266 3842/4136/14267 3843/4137/14268
f 3846/4140/14269 2172/2347/14270 3405/3657/14271 3845/4139/14272
f 3405/3657/14273 2297/2486/14274 2999/3235/14275 3845/4139/14276
f 2999/3235/14277 2489/2704/14278 3844/4138/14279 3845/4139/14280
s 113
f 3578/3835/12890 2093/2249/11882 3848/4142/14281 3847/4141/14282
s 71
f 3848/4142/9963 2492/2707/9962 3849/4143/14283 3847/4141/14284
s off
f 3849/4143/14285 2491/2706/14286 3003/3239/14287 3847/4141/14288
s 108
f 3192/3429/11453 2174/2349/11452 3006/3242/14289 3850/4144/14290
s off
f 3006/3242/14291 2493/2708/14292 3851/4145/14293 3850/4144/14294
f 3851/4145/14295 2491/2706/14296 3849/4143/14297 3850/4144/14298
f 3853/4147/14299 2172/2347/14300 3846/4140/14301 3852/4146/14302
f 3846/4140/14303 2490/2705/14304 3004/3240/14305 3852/4146/14306
f 3004/3240/14307 2491/2706/14308 3851/4145/14309 3852/4146/14310
s 126
f 3855/4149/14311 2098/2256/13642 3856/4150/14312 3854/4148/14313
s 66
f 3856/4150/9639 2496/2711/9638 3857/4151/14314 3854/4148/14315
s off
f 3857/4151/14316 2494/2709/14317 3008/3244/14318 3854/4148/14319
s 106
f 3057/3293/11133 2175/2350/11132 3011/3247/14320 3858/4152/14321
s off
f 3011/3247/14322 2497/2712/14323 3859/4153/14324 3858/4152/14325
f 3859/4153/14326 2494/2709/14327 3857/4151/14328 3858/4152/14329
f 3861/4155/14330 2172/2347/14331 3853/4147/14332 3860/4154/14333
f 3853/4147/14334 2493/2708/14335 3009/3245/14336 3860/4154/14337
f 3009/3245/14338 2494/2709/14339 3859/4153/14340 3860/4154/14341
s 130
f 3863/4157/14342 2101/2259/14343 3864/4158/14344 3862/4156/14345
s off
f 3864/4158/14346 2500/2715/14347 3865/4159/14348 3862/4156/14349
f 3865/4159/14350 2498/2713/14351 3013/3249/14352 3862/4156/14353
f 3062/3298/14354 2176/2351/14355 3016/3252/14356 3866/4160/14357
f 3016/3252/14358 2501/2716/14359 3867/4161/14360 3866/4160/14361
f 3867/4161/14362 2498/2713/14363 3865/4159/14364 3866/4160/14365
f 3869/4163/14366 2172/2347/14367 3861/4155/14368 3868/4162/14369
f 3861/4155/14370 2497/2712/14371 3014/3250/14372 3868/4162/14373
f 3014/3250/14374 2498/2713/14375 3867/4161/14376 3868/4162/14377
f 3436/3688/14378 2097/2255/14379 3390/4165/14380 3870/4164/14381
f 3390/4165/14382 2290/2718/14383 3871/4166/14384 3870/4164/14385
f 3871/4166/14386 2502/2717/14387 3018/3254/14388 3870/4164/14389
f 2682/4168/14390 2171/2352/14391 2686/2911/14392 3872/4167/14393
f 2686/2911/14394 2298/2487/14395 3873/4169/14396 3872/4167/14397
f 3873/4169/14398 2502/2717/14399 3871/4166/14400 3872/4167/14401
f 3406/3658/14402 2172/2347/14403 3869/4163/14404 3874/4170/14405
f 3869/4163/14406 2501/2716/14407 3019/3255/14408 3874/4170/14409
f 3019/3255/14410 2502/2717/14411 3873/4169/14412 3874/4170/14413
f 3876/4172/14414 2113/2272/14415 3877/4173/14416 3875/4171/14417
f 3877/4173/14418 2505/2721/14419 3878/4174/14420 3875/4171/14421
f 3878/4174/14422 2503/2719/14423 3023/3259/14424 3875/4171/14425
f 3222/3459/14426 2179/2355/14427 3026/3262/14428 3879/4175/14429
f 3026/3262/14430 2506/2722/14431 3880/4176/14432 3879/4175/14433
f 3880/4176/14434 2503/2719/14435 3878/4174/14436 3879/4175/14437
f 3882/4178/14438 2177/2353/14439 3414/3666/14440 3881/4177/14441
f 3414/3666/14442 2302/2491/14443 3024/3260/14444 3881/4177/14445
f 3024/3260/14446 2503/2719/14447 3880/4176/14448 3881/4177/14449
f 3884/4180/14450 2115/2273/14451 3885/4181/14452 3883/4179/14453
f 3885/4181/14454 2509/2725/14455 3886/4182/14456 3883/4179/14457
f 3886/4182/14458 2507/2723/14459 3028/3264/14460 3883/4179/14461
f 3237/3474/14462 2180/2356/14463 3031/3267/14464 3887/4183/14465
f 3031/3267/14466 2510/2726/14467 3888/4184/14468 3887/4183/14469
f 3888/4184/14470 2507/2723/14471 3886/4182/14472 3887/4183/14473
f 3890/4186/14474 2177/2353/14475 3882/4178/14476 3889/4185/14477
f 3882/4178/14478 2506/2722/14479 3029/3265/14480 3889/4185/14481
f 3029/3265/14482 2507/2723/14483 3888/4184/14484 3889/4185/14485
f 3892/4188/14486 2116/2274/14487 3893/4189/14488 3891/4187/14489
f 3893/4189/14490 2513/2729/14491 3894/4190/14492 3891/4187/14493
f 3894/4190/14494 2511/2727/14495 3033/3269/14496 3891/4187/14497
f 3252/3490/14498 2181/2357/14499 2691/2917/14500 3895/4191/14501
f 2691/2917/14502 2303/2492/14503 3896/4192/14504 3895/4191/14505
f 3896/4192/14506 2511/2727/14507 3894/4190/14508 3895/4191/14509
f 3415/3667/14510 2177/2353/14511 3890/4186/14512 3897/4193/14513
f 3890/4186/14514 2510/2726/14515 3034/3270/14516 3897/4193/14517
f 3034/3270/14518 2511/2727/14519 3896/4192/14520 3897/4193/14521
f 3899/4195/14522 2108/2266/14523 3900/4196/14524 3898/4194/14525
f 3900/4196/14526 2516/2732/14527 3901/4197/14528 3898/4194/14529
f 3901/4197/14530 2514/2730/14531 3038/3274/14532 3898/4194/14533
f 3147/3384/14534 2184/2360/14535 3041/3277/14536 3902/4198/14537
f 3041/3277/14538 2517/2733/14539 3903/4199/14540 3902/4198/14541
f 3903/4199/14542 2514/2730/14543 3901/4197/14544 3902/4198/14545
f 3905/4201/14546 2182/2358/14547 3423/3675/14548 3904/4200/14549
f 3423/3675/14550 2307/2496/14551 3039/3275/14552 3904/4200/14553
f 3039/3275/14554 2514/2730/14555 3903/4199/14556 3904/4200/14557
f 3907/4203/14558 2109/2267/14559 3908/4204/14560 3906/4202/14561
f 3908/4204/14562 2520/2736/14563 3909/4205/14564 3906/4202/14565
f 3909/4205/14566 2518/2734/14567 3043/3279/14568 3906/4202/14569
f 3162/3399/14570 2185/2361/14571 3046/3282/14572 3910/4206/14573
f 3046/3282/14574 2521/2737/14575 3911/4207/14576 3910/4206/14577
f 3911/4207/14578 2518/2734/14579 3909/4205/14580 3910/4206/14581
f 3913/4209/14582 2182/2358/14583 3905/4201/14584 3912/4208/14585
f 3905/4201/14586 2517/2733/14587 3044/3280/14588 3912/4208/14589
f 3044/3280/14590 2518/2734/14591 3911/4207/14592 3912/4208/14593
f 3915/4211/14594 2110/2268/14595 3916/4212/14596 3914/4210/14597
f 3916/4212/14598 2524/2740/14599 3917/4213/14600 3914/4210/14601
f 3917/4213/14602 2522/2738/14603 3048/3284/14604 3914/4210/14605
f 3177/3414/14606 2186/2362/14607 2696/2922/14608 3918/4214/14609
f 2696/2922/14610 2308/2497/14611 3919/4215/14612 3918/4214/14613
f 3919/4215/14614 2522/2738/14615 3917/4213/14616 3918/4214/14617
f 3424/3676/14618 2182/2358/14619 3913/4209/14620 3920/4216/14621
f 3913/4209/14622 2521/2737/14623 3049/3285/14624 3920/4216/14625
f 3049/3285/14626 2522/2738/14627 3919/4215/14628 3920/4216/14629
s 130
f 3445/3697/14630 2101/2259/14343 3863/4157/14342 3921/4217/14631
s 64
f 3863/4157/9531 2499/2714/9530 3922/4218/14632 3921/4217/14633
s off
f 3922/4218/14634 2525/2741/14635 3053/3289/14636 3921/4217/14637
s 105
f 3012/3248/11027 2175/2350/11026 3056/3292/14638 3923/4219/14639
s off
f 3056/3292/14640 2526/2742/14641 3924/4220/14642 3923/4219/14643
f 3924/4220/14644 2525/2741/14645 3922/4218/14646 3923/4219/14647
f 3926/4222/14648 2187/2363/14649 3432/3684/14650 3925/4221/14651
f 3432/3684/14652 2312/2501/14653 3054/3290/14654 3925/4221/14655
f 3054/3290/14656 2525/2741/14657 3924/4220/14658 3925/4221/14659
s 126
f 3856/4150/14312 2098/2256/13642 3726/4004/13641 3927/4223/14660
s 35
f 3726/4004/9267 2450/2655/9266 3928/4224/14661 3927/4223/14662
s off
f 3928/4224/14663 2527/2743/14664 3058/3294/14665 3927/4223/14666
s 90
f 2902/3134/10793 2156/2324/10792 2701/2927/14667 3929/4225/14668
s off
f 2701/2927/14669 2313/2502/14670 3930/4226/14671 3929/4225/14672
f 3930/4226/14673 2527/2743/14674 3928/4224/14675 3929/4225/14676
f 3433/3685/14677 2187/2363/14678 3926/4222/14679 3931/4227/14680
f 3926/4222/14681 2526/2742/14682 3059/3295/14683 3931/4227/14684
f 3059/3295/14685 2527/2743/14686 3930/4226/14687 3931/4227/14688
f 3864/4158/14689 2101/2259/14690 3444/3696/14691 3932/4228/14692
f 3444/3696/14693 2320/2509/14694 3933/4229/14695 3932/4228/14696
f 3933/4229/14697 2528/2744/14698 3063/3299/14699 3932/4228/14700
f 2712/2938/14701 2190/2366/14702 3066/3302/14703 3934/4230/14704
f 3066/3302/14705 2529/2745/14706 3935/4231/14707 3934/4230/14708
f 3935/4231/14709 2528/2744/14710 3933/4229/14711 3934/4230/14712
f 3937/4233/14713 2189/2365/14714 3441/3693/14715 3936/4232/14716
f 3441/3693/14717 2317/2506/14718 3064/3300/14719 3936/4232/14720
f 3064/3300/14721 2528/2744/14722 3935/4231/14723 3936/4232/14724
f 3939/4235/14725 2104/2262/14726 3653/3928/14727 3938/4234/14728
f 3653/3928/14729 2421/2624/14730 3940/4236/14731 3938/4234/14732
f 3940/4236/14733 2530/2746/14734 3068/3304/14735 3938/4234/14736
f 2847/3078/14737 2143/2310/14738 3071/3307/14739 3941/4237/14740
f 3071/3307/14741 2532/2748/14742 3942/4238/14743 3941/4237/14744
f 3942/4238/14745 2530/2746/14746 3940/4236/14747 3941/4237/14748
f 3944/4240/14749 2189/2365/14750 3937/4233/14751 3943/4239/14752
f 3937/4233/14753 2529/2745/14754 3069/3305/14755 3943/4239/14756
f 3069/3305/14757 2530/2746/14758 3942/4238/14759 3943/4239/14760
f 3310/3556/14761 2103/2261/14762 3946/4242/14763 3945/4241/14764
f 3946/4242/14765 2534/2750/14766 3947/4243/14767 3945/4241/14768
f 3947/4243/14769 2533/2749/14770 3073/3309/14771 3945/4241/14772
f 3112/3349/14773 2191/2367/14774 2706/2932/14775 3948/4244/14776
f 2706/2932/14777 2318/2507/14778 3949/4245/14779 3948/4244/14780
f 3949/4245/14781 2533/2749/14782 3947/4243/14783 3948/4244/14784
f 3442/3694/14785 2189/2365/14786 3944/4240/14787 3950/4246/14788
f 3944/4240/14789 2532/2748/14790 3074/3310/14791 3950/4246/14792
f 3074/3310/14793 2533/2749/14794 3949/4245/14795 3950/4246/14796
f 3427/3679/14797 2102/2260/14798 3453/3705/14799 3951/4247/14800
f 3453/3705/14801 2325/2514/14802 3952/4248/14803 3951/4247/14804
f 3952/4248/14805 2535/2751/14806 3078/3314/14807 3951/4247/14808
f 2717/2943/14809 2193/2369/14810 3081/3317/14811 3953/4249/14812
f 3081/3317/14813 2536/2752/14814 3954/4250/14815 3953/4249/14816
f 3954/4250/14817 2535/2751/14818 3952/4248/14819 3953/4249/14820
f 3956/4252/14821 2192/2368/14822 3450/3702/14823 3955/4251/14824
f 3450/3702/14825 2322/2511/14826 3079/3315/14827 3955/4251/14828
f 3079/3315/14829 2535/2751/14830 3954/4250/14831 3955/4251/14832
f 3958/4254/14833 2105/2263/14834 3661/3936/14835 3957/4253/14836
f 3661/3936/14837 2425/2628/14838 3959/4255/14839 3957/4253/14840
f 3959/4255/14841 2537/2753/14842 3083/3319/14843 3957/4253/14844
f 2852/3083/14845 2144/2311/14846 3086/3322/14847 3960/4256/14848
f 3086/3322/14849 2539/2755/14850 3961/4257/14851 3960/4256/14852
f 3961/4257/14853 2537/2753/14854 3959/4255/14855 3960/4256/14856
f 3963/4259/14857 2192/2368/14858 3956/4252/14859 3962/4258/14860
f 3956/4252/14861 2536/2752/14862 3084/3320/14863 3962/4258/14864
f 3084/3320/14865 2537/2753/14866 3961/4257/14867 3962/4258/14868
f 3654/3929/14869 2104/2262/14870 3939/4235/14871 3964/4260/14872
f 3939/4235/14873 2531/2747/14874 3965/4261/14875 3964/4260/14876
f 3965/4261/14877 2540/2756/14878 3088/3324/14879 3964/4260/14880
f 3067/3303/14881 2190/2366/14882 2711/2937/14883 3966/4262/14884
f 2711/2937/14885 2323/2512/14886 3967/4263/14887 3966/4262/14888
f 3967/4263/14889 2540/2756/14890 3965/4261/14891 3966/4262/14892
f 3451/3703/14893 2192/2368/14894 3963/4259/14895 3968/4264/14896
f 3963/4259/14897 2539/2755/14898 3089/3325/14899 3968/4264/14900
f 3089/3325/14901 2540/2756/14902 3967/4263/14903 3968/4264/14904
f 3337/3583/14905 2087/2236/14906 3462/3714/14907 3969/4265/14908
f 3462/3714/14909 2330/2519/14910 3970/4266/14911 3969/4265/14912
f 3970/4266/14913 2541/2757/14914 3093/3329/14915 3969/4265/14916
f 2722/2948/14917 2195/2371/14918 3096/3332/14919 3971/4267/14920
f 3096/3332/14921 2542/2758/14922 3972/4268/14923 3971/4267/14924
f 3972/4268/14925 2541/2757/14926 3970/4266/14927 3971/4267/14928
f 3974/4270/14929 2194/2370/14930 3459/3711/14931 3973/4269/14932
f 3459/3711/14933 2327/2516/14934 3094/3330/14935 3973/4269/14936
f 3094/3330/14937 2541/2757/14938 3972/4268/14939 3973/4269/14940
f 3976/4272/14941 2106/2264/14942 3669/3944/14943 3975/4271/14944
f 3669/3944/14945 2429/2632/14946 3977/4273/14947 3975/4271/14948
f 3977/4273/14949 2543/2759/14950 3098/3334/14951 3975/4271/14952
f 2857/3088/14953 2145/2312/14954 3101/3337/14955 3978/4274/14956
f 3101/3337/14957 2545/2761/14958 3979/4275/14959 3978/4274/14960
f 3979/4275/14961 2543/2759/14962 3977/4273/14963 3978/4274/14964
f 3981/4277/14965 2194/2370/14966 3974/4270/14967 3980/4276/14968
f 3974/4270/14969 2542/2758/14970 3099/3335/14971 3980/4276/14972
f 3099/3335/14973 2543/2759/14974 3979/4275/14975 3980/4276/14976
f 3662/3937/14977 2105/2263/14978 3958/4254/14979 3982/4278/14980
f 3958/4254/14981 2538/2754/14982 3983/4279/14983 3982/4278/14984
f 3983/4279/14985 2546/2762/14986 3103/3339/14987 3982/4278/14988
f 3082/3318/14989 2193/2369/14990 2716/2942/14991 3984/4280/14992
f 2716/2942/14993 2328/2517/14994 3985/4281/14995 3984/4280/14996
f 3985/4281/14997 2546/2762/14998 3983/4279/14999 3984/4280/15000
f 3460/3712/15001 2194/2370/15002 3981/4277/15003 3986/4282/15004
f 3981/4277/15005 2545/2761/15006 3104/3340/15007 3986/4282/15008
f 3104/3340/15009 2546/2762/15010 3985/4281/15011 3986/4282/15012
f 3611/4284/15013 2097/2255/15014 3435/3687/15015 3987/4283/15016
f 3435/3687/15017 2315/2504/15018 3988/4285/15019 3987/4283/15020
f 3988/4285/15021 2547/2763/15022 3108/3345/15023 3987/4283/15024
f 2707/2933/15025 2191/2367/15026 3111/3348/15027 3989/4286/15028
f 3111/3348/15029 2548/2765/15030 3990/4287/15031 3989/4286/15032
f 3990/4287/15033 2547/2763/15034 3988/4285/15035 3989/4286/15036
f 3992/4289/15037 2196/2372/15038 3467/3721/15039 3991/4288/15040
f 3467/3721/15041 2331/2521/15042 3109/3346/15043 3991/4288/15044
f 3109/3346/15045 2547/2763/15046 3990/4287/15047 3991/4288/15048
f 3946/4242/15049 2103/2261/15050 3309/3555/15051 3993/4290/15052
f 3309/3555/15053 2245/2429/15054 3994/4291/15055 3993/4290/15056
f 3994/4291/15057 2549/2766/15058 3113/3350/15059 3993/4290/15060
f 2637/2859/15061 2146/2313/15062 3116/3353/15063 3995/4292/15064
f 3116/3353/15065 2550/2767/15066 3996/4293/15067 3995/4292/15068
f 3996/4293/15069 2549/2766/15070 3994/4291/15071 3995/4292/15072
f 3998/4295/15073 2196/2372/15074 3992/4289/15075 3997/4294/15076
f 3992/4289/15077 2548/2765/15078 3114/3351/15079 3997/4294/15080
f 3114/3351/15081 2549/2766/15082 3996/4293/15083 3997/4294/15084
f 3670/3945/15085 2106/2264/15086 3976/4272/15087 3999/4296/15088
f 3976/4272/15089 2544/2760/15090 4000/4297/15091 3999/4296/15092
f 4000/4297/15093 2551/2768/15094 3118/3355/15095 3999/4296/15096
f 3097/3333/15097 2195/2371/15098 2721/2947/15099 4001/4298/15100
f 2721/2947/15101 2332/2522/15102 4002/4299/15103 4001/4298/15104
f 4002/4299/15105 2551/2768/15106 4000/4297/15107 4001/4298/15108
f 3468/3722/15109 2196/2372/15110 3998/4295/15111 4003/4300/15112
f 3998/4295/15113 2550/2767/15114 3119/3356/15115 4003/4300/15116
f 3119/3356/15117 2551/2768/15118 4002/4299/15119 4003/4300/15120
f 3558/3815/15121 2092/2248/15122 3479/3733/15123 4004/4301/15124
f 3479/3733/15125 2339/2529/15126 4005/4302/15127 4004/4301/15128
f 4005/4302/15129 2552/2769/15130 3123/3360/15131 4004/4301/15132
f 2732/2958/15133 2198/2375/15134 3126/3363/15135 4006/4303/15136
f 3126/3363/15137 2553/2770/15138 4007/4304/15139 4006/4303/15140
f 4007/4304/15141 2552/2769/15142 4005/4302/15143 4006/4303/15144
f 4009/4306/15145 2197/2374/15146 3476/3730/15147 4008/4305/15148
f 3476/3730/15149 2336/2526/15150 3124/3361/15151 4008/4305/15152
f 3124/3361/15153 2552/2769/15154 4007/4304/15155 4008/4305/15156
f 4011/4308/15157 2108/2266/15158 3899/4195/15159 4010/4307/15160
f 3899/4195/15161 2515/2731/15162 4012/4309/15163 4010/4307/15164
f 4012/4309/15165 2554/2771/15166 3128/3365/15167 4010/4307/15168
f 3037/3273/15169 2183/2359/15170 3131/3368/15171 4013/4310/15172
f 3131/3368/15173 2556/2773/15174 4014/4311/15175 4013/4310/15176
f 4014/4311/15177 2554/2771/15178 4012/4309/15179 4013/4310/15180
f 4016/4313/15181 2197/2374/15182 4009/4306/15183 4015/4312/15184
f 4009/4306/15185 2553/2770/15186 3129/3366/15187 4015/4312/15188
f 3129/3366/15189 2554/2771/15190 4014/4311/15191 4015/4312/15192
f 3418/3670/15193 2107/2265/15194 4018/4315/15195 4017/4314/15196
f 4018/4315/15197 2558/2775/15198 4019/4316/15199 4017/4314/15200
f 4019/4316/15201 2557/2774/15202 3133/3370/15203 4017/4314/15204
f 3172/3409/15205 2199/2376/15206 2726/2952/15207 4020/4317/15208
f 2726/2952/15209 2337/2527/15210 4021/4318/15211 4020/4317/15212
f 4021/4318/15213 2557/2774/15214 4019/4316/15215 4020/4317/15216
f 3477/3731/15217 2197/2374/15218 4016/4313/15219 4022/4319/15220
f 4016/4313/15221 2556/2773/15222 3134/3371/15223 4022/4319/15224
f 3134/3371/15225 2557/2774/15226 4021/4318/15227 4022/4319/15228
f 3695/3973/15229 2100/2258/15230 3488/3742/15231 4023/4320/15232
f 3488/3742/15233 2344/2534/15234 4024/4321/15235 4023/4320/15236
f 4024/4321/15237 2559/2776/15238 3138/3375/15239 4023/4320/15240
f 2737/2963/15241 2201/2378/15242 3141/3378/15243 4025/4322/15244
f 3141/3378/15245 2560/2777/15246 4026/4323/15247 4025/4322/15248
f 4026/4323/15249 2559/2776/15250 4024/4321/15251 4025/4322/15252
f 4028/4325/15253 2200/2377/15254 3485/3739/15255 4027/4324/15256
f 3485/3739/15257 2341/2531/15258 3139/3376/15259 4027/4324/15260
f 3139/3376/15261 2559/2776/15262 4026/4323/15263 4027/4324/15264
f 4030/4327/15265 2109/2267/15266 3907/4203/15267 4029/4326/15268
f 3907/4203/15269 2519/2735/15270 4031/4328/15271 4029/4326/15272
f 4031/4328/15273 2561/2778/15274 3143/3380/15275 4029/4326/15276
f 3042/3278/15277 2184/2360/15278 3146/3383/15279 4032/4329/15280
f 3146/3383/15281 2563/2780/15282 4033/4330/15283 4032/4329/15284
f 4033/4330/15285 2561/2778/15286 4031/4328/15287 4032/4329/15288
f 4035/4332/15289 2200/2377/15290 4028/4325/15291 4034/4331/15292
f 4028/4325/15293 2560/2777/15294 3144/3381/15295 4034/4331/15296
f 3144/3381/15297 2561/2778/15298 4033/4330/15299 4034/4331/15300
f 3900/4196/15301 2108/2266/15302 4011/4308/15303 4036/4333/15304
f 4011/4308/15305 2555/2772/15306 4037/4334/15307 4036/4333/15308
f 4037/4334/15309 2564/2781/15310 3148/3385/15311 4036/4333/15312
f 3127/3364/15313 2198/2375/15314 2731/2957/15315 4038/4335/15316
f 2731/2957/15317 2342/2532/15318 4039/4336/15319 4038/4335/15320
f 4039/4336/15321 2564/2781/15322 4037/4334/15323 4038/4335/15324
f 3486/3740/15325 2200/2377/15326 4035/4332/15327 4040/4337/15328
f 4035/4332/15329 2563/2780/15330 3149/3386/15331 4040/4337/15332
f 3149/3386/15333 2564/2781/15334 4039/4336/15335 4040/4337/15336
f 3266/3506/15337 2099/2257/15338 3497/3751/15339 4041/4338/15340
f 3497/3751/15341 2349/2539/15342 4042/4339/15343 4041/4338/15344
f 4042/4339/15345 2565/2782/15346 3153/3390/15347 4041/4338/15348
f 2742/2968/15349 2203/2380/15350 3156/3393/15351 4043/4340/15352
f 3156/3393/15353 2566/2783/15354 4044/4341/15355 4043/4340/15356
f 4044/4341/15357 2565/2782/15358 4042/4339/15359 4043/4340/15360
f 4046/4343/15361 2202/2379/15362 3494/3748/15363 4045/4342/15364
f 3494/3748/15365 2346/2536/15366 3154/3391/15367 4045/4342/15368
f 3154/3391/15369 2565/2782/15370 4044/4341/15371 4045/4342/15372
f 4048/4345/15373 2110/2268/15374 3915/4211/15375 4047/4344/15376
f 3915/4211/15377 2523/2739/15378 4049/4346/15379 4047/4344/15380
f 4049/4346/15381 2567/2784/15382 3158/3395/15383 4047/4344/15384
f 3047/3283/15385 2185/2361/15386 3161/3398/15387 4050/4347/15388
f 3161/3398/15389 2569/2786/15390 4051/4348/15391 4050/4347/15392
f 4051/4348/15393 2567/2784/15394 4049/4346/15395 4050/4347/15396
f 4053/4350/15397 2202/2379/15398 4046/4343/15399 4052/4349/15400
f 4046/4343/15401 2566/2783/15402 3159/3396/15403 4052/4349/15404
f 3159/3396/15405 2567/2784/15406 4051/4348/15407 4052/4349/15408
f 3908/4204/15409 2109/2267/15410 4030/4327/15411 4054/4351/15412
f 4030/4327/15413 2562/2779/15414 4055/4352/15415 4054/4351/15416
f 4055/4352/15417 2570/2787/15418 3163/3400/15419 4054/4351/15420
f 3142/3379/15421 2201/2378/15422 2736/2962/15423 4056/4353/15424
f 2736/2962/15425 2347/2537/15426 4057/4354/15427 4056/4353/15428
f 4057/4354/15429 2570/2787/15430 4055/4352/15431 4056/4353/15432
f 3495/3749/15433 2202/2379/15434 4053/4350/15435 4058/4355/15436
f 4053/4350/15437 2569/2786/15438 3164/3401/15439 4058/4355/15440
f 3164/3401/15441 2570/2787/15442 4057/4354/15443 4058/4355/15444
f 3400/3652/15445 2085/2234/15446 3470/3724/15447 4059/4356/15448
f 3470/3724/15449 2334/2524/15450 4060/4357/15451 4059/4356/15452
f 4060/4357/15453 2571/2788/15454 3168/3405/15455 4059/4356/15456
f 2727/2953/15457 2199/2376/15458 3171/3408/15459 4061/4358/15460
f 3171/3408/15461 2572/2789/15462 4062/4359/15463 4061/4358/15464
f 4062/4359/15465 2571/2788/15466 4060/4357/15467 4061/4358/15468
f 4064/4361/15469 2204/2381/15470 3503/3757/15471 4063/4360/15472
f 3503/3757/15473 2351/2541/15474 3169/3406/15475 4063/4360/15476
f 3169/3406/15477 2571/2788/15478 4062/4359/15479 4063/4360/15480
f 4018/4315/15481 2107/2265/15482 3417/3669/15483 4065/4362/15484
f 3417/3669/15485 2305/2494/15486 4066/4363/15487 4065/4362/15488
f 4066/4363/15489 2573/2790/15490 3173/3410/15491 4065/4362/15492
f 2697/2923/15493 2186/2362/15494 3176/3413/15495 4067/4364/15496
f 3176/3413/15497 2574/2791/15498 4068/4365/15499 4067/4364/15500
f 4068/4365/15501 2573/2790/15502 4066/4363/15503 4067/4364/15504
f 4070/4367/15505 2204/2381/15506 4064/4361/15507 4069/4366/15508
f 4064/4361/15509 2572/2789/15510 3174/3411/15511 4069/4366/15512
f 3174/3411/15513 2573/2790/15514 4068/4365/15515 4069/4366/15516
f 3916/4212/15517 2110/2268/15518 4048/4345/15519 4071/4368/15520
f 4048/4345/15521 2568/2785/15522 4072/4369/15523 4071/4368/15524
f 4072/4369/15525 2575/2792/15526 3178/3415/15527 4071/4368/15528
f 3157/3394/15529 2203/2380/15530 2741/2967/15531 4073/4370/15532
f 2741/2967/15533 2352/2542/15534 4074/4371/15535 4073/4370/15536
f 4074/4371/15537 2575/2792/15538 4072/4369/15539 4073/4370/15540
f 3504/3758/15541 2204/2381/15542 4070/4367/15543 4075/4372/15544
f 4070/4367/15545 2574/2791/15546 3179/3416/15547 4075/4372/15548
f 3179/3416/15549 2575/2792/15550 4074/4371/15551 4075/4372/15552
s 127
f 3525/3779/15553 2111/2269/13674 3734/4012/13673 4076/4373/15554
s 37
f 3734/4012/9279 2454/2659/9278 4077/4374/15555 4076/4373/15556
s off
f 4077/4374/15557 2576/2793/15558 3183/3420/15559 4076/4373/15560
s 91
f 2907/3139/10803 2157/2325/10802 3186/3423/15561 4078/4375/15562
s off
f 3186/3423/15563 2577/2794/15564 4079/4376/15565 4078/4375/15566
f 4079/4376/15567 2576/2793/15568 4077/4374/15569 4078/4375/15570
f 4081/4378/15571 2205/2382/15572 3512/3766/15573 4080/4377/15574
f 3512/3766/15575 2356/2546/15576 3184/3421/15577 4080/4377/15578
f 3184/3421/15579 2576/2793/15580 4079/4376/15581 4080/4377/15582
s 126
f 3727/4005/13643 2098/2256/13642 3855/4149/14311 4082/4379/15583
s 62
f 3855/4149/9519 2495/2710/9518 4083/4380/15584 4082/4379/15585
s off
f 4083/4380/15586 2578/2795/15587 3188/3425/15588 4082/4379/15589
s 104
f 3007/3243/11017 2174/2349/11016 3191/3428/15590 4084/4381/15591
s off
f 3191/3428/15592 2579/2796/15593 4085/4382/15594 4084/4381/15595
f 4085/4382/15596 2578/2795/15597 4083/4380/15598 4084/4381/15599
f 4087/4384/15600 2205/2382/15601 4081/4378/15602 4086/4383/15603
f 4081/4378/15604 2577/2794/15605 3189/3426/15606 4086/4383/15607
f 3189/3426/15608 2578/2795/15609 4085/4382/15610 4086/4383/15611
s 113
f 3848/4142/14281 2093/2249/11882 3327/3573/11881 4088/4385/15612
s 5
f 3327/3573/8655 2255/2439/8654 4089/4386/15613 4088/4385/15614
s off
f 4089/4386/15615 2580/2797/15616 3193/3430/15617 4088/4385/15618
s 74
f 2647/2869/10213 2153/2321/10212 2746/2972/15619 4090/4387/15620
s off
f 2746/2972/15621 2357/2547/15622 4091/4388/15623 4090/4387/15624
f 4091/4388/15625 2580/2797/15626 4089/4386/15627 4090/4387/15628
f 3513/3767/15629 2205/2382/15630 4087/4384/15631 4092/4389/15632
f 4087/4384/15633 2579/2796/15634 3194/3431/15635 4092/4389/15636
f 3194/3431/15637 2580/2797/15638 4091/4388/15639 4092/4389/15640
f 3735/4013/15641 2111/2269/15642 3524/3778/15643 4093/4390/15644
f 3524/3778/15645 2364/2554/15646 4094/4391/15647 4093/4390/15648
f 4094/4391/15649 2581/2798/15650 3198/3435/15651 4093/4390/15652
f 2757/2983/15653 2208/2385/15654 3201/3438/15655 4095/4392/15656
f 3201/3438/15657 2582/2799/15658 4096/4393/15659 4095/4392/15660
f 4096/4393/15661 2581/2798/15662 4094/4391/15663 4095/4392/15664
f 4098/4395/15665 2207/2384/15666 3521/3775/15667 4097/4394/15668
f 3521/3775/15669 2361/2551/15670 3199/3436/15671 4097/4394/15672
f 3199/3436/15673 2581/2798/15674 4096/4393/15675 4097/4394/15676
f 4100/4397/15677 2113/2272/15678 3876/4172/15679 4099/4396/15680
f 3876/4172/15681 2504/2720/15682 4101/4398/15683 4099/4396/15684
f 4101/4398/15685 2583/2800/15686 3203/3440/15687 4099/4396/15688
f 3022/3258/15689 2178/2354/15690 3206/3443/15691 4102/4399/15692
f 3206/3443/15693 2585/2802/15694 4103/4400/15695 4102/4399/15696
f 4103/4400/15697 2583/2800/15698 4101/4398/15699 4102/4399/15700
f 4105/4402/15701 2207/2384/15702 4098/4395/15703 4104/4401/15704
f 4098/4395/15705 2582/2799/15706 3204/3441/15707 4104/4401/15708
f 3204/3441/15709 2583/2800/15710 4103/4400/15711 4104/4401/15712
f 3409/3661/15713 2114/2271/15714 4107/4404/15715 4106/4403/15716
f 4107/4404/15717 2587/2804/15718 4108/4405/15719 4106/4403/15720
f 4108/4405/15721 2586/2803/15722 3208/3445/15723 4106/4403/15724
f 3247/3485/15725 2209/2386/15726 2751/2977/15727 4109/4406/15728
f 2751/2977/15729 2362/2552/15730 4110/4407/15731 4109/4406/15732
f 4110/4407/15733 2586/2803/15734 4108/4405/15735 4109/4406/15736
f 3522/3776/15737 2207/2384/15738 4105/4402/15739 4111/4408/15740
f 4105/4402/15741 2585/2802/15742 3209/3446/15743 4111/4408/15744
f 3209/3446/15745 2586/2803/15746 4110/4407/15747 4111/4408/15748
f 3507/3761/15749 2112/2270/15750 3533/3787/15751 4112/4409/15752
f 3533/3787/15753 2369/2559/15754 4113/4410/15755 4112/4409/15756
f 4113/4410/15757 2588/2805/15758 3213/3450/15759 4112/4409/15760
f 2762/2988/15761 2211/2388/15762 3216/3453/15763 4114/4411/15764
f 3216/3453/15765 2589/2806/15766 4115/4412/15767 4114/4411/15768
f 4115/4412/15769 2588/2805/15770 4113/4410/15771 4114/4411/15772
f 4117/4414/15773 2210/2387/15774 3530/3784/15775 4116/4413/15776
f 3530/3784/15777 2366/2556/15778 3214/3451/15779 4116/4413/15780
f 3214/3451/15781 2588/2805/15782 4115/4412/15783 4116/4413/15784
f 4119/4416/15785 2115/2273/15786 3884/4180/15787 4118/4415/15788
f 3884/4180/15789 2508/2724/15790 4120/4417/15791 4118/4415/15792
f 4120/4417/15793 2590/2807/15794 3218/3455/15795 4118/4415/15796
f 3027/3263/15797 2179/2355/15798 3221/3458/15799 4121/4418/15800
f 3221/3458/15801 2592/2809/15802 4122/4419/15803 4121/4418/15804
f 4122/4419/15805 2590/2807/15806 4120/4417/15807 4121/4418/15808
f 4124/4421/15809 2210/2387/15810 4117/4414/15811 4123/4420/15812
f 4117/4414/15813 2589/2806/15814 3219/3456/15815 4123/4420/15816
f 3219/3456/15817 2590/2807/15818 4122/4419/15819 4123/4420/15820
f 3877/4173/15821 2113/2272/15822 4100/4397/15823 4125/4422/15824
f 4100/4397/15825 2584/2801/15826 4126/4423/15827 4125/4422/15828
f 4126/4423/15829 2593/2810/15830 3223/3460/15831 4125/4422/15832
f 3202/3439/15833 2208/2385/15834 2756/2982/15835 4127/4424/15836
f 2756/2982/15837 2367/2557/15838 4128/4425/15839 4127/4424/15840
f 4128/4425/15841 2593/2810/15842 4126/4423/15843 4127/4424/15844
f 3531/3785/15845 2210/2387/15846 4124/4421/15847 4129/4426/15848
f 4124/4421/15849 2592/2809/15850 3224/3461/15851 4129/4426/15852
f 3224/3461/15853 2593/2810/15854 4128/4425/15855 4129/4426/15856
f 3708/3986/15857 2086/2235/15858 3542/3796/15859 4130/4427/15860
f 3542/3796/15861 2374/2564/15862 4131/4428/15863 4130/4427/15864
f 4131/4428/15865 2594/2811/15866 3228/3465/15867 4130/4427/15868
f 2767/2993/15869 2213/2390/15870 3231/3468/15871 4132/4429/15872
f 3231/3468/15873 2595/2812/15874 4133/4430/15875 4132/4429/15876
f 4133/4430/15877 2594/2811/15878 4131/4428/15879 4132/4429/15880
f 4135/4432/15881 2212/2389/15882 3539/3793/15883 4134/4431/15884
f 3539/3793/15885 2371/2561/15886 3229/3466/15887 4134/4431/15888
f 3229/3466/15889 2594/2811/15890 4133/4430/15891 4134/4431/15892
f 4137/4434/15893 2116/2274/15894 3892/4188/15895 4136/4433/15896
f 3892/4188/15897 2512/2728/15898 4138/4435/15899 4136/4433/15900
f 4138/4435/15901 2596/2813/15902 3233/3470/15903 4136/4433/15904
f 3032/3268/15905 2180/2356/15906 3236/3473/15907 4139/4436/15908
f 3236/3473/15909 2598/2815/15910 4140/4437/15911 4139/4436/15912
f 4140/4437/15913 2596/2813/15914 4138/4435/15915 4139/4436/15916
f 4142/4439/15917 2212/2389/15918 4135/4432/15919 4141/4438/15920
f 4135/4432/15921 2595/2812/15922 3234/3471/15923 4141/4438/15924
f 3234/3471/15925 2596/2813/15926 4140/4437/15927 4141/4438/15928
f 3885/4181/15929 2115/2273/15930 4119/4416/15931 4143/4440/15932
f 4119/4416/15933 2591/2808/15934 4144/4441/15935 4143/4440/15936
f 4144/4441/15937 2599/2816/15938 3238/3475/15939 4143/4440/15940
f 3217/3454/15941 2211/2388/15942 2761/2987/15943 4145/4442/15944
f 2761/2987/15945 2372/2562/15946 4146/4443/15947 4145/4442/15948
f 4146/4443/15949 2599/2816/15950 4144/4441/15951 4145/4442/15952
f 3540/3794/15953 2212/2389/15954 4142/4439/15955 4147/4444/15956
f 4142/4439/15957 2598/2815/15958 3239/3476/15959 4147/4444/15960
f 3239/3476/15961 2599/2816/15962 4146/4443/15963 4147/4444/15964
f 3647/4446/15965 2088/2237/15966 3515/3769/15967 4148/4445/15968
f 3515/3769/15969 2359/2549/15970 4149/4447/15971 4148/4445/15972
f 4149/4447/15973 2600/2817/15974 3243/3481/15975 4148/4445/15976
f 2752/2978/15977 2209/2386/15978 3246/3484/15979 4150/4448/15980
f 3246/3484/15981 2601/2819/15982 4151/4449/15983 4150/4448/15984
f 4151/4449/15985 2600/2817/15986 4149/4447/15987 4150/4448/15988
f 4153/4451/15989 2214/2391/15990 3547/3803/15991 4152/4450/15992
f 3547/3803/15993 2375/2566/15994 3244/3482/15995 4152/4450/15996
f 3244/3482/15997 2600/2817/15998 4151/4449/15999 4152/4450/16000
f 4107/4404/16001 2114/2271/16002 3408/3660/16003 4154/4452/16004
f 3408/3660/16005 2300/2489/16006 4155/4453/16007 4154/4452/16008
f 4155/4453/16009 2602/2820/16010 3248/3486/16011 4154/4452/16012
f 2692/2918/16013 2181/2357/16014 3251/3489/16015 4156/4454/16016
f 3251/3489/16017 2603/2821/16018 4157/4455/16019 4156/4454/16020
f 4157/4455/16021 2602/2820/16022 4155/4453/16023 4156/4454/16024
f 4159/4457/16025 2214/2391/16026 4153/4451/16027 4158/4456/16028
f 4153/4451/16029 2601/2819/16030 3249/3487/16031 4158/4456/16032
f 3249/3487/16033 2602/2820/16034 4157/4455/16035 4158/4456/16036
f 3893/4189/16037 2116/2274/16038 4137/4434/16039 4160/4458/16040
f 4137/4434/16041 2597/2814/16042 4161/4459/16043 4160/4458/16044
f 4161/4459/16045 2604/2822/16046 3253/3491/16047 4160/4458/16048
f 3232/3469/16049 2213/2390/16050 2766/2992/16051 4162/4460/16052
f 2766/2992/16053 2376/2567/16054 4163/4461/16055 4162/4460/16056
f 4163/4461/16057 2604/2822/16058 4161/4459/16059 4162/4460/16060
f 3548/3804/16061 2214/2391/16062 4159/4457/16063 4164/4462/16064
f 4159/4457/16065 2603/2821/16066 3254/3492/16067 4164/4462/16068
f 3254/3492/16069 2604/2822/16070 4163/4461/16071 4164/4462/16072
