# This file uses centimeters as units for non-parametric coordinates.

mtllib Tuteur-conicCourbe.mtl
g default
v 11.077863 0.424789 -0.930435
v 10.961147 0.424789 -1.854343
v 10.767528 0.424789 -2.765245
v 10.498369 0.424789 -3.656751
v 10.155550 0.424789 -4.522606
v 9.741483 0.424789 -5.356739
v 9.259069 0.424789 -6.153300
v 8.711694 0.424789 -6.906696
v 8.103196 0.424789 -7.611649
v 7.437843 0.424789 -8.263213
v 6.720301 0.424789 -8.856814
v 5.955605 0.424789 -9.388292
v 5.149117 0.424789 -9.853918
v 4.306496 0.424789 -10.250425
v 3.433650 0.424789 -10.575035
v 2.536704 0.424789 -10.825466
v 1.621948 0.424789 -10.999965
v 0.695797 0.424789 -11.097308
v -0.235250 0.424789 -11.116811
v -1.164664 0.424789 -11.058337
v -2.085926 0.424789 -10.922295
v -2.992573 0.424789 -10.709645
v -3.878245 0.424789 -10.421873
v -4.736732 0.424789 -10.060999
v -5.562010 0.424789 -9.629554
v -6.348294 0.424789 -9.130565
v -7.090063 0.424789 -8.567530
v -7.782118 0.424789 -7.944402
v -8.419603 0.424789 -7.265547
v -8.998047 0.424789 -6.535732
v -9.513395 0.424789 -5.760073
v -9.962030 0.424789 -4.944010
v -10.340803 0.424789 -4.093270
v -10.647062 0.424789 -3.213818
v -10.878653 0.424789 -2.311823
v -11.033957 0.424789 -1.393613
v -11.111880 0.424789 -0.465627
v -11.111880 0.424789 0.465624
v -11.033957 0.424789 1.393610
v -10.878653 0.424789 2.311820
v -10.647062 0.424789 3.213815
v -10.340803 0.424789 4.093266
v -9.962030 0.424789 4.944008
v -9.513395 0.424789 5.760069
v -8.998050 0.424789 6.535728
v -8.419606 0.424789 7.265545
v -7.782121 0.424789 7.944399
v -7.090066 0.424789 8.567527
v -6.348296 0.424789 9.130558
v -5.562013 0.424789 9.629550
v -4.736734 0.424789 10.060996
v -3.878248 0.424789 10.421872
v -2.992575 0.424789 10.709644
v -2.085928 0.424789 10.922295
v -1.164667 0.424789 11.058336
v -0.235253 0.424789 11.116811
v 0.695795 0.424789 11.097309
v 1.621945 0.424789 10.999965
v 2.536702 0.424789 10.825468
v 3.433649 0.424789 10.575035
v 4.306494 0.424789 10.250425
v 5.149116 0.424789 9.853918
v 5.955602 0.424789 9.388293
v 6.720300 0.424789 8.856813
v 7.437843 0.424789 8.263213
v 8.103197 0.424789 7.611649
v 8.711696 0.424789 6.906696
v 9.259073 0.424789 6.153298
v 9.741484 0.424789 5.356739
v 10.155551 0.424789 4.522606
v 10.498372 0.424789 3.656751
v 10.767528 0.424789 2.765245
v 10.961148 0.424789 1.854343
v 11.077868 0.424789 0.930434
v 11.116861 0.424789 0.000000
v 5.656990 9.687250 -0.475031
v 5.597400 9.687250 -0.946729
v 5.498549 9.687250 -1.411787
v 5.361129 9.687250 -1.866943
v 5.186105 9.687250 -2.309003
v 4.974705 9.687250 -2.734867
v 4.728408 9.687250 -3.141547
v 4.448948 9.687250 -3.526193
v 4.138281 9.687250 -3.886105
v 3.798587 9.687250 -4.218759
v 3.432248 9.687250 -4.521820
v 3.041835 9.687250 -4.793164
v 2.630085 9.687250 -5.030888
v 2.199887 9.687250 -5.233322
v 1.754259 9.687250 -5.399051
v 1.296325 9.687250 -5.526908
v 0.829299 9.687250 -5.615997
v 0.356456 9.687250 -5.665697
v -0.118887 9.687250 -5.675653
v -0.593397 9.687250 -5.645801
v -1.063744 9.687250 -5.576346
v -1.526630 9.687250 -5.467776
v -1.978807 9.687250 -5.320856
v -2.417105 9.687250 -5.136612
v -2.838449 9.687250 -4.916339
v -3.239883 9.687250 -4.661581
v -3.618591 9.687250 -4.374126
v -3.971918 9.687250 -4.055990
v -4.297384 9.687250 -3.709403
v -4.592708 9.687250 -3.336798
v -4.855817 9.687250 -2.940787
v -5.084865 9.687250 -2.524149
v -5.278246 9.687250 -2.089807
v -5.434606 9.687250 -1.640805
v -5.552845 9.687250 -1.180294
v -5.632135 9.687250 -0.711505
v -5.671918 9.687250 -0.237724
v -5.671918 9.687250 0.237723
v -5.632135 9.687250 0.711503
v -5.552845 9.687250 1.180293
v -5.434606 9.687250 1.640804
v -5.278246 9.687250 2.089805
v -5.084865 9.687250 2.524148
v -4.855817 9.687250 2.940786
v -4.592708 9.687250 3.336797
v -4.297386 9.687250 3.709402
v -3.971919 9.687250 4.055988
v -3.618592 9.687250 4.374126
v -3.239884 9.687250 4.661580
v -2.838450 9.687250 4.916338
v -2.417107 9.687250 5.136611
v -1.978809 9.687250 5.320855
v -1.526631 9.687250 5.467776
v -1.063746 9.687250 5.576345
v -0.593398 9.687250 5.645801
v -0.118889 9.687250 5.675653
v 0.356455 9.687250 5.665697
v 0.829298 9.687250 5.615999
v 1.296324 9.687250 5.526909
v 1.754258 9.687250 5.399052
v 2.199886 9.687250 5.233323
v 2.630085 9.687250 5.030888
v 3.041834 9.687250 4.793165
v 3.432248 9.687250 4.521821
v 3.798587 9.687250 4.218759
v 4.138282 9.687250 3.886106
v 4.448949 9.687250 3.526193
v 4.728410 9.687250 3.141548
v 4.974706 9.687250 2.734867
v 5.186106 9.687250 2.309004
v 5.361130 9.687250 1.866943
v 5.498549 9.687250 1.411787
v 5.597400 9.687250 0.946729
v 5.656991 9.687250 0.475031
v 5.676899 9.687250 0.000000
v 11.356038 0.006231 -0.953804
v 11.236391 0.006231 -1.900918
v -0.003013 0.006231 0.000000
v 11.037910 0.006231 -2.834698
v 10.761990 0.006231 -3.748596
v 10.410561 0.006231 -4.636198
v 9.986093 0.006231 -5.491282
v 9.491565 0.006231 -6.307849
v 8.930441 0.006231 -7.080168
v 8.306659 0.006231 -7.802828
v 7.624593 0.006231 -8.470756
v 6.889029 0.006231 -9.079267
v 6.105127 0.006231 -9.624094
v 5.278382 0.006231 -10.101415
v 4.414597 0.006231 -10.507881
v 3.519829 0.006231 -10.840644
v 2.600355 0.006231 -11.097364
v 1.662623 0.006231 -11.276246
v 0.713211 0.006231 -11.376033
v -0.241221 0.006231 -11.396026
v -1.193979 0.006231 -11.336086
v -2.138379 0.006231 -11.196628
v -3.067799 0.006231 -10.978635
v -3.975716 0.006231 -10.683635
v -4.855764 0.006231 -10.313696
v -5.701771 0.006231 -9.871415
v -6.507803 0.006231 -9.359893
v -7.268200 0.006231 -8.782718
v -7.977641 0.006231 -8.143937
v -8.631136 0.006231 -7.448032
v -9.224110 0.006231 -6.699887
v -9.752402 0.006231 -5.904745
v -10.212304 0.006231 -5.068187
v -10.600591 0.006231 -4.196079
v -10.914540 0.006231 -3.294538
v -11.151951 0.006231 -2.369888
v -11.311154 0.006231 -1.428616
v -11.391036 0.006231 -0.477322
v -11.391036 0.006231 0.477319
v -11.311154 0.006231 1.428612
v -11.151951 0.006231 2.369885
v -10.914540 0.006231 3.294535
v -10.600591 0.006231 4.196075
v -10.212304 0.006231 5.068184
v -9.752402 0.006231 5.904744
v -9.224111 0.006231 6.699884
v -8.631140 0.006231 7.448030
v -7.977642 0.006231 8.143935
v -7.268205 0.006231 8.782714
v -6.507804 0.006231 9.359888
v -5.701774 0.006231 9.871412
v -4.855768 0.006231 10.313695
v -3.975720 0.006231 10.683632
v -3.067801 0.006231 10.978634
v -2.138382 0.006231 11.196628
v -1.193982 0.006231 11.336083
v -0.241224 0.006231 11.396026
v 0.713208 0.006231 11.376034
v 1.662620 0.006231 11.276246
v 2.600353 0.006231 11.097365
v 3.519827 0.006231 10.840645
v 4.414596 0.006231 10.507881
v 5.278382 0.006231 10.101415
v 6.105125 0.006231 9.624095
v 6.889029 0.006231 9.079267
v 7.624593 0.006231 8.470756
v 8.306659 0.006231 7.802828
v 8.930443 0.006231 7.080168
v 9.491565 0.006231 6.307847
v 9.986096 0.006231 5.491282
v 10.410564 0.006231 4.636198
v 10.761990 0.006231 3.748596
v 11.037910 0.006231 2.834698
v 11.236392 0.006231 1.900918
v 11.356045 0.006231 0.953804
v 11.396017 0.006231 0.000000
v 5.656989 24.940348 -0.475031
v 5.597400 24.940348 -0.946729
v 5.498548 24.940348 -1.411787
v 5.361129 24.940348 -1.866943
v 5.186105 24.940348 -2.309003
v 4.974704 24.940348 -2.734867
v 4.728409 24.940348 -3.141548
v 4.448948 24.940348 -3.526193
v 4.138281 24.940348 -3.886104
v 3.798587 24.940348 -4.218758
v 3.432248 24.940348 -4.521820
v 3.041835 24.940348 -4.793164
v 2.630085 24.940348 -5.030888
v 2.199887 24.940348 -5.233323
v 1.754259 24.940348 -5.399051
v 1.296325 24.940348 -5.526908
v 0.829299 24.940348 -5.615998
v 0.356456 24.940348 -5.665697
v -0.118887 24.940348 -5.675653
v -0.593397 24.940348 -5.645800
v -1.063744 24.940348 -5.576345
v -1.526630 24.940348 -5.467776
v -1.978807 24.940348 -5.320855
v -2.417105 24.940348 -5.136612
v -2.838449 24.940348 -4.916339
v -3.239883 24.940348 -4.661581
v -3.618591 24.940348 -4.374126
v -3.971918 24.940348 -4.055990
v -4.297384 24.940348 -3.709403
v -4.592708 24.940348 -3.336798
v -4.855817 24.940348 -2.940787
v -5.084865 24.940348 -2.524149
v -5.278247 24.940348 -2.089806
v -5.434606 24.940348 -1.640805
v -5.552845 24.940348 -1.180294
v -5.632135 24.940348 -0.711505
v -5.671919 24.940348 -0.237724
v -5.671919 24.940348 0.237723
v -5.632135 24.940348 0.711503
v -5.552845 24.940348 1.180293
v -5.434606 24.940348 1.640804
v -5.278247 24.940348 2.089805
v -5.084865 24.940348 2.524148
v -4.855817 24.940348 2.940786
v -4.592708 24.940348 3.336797
v -4.297385 24.940348 3.709402
v -3.971919 24.940348 4.055988
v -3.618592 24.940348 4.374125
v -3.239884 24.940348 4.661580
v -2.838450 24.940348 4.916338
v -2.417107 24.940348 5.136611
v -1.978809 24.940348 5.320855
v -1.526631 24.940348 5.467776
v -1.063746 24.940348 5.576345
v -0.593398 24.940348 5.645800
v -0.118889 24.940348 5.675654
v 0.356455 24.940348 5.665697
v 0.829298 24.940348 5.615999
v 1.296324 24.940348 5.526909
v 1.754258 24.940348 5.399052
v 2.199886 24.940348 5.233324
v 2.630085 24.940348 5.030888
v 3.041834 24.940348 4.793165
v 3.432248 24.940348 4.521820
v 3.798587 24.940348 4.218758
v 4.138282 24.940348 3.886105
v 4.448949 24.940348 3.526193
v 4.728410 24.940348 3.141548
v 4.974705 24.940348 2.734867
v 5.186106 24.940348 2.309003
v 5.361130 24.940348 1.866943
v 5.498549 24.940348 1.411787
v 5.597400 24.940348 0.946729
v 5.656990 24.940348 0.475031
v 5.676900 24.940348 0.000000
v 4.778687 24.940348 -0.401245
v 4.728354 24.940348 -0.799676
v 4.644857 24.940348 -1.192497
v 4.528782 24.940348 -1.576954
v 4.380944 24.940348 -1.950350
v 4.202380 24.940348 -2.310065
v 3.994342 24.940348 -2.653577
v 3.758289 24.940348 -2.978476
v 3.495877 24.940348 -3.282483
v 3.208946 24.940348 -3.563467
v 2.899511 24.940348 -3.819455
v 2.569739 24.940348 -4.048651
v 2.221946 24.940348 -4.249450
v 1.858570 24.940348 -4.420441
v 1.482160 24.940348 -4.560427
v 1.095357 24.940348 -4.668425
v 0.700873 24.940348 -4.743676
v 0.301475 24.940348 -4.785655
v -0.100034 24.940348 -4.794065
v -0.500839 24.940348 -4.768849
v -0.898128 24.940348 -4.710182
v -1.289115 24.940348 -4.618477
v -1.671056 24.940348 -4.494377
v -2.041274 24.940348 -4.338752
v -2.397171 24.940348 -4.152694
v -2.736251 24.940348 -3.937507
v -3.056136 24.940348 -3.694702
v -3.354580 24.940348 -3.425981
v -3.629493 24.940348 -3.133229
v -3.878944 24.940348 -2.818500
v -4.101185 24.940348 -2.484001
v -4.294656 24.940348 -2.132078
v -4.458000 24.940348 -1.765201
v -4.590073 24.940348 -1.385942
v -4.689946 24.940348 -0.996961
v -4.756919 24.940348 -0.600988
v -4.790524 24.940348 -0.200799
v -4.790524 24.940348 0.200798
v -4.756919 24.940348 0.600987
v -4.689946 24.940348 0.996960
v -4.590073 24.940348 1.385941
v -4.458000 24.940348 1.765200
v -4.294656 24.940348 2.132077
v -4.101185 24.940348 2.484000
v -3.878945 24.940348 2.818499
v -3.629494 24.940348 3.133228
v -3.354581 24.940348 3.425980
v -3.056136 24.940348 3.694701
v -2.736253 24.940348 3.937506
v -2.397173 24.940348 4.152693
v -2.041276 24.940348 4.338752
v -1.671057 24.940348 4.494377
v -1.289116 24.940348 4.618478
v -0.898129 24.940348 4.710183
v -0.500840 24.940348 4.768849
v -0.100035 24.940348 4.794066
v 0.301474 24.940348 4.785656
v 0.700872 24.940348 4.743678
v 1.095356 24.940348 4.668426
v 1.482159 24.940348 4.560428
v 1.858569 24.940348 4.420442
v 2.221945 24.940348 4.249450
v 2.569739 24.940348 4.048652
v 2.899510 24.940348 3.819455
v 3.208946 24.940348 3.563467
v 3.495877 24.940348 3.282484
v 3.758289 24.940348 2.978477
v 3.994342 24.940348 2.653577
v 4.202380 24.940348 2.310066
v 4.380945 24.940348 1.950350
v 4.528782 24.940348 1.576954
v 4.644857 24.940348 1.192497
v 4.728354 24.940348 0.799676
v 4.778687 24.940348 0.401245
v 4.795504 24.940348 0.000000
v 4.778687 0.271052 -0.401245
v 4.728354 0.271052 -0.799676
v 0.000655 0.271052 0.000000
v 4.644857 0.271052 -1.192497
v 4.528782 0.271052 -1.576954
v 4.380944 0.271052 -1.950350
v 4.202380 0.271052 -2.310065
v 3.994341 0.271052 -2.653577
v 3.758289 0.271052 -2.978476
v 3.495877 0.271052 -3.282483
v 3.208946 0.271052 -3.563467
v 2.899511 0.271052 -3.819455
v 2.569739 0.271052 -4.048651
v 2.221946 0.271052 -4.249450
v 1.858570 0.271052 -4.420441
v 1.482160 0.271052 -4.560427
v 1.095357 0.271052 -4.668425
v 0.700873 0.271052 -4.743676
v 0.301475 0.271052 -4.785655
v -0.100034 0.271052 -4.794065
v -0.500839 0.271052 -4.768849
v -0.898128 0.271052 -4.710182
v -1.289115 0.271052 -4.618477
v -1.671056 0.271052 -4.494377
v -2.041274 0.271052 -4.338752
v -2.397171 0.271052 -4.152694
v -2.736251 0.271052 -3.937507
v -3.056136 0.271052 -3.694702
v -3.354581 0.271052 -3.425981
v -3.629493 0.271052 -3.133229
v -3.878944 0.271052 -2.818500
v -4.101185 0.271052 -2.484001
v -4.294656 0.271052 -2.132078
v -4.458000 0.271052 -1.765201
v -4.590073 0.271052 -1.385942
v -4.689946 0.271052 -0.996961
v -4.756919 0.271052 -0.600988
v -4.790524 0.271052 -0.200799
v -4.790524 0.271052 0.200798
v -4.756919 0.271052 0.600987
v -4.689946 0.271052 0.996960
v -4.590073 0.271052 1.385941
v -4.458000 0.271052 1.765200
v -4.294656 0.271052 2.132077
v -4.101185 0.271052 2.484000
v -3.878945 0.271052 2.818499
v -3.629494 0.271052 3.133228
v -3.354581 0.271052 3.425980
v -3.056137 0.271052 3.694701
v -2.736253 0.271052 3.937506
v -2.397173 0.271052 4.152693
v -2.041276 0.271052 4.338752
v -1.671058 0.271052 4.494377
v -1.289116 0.271052 4.618478
v -0.898129 0.271052 4.710182
v -0.500840 0.271052 4.768849
v -0.100035 0.271052 4.794066
v 0.301474 0.271052 4.785656
v 0.700872 0.271052 4.743678
v 1.095356 0.271052 4.668426
v 1.482159 0.271052 4.560428
v 1.858569 0.271052 4.420442
v 2.221945 0.271052 4.249450
v 2.569739 0.271052 4.048652
v 2.899510 0.271052 3.819455
v 3.208946 0.271052 3.563467
v 3.495877 0.271052 3.282484
v 3.758289 0.271052 2.978477
v 3.994342 0.271052 2.653577
v 4.202380 0.271052 2.310066
v 4.380945 0.271052 1.950350
v 4.528783 0.271052 1.576954
v 4.644857 0.271052 1.192497
v 4.728354 0.271052 0.799676
v 4.778687 0.271052 0.401245
v 4.795504 0.271052 0.000000
v 5.957294 7.690817 -1.007628
v 6.020716 7.690817 -0.505587
v 6.041907 7.690817 0.000000
v 6.020718 7.690817 0.505587
v 5.957294 7.690817 1.007628
v 5.852084 7.690817 1.502601
v 5.705826 7.690817 1.987035
v 5.519543 7.690817 2.457531
v 5.294544 7.690817 2.910788
v 5.032406 7.690817 3.343629
v 4.734969 7.690817 3.753016
v 4.404317 7.690817 4.136080
v 4.042772 7.690817 4.490131
v 3.652868 7.690817 4.812687
v 3.237341 7.690817 5.101487
v 2.799105 7.690817 5.354501
v 2.341234 7.690817 5.569958
v 1.866941 7.690817 5.746348
v 1.379550 7.690817 5.882429
v 0.882483 7.690817 5.977249
v 0.379224 7.690817 6.030144
v -0.126697 7.690817 6.040741
v -0.631729 7.690817 6.008969
v -1.132332 7.690817 5.935044
v -1.624992 7.690817 5.819492
v -2.106256 7.690817 5.663120
v -2.572748 7.690817 5.467025
v -3.021194 7.690817 5.232583
v -3.448451 7.690817 4.961437
v -3.851519 7.690817 4.655492
v -4.227574 7.690817 4.316891
v -4.573977 7.690817 3.948010
v -4.888295 7.690817 3.551437
v -5.168329 7.690817 3.129953
v -5.412111 7.690817 2.686514
v -5.617931 7.690817 2.224232
v -5.784349 7.690817 1.746349
v -5.910193 7.690817 1.256216
v -5.994583 7.690817 0.757271
v -6.036926 7.690817 0.253015
v -6.036926 7.690817 -0.253016
v -5.994583 7.690817 -0.757273
v -5.910193 7.690817 -1.256217
v -5.784349 7.690817 -1.746350
v -5.617931 7.690817 -2.224234
v -5.412111 7.690817 -2.686515
v -5.168329 7.690817 -3.129954
v -4.888295 7.690817 -3.551438
v -4.573975 7.690817 -3.948011
v -4.227573 7.690817 -4.316893
v -3.851517 7.690817 -4.655493
v -3.448449 7.690817 -4.961439
v -3.021193 7.690817 -5.232584
v -2.572746 7.690817 -5.467026
v -2.106255 7.690817 -5.663120
v -1.624991 7.690817 -5.819492
v -1.132330 7.690817 -5.935045
v -0.631728 7.690817 -6.008968
v -0.126695 7.690817 -6.040741
v 0.379225 7.690817 -6.030144
v 0.882484 7.690817 -5.977248
v 1.379551 7.690817 -5.882429
v 1.866942 7.690817 -5.746347
v 2.341235 7.690817 -5.569957
v 2.799106 7.690817 -5.354501
v 3.237341 7.690817 -5.101486
v 3.652868 7.690817 -4.812687
v 4.042772 7.690817 -4.490131
v 4.404316 7.690817 -4.136079
v 4.734967 7.690817 -3.753016
v 5.032404 7.690817 -3.343629
v 5.294543 7.690817 -2.910788
v 5.519542 7.690817 -2.457530
v 5.705825 7.690817 -1.987035
v 5.852084 7.690817 -1.502600
v 6.610167 5.791078 -1.118102
v 6.680542 5.791078 -0.561019
v 6.704056 5.791078 0.000000
v 6.680543 5.791078 0.561018
v 6.610167 5.791078 1.118102
v 6.493421 5.791078 1.667343
v 6.331129 5.791078 2.204889
v 6.124421 5.791078 2.726969
v 5.874753 5.791078 3.229920
v 5.583876 5.791078 3.710217
v 5.253828 5.791078 4.164490
v 4.886926 5.791078 4.589550
v 4.485740 5.791078 4.982420
v 4.053088 5.791078 5.340341
v 3.592003 5.791078 5.660803
v 3.105721 5.791078 5.941558
v 2.597650 5.791078 6.180637
v 2.071356 5.791078 6.376366
v 1.530529 5.791078 6.527367
v 0.978963 5.791078 6.632583
v 0.420528 5.791078 6.691278
v -0.140860 5.791078 6.703036
v -0.701263 5.791078 6.667779
v -1.256751 5.791078 6.585751
v -1.803426 5.791078 6.457530
v -2.337455 5.791078 6.284013
v -2.855092 5.791078 6.066418
v -3.352705 5.791078 5.806272
v -3.826805 5.791078 5.505398
v -4.274066 5.791078 5.165911
v -4.691350 5.791078 4.790186
v -5.075731 5.791078 4.380862
v -5.424511 5.791078 3.940809
v -5.735247 5.791078 3.473115
v -6.005756 5.791078 2.981058
v -6.234143 5.791078 2.468092
v -6.418806 5.791078 1.937815
v -6.558448 5.791078 1.393945
v -6.652091 5.791078 0.840297
v -6.699074 5.791078 0.280755
v -6.699074 5.791078 -0.280756
v -6.652091 5.791078 -0.840299
v -6.558448 5.791078 -1.393946
v -6.418806 5.791078 -1.937816
v -6.234143 5.791078 -2.468094
v -6.005756 5.791078 -2.981060
v -5.735247 5.791078 -3.473116
v -5.424510 5.791078 -3.940811
v -5.075729 5.791078 -4.380863
v -4.691349 5.791078 -4.790188
v -4.274064 5.791078 -5.165912
v -3.826804 5.791078 -5.505402
v -3.352703 5.791078 -5.806274
v -2.855090 5.791078 -6.066420
v -2.337453 5.791078 -6.284014
v -1.803425 5.791078 -6.457530
v -1.256749 5.791078 -6.585751
v -0.701262 5.791078 -6.667779
v -0.140858 5.791078 -6.703036
v 0.420529 5.791078 -6.691278
v 0.978965 5.791078 -6.632582
v 1.530530 5.791078 -6.527366
v 2.071357 5.791078 -6.376366
v 2.597651 5.791078 -6.180637
v 3.105721 5.791078 -5.941558
v 3.592004 5.791078 -5.660803
v 4.053088 5.791078 -5.340340
v 4.485740 5.791078 -4.982420
v 4.886925 5.791078 -4.589550
v 5.253827 5.791078 -4.164490
v 5.583874 5.791078 -3.710218
v 5.874753 5.791078 -3.229921
v 6.124420 5.791078 -2.726969
v 6.331127 5.791078 -2.204889
v 6.493421 5.791078 -1.667343
v 9.774946 1.773330 -1.653623
v 9.879029 1.773330 -0.829722
v 9.913806 1.773330 0.000000
v 9.879031 1.773330 0.829721
v 9.774946 1.773330 1.653623
v 9.602284 1.773330 2.465926
v 9.362263 1.773330 3.260932
v 9.056550 1.773330 4.033064
v 8.687304 1.773330 4.776907
v 8.257110 1.773330 5.487245
v 7.768982 1.773330 6.159092
v 7.226350 1.773330 6.787738
v 6.633015 1.773330 7.368775
v 5.993143 1.773330 7.898123
v 5.311217 1.773330 8.372074
v 4.592028 1.773330 8.787297
v 3.840614 1.773330 9.140884
v 3.062249 1.773330 9.430358
v 2.262390 1.773330 9.653684
v 1.446650 1.773330 9.809292
v 0.620749 1.773330 9.896099
v -0.209519 1.773330 9.913490
v -1.038330 1.773330 9.861345
v -1.859871 1.773330 9.740029
v -2.668379 1.773330 9.550396
v -3.458184 1.773330 9.293774
v -4.223745 1.773330 8.971961
v -4.959693 1.773330 8.587215
v -5.660865 1.773330 8.142237
v -6.322344 1.773330 7.640149
v -6.939489 1.773330 7.084470
v -7.507971 1.773330 6.479099
v -8.023802 1.773330 5.828279
v -8.483364 1.773330 5.136580
v -8.883437 1.773330 4.408852
v -9.221210 1.773330 3.650198
v -9.494319 1.773330 2.865941
v -9.700841 1.773330 2.061581
v -9.839336 1.773330 1.242761
v -9.908824 1.773330 0.415223
v -9.908824 1.773330 -0.415226
v -9.839336 1.773330 -1.242764
v -9.700841 1.773330 -2.061584
v -9.494319 1.773330 -2.865943
v -9.221210 1.773330 -3.650201
v -8.883437 1.773330 -4.408854
v -8.483364 1.773330 -5.136584
v -8.023799 1.773330 -5.828283
v -7.507968 1.773330 -6.479100
v -6.939486 1.773330 -7.084474
v -6.322341 1.773330 -7.640152
v -5.660863 1.773330 -8.142241
v -4.959690 1.773330 -8.587218
v -4.223742 1.773330 -8.971962
v -3.458181 1.773330 -9.293775
v -2.668377 1.773330 -9.550397
v -1.859869 1.773330 -9.740029
v -1.038327 1.773330 -9.861346
v -0.209516 1.773330 -9.913490
v 0.620751 1.773330 -9.896098
v 1.446652 1.773330 -9.809291
v 2.262392 1.773330 -9.653682
v 3.062250 1.773330 -9.430358
v 3.840616 1.773330 -9.140884
v 4.592029 1.773330 -8.787297
v 5.311220 1.773330 -8.372072
v 5.993143 1.773330 -7.898124
v 6.633015 1.773330 -7.368775
v 7.226348 1.773330 -6.787738
v 7.768981 1.773330 -6.159092
v 8.257106 1.773330 -5.487246
v 8.687302 1.773330 -4.776908
v 9.056549 1.773330 -4.033064
v 9.362260 1.773330 -3.260932
v 9.602284 1.773330 -2.465926
v 7.860943 3.784721 -0.660184
v 7.778127 3.784721 -1.315736
v 7.640746 3.784721 -1.962060
v 7.449766 3.784721 -2.594621
v 7.206522 3.784721 -3.208983
v 6.912723 3.784721 -3.800836
v 6.570429 3.784721 -4.366030
v 6.182044 3.784721 -4.900598
v 5.750288 3.784721 -5.400791
v 5.278192 3.784721 -5.863104
v 4.769064 3.784721 -6.284289
v 4.226480 3.784721 -6.661396
v 3.654243 3.784721 -6.991777
v 3.056367 3.784721 -7.273116
v 2.437045 3.784721 -7.503440
v 1.800624 3.784721 -7.681132
v 1.151565 3.784721 -7.804946
v 0.494421 3.784721 -7.874016
v -0.166196 3.784721 -7.887854
v -0.825656 3.784721 -7.846364
v -1.479330 3.784721 -7.749836
v -2.122635 3.784721 -7.598951
v -2.751058 3.784721 -7.394766
v -3.360191 3.784721 -7.138709
v -3.945761 3.784721 -6.832581
v -4.503663 3.784721 -6.478527
v -5.029980 3.784721 -6.079030
v -5.521023 3.784721 -5.636894
v -5.973346 3.784721 -5.155217
v -6.383777 3.784721 -4.637382
v -6.749438 3.784721 -4.087018
v -7.067764 3.784721 -3.507987
v -7.336520 3.784721 -2.904351
v -7.553823 3.784721 -2.280341
v -7.718147 3.784721 -1.640337
v -7.828342 3.784721 -0.988828
v -7.883632 3.784721 -0.330382
v -7.883632 3.784721 0.330380
v -7.828342 3.784721 0.988826
v -7.718147 3.784721 1.640336
v -7.553823 3.784721 2.280339
v -7.336520 3.784721 2.904348
v -7.067764 3.784721 3.507985
v -6.749438 3.784721 4.087016
v -6.383779 3.784721 4.637379
v -5.973349 3.784721 5.155216
v -5.521025 3.784721 5.636891
v -5.029983 3.784721 6.079028
v -4.503664 3.784721 6.478523
v -3.945764 3.784721 6.832578
v -3.360193 3.784721 7.138708
v -2.751060 3.784721 7.394765
v -2.122637 3.784721 7.598951
v -1.479332 3.784721 7.749836
v -0.825658 3.784721 7.846364
v -0.166199 3.784721 7.887854
v 0.494420 3.784721 7.874017
v 1.151563 3.784721 7.804947
v 1.800622 3.784721 7.681134
v 2.437044 3.784721 7.503440
v 3.056365 3.784721 7.273116
v 3.654242 3.784721 6.991777
v 4.226479 3.784721 6.661397
v 4.769064 3.784721 6.284289
v 5.278192 3.784721 5.863104
v 5.750289 3.784721 5.400791
v 6.182045 3.784721 4.900598
v 6.570433 3.784721 4.366029
v 6.912724 3.784721 3.800836
v 7.206522 3.784721 3.208983
v 7.449769 3.784721 2.594622
v 7.640746 3.784721 1.962060
v 7.778127 3.784721 1.315736
v 7.860945 3.784721 0.660183
v 7.888614 3.784721 0.000000
vt 0.375000 0.312500
vt 0.378333 0.312500
vt 0.378333 0.687500
vt 0.375000 0.687500
vt 0.381667 0.312500
vt 0.381667 0.687500
vt 0.385000 0.312500
vt 0.385000 0.687500
vt 0.388333 0.312500
vt 0.388333 0.687500
vt 0.391667 0.312500
vt 0.391667 0.687500
vt 0.395000 0.312500
vt 0.395000 0.687500
vt 0.398333 0.312500
vt 0.398333 0.687500
vt 0.401667 0.312500
vt 0.401667 0.687500
vt 0.405000 0.312500
vt 0.405000 0.687500
vt 0.408333 0.312500
vt 0.408333 0.687500
vt 0.411667 0.312500
vt 0.411667 0.687500
vt 0.415000 0.312500
vt 0.415000 0.687500
vt 0.418333 0.312500
vt 0.418333 0.687500
vt 0.421667 0.312500
vt 0.421667 0.687500
vt 0.425000 0.312500
vt 0.425000 0.687500
vt 0.428333 0.312500
vt 0.428333 0.687500
vt 0.431667 0.312500
vt 0.431667 0.687500
vt 0.435000 0.312500
vt 0.435000 0.687500
vt 0.438333 0.312500
vt 0.438333 0.687500
vt 0.441667 0.312500
vt 0.441667 0.687500
vt 0.445000 0.312500
vt 0.445000 0.687500
vt 0.448333 0.312500
vt 0.448333 0.687500
vt 0.451667 0.312500
vt 0.451667 0.687500
vt 0.455000 0.312500
vt 0.455000 0.687500
vt 0.458333 0.312500
vt 0.458333 0.687500
vt 0.461667 0.312500
vt 0.461667 0.687500
vt 0.465000 0.312500
vt 0.465000 0.687500
vt 0.468333 0.312500
vt 0.468333 0.687500
vt 0.471667 0.312500
vt 0.471667 0.687500
vt 0.475000 0.312500
vt 0.475000 0.687500
vt 0.478333 0.312500
vt 0.478333 0.687500
vt 0.481667 0.312500
vt 0.481667 0.687500
vt 0.485000 0.312500
vt 0.485000 0.687500
vt 0.488333 0.312500
vt 0.488333 0.687500
vt 0.491667 0.312500
vt 0.491667 0.687500
vt 0.495000 0.312500
vt 0.495000 0.687500
vt 0.498333 0.312500
vt 0.498333 0.687500
vt 0.501667 0.312500
vt 0.501667 0.687500
vt 0.505000 0.312500
vt 0.505000 0.687500
vt 0.508333 0.312500
vt 0.508333 0.687500
vt 0.511667 0.312500
vt 0.511667 0.687500
vt 0.515000 0.312500
vt 0.515000 0.687500
vt 0.518333 0.312500
vt 0.518333 0.687500
vt 0.521667 0.312500
vt 0.521667 0.687500
vt 0.525000 0.312500
vt 0.525000 0.687500
vt 0.528333 0.312500
vt 0.528333 0.687500
vt 0.531667 0.312500
vt 0.531667 0.687500
vt 0.535000 0.312500
vt 0.535000 0.687500
vt 0.538333 0.312500
vt 0.538333 0.687500
vt 0.541667 0.312500
vt 0.541667 0.687500
vt 0.545000 0.312500
vt 0.545000 0.687500
vt 0.548333 0.312500
vt 0.548333 0.687500
vt 0.551666 0.312500
vt 0.551666 0.687500
vt 0.555000 0.312500
vt 0.555000 0.687500
vt 0.558333 0.312500
vt 0.558333 0.687500
vt 0.561666 0.312500
vt 0.561666 0.687500
vt 0.565000 0.312500
vt 0.565000 0.687500
vt 0.568333 0.312500
vt 0.568333 0.687500
vt 0.571666 0.312500
vt 0.571666 0.687500
vt 0.575000 0.312500
vt 0.575000 0.687500
vt 0.578333 0.312500
vt 0.578333 0.687500
vt 0.581666 0.312500
vt 0.581666 0.687500
vt 0.585000 0.312500
vt 0.585000 0.687500
vt 0.588333 0.312500
vt 0.588333 0.687500
vt 0.591666 0.312500
vt 0.591666 0.687500
vt 0.595000 0.312500
vt 0.595000 0.687500
vt 0.598333 0.312500
vt 0.598333 0.687500
vt 0.601666 0.312500
vt 0.601666 0.687500
vt 0.605000 0.312500
vt 0.605000 0.687500
vt 0.608333 0.312500
vt 0.608333 0.687500
vt 0.611666 0.312500
vt 0.611666 0.687500
vt 0.615000 0.312500
vt 0.615000 0.687500
vt 0.618333 0.312500
vt 0.618333 0.687500
vt 0.621666 0.312500
vt 0.621666 0.687500
vt 0.625000 0.312500
vt 0.625000 0.687500
vt 0.654062 0.130192
vt 0.655702 0.143175
vt 0.500000 0.156250
vt 0.651341 0.117392
vt 0.647559 0.104865
vt 0.642741 0.092697
vt 0.636923 0.080976
vt 0.630144 0.069783
vt 0.622452 0.059196
vt 0.613901 0.049290
vt 0.604552 0.040134
vt 0.594469 0.031792
vt 0.583723 0.024324
vt 0.572390 0.017781
vt 0.560549 0.012209
vt 0.548284 0.007647
vt 0.535680 0.004128
vt 0.522825 0.001676
vt 0.509811 0.000308
vt 0.496728 0.000034
vt 0.483667 0.000856
vt 0.470722 0.002768
vt 0.457981 0.005756
vt 0.445536 0.009800
vt 0.433472 0.014871
vt 0.421875 0.020934
vt 0.410826 0.027945
vt 0.400403 0.035857
vt 0.390678 0.044614
vt 0.381720 0.054153
vt 0.373591 0.064409
vt 0.366349 0.075308
vt 0.360045 0.086776
vt 0.354722 0.098731
vt 0.350419 0.111089
vt 0.347164 0.123764
vt 0.344982 0.136667
vt 0.343887 0.149707
vt 0.343887 0.162793
vt 0.344982 0.175833
vt 0.347164 0.188736
vt 0.350419 0.201411
vt 0.354722 0.213769
vt 0.360045 0.225724
vt 0.366349 0.237192
vt 0.373591 0.248091
vt 0.381720 0.258347
vt 0.390678 0.267886
vt 0.400402 0.276643
vt 0.410826 0.284555
vt 0.421875 0.291566
vt 0.433472 0.297629
vt 0.445536 0.302700
vt 0.457981 0.306744
vt 0.470722 0.309732
vt 0.483667 0.311644
vt 0.496728 0.312466
vt 0.509811 0.312192
vt 0.522825 0.310824
vt 0.535680 0.308372
vt 0.548284 0.304853
vt 0.560549 0.300291
vt 0.572390 0.294719
vt 0.583723 0.288176
vt 0.594469 0.280708
vt 0.604552 0.272366
vt 0.613901 0.263210
vt 0.622452 0.253304
vt 0.630144 0.242717
vt 0.636923 0.231524
vt 0.642741 0.219803
vt 0.647559 0.207635
vt 0.651341 0.195108
vt 0.654062 0.182308
vt 0.655702 0.169325
vt 0.656250 0.156250
vt 0.655702 0.856825
vt 0.654062 0.869808
vt 0.500000 0.843750
vt 0.651341 0.882608
vt 0.647559 0.895135
vt 0.642741 0.907303
vt 0.636923 0.919024
vt 0.630144 0.930217
vt 0.622452 0.940804
vt 0.613901 0.950710
vt 0.604552 0.959866
vt 0.594469 0.968208
vt 0.583723 0.975676
vt 0.572390 0.982219
vt 0.560549 0.987791
vt 0.548284 0.992353
vt 0.535680 0.995872
vt 0.522825 0.998324
vt 0.509811 0.999692
vt 0.496728 0.999966
vt 0.483667 0.999144
vt 0.470722 0.997232
vt 0.457981 0.994244
vt 0.445536 0.990200
vt 0.433472 0.985129
vt 0.421875 0.979066
vt 0.410826 0.972055
vt 0.400402 0.964143
vt 0.390678 0.955386
vt 0.381720 0.945847
vt 0.373591 0.935591
vt 0.366349 0.924692
vt 0.360045 0.913224
vt 0.354722 0.901269
vt 0.350419 0.888911
vt 0.347164 0.876236
vt 0.344982 0.863333
vt 0.343887 0.850293
vt 0.343887 0.837207
vt 0.344982 0.824167
vt 0.347164 0.811264
vt 0.350419 0.798589
vt 0.354722 0.786231
vt 0.360045 0.774276
vt 0.366349 0.762808
vt 0.373591 0.751909
vt 0.381720 0.741653
vt 0.390678 0.732114
vt 0.400403 0.723357
vt 0.410826 0.715445
vt 0.421875 0.708434
vt 0.433472 0.702371
vt 0.445536 0.697300
vt 0.457981 0.693256
vt 0.470722 0.690268
vt 0.483667 0.688356
vt 0.496728 0.687534
vt 0.509811 0.687808
vt 0.522825 0.689176
vt 0.535680 0.691628
vt 0.548284 0.695147
vt 0.560549 0.699709
vt 0.572390 0.705281
vt 0.583723 0.711824
vt 0.594469 0.719292
vt 0.604552 0.727634
vt 0.613901 0.736790
vt 0.622452 0.746696
vt 0.630144 0.757283
vt 0.636923 0.768476
vt 0.642741 0.780197
vt 0.647559 0.792365
vt 0.651341 0.804892
vt 0.654062 0.817692
vt 0.655702 0.830675
vt 0.656250 0.843750
vt 0.654062 0.130192
vt 0.655702 0.143175
vt 0.651341 0.117392
vt 0.647559 0.104865
vt 0.642741 0.092697
vt 0.636923 0.080976
vt 0.630144 0.069783
vt 0.622452 0.059196
vt 0.613901 0.049290
vt 0.604552 0.040134
vt 0.594469 0.031792
vt 0.583723 0.024324
vt 0.572390 0.017781
vt 0.560549 0.012209
vt 0.548284 0.007647
vt 0.535680 0.004128
vt 0.522825 0.001676
vt 0.509811 0.000308
vt 0.496728 0.000034
vt 0.483667 0.000856
vt 0.470722 0.002768
vt 0.457981 0.005756
vt 0.445536 0.009800
vt 0.433472 0.014871
vt 0.421875 0.020934
vt 0.410826 0.027945
vt 0.400403 0.035857
vt 0.390678 0.044614
vt 0.381720 0.054153
vt 0.373591 0.064409
vt 0.366349 0.075308
vt 0.360045 0.086776
vt 0.354722 0.098731
vt 0.350419 0.111089
vt 0.347164 0.123764
vt 0.344982 0.136667
vt 0.343887 0.149707
vt 0.343887 0.162793
vt 0.344982 0.175833
vt 0.347164 0.188736
vt 0.350419 0.201411
vt 0.354722 0.213769
vt 0.360045 0.225724
vt 0.366349 0.237192
vt 0.373591 0.248091
vt 0.381720 0.258347
vt 0.390678 0.267886
vt 0.400402 0.276643
vt 0.410826 0.284555
vt 0.421875 0.291566
vt 0.433472 0.297629
vt 0.445536 0.302700
vt 0.457981 0.306744
vt 0.470722 0.309732
vt 0.483667 0.311644
vt 0.496728 0.312466
vt 0.509811 0.312192
vt 0.522825 0.310824
vt 0.535680 0.308372
vt 0.548284 0.304853
vt 0.560549 0.300291
vt 0.572390 0.294719
vt 0.583723 0.288176
vt 0.594469 0.280708
vt 0.604552 0.272366
vt 0.613901 0.263210
vt 0.622452 0.253304
vt 0.630144 0.242717
vt 0.636923 0.231524
vt 0.642741 0.219803
vt 0.647559 0.207635
vt 0.651341 0.195108
vt 0.654062 0.182308
vt 0.655702 0.169325
vt 0.656250 0.156250
vt 0.655702 0.856825
vt 0.654062 0.869808
vt 0.654062 0.869808
vt 0.655702 0.856825
vt 0.651341 0.882608
vt 0.651341 0.882608
vt 0.647559 0.895135
vt 0.647559 0.895135
vt 0.642741 0.907303
vt 0.642741 0.907303
vt 0.636923 0.919024
vt 0.636923 0.919024
vt 0.630144 0.930217
vt 0.630144 0.930217
vt 0.622452 0.940804
vt 0.622452 0.940804
vt 0.613901 0.950710
vt 0.613901 0.950710
vt 0.604552 0.959866
vt 0.604552 0.959866
vt 0.594469 0.968208
vt 0.594469 0.968208
vt 0.583723 0.975676
vt 0.583723 0.975676
vt 0.572390 0.982219
vt 0.572390 0.982219
vt 0.560549 0.987791
vt 0.560549 0.987791
vt 0.548284 0.992353
vt 0.548284 0.992353
vt 0.535680 0.995872
vt 0.535680 0.995872
vt 0.522825 0.998324
vt 0.522825 0.998324
vt 0.509811 0.999692
vt 0.509811 0.999692
vt 0.496728 0.999966
vt 0.496728 0.999966
vt 0.483667 0.999144
vt 0.483667 0.999144
vt 0.470722 0.997232
vt 0.470722 0.997232
vt 0.457981 0.994244
vt 0.457981 0.994244
vt 0.445536 0.990200
vt 0.445536 0.990200
vt 0.433472 0.985129
vt 0.433472 0.985129
vt 0.421875 0.979066
vt 0.421875 0.979066
vt 0.410826 0.972055
vt 0.410826 0.972055
vt 0.400402 0.964143
vt 0.400402 0.964143
vt 0.390678 0.955386
vt 0.390678 0.955386
vt 0.381720 0.945847
vt 0.381720 0.945847
vt 0.373591 0.935591
vt 0.373591 0.935591
vt 0.366349 0.924692
vt 0.366349 0.924692
vt 0.360045 0.913224
vt 0.360045 0.913224
vt 0.354722 0.901269
vt 0.354722 0.901269
vt 0.350419 0.888911
vt 0.350419 0.888911
vt 0.347164 0.876236
vt 0.347164 0.876236
vt 0.344982 0.863333
vt 0.344982 0.863333
vt 0.343887 0.850293
vt 0.343887 0.850293
vt 0.343887 0.837207
vt 0.343887 0.837207
vt 0.344982 0.824167
vt 0.344982 0.824167
vt 0.347164 0.811264
vt 0.347164 0.811264
vt 0.350419 0.798589
vt 0.350419 0.798589
vt 0.354722 0.786231
vt 0.354722 0.786231
vt 0.360045 0.774276
vt 0.360045 0.774276
vt 0.366349 0.762808
vt 0.366349 0.762808
vt 0.373591 0.751909
vt 0.373591 0.751909
vt 0.381720 0.741653
vt 0.381720 0.741653
vt 0.390678 0.732114
vt 0.390678 0.732114
vt 0.400403 0.723357
vt 0.400403 0.723357
vt 0.410826 0.715445
vt 0.410826 0.715445
vt 0.421875 0.708434
vt 0.421875 0.708434
vt 0.433472 0.702371
vt 0.433472 0.702371
vt 0.445536 0.697300
vt 0.445536 0.697300
vt 0.457981 0.693256
vt 0.457981 0.693256
vt 0.470722 0.690268
vt 0.470722 0.690268
vt 0.483667 0.688356
vt 0.483667 0.688356
vt 0.496728 0.687534
vt 0.496728 0.687534
vt 0.509811 0.687808
vt 0.509811 0.687808
vt 0.522825 0.689176
vt 0.522825 0.689176
vt 0.535680 0.691628
vt 0.535680 0.691628
vt 0.548284 0.695147
vt 0.548284 0.695147
vt 0.560549 0.699709
vt 0.560549 0.699709
vt 0.572390 0.705281
vt 0.572390 0.705281
vt 0.583723 0.711824
vt 0.583723 0.711824
vt 0.594469 0.719292
vt 0.594469 0.719292
vt 0.604552 0.727634
vt 0.604552 0.727634
vt 0.613901 0.736790
vt 0.613901 0.736790
vt 0.622452 0.746696
vt 0.622452 0.746696
vt 0.630144 0.757283
vt 0.630144 0.757283
vt 0.636923 0.768476
vt 0.636923 0.768476
vt 0.642741 0.780197
vt 0.642741 0.780197
vt 0.647559 0.792365
vt 0.647559 0.792365
vt 0.651341 0.804892
vt 0.651341 0.804892
vt 0.654062 0.817692
vt 0.654062 0.817692
vt 0.655702 0.830675
vt 0.655702 0.830675
vt 0.656250 0.843750
vt 0.656250 0.843750
vt 0.654062 0.869808
vt 0.655702 0.856825
vt 0.651341 0.882608
vt 0.647559 0.895135
vt 0.642741 0.907303
vt 0.636923 0.919024
vt 0.630144 0.930217
vt 0.622452 0.940804
vt 0.613901 0.950710
vt 0.604552 0.959866
vt 0.594469 0.968208
vt 0.583723 0.975676
vt 0.572390 0.982219
vt 0.560549 0.987791
vt 0.548284 0.992353
vt 0.535680 0.995872
vt 0.522825 0.998324
vt 0.509811 0.999692
vt 0.496728 0.999966
vt 0.483667 0.999144
vt 0.470722 0.997232
vt 0.457981 0.994244
vt 0.445536 0.990200
vt 0.433472 0.985129
vt 0.421875 0.979066
vt 0.410826 0.972055
vt 0.400402 0.964143
vt 0.390678 0.955386
vt 0.381720 0.945847
vt 0.373591 0.935591
vt 0.366349 0.924692
vt 0.360045 0.913224
vt 0.354722 0.901269
vt 0.350419 0.888911
vt 0.347164 0.876236
vt 0.344982 0.863333
vt 0.343887 0.850293
vt 0.343887 0.837207
vt 0.344982 0.824167
vt 0.347164 0.811264
vt 0.350419 0.798589
vt 0.354722 0.786231
vt 0.360045 0.774276
vt 0.366349 0.762808
vt 0.373591 0.751909
vt 0.381720 0.741653
vt 0.390678 0.732114
vt 0.400403 0.723357
vt 0.410826 0.715445
vt 0.421875 0.708434
vt 0.433472 0.702371
vt 0.445536 0.697300
vt 0.457981 0.693256
vt 0.470722 0.690268
vt 0.483667 0.688356
vt 0.496728 0.687534
vt 0.509811 0.687808
vt 0.522825 0.689176
vt 0.535680 0.691628
vt 0.548284 0.695147
vt 0.560549 0.699709
vt 0.572390 0.705281
vt 0.583723 0.711824
vt 0.594469 0.719292
vt 0.604552 0.727634
vt 0.613901 0.736790
vt 0.622452 0.746696
vt 0.630144 0.757283
vt 0.636923 0.768476
vt 0.642741 0.780197
vt 0.647559 0.792365
vt 0.651341 0.804892
vt 0.654062 0.817692
vt 0.655702 0.830675
vt 0.656250 0.843750
vt 0.378333 0.629418
vt 0.375000 0.629418
vt 0.625000 0.629418
vt 0.621666 0.629418
vt 0.618333 0.629418
vt 0.615000 0.629418
vt 0.611666 0.629418
vt 0.608333 0.629418
vt 0.605000 0.629418
vt 0.601666 0.629418
vt 0.598333 0.629418
vt 0.595000 0.629418
vt 0.591666 0.629418
vt 0.588333 0.629418
vt 0.585000 0.629418
vt 0.581666 0.629418
vt 0.578333 0.629418
vt 0.575000 0.629418
vt 0.571666 0.629418
vt 0.568333 0.629418
vt 0.565000 0.629418
vt 0.561666 0.629418
vt 0.558333 0.629418
vt 0.555000 0.629418
vt 0.551666 0.629418
vt 0.548333 0.629418
vt 0.545000 0.629418
vt 0.541667 0.629418
vt 0.538333 0.629418
vt 0.535000 0.629418
vt 0.531667 0.629418
vt 0.528333 0.629418
vt 0.525000 0.629418
vt 0.521667 0.629418
vt 0.518333 0.629418
vt 0.515000 0.629418
vt 0.511667 0.629418
vt 0.508333 0.629418
vt 0.505000 0.629418
vt 0.501667 0.629418
vt 0.498333 0.629418
vt 0.495000 0.629418
vt 0.491667 0.629418
vt 0.488333 0.629418
vt 0.485000 0.629418
vt 0.481667 0.629418
vt 0.478333 0.629418
vt 0.475000 0.629418
vt 0.471667 0.629418
vt 0.468333 0.629418
vt 0.465000 0.629418
vt 0.461667 0.629418
vt 0.458333 0.629418
vt 0.455000 0.629418
vt 0.451667 0.629418
vt 0.448333 0.629418
vt 0.445000 0.629418
vt 0.441667 0.629418
vt 0.438333 0.629418
vt 0.435000 0.629418
vt 0.431667 0.629418
vt 0.428333 0.629418
vt 0.425000 0.629418
vt 0.421667 0.629418
vt 0.418333 0.629418
vt 0.415000 0.629418
vt 0.411667 0.629418
vt 0.408333 0.629418
vt 0.405000 0.629418
vt 0.401667 0.629418
vt 0.398333 0.629418
vt 0.395000 0.629418
vt 0.391667 0.629418
vt 0.388333 0.629418
vt 0.385000 0.629418
vt 0.381667 0.629418
vt 0.378333 0.525703
vt 0.375000 0.525703
vt 0.625000 0.525703
vt 0.621666 0.525703
vt 0.618333 0.525703
vt 0.615000 0.525703
vt 0.611666 0.525703
vt 0.608333 0.525703
vt 0.605000 0.525703
vt 0.601666 0.525703
vt 0.598333 0.525703
vt 0.595000 0.525703
vt 0.591666 0.525703
vt 0.588333 0.525703
vt 0.585000 0.525703
vt 0.581666 0.525703
vt 0.578333 0.525703
vt 0.575000 0.525703
vt 0.571666 0.525703
vt 0.568333 0.525703
vt 0.565000 0.525703
vt 0.561666 0.525703
vt 0.558333 0.525703
vt 0.555000 0.525703
vt 0.551666 0.525703
vt 0.548333 0.525703
vt 0.545000 0.525703
vt 0.541667 0.525703
vt 0.538333 0.525703
vt 0.535000 0.525703
vt 0.531667 0.525703
vt 0.528333 0.525703
vt 0.525000 0.525703
vt 0.521667 0.525703
vt 0.518333 0.525703
vt 0.515000 0.525703
vt 0.511667 0.525703
vt 0.508333 0.525703
vt 0.505000 0.525703
vt 0.501667 0.525703
vt 0.498333 0.525703
vt 0.495000 0.525703
vt 0.491667 0.525703
vt 0.488333 0.525703
vt 0.485000 0.525703
vt 0.481667 0.525703
vt 0.478333 0.525703
vt 0.475000 0.525703
vt 0.471667 0.525703
vt 0.468333 0.525703
vt 0.465000 0.525703
vt 0.461667 0.525703
vt 0.458333 0.525703
vt 0.455000 0.525703
vt 0.451667 0.525703
vt 0.448333 0.525703
vt 0.445000 0.525703
vt 0.441667 0.525703
vt 0.438333 0.525703
vt 0.435000 0.525703
vt 0.431667 0.525703
vt 0.428333 0.525703
vt 0.425000 0.525703
vt 0.421667 0.525703
vt 0.418333 0.525703
vt 0.415000 0.525703
vt 0.411667 0.525703
vt 0.408333 0.525703
vt 0.405000 0.525703
vt 0.401667 0.525703
vt 0.398333 0.525703
vt 0.395000 0.525703
vt 0.391667 0.525703
vt 0.388333 0.525703
vt 0.385000 0.525703
vt 0.381667 0.525703
vt 0.378333 0.406221
vt 0.375000 0.406221
vt 0.625000 0.406221
vt 0.621666 0.406221
vt 0.618333 0.406221
vt 0.615000 0.406221
vt 0.611666 0.406221
vt 0.608333 0.406221
vt 0.605000 0.406221
vt 0.601666 0.406221
vt 0.598333 0.406221
vt 0.595000 0.406221
vt 0.591666 0.406221
vt 0.588333 0.406221
vt 0.585000 0.406221
vt 0.581666 0.406221
vt 0.578333 0.406221
vt 0.575000 0.406221
vt 0.571666 0.406221
vt 0.568333 0.406221
vt 0.565000 0.406221
vt 0.561666 0.406221
vt 0.558333 0.406221
vt 0.555000 0.406221
vt 0.551666 0.406221
vt 0.548333 0.406221
vt 0.545000 0.406221
vt 0.541667 0.406221
vt 0.538333 0.406221
vt 0.535000 0.406221
vt 0.531667 0.406221
vt 0.528333 0.406221
vt 0.525000 0.406221
vt 0.521667 0.406221
vt 0.518333 0.406221
vt 0.515000 0.406221
vt 0.511667 0.406221
vt 0.508333 0.406221
vt 0.505000 0.406221
vt 0.501667 0.406221
vt 0.498333 0.406221
vt 0.495000 0.406221
vt 0.491667 0.406221
vt 0.488333 0.406221
vt 0.485000 0.406221
vt 0.481667 0.406221
vt 0.478333 0.406221
vt 0.475000 0.406221
vt 0.471667 0.406221
vt 0.468333 0.406221
vt 0.465000 0.406221
vt 0.461667 0.406221
vt 0.458333 0.406221
vt 0.455000 0.406221
vt 0.451667 0.406221
vt 0.448333 0.406221
vt 0.445000 0.406221
vt 0.441667 0.406221
vt 0.438333 0.406221
vt 0.435000 0.406221
vt 0.431667 0.406221
vt 0.428333 0.406221
vt 0.425000 0.406221
vt 0.421667 0.406221
vt 0.418333 0.406221
vt 0.415000 0.406221
vt 0.411667 0.406221
vt 0.408333 0.406221
vt 0.405000 0.406221
vt 0.401667 0.406221
vt 0.398333 0.406221
vt 0.395000 0.406221
vt 0.391667 0.406221
vt 0.388333 0.406221
vt 0.385000 0.406221
vt 0.381667 0.406221
vt 0.375000 0.464866
vt 0.625000 0.464866
vt 0.378333 0.464866
vt 0.381667 0.464866
vt 0.385000 0.464866
vt 0.388333 0.464866
vt 0.391667 0.464866
vt 0.395000 0.464866
vt 0.398333 0.464866
vt 0.401667 0.464866
vt 0.405000 0.464866
vt 0.408333 0.464866
vt 0.411667 0.464866
vt 0.415000 0.464866
vt 0.418333 0.464866
vt 0.421667 0.464866
vt 0.425000 0.464866
vt 0.428333 0.464866
vt 0.431667 0.464866
vt 0.435000 0.464866
vt 0.438333 0.464866
vt 0.441667 0.464866
vt 0.445000 0.464866
vt 0.448333 0.464866
vt 0.451667 0.464866
vt 0.455000 0.464866
vt 0.458333 0.464866
vt 0.461667 0.464866
vt 0.465000 0.464866
vt 0.468333 0.464866
vt 0.471667 0.464866
vt 0.475000 0.464866
vt 0.478333 0.464866
vt 0.481667 0.464866
vt 0.485000 0.464866
vt 0.488333 0.464866
vt 0.491667 0.464866
vt 0.495000 0.464866
vt 0.498333 0.464866
vt 0.501667 0.464866
vt 0.505000 0.464866
vt 0.508333 0.464866
vt 0.511667 0.464866
vt 0.515000 0.464866
vt 0.518333 0.464866
vt 0.521667 0.464866
vt 0.525000 0.464866
vt 0.528333 0.464866
vt 0.531667 0.464866
vt 0.535000 0.464866
vt 0.538333 0.464866
vt 0.541667 0.464866
vt 0.545000 0.464866
vt 0.548333 0.464866
vt 0.551666 0.464866
vt 0.555000 0.464866
vt 0.558333 0.464866
vt 0.561666 0.464866
vt 0.565000 0.464866
vt 0.568333 0.464866
vt 0.571666 0.464866
vt 0.575000 0.464866
vt 0.578333 0.464866
vt 0.581666 0.464866
vt 0.585000 0.464866
vt 0.588333 0.464866
vt 0.591666 0.464866
vt 0.595000 0.464866
vt 0.598333 0.464866
vt 0.601666 0.464866
vt 0.605000 0.464866
vt 0.608333 0.464866
vt 0.611666 0.464866
vt 0.615000 0.464866
vt 0.618333 0.464866
vt 0.621666 0.464866
vn 0.141227 0.989906 -0.011859
vn 0.139738 0.989906 -0.023635
vn 0.717751 0.690371 -0.090673
vn 0.717750 0.690372 -0.090673
vn 0.139738 0.989906 -0.023635
vn 0.137269 0.989907 -0.035245
vn 0.707644 0.690373 -0.150416
vn 0.707642 0.690375 -0.150415
vn 0.137269 0.989907 -0.035245
vn 0.133837 0.989907 -0.046608
vn 0.692574 0.690376 -0.209099
vn 0.692572 0.690378 -0.209098
vn 0.133837 0.989907 -0.046608
vn 0.129466 0.989907 -0.057643
vn 0.672643 0.690380 -0.266320
vn 0.672641 0.690383 -0.266319
vn 0.129466 0.989907 -0.057643
vn 0.124187 0.989907 -0.068273
vn 0.647995 0.690385 -0.321668
vn 0.647992 0.690389 -0.321666
vn 0.124187 0.989907 -0.068273
vn 0.118036 0.989908 -0.078424
vn 0.618802 0.690391 -0.374759
vn 0.618798 0.690396 -0.374757
vn 0.118036 0.989908 -0.078424
vn 0.111057 0.989908 -0.088024
vn 0.585267 0.690398 -0.425221
vn 0.585263 0.690403 -0.425219
vn 0.111057 0.989908 -0.088024
vn 0.103300 0.989909 -0.097006
vn 0.547627 0.690406 -0.472698
vn 0.547623 0.690412 -0.472695
vn 0.103300 0.989909 -0.097006
vn 0.094818 0.989909 -0.105307
vn 0.506147 0.690415 -0.516858
vn 0.506143 0.690421 -0.516854
vn 0.094818 0.989909 -0.105307
vn 0.085671 0.989910 -0.112869
vn 0.461115 0.690425 -0.557393
vn 0.461111 0.690431 -0.557388
vn 0.085671 0.989910 -0.112869
vn 0.075923 0.989910 -0.119638
vn 0.412851 0.690435 -0.594015
vn 0.412848 0.690442 -0.594009
vn 0.075923 0.989910 -0.119638
vn 0.065644 0.989911 -0.125568
vn 0.361692 0.690446 -0.626469
vn 0.361689 0.690453 -0.626463
vn 0.065644 0.989911 -0.125568
vn 0.054905 0.989912 -0.130616
vn 0.307996 0.690458 -0.654528
vn 0.307993 0.690465 -0.654521
vn 0.054905 0.989912 -0.130616
vn 0.043781 0.989912 -0.134748
vn 0.252145 0.690470 -0.677993
vn 0.252142 0.690478 -0.677986
vn 0.043781 0.989912 -0.134748
vn 0.032351 0.989913 -0.137934
vn 0.194523 0.690482 -0.696703
vn 0.194521 0.690490 -0.696696
vn 0.032351 0.989913 -0.137934
vn 0.020695 0.989914 -0.140152
vn 0.135539 0.690495 -0.710525
vn 0.135537 0.690504 -0.710517
vn 0.020695 0.989914 -0.140152
vn 0.008894 0.989914 -0.141387
vn 0.075609 0.690508 -0.719362
vn 0.075609 0.690517 -0.719354
vn 0.008894 0.989914 -0.141387
vn -0.002968 0.989915 -0.141631
vn 0.015148 0.690522 -0.723153
vn 0.015147 0.690530 -0.723145
vn -0.002968 0.989915 -0.141631
vn -0.014808 0.989916 -0.140880
vn -0.045416 0.690535 -0.721872
vn -0.045415 0.690543 -0.721864
vn -0.014808 0.989916 -0.140880
vn -0.026544 0.989917 -0.139142
vn -0.105662 0.690548 -0.715527
vn -0.105661 0.690556 -0.715519
vn -0.026544 0.989917 -0.139142
vn -0.038093 0.989917 -0.136428
vn -0.165158 0.690562 -0.704164
vn -0.165156 0.690570 -0.704157
vn -0.038093 0.989917 -0.136428
vn -0.049374 0.989918 -0.132758
vn -0.223500 0.690574 -0.687863
vn -0.223497 0.690582 -0.687855
vn -0.049374 0.989918 -0.132758
vn -0.060307 0.989919 -0.128157
vn -0.280271 0.690587 -0.666737
vn -0.280268 0.690594 -0.666730
vn -0.060307 0.989919 -0.128157
vn -0.070817 0.989919 -0.122657
vn -0.335073 0.690599 -0.640936
vn -0.335070 0.690607 -0.640930
vn -0.070817 0.989919 -0.122657
vn -0.080830 0.989920 -0.116297
vn -0.387524 0.690610 -0.610641
vn -0.387520 0.690618 -0.610635
vn -0.080830 0.989920 -0.116297
vn -0.090275 0.989920 -0.109123
vn -0.437256 0.690622 -0.576063
vn -0.437252 0.690628 -0.576058
vn -0.090275 0.989920 -0.109123
vn -0.099087 0.989921 -0.101183
vn -0.483919 0.690632 -0.537448
vn -0.483915 0.690638 -0.537443
vn -0.099087 0.989921 -0.101183
vn -0.107204 0.989922 -0.092535
vn -0.527188 0.690642 -0.495061
vn -0.527184 0.690648 -0.495058
vn -0.107204 0.989922 -0.092535
vn -0.114568 0.989922 -0.083238
vn -0.566758 0.690651 -0.449207
vn -0.566754 0.690656 -0.449204
vn -0.114568 0.989922 -0.083238
vn -0.121129 0.989922 -0.073358
vn -0.602352 0.690659 -0.400203
vn -0.602348 0.690664 -0.400200
vn -0.121129 0.989922 -0.073358
vn -0.126841 0.989923 -0.062964
vn -0.633722 0.690666 -0.348392
vn -0.633718 0.690670 -0.348390
vn -0.126841 0.989923 -0.062964
vn -0.131662 0.989923 -0.052128
vn -0.660647 0.690673 -0.294138
vn -0.660644 0.690676 -0.294137
vn -0.131662 0.989923 -0.052128
vn -0.135561 0.989923 -0.040928
vn -0.682937 0.690678 -0.237825
vn -0.682935 0.690680 -0.237824
vn -0.135561 0.989923 -0.040928
vn -0.138509 0.989924 -0.029441
vn -0.700440 0.690682 -0.179840
vn -0.700438 0.690684 -0.179840
vn -0.138509 0.989924 -0.029441
vn -0.140486 0.989924 -0.017747
vn -0.713029 0.690685 -0.120601
vn -0.713027 0.690686 -0.120601
vn -0.140486 0.989924 -0.017747
vn -0.141478 0.989924 -0.005930
vn -0.720618 0.690687 -0.060510
vn -0.720617 0.690687 -0.060510
vn -0.141478 0.989924 -0.005930
vn -0.141478 0.989924 0.005930
vn -0.723153 0.690688 0.000000
vn -0.723153 0.690688 0.000000
vn -0.141478 0.989924 0.005930
vn -0.140486 0.989924 0.017747
vn -0.720617 0.690688 0.060510
vn -0.720618 0.690687 0.060510
vn -0.140486 0.989924 0.017747
vn -0.138509 0.989923 0.029441
vn -0.713027 0.690686 0.120601
vn -0.713029 0.690685 0.120601
vn -0.138509 0.989923 0.029441
vn -0.135561 0.989923 0.040928
vn -0.700438 0.690684 0.179840
vn -0.700440 0.690682 0.179841
vn -0.135561 0.989923 0.040928
vn -0.131662 0.989923 0.052128
vn -0.682935 0.690681 0.237824
vn -0.682937 0.690678 0.237825
vn -0.131662 0.989923 0.052128
vn -0.126841 0.989923 0.062964
vn -0.660644 0.690676 0.294137
vn -0.660647 0.690672 0.294138
vn -0.126841 0.989923 0.062964
vn -0.121129 0.989922 0.073358
vn -0.633718 0.690670 0.348390
vn -0.633722 0.690666 0.348392
vn -0.121129 0.989922 0.073358
vn -0.114568 0.989922 0.083238
vn -0.602350 0.690664 0.400199
vn -0.602353 0.690659 0.400201
vn -0.114568 0.989922 0.083238
vn -0.107204 0.989922 0.092535
vn -0.566755 0.690656 0.449203
vn -0.566759 0.690651 0.449206
vn -0.107204 0.989922 0.092535
vn -0.099087 0.989921 0.101183
vn -0.527184 0.690648 0.495059
vn -0.527188 0.690642 0.495062
vn -0.099087 0.989921 0.101183
vn -0.090275 0.989920 0.109123
vn -0.483915 0.690638 0.537443
vn -0.483919 0.690632 0.537447
vn -0.090275 0.989920 0.109123
vn -0.080830 0.989920 0.116297
vn -0.437251 0.690629 0.576059
vn -0.437255 0.690622 0.576064
vn -0.080830 0.989920 0.116297
vn -0.070817 0.989919 0.122657
vn -0.387522 0.690618 0.610634
vn -0.387525 0.690611 0.610640
vn -0.070817 0.989919 0.122657
vn -0.060307 0.989919 0.128157
vn -0.335070 0.690606 0.640930
vn -0.335073 0.690599 0.640936
vn -0.060307 0.989919 0.128157
vn -0.049374 0.989918 0.132758
vn -0.280269 0.690594 0.666730
vn -0.280271 0.690587 0.666737
vn -0.049374 0.989918 0.132758
vn -0.038093 0.989917 0.136428
vn -0.223497 0.690582 0.687855
vn -0.223500 0.690574 0.687863
vn -0.038093 0.989917 0.136428
vn -0.026544 0.989917 0.139142
vn -0.165157 0.690569 0.704157
vn -0.165159 0.690561 0.704164
vn -0.026544 0.989917 0.139142
vn -0.014808 0.989916 0.140881
vn -0.105660 0.690556 0.715519
vn -0.105661 0.690548 0.715527
vn -0.014808 0.989916 0.140881
vn -0.002968 0.989915 0.141631
vn -0.045417 0.690543 0.721864
vn -0.045417 0.690535 0.721872
vn -0.002968 0.989915 0.141631
vn 0.008894 0.989914 0.141387
vn 0.015147 0.690530 0.723145
vn 0.015147 0.690522 0.723153
vn 0.008894 0.989914 0.141387
vn 0.020695 0.989914 0.140152
vn 0.075608 0.690517 0.719354
vn 0.075609 0.690508 0.719362
vn 0.020695 0.989914 0.140152
vn 0.032351 0.989913 0.137934
vn 0.135536 0.690503 0.710517
vn 0.135538 0.690495 0.710525
vn 0.032351 0.989913 0.137934
vn 0.043781 0.989912 0.134748
vn 0.194522 0.690490 0.696695
vn 0.194524 0.690482 0.696702
vn 0.043781 0.989912 0.134748
vn 0.054905 0.989912 0.130616
vn 0.252142 0.690478 0.677986
vn 0.252144 0.690470 0.677993
vn 0.054905 0.989912 0.130616
vn 0.065644 0.989911 0.125568
vn 0.307993 0.690465 0.654521
vn 0.307996 0.690458 0.654527
vn 0.065644 0.989911 0.125568
vn 0.075923 0.989910 0.119638
vn 0.361688 0.690453 0.626463
vn 0.361692 0.690446 0.626469
vn 0.075923 0.989910 0.119638
vn 0.085671 0.989910 0.112869
vn 0.412848 0.690442 0.594009
vn 0.412852 0.690435 0.594014
vn 0.085671 0.989910 0.112869
vn 0.094817 0.989909 0.105307
vn 0.461111 0.690431 0.557388
vn 0.461114 0.690425 0.557393
vn 0.094817 0.989909 0.105307
vn 0.103300 0.989909 0.097006
vn 0.506142 0.690421 0.516855
vn 0.506146 0.690415 0.516859
vn 0.103300 0.989909 0.097006
vn 0.111057 0.989908 0.088024
vn 0.547623 0.690411 0.472695
vn 0.547627 0.690406 0.472699
vn 0.111057 0.989908 0.088024
vn 0.118036 0.989908 0.078424
vn 0.585262 0.690403 0.425219
vn 0.585266 0.690398 0.425222
vn 0.118036 0.989908 0.078424
vn 0.124187 0.989907 0.068273
vn 0.618799 0.690396 0.374756
vn 0.618802 0.690391 0.374758
vn 0.124187 0.989907 0.068273
vn 0.129466 0.989907 0.057643
vn 0.647993 0.690389 0.321666
vn 0.647996 0.690385 0.321668
vn 0.129466 0.989907 0.057643
vn 0.133837 0.989907 0.046608
vn 0.672640 0.690383 0.266321
vn 0.672643 0.690380 0.266322
vn 0.133837 0.989907 0.046608
vn 0.137270 0.989906 0.035245
vn 0.692572 0.690379 0.209096
vn 0.692575 0.690376 0.209096
vn 0.137270 0.989906 0.035245
vn 0.139738 0.989906 0.023635
vn 0.707642 0.690375 0.150415
vn 0.707644 0.690373 0.150416
vn 0.139738 0.989906 0.023635
vn 0.141227 0.989906 0.011859
vn 0.717749 0.690372 0.090675
vn 0.717750 0.690371 0.090675
vn 0.141227 0.989906 0.011859
vn 0.141724 0.989906 0.000000
vn 0.722821 0.690371 0.030294
vn 0.722821 0.690370 0.030294
vn 0.141724 0.989906 0.000000
vn 0.141227 0.989906 -0.011859
vn 0.722822 0.690370 -0.030296
vn 0.722821 0.690371 -0.030296
vn 0.000000 -1.000000 0.000000
vn 0.000000 -1.000000 0.000000
vn 0.000000 -1.000000 0.000000
vn 0.000000 -1.000000 0.000000
vn 0.000000 -1.000000 0.000000
vn 0.000000 -1.000000 0.000000
vn 0.000000 -1.000000 0.000000
vn 0.000000 -1.000000 0.000000
vn 0.000000 -1.000000 0.000000
vn 0.000000 -1.000000 0.000000
vn 0.000000 -1.000000 0.000000
vn 0.000000 -1.000000 0.000000
vn 0.000000 -1.000000 0.000000
vn 0.000000 -1.000000 0.000000
vn 0.000000 -1.000000 0.000000
vn 0.000000 -1.000000 0.000000
vn 0.000000 -1.000000 0.000000
vn 0.000000 -1.000000 0.000000
vn 0.000000 -1.000000 0.000000
vn 0.000000 -1.000000 0.000000
vn 0.000000 -1.000000 0.000000
vn 0.000000 -1.000000 0.000000
vn 0.000000 -1.000000 0.000000
vn 0.000000 -1.000000 0.000000
vn 0.000000 -1.000000 0.000000
vn 0.000000 -1.000000 0.000000
vn 0.000000 -1.000000 0.000000
vn 0.000000 -1.000000 0.000000
vn 0.000000 -1.000000 0.000000
vn 0.000000 -1.000000 0.000000
vn 0.000000 -1.000000 0.000000
vn 0.000000 -1.000000 0.000000
vn 0.000000 -1.000000 0.000000
vn 0.000000 -1.000000 0.000000
vn 0.000000 -1.000000 0.000000
vn 0.000000 -1.000000 0.000000
vn 0.000000 -1.000000 0.000000
vn 0.000000 -1.000000 0.000000
vn 0.000000 -1.000000 0.000000
vn 0.000000 -1.000000 0.000000
vn 0.000000 -1.000000 0.000000
vn 0.000000 -1.000000 0.000000
vn 0.000000 -1.000000 0.000000
vn 0.000000 -1.000000 0.000000
vn 0.000000 -1.000000 0.000000
vn 0.000000 -1.000000 0.000000
vn 0.000000 -1.000000 0.000000
vn 0.000000 -1.000000 0.000000
vn 0.000000 -1.000000 0.000000
vn 0.000000 -1.000000 0.000000
vn 0.000000 -1.000000 0.000000
vn 0.000000 -1.000000 0.000000
vn 0.000000 -1.000000 0.000000
vn 0.000000 -1.000000 0.000000
vn 0.000000 -1.000000 0.000000
vn 0.000000 -1.000000 0.000000
vn 0.000000 -1.000000 0.000000
vn 0.000000 -1.000000 0.000000
vn 0.000000 -1.000000 0.000000
vn 0.000000 -1.000000 0.000000
vn 0.000000 -1.000000 0.000000
vn 0.000000 -1.000000 0.000000
vn 0.000000 -1.000000 0.000000
vn 0.000000 -1.000000 0.000000
vn 0.000000 -1.000000 0.000000
vn 0.000000 -1.000000 0.000000
vn 0.000000 -1.000000 0.000000
vn 0.000000 -1.000000 0.000000
vn 0.000000 -1.000000 0.000000
vn 0.000000 -1.000000 0.000000
vn 0.000000 -1.000000 0.000000
vn 0.000000 -1.000000 0.000000
vn 0.000000 -1.000000 0.000000
vn 0.000000 -1.000000 0.000000
vn 0.000000 -1.000000 0.000000
vn 0.000000 -1.000000 0.000000
vn 0.000000 -1.000000 0.000000
vn 0.000000 -1.000000 0.000000
vn 0.000000 -1.000000 0.000000
vn 0.000000 -1.000000 0.000000
vn 0.000000 -1.000000 0.000000
vn 0.000000 -1.000000 0.000000
vn 0.000000 -1.000000 0.000000
vn 0.000000 -1.000000 0.000000
vn 0.000000 -1.000000 0.000000
vn 0.000000 -1.000000 0.000000
vn 0.000000 -1.000000 0.000000
vn 0.000000 -1.000000 0.000000
vn 0.000000 -1.000000 0.000000
vn 0.000000 -1.000000 0.000000
vn 0.000000 -1.000000 0.000000
vn 0.000000 -1.000000 0.000000
vn 0.000000 -1.000000 0.000000
vn 0.000000 -1.000000 0.000000
vn 0.000000 -1.000000 0.000000
vn 0.000000 -1.000000 0.000000
vn 0.000000 -1.000000 0.000000
vn 0.000000 -1.000000 0.000000
vn 0.000000 -1.000000 0.000000
vn 0.000000 -1.000000 0.000000
vn 0.000000 -1.000000 0.000000
vn 0.000000 -1.000000 0.000000
vn 0.000000 -1.000000 0.000000
vn 0.000000 -1.000000 0.000000
vn 0.000000 -1.000000 0.000000
vn 0.000000 -1.000000 0.000000
vn 0.000000 -1.000000 0.000000
vn 0.000000 -1.000000 0.000000
vn 0.000000 -1.000000 0.000000
vn 0.000000 -1.000000 0.000000
vn 0.000000 -1.000000 0.000000
vn 0.000000 -1.000000 0.000000
vn 0.000000 -1.000000 0.000000
vn 0.000000 -1.000000 0.000000
vn 0.000000 -1.000000 0.000000
vn 0.000000 -1.000000 0.000000
vn 0.000000 -1.000000 0.000000
vn 0.000000 -1.000000 0.000000
vn 0.000000 -1.000000 0.000000
vn 0.000000 -1.000000 0.000000
vn 0.000000 -1.000000 0.000000
vn 0.000000 -1.000000 0.000000
vn 0.000000 -1.000000 0.000000
vn 0.000000 -1.000000 0.000000
vn 0.000000 -1.000000 0.000000
vn 0.000000 -1.000000 0.000000
vn 0.000000 -1.000000 0.000000
vn 0.000000 -1.000000 0.000000
vn 0.000000 -1.000000 0.000000
vn 0.000000 -1.000000 0.000000
vn 0.000000 -1.000000 0.000000
vn 0.000000 -1.000000 0.000000
vn 0.000000 -1.000000 0.000000
vn 0.000000 -1.000000 0.000000
vn 0.000000 -1.000000 0.000000
vn 0.000000 -1.000000 0.000000
vn 0.000000 -1.000000 0.000000
vn 0.000000 -1.000000 0.000000
vn 0.000000 -1.000000 0.000000
vn 0.000000 -1.000000 0.000000
vn 0.000000 -1.000000 0.000000
vn 0.000000 -1.000000 0.000000
vn 0.000000 -1.000000 0.000000
vn 0.000000 -1.000000 0.000000
vn 0.000000 -1.000000 0.000000
vn 0.000000 -1.000000 0.000000
vn 0.000000 -1.000000 0.000000
vn 0.000000 -1.000000 0.000000
vn 0.000000 -1.000000 0.000000
vn 0.000000 -1.000000 0.000000
vn 0.000000 -1.000000 0.000000
vn 0.000000 -1.000000 0.000000
vn 0.000000 -1.000000 0.000000
vn 0.000000 -1.000000 0.000000
vn 0.000000 -1.000000 0.000000
vn 0.000000 -1.000000 0.000000
vn 0.000000 -1.000000 0.000000
vn 0.000000 -1.000000 0.000000
vn 0.000000 -1.000000 0.000000
vn 0.000000 -1.000000 0.000000
vn 0.000000 -1.000000 0.000000
vn 0.000000 -1.000000 0.000000
vn 0.000000 -1.000000 0.000000
vn 0.000000 -1.000000 0.000000
vn 0.000000 -1.000000 0.000000
vn 0.000000 -1.000000 0.000000
vn 0.000000 -1.000000 0.000000
vn 0.000000 -1.000000 0.000000
vn 0.000000 -1.000000 0.000000
vn 0.000000 -1.000000 0.000000
vn 0.000000 -1.000000 0.000000
vn 0.000000 -1.000000 0.000000
vn 0.000000 -1.000000 0.000000
vn 0.000000 -1.000000 0.000000
vn 0.000000 -1.000000 0.000000
vn 0.000000 -1.000000 0.000000
vn 0.000000 -1.000000 0.000000
vn 0.000000 -1.000000 0.000000
vn 0.000000 -1.000000 0.000000
vn 0.000000 -1.000000 0.000000
vn 0.000000 -1.000000 0.000000
vn 0.000000 -1.000000 0.000000
vn 0.000000 -1.000000 0.000000
vn 0.000000 -1.000000 0.000000
vn 0.000000 -1.000000 0.000000
vn 0.000000 -1.000000 0.000000
vn 0.000000 -1.000000 0.000000
vn 0.000000 -1.000000 0.000000
vn 0.000000 -1.000000 0.000000
vn 0.000000 -1.000000 0.000000
vn 0.000000 -1.000000 0.000000
vn 0.000000 -1.000000 0.000000
vn 0.000000 -1.000000 0.000000
vn 0.000000 -1.000000 0.000000
vn 0.000000 -1.000000 0.000000
vn 0.000000 -1.000000 0.000000
vn 0.000000 -1.000000 0.000000
vn 0.000000 -1.000000 0.000000
vn 0.000000 -1.000000 0.000000
vn 0.000000 -1.000000 0.000000
vn 0.000000 -1.000000 0.000000
vn 0.000000 -1.000000 0.000000
vn 0.000000 -1.000000 0.000000
vn 0.000000 -1.000000 0.000000
vn 0.000000 -1.000000 0.000000
vn 0.000000 -1.000000 0.000000
vn 0.000000 -1.000000 0.000000
vn 0.000000 -1.000000 0.000000
vn 0.000000 -1.000000 0.000000
vn 0.000000 -1.000000 0.000000
vn 0.000000 -1.000000 0.000000
vn 0.000000 -1.000000 0.000000
vn 0.000000 -1.000000 0.000000
vn 0.000000 -1.000000 0.000000
vn 0.000000 -1.000000 0.000000
vn 0.000000 -1.000000 0.000000
vn 0.000000 -1.000000 0.000000
vn 0.000000 -1.000000 0.000000
vn 0.000000 -1.000000 0.000000
vn 0.000000 -1.000000 0.000000
vn 0.000000 -1.000000 0.000000
vn 0.000000 -1.000000 0.000000
vn 0.000000 -1.000000 0.000000
vn 0.000000 -1.000000 0.000000
vn 0.000000 -1.000000 0.000000
vn 0.000000 1.000000 0.000000
vn 0.000000 1.000000 0.000000
vn 0.000000 1.000000 0.000000
vn 0.000000 1.000000 0.000000
vn 0.000000 1.000000 0.000000
vn 0.000000 1.000000 0.000000
vn 0.000000 1.000000 0.000000
vn 0.000000 1.000000 0.000000
vn 0.000000 1.000000 0.000000
vn 0.000000 1.000000 0.000000
vn 0.000000 1.000000 0.000000
vn 0.000000 1.000000 0.000000
vn 0.000000 1.000000 0.000000
vn 0.000000 1.000000 0.000000
vn 0.000000 1.000000 0.000000
vn 0.000000 1.000000 0.000000
vn 0.000000 1.000000 0.000000
vn 0.000000 1.000000 0.000000
vn 0.000000 1.000000 0.000000
vn 0.000000 1.000000 0.000000
vn 0.000000 1.000000 0.000000
vn 0.000000 1.000000 0.000000
vn 0.000000 1.000000 0.000000
vn 0.000000 1.000000 0.000000
vn 0.000000 1.000000 0.000000
vn 0.000000 1.000000 0.000000
vn 0.000000 1.000000 0.000000
vn 0.000000 1.000000 0.000000
vn 0.000000 1.000000 0.000000
vn 0.000000 1.000000 0.000000
vn 0.000000 1.000000 0.000000
vn 0.000000 1.000000 0.000000
vn 0.000000 1.000000 0.000000
vn 0.000000 1.000000 0.000000
vn 0.000000 1.000000 0.000000
vn 0.000000 1.000000 0.000000
vn 0.000000 1.000000 0.000000
vn 0.000000 1.000000 0.000000
vn 0.000000 1.000000 0.000000
vn 0.000000 1.000000 0.000000
vn 0.000000 1.000000 0.000000
vn 0.000000 1.000000 0.000000
vn 0.000000 1.000000 0.000000
vn 0.000000 1.000000 0.000000
vn 0.000000 1.000000 0.000000
vn 0.000000 1.000000 0.000000
vn 0.000000 1.000000 0.000000
vn 0.000000 1.000000 0.000000
vn 0.000000 1.000000 0.000000
vn 0.000000 1.000000 0.000000
vn 0.000000 1.000000 0.000000
vn 0.000000 1.000000 0.000000
vn 0.000000 1.000000 0.000000
vn 0.000000 1.000000 0.000000
vn 0.000000 1.000000 0.000000
vn 0.000000 1.000000 0.000000
vn 0.000000 1.000000 0.000000
vn 0.000000 1.000000 0.000000
vn 0.000000 1.000000 0.000000
vn 0.000000 1.000000 0.000000
vn 0.000000 1.000000 0.000000
vn 0.000000 1.000000 0.000000
vn 0.000000 1.000000 0.000000
vn 0.000000 1.000000 0.000000
vn 0.000000 1.000000 0.000000
vn 0.000000 1.000000 0.000000
vn 0.000000 1.000000 0.000000
vn 0.000000 1.000000 0.000000
vn 0.000000 1.000000 0.000000
vn 0.000000 1.000000 0.000000
vn 0.000000 1.000000 0.000000
vn 0.000000 1.000000 0.000000
vn 0.000000 1.000000 0.000000
vn 0.000000 1.000000 0.000000
vn 0.000000 1.000000 0.000000
vn 0.000000 1.000000 0.000000
vn 0.000000 1.000000 0.000000
vn 0.000000 1.000000 0.000000
vn 0.000000 1.000000 0.000000
vn 0.000000 1.000000 0.000000
vn 0.000000 1.000000 0.000000
vn 0.000000 1.000000 0.000000
vn 0.000000 1.000000 0.000000
vn 0.000000 1.000000 0.000000
vn 0.000000 1.000000 0.000000
vn 0.000000 1.000000 0.000000
vn 0.000000 1.000000 0.000000
vn 0.000000 1.000000 0.000000
vn 0.000000 1.000000 0.000000
vn 0.000000 1.000000 0.000000
vn 0.000000 1.000000 0.000000
vn 0.000000 1.000000 0.000000
vn 0.000000 1.000000 0.000000
vn 0.000000 1.000000 0.000000
vn 0.000000 1.000000 0.000000
vn 0.000000 1.000000 0.000000
vn 0.000000 1.000000 0.000000
vn 0.000000 1.000000 0.000000
vn 0.000000 1.000000 0.000000
vn 0.000000 1.000000 0.000000
vn 0.000000 1.000000 0.000000
vn 0.000000 1.000000 0.000000
vn 0.000000 1.000000 0.000000
vn 0.000000 1.000000 0.000000
vn 0.000000 1.000000 0.000000
vn 0.000000 1.000000 0.000000
vn 0.000000 1.000000 0.000000
vn 0.000000 1.000000 0.000000
vn 0.000000 1.000000 0.000000
vn 0.000000 1.000000 0.000000
vn 0.000000 1.000000 0.000000
vn 0.000000 1.000000 0.000000
vn 0.000000 1.000000 0.000000
vn 0.000000 1.000000 0.000000
vn 0.000000 1.000000 0.000000
vn 0.000000 1.000000 0.000000
vn 0.000000 1.000000 0.000000
vn 0.000000 1.000000 0.000000
vn 0.000000 1.000000 0.000000
vn 0.000000 1.000000 0.000000
vn 0.000000 1.000000 0.000000
vn 0.000000 1.000000 0.000000
vn 0.000000 1.000000 0.000000
vn 0.000000 1.000000 0.000000
vn 0.000000 1.000000 0.000000
vn 0.000000 1.000000 0.000000
vn 0.000000 1.000000 0.000000
vn 0.000000 1.000000 0.000000
vn 0.000000 1.000000 0.000000
vn 0.000000 1.000000 0.000000
vn 0.000000 1.000000 0.000000
vn 0.000000 1.000000 0.000000
vn 0.000000 1.000000 0.000000
vn 0.000000 1.000000 0.000000
vn 0.000000 1.000000 0.000000
vn 0.000000 1.000000 0.000000
vn 0.000000 1.000000 0.000000
vn 0.000000 1.000000 0.000000
vn 0.000000 1.000000 0.000000
vn 0.000000 1.000000 0.000000
vn 0.000000 1.000000 0.000000
vn 0.000000 1.000000 0.000000
vn 0.000000 1.000000 0.000000
vn 0.000000 1.000000 0.000000
vn 0.000000 1.000000 0.000000
vn 0.000000 1.000000 0.000000
vn 0.000000 1.000000 0.000000
vn 0.000000 1.000000 0.000000
vn 0.000000 1.000000 0.000000
vn 0.000000 1.000000 0.000000
vn 0.000000 1.000000 0.000000
vn 0.000000 1.000000 0.000000
vn 0.000000 1.000000 0.000000
vn 0.000000 1.000000 0.000000
vn 0.000000 1.000000 0.000000
vn 0.000000 1.000000 0.000000
vn 0.000000 1.000000 0.000000
vn 0.000000 1.000000 0.000000
vn 0.000000 1.000000 0.000000
vn 0.000000 1.000000 0.000000
vn 0.000000 1.000000 0.000000
vn 0.000000 1.000000 0.000000
vn 0.000000 1.000000 0.000000
vn 0.000000 1.000000 0.000000
vn 0.000000 1.000000 0.000000
vn 0.000000 1.000000 0.000000
vn 0.000000 1.000000 0.000000
vn 0.000000 1.000000 0.000000
vn 0.000000 1.000000 0.000000
vn 0.000000 1.000000 0.000000
vn 0.000000 1.000000 0.000000
vn 0.000000 1.000000 0.000000
vn 0.000000 1.000000 0.000000
vn 0.000000 1.000000 0.000000
vn 0.000000 1.000000 0.000000
vn 0.000000 1.000000 0.000000
vn 0.000000 1.000000 0.000000
vn 0.000000 1.000000 0.000000
vn 0.000000 1.000000 0.000000
vn 0.000000 1.000000 0.000000
vn 0.000000 1.000000 0.000000
vn 0.000000 1.000000 0.000000
vn 0.000000 1.000000 0.000000
vn 0.000000 1.000000 0.000000
vn 0.000000 1.000000 0.000000
vn 0.000000 1.000000 0.000000
vn 0.000000 1.000000 0.000000
vn 0.000000 1.000000 0.000000
vn 0.000000 1.000000 0.000000
vn 0.000000 1.000000 0.000000
vn 0.000000 1.000000 0.000000
vn 0.000000 1.000000 0.000000
vn 0.000000 1.000000 0.000000
vn 0.000000 1.000000 0.000000
vn 0.000000 1.000000 0.000000
vn 0.000000 1.000000 0.000000
vn 0.000000 1.000000 0.000000
vn 0.000000 1.000000 0.000000
vn 0.000000 1.000000 0.000000
vn 0.000000 1.000000 0.000000
vn 0.000000 1.000000 0.000000
vn 0.000000 1.000000 0.000000
vn 0.000000 1.000000 0.000000
vn 0.000000 1.000000 0.000000
vn 0.000000 1.000000 0.000000
vn 0.000000 1.000000 0.000000
vn 0.000000 1.000000 0.000000
vn 0.000000 1.000000 0.000000
vn 0.000000 1.000000 0.000000
vn 0.000000 1.000000 0.000000
vn 0.000000 1.000000 0.000000
vn 0.000000 1.000000 0.000000
vn 0.000000 1.000000 0.000000
vn 0.000000 1.000000 0.000000
vn 0.000000 1.000000 0.000000
vn 0.000000 1.000000 0.000000
vn 0.000000 1.000000 0.000000
vn 0.000000 1.000000 0.000000
vn 0.000000 1.000000 0.000000
vn 0.000000 1.000000 0.000000
vn 0.000000 1.000000 0.000000
vn 0.000000 1.000000 0.000000
vn 0.000000 1.000000 0.000000
vn 0.000000 1.000000 0.000000
vn 0.000000 1.000000 0.000000
vn 0.825607 0.554523 -0.104297
vn 0.825607 0.554523 -0.104297
vn 0.825607 0.554523 -0.104297
vn 0.825607 0.554523 -0.104297
vn 0.813981 0.554527 -0.173018
vn 0.813981 0.554527 -0.173018
vn 0.813981 0.554527 -0.173018
vn 0.813981 0.554527 -0.173018
vn 0.796645 0.554532 -0.240520
vn 0.796645 0.554532 -0.240520
vn 0.796646 0.554532 -0.240520
vn 0.796646 0.554532 -0.240520
vn 0.773722 0.554536 -0.306340
vn 0.773722 0.554536 -0.306340
vn 0.773722 0.554536 -0.306340
vn 0.773722 0.554536 -0.306340
vn 0.745372 0.554541 -0.370006
vn 0.745372 0.554541 -0.370006
vn 0.745372 0.554541 -0.370006
vn 0.745372 0.554541 -0.370006
vn 0.711793 0.554548 -0.431076
vn 0.711793 0.554548 -0.431076
vn 0.711793 0.554548 -0.431076
vn 0.711793 0.554548 -0.431076
vn 0.673220 0.554557 -0.489124
vn 0.673220 0.554557 -0.489124
vn 0.673220 0.554557 -0.489124
vn 0.673220 0.554557 -0.489124
vn 0.629927 0.554564 -0.543737
vn 0.629927 0.554564 -0.543737
vn 0.629927 0.554564 -0.543737
vn 0.629927 0.554564 -0.543737
vn 0.582214 0.554574 -0.594537
vn 0.582214 0.554574 -0.594537
vn 0.582214 0.554574 -0.594537
vn 0.582214 0.554574 -0.594537
vn 0.530418 0.554583 -0.641166
vn 0.530418 0.554583 -0.641166
vn 0.530418 0.554583 -0.641166
vn 0.530418 0.554583 -0.641166
vn 0.474903 0.554594 -0.683295
vn 0.474903 0.554594 -0.683295
vn 0.474903 0.554594 -0.683295
vn 0.474903 0.554594 -0.683295
vn 0.416057 0.554607 -0.720631
vn 0.416057 0.554607 -0.720631
vn 0.416057 0.554607 -0.720631
vn 0.416057 0.554607 -0.720631
vn 0.354293 0.554620 -0.752910
vn 0.354293 0.554620 -0.752910
vn 0.354293 0.554620 -0.752910
vn 0.354293 0.554620 -0.752910
vn 0.290045 0.554632 -0.779908
vn 0.290045 0.554633 -0.779908
vn 0.290045 0.554632 -0.779908
vn 0.290045 0.554633 -0.779908
vn 0.223764 0.554647 -0.801434
vn 0.223764 0.554647 -0.801434
vn 0.223764 0.554647 -0.801434
vn 0.223764 0.554647 -0.801434
vn 0.155915 0.554660 -0.817339
vn 0.155915 0.554660 -0.817339
vn 0.155915 0.554660 -0.817339
vn 0.155915 0.554660 -0.817339
vn 0.086976 0.554672 -0.827511
vn 0.086976 0.554672 -0.827511
vn 0.086976 0.554672 -0.827511
vn 0.086976 0.554672 -0.827511
vn 0.017425 0.554686 -0.831877
vn 0.017425 0.554686 -0.831877
vn 0.017425 0.554686 -0.831877
vn 0.017425 0.554686 -0.831877
vn -0.052244 0.554701 -0.830408
vn -0.052244 0.554701 -0.830408
vn -0.052244 0.554701 -0.830408
vn -0.052244 0.554701 -0.830408
vn -0.121548 0.554718 -0.823113
vn -0.121548 0.554718 -0.823113
vn -0.121548 0.554718 -0.823113
vn -0.121548 0.554718 -0.823113
vn -0.189993 0.554731 -0.810047
vn -0.189993 0.554731 -0.810047
vn -0.189993 0.554731 -0.810047
vn -0.189993 0.554731 -0.810047
vn -0.257109 0.554744 -0.791299
vn -0.257109 0.554744 -0.791299
vn -0.257109 0.554744 -0.791299
vn -0.257109 0.554744 -0.791299
vn -0.322418 0.554756 -0.767002
vn -0.322418 0.554756 -0.767002
vn -0.322418 0.554756 -0.767002
vn -0.322418 0.554756 -0.767002
vn -0.385464 0.554769 -0.737326
vn -0.385464 0.554769 -0.737326
vn -0.385464 0.554769 -0.737326
vn -0.385464 0.554769 -0.737326
vn -0.445805 0.554781 -0.702478
vn -0.445805 0.554781 -0.702478
vn -0.445805 0.554781 -0.702478
vn -0.445805 0.554781 -0.702478
vn -0.503021 0.554792 -0.662703
vn -0.503021 0.554792 -0.662703
vn -0.503021 0.554792 -0.662703
vn -0.503021 0.554792 -0.662703
vn -0.556703 0.554804 -0.618284
vn -0.556703 0.554804 -0.618284
vn -0.556703 0.554804 -0.618284
vn -0.556703 0.554804 -0.618284
vn -0.606484 0.554814 -0.569525
vn -0.606484 0.554814 -0.569525
vn -0.606484 0.554814 -0.569525
vn -0.606484 0.554814 -0.569525
vn -0.652008 0.554823 -0.516775
vn -0.652008 0.554823 -0.516775
vn -0.652008 0.554823 -0.516775
vn -0.652008 0.554823 -0.516775
vn -0.692959 0.554832 -0.460402
vn -0.692959 0.554832 -0.460402
vn -0.692959 0.554832 -0.460402
vn -0.692959 0.554832 -0.460402
vn -0.729049 0.554841 -0.400799
vn -0.729049 0.554841 -0.400799
vn -0.729049 0.554841 -0.400799
vn -0.729048 0.554841 -0.400799
vn -0.760026 0.554848 -0.338385
vn -0.760026 0.554848 -0.338385
vn -0.760026 0.554848 -0.338385
vn -0.760026 0.554848 -0.338385
vn -0.785674 0.554850 -0.273601
vn -0.785674 0.554850 -0.273601
vn -0.785674 0.554850 -0.273601
vn -0.785674 0.554850 -0.273601
vn -0.805811 0.554854 -0.206895
vn -0.805811 0.554854 -0.206895
vn -0.805811 0.554854 -0.206895
vn -0.805811 0.554854 -0.206895
vn -0.820295 0.554857 -0.138743
vn -0.820295 0.554857 -0.138743
vn -0.820295 0.554857 -0.138743
vn -0.820295 0.554857 -0.138743
vn -0.829027 0.554858 -0.069615
vn -0.829027 0.554858 -0.069615
vn -0.829027 0.554858 -0.069615
vn -0.829027 0.554858 -0.069615
vn -0.831942 0.554862 0.000000
vn -0.831942 0.554862 0.000000
vn -0.831943 0.554862 0.000000
vn -0.831943 0.554862 0.000000
vn -0.829027 0.554859 0.069615
vn -0.829027 0.554859 0.069615
vn -0.829027 0.554859 0.069615
vn -0.829027 0.554859 0.069615
vn -0.820294 0.554858 0.138743
vn -0.820294 0.554858 0.138743
vn -0.820294 0.554858 0.138743
vn -0.820294 0.554858 0.138743
vn -0.805810 0.554855 0.206895
vn -0.805810 0.554855 0.206895
vn -0.805810 0.554855 0.206895
vn -0.805810 0.554855 0.206895
vn -0.785674 0.554850 0.273602
vn -0.785674 0.554850 0.273602
vn -0.785674 0.554850 0.273602
vn -0.785674 0.554850 0.273602
vn -0.760027 0.554846 0.338385
vn -0.760027 0.554846 0.338385
vn -0.760027 0.554846 0.338385
vn -0.760027 0.554846 0.338385
vn -0.729049 0.554840 0.400799
vn -0.729049 0.554841 0.400799
vn -0.729049 0.554840 0.400799
vn -0.729049 0.554841 0.400799
vn -0.692960 0.554831 0.460401
vn -0.692960 0.554831 0.460401
vn -0.692960 0.554831 0.460401
vn -0.692960 0.554831 0.460401
vn -0.652009 0.554823 0.516774
vn -0.652009 0.554823 0.516774
vn -0.652009 0.554823 0.516774
vn -0.652009 0.554823 0.516774
vn -0.606485 0.554812 0.569526
vn -0.606485 0.554812 0.569525
vn -0.606485 0.554812 0.569526
vn -0.606485 0.554812 0.569526
vn -0.556704 0.554803 0.618283
vn -0.556704 0.554803 0.618283
vn -0.556704 0.554803 0.618283
vn -0.556704 0.554803 0.618283
vn -0.503018 0.554792 0.662705
vn -0.503018 0.554792 0.662705
vn -0.503018 0.554792 0.662705
vn -0.503018 0.554792 0.662705
vn -0.445807 0.554782 0.702477
vn -0.445807 0.554782 0.702477
vn -0.445807 0.554782 0.702477
vn -0.445807 0.554782 0.702477
vn -0.385465 0.554771 0.737324
vn -0.385465 0.554771 0.737324
vn -0.385465 0.554771 0.737324
vn -0.385465 0.554771 0.737324
vn -0.322418 0.554758 0.767001
vn -0.322418 0.554758 0.767001
vn -0.322418 0.554758 0.767001
vn -0.322418 0.554758 0.767001
vn -0.257109 0.554745 0.791299
vn -0.257109 0.554744 0.791299
vn -0.257109 0.554744 0.791299
vn -0.257109 0.554744 0.791299
vn -0.189995 0.554732 0.810046
vn -0.189995 0.554732 0.810046
vn -0.189995 0.554732 0.810046
vn -0.189995 0.554732 0.810046
vn -0.121546 0.554717 0.823113
vn -0.121546 0.554717 0.823113
vn -0.121546 0.554717 0.823113
vn -0.121546 0.554717 0.823113
vn -0.052245 0.554701 0.830408
vn -0.052245 0.554701 0.830408
vn -0.052245 0.554701 0.830408
vn -0.052245 0.554701 0.830408
vn 0.017424 0.554686 0.831877
vn 0.017424 0.554686 0.831877
vn 0.017424 0.554686 0.831877
vn 0.017424 0.554686 0.831877
vn 0.086977 0.554673 0.827510
vn 0.086977 0.554673 0.827510
vn 0.086977 0.554673 0.827510
vn 0.086977 0.554673 0.827510
vn 0.155913 0.554659 0.817340
vn 0.155913 0.554659 0.817340
vn 0.155913 0.554659 0.817340
vn 0.155913 0.554659 0.817340
vn 0.223764 0.554647 0.801434
vn 0.223764 0.554647 0.801434
vn 0.223764 0.554647 0.801434
vn 0.223764 0.554647 0.801434
vn 0.290046 0.554634 0.779907
vn 0.290046 0.554634 0.779907
vn 0.290046 0.554634 0.779907
vn 0.290046 0.554634 0.779907
vn 0.354293 0.554620 0.752910
vn 0.354293 0.554620 0.752910
vn 0.354293 0.554620 0.752910
vn 0.354293 0.554620 0.752910
vn 0.416055 0.554608 0.720630
vn 0.416055 0.554608 0.720630
vn 0.416055 0.554608 0.720630
vn 0.416055 0.554608 0.720630
vn 0.474903 0.554597 0.683293
vn 0.474903 0.554597 0.683293
vn 0.474903 0.554597 0.683293
vn 0.474903 0.554597 0.683293
vn 0.530417 0.554584 0.641166
vn 0.530417 0.554584 0.641166
vn 0.530417 0.554584 0.641166
vn 0.530417 0.554584 0.641166
vn 0.582213 0.554574 0.594537
vn 0.582213 0.554574 0.594537
vn 0.582213 0.554574 0.594537
vn 0.582213 0.554574 0.594537
vn 0.629927 0.554564 0.543737
vn 0.629927 0.554564 0.543737
vn 0.629927 0.554564 0.543737
vn 0.629927 0.554564 0.543738
vn 0.673221 0.554556 0.489124
vn 0.673221 0.554556 0.489124
vn 0.673221 0.554556 0.489124
vn 0.673221 0.554556 0.489124
vn 0.711794 0.554546 0.431078
vn 0.711794 0.554546 0.431078
vn 0.711794 0.554546 0.431078
vn 0.711794 0.554546 0.431078
vn 0.745371 0.554543 0.370005
vn 0.745371 0.554543 0.370005
vn 0.745372 0.554543 0.370005
vn 0.745371 0.554543 0.370005
vn 0.773722 0.554535 0.306340
vn 0.773722 0.554535 0.306340
vn 0.773722 0.554535 0.306340
vn 0.773722 0.554535 0.306340
vn 0.796647 0.554530 0.240520
vn 0.796647 0.554530 0.240520
vn 0.796647 0.554530 0.240520
vn 0.796647 0.554530 0.240520
vn 0.813980 0.554528 0.173017
vn 0.813980 0.554528 0.173017
vn 0.813980 0.554528 0.173017
vn 0.813980 0.554528 0.173018
vn 0.825605 0.554525 0.104301
vn 0.825605 0.554525 0.104301
vn 0.825605 0.554525 0.104301
vn 0.825605 0.554525 0.104301
vn 0.831436 0.554526 0.034845
vn 0.831436 0.554526 0.034845
vn 0.831436 0.554526 0.034845
vn 0.831436 0.554526 0.034845
vn 0.831439 0.554522 -0.034850
vn 0.831439 0.554522 -0.034850
vn 0.831439 0.554522 -0.034850
vn 0.831439 0.554522 -0.034850
vn 0.992115 0.000000 -0.125332
vn 0.992115 0.000000 -0.125332
vn 0.992115 0.000000 -0.125332
vn 0.992115 0.000000 -0.125332
vn 0.978147 0.000000 -0.207913
vn 0.978147 0.000000 -0.207913
vn 0.978147 0.000000 -0.207913
vn 0.978147 0.000000 -0.207913
vn 0.957319 0.000000 -0.289032
vn 0.957319 0.000000 -0.289032
vn 0.957319 0.000000 -0.289032
vn 0.957319 0.000000 -0.289032
vn 0.929776 0.000000 -0.368125
vn 0.929776 0.000000 -0.368125
vn 0.929776 0.000000 -0.368125
vn 0.929776 0.000000 -0.368125
vn 0.895712 0.000000 -0.444635
vn 0.895712 0.000000 -0.444635
vn 0.895712 0.000000 -0.444635
vn 0.895712 0.000000 -0.444635
vn 0.855364 0.000000 -0.518027
vn 0.855364 0.000000 -0.518027
vn 0.855364 0.000000 -0.518027
vn 0.855364 0.000000 -0.518027
vn 0.809017 0.000000 -0.587785
vn 0.809017 0.000000 -0.587785
vn 0.809017 0.000000 -0.587785
vn 0.809017 0.000000 -0.587785
vn 0.756995 0.000000 -0.653420
vn 0.756995 0.000000 -0.653420
vn 0.756995 0.000000 -0.653420
vn 0.756995 0.000000 -0.653420
vn 0.699663 0.000000 -0.714473
vn 0.699663 0.000000 -0.714473
vn 0.699663 0.000000 -0.714473
vn 0.699663 0.000000 -0.714473
vn 0.637425 0.000000 -0.770513
vn 0.637425 0.000000 -0.770513
vn 0.637425 0.000000 -0.770513
vn 0.637425 0.000000 -0.770513
vn 0.570713 0.000000 -0.821150
vn 0.570713 0.000000 -0.821150
vn 0.570713 0.000000 -0.821150
vn 0.570713 0.000000 -0.821150
vn 0.500000 0.000000 -0.866025
vn 0.500000 0.000000 -0.866025
vn 0.500000 0.000000 -0.866025
vn 0.500000 0.000000 -0.866025
vn 0.425779 0.000000 -0.904827
vn 0.425779 0.000000 -0.904827
vn 0.425779 0.000000 -0.904827
vn 0.425779 0.000000 -0.904827
vn 0.348572 0.000000 -0.937282
vn 0.348572 0.000000 -0.937282
vn 0.348572 0.000000 -0.937282
vn 0.348572 0.000000 -0.937282
vn 0.268920 0.000000 -0.963162
vn 0.268920 0.000000 -0.963162
vn 0.268920 0.000000 -0.963162
vn 0.268920 0.000000 -0.963162
vn 0.187381 0.000000 -0.982287
vn 0.187381 0.000000 -0.982287
vn 0.187381 0.000000 -0.982287
vn 0.187381 0.000000 -0.982287
vn 0.104529 0.000000 -0.994522
vn 0.104529 0.000000 -0.994522
vn 0.104529 0.000000 -0.994522
vn 0.104529 0.000000 -0.994522
vn 0.020942 0.000000 -0.999781
vn 0.020942 0.000000 -0.999781
vn 0.020942 0.000000 -0.999781
vn 0.020942 0.000000 -0.999781
vn -0.062789 0.000000 -0.998027
vn -0.062789 0.000000 -0.998027
vn -0.062789 0.000000 -0.998027
vn -0.062789 0.000000 -0.998027
vn -0.146084 0.000000 -0.989272
vn -0.146084 0.000000 -0.989272
vn -0.146084 0.000000 -0.989272
vn -0.146084 0.000000 -0.989272
vn -0.228351 0.000000 -0.973579
vn -0.228351 0.000000 -0.973579
vn -0.228351 0.000000 -0.973579
vn -0.228351 0.000000 -0.973579
vn -0.309016 0.000000 -0.951057
vn -0.309016 0.000000 -0.951057
vn -0.309016 0.000000 -0.951057
vn -0.309016 0.000000 -0.951057
vn -0.387515 0.000000 -0.921863
vn -0.387515 0.000000 -0.921863
vn -0.387515 0.000000 -0.921863
vn -0.387515 0.000000 -0.921863
vn -0.463296 0.000000 -0.886204
vn -0.463296 0.000000 -0.886204
vn -0.463296 0.000000 -0.886204
vn -0.463296 0.000000 -0.886204
vn -0.535827 0.000000 -0.844328
vn -0.535827 0.000000 -0.844328
vn -0.535827 0.000000 -0.844328
vn -0.535827 0.000000 -0.844328
vn -0.604599 0.000000 -0.796530
vn -0.604599 0.000000 -0.796530
vn -0.604599 0.000000 -0.796530
vn -0.604599 0.000000 -0.796530
vn -0.669130 0.000000 -0.743145
vn -0.669130 0.000000 -0.743145
vn -0.669130 0.000000 -0.743145
vn -0.669130 0.000000 -0.743145
vn -0.728969 0.000000 -0.684547
vn -0.728969 0.000000 -0.684547
vn -0.728969 0.000000 -0.684547
vn -0.728969 0.000000 -0.684547
vn -0.783693 0.000000 -0.621148
vn -0.783693 0.000000 -0.621148
vn -0.783693 0.000000 -0.621148
vn -0.783693 0.000000 -0.621148
vn -0.832921 0.000000 -0.553391
vn -0.832921 0.000000 -0.553391
vn -0.832921 0.000000 -0.553391
vn -0.832921 0.000000 -0.553391
vn -0.876307 0.000000 -0.481754
vn -0.876307 0.000000 -0.481754
vn -0.876307 0.000000 -0.481754
vn -0.876307 0.000000 -0.481754
vn -0.913545 0.000000 -0.406737
vn -0.913545 0.000000 -0.406737
vn -0.913545 0.000000 -0.406737
vn -0.913545 0.000000 -0.406737
vn -0.944376 0.000000 -0.328867
vn -0.944376 0.000000 -0.328867
vn -0.944376 0.000000 -0.328867
vn -0.944376 0.000000 -0.328867
vn -0.968583 0.000000 -0.248689
vn -0.968583 0.000000 -0.248689
vn -0.968583 0.000000 -0.248689
vn -0.968583 0.000000 -0.248689
vn -0.985996 0.000000 -0.166769
vn -0.985996 0.000000 -0.166769
vn -0.985996 0.000000 -0.166769
vn -0.985996 0.000000 -0.166769
vn -0.996493 0.000000 -0.083678
vn -0.996493 0.000000 -0.083678
vn -0.996493 0.000000 -0.083678
vn -0.996493 0.000000 -0.083678
vn -1.000000 0.000000 0.000000
vn -1.000000 0.000000 0.000000
vn -1.000000 0.000000 0.000000
vn -1.000000 0.000000 0.000000
vn -0.996493 0.000000 0.083678
vn -0.996493 0.000000 0.083678
vn -0.996493 0.000000 0.083678
vn -0.996493 0.000000 0.083678
vn -0.985996 0.000000 0.166769
vn -0.985996 0.000000 0.166769
vn -0.985996 0.000000 0.166769
vn -0.985996 0.000000 0.166769
vn -0.968583 0.000000 0.248689
vn -0.968583 0.000000 0.248689
vn -0.968583 0.000000 0.248689
vn -0.968583 0.000000 0.248689
vn -0.944376 0.000000 0.328867
vn -0.944376 0.000000 0.328867
vn -0.944376 0.000000 0.328867
vn -0.944376 0.000000 0.328867
vn -0.913546 0.000000 0.406736
vn -0.913546 0.000000 0.406736
vn -0.913546 0.000000 0.406736
vn -0.913546 0.000000 0.406736
vn -0.876307 0.000000 0.481753
vn -0.876307 0.000000 0.481753
vn -0.876307 0.000000 0.481753
vn -0.876307 0.000000 0.481753
vn -0.832922 0.000000 0.553391
vn -0.832922 0.000000 0.553391
vn -0.832922 0.000000 0.553391
vn -0.832922 0.000000 0.553391
vn -0.783693 0.000000 0.621148
vn -0.783693 0.000000 0.621148
vn -0.783693 0.000000 0.621148
vn -0.783693 0.000000 0.621148
vn -0.728969 0.000000 0.684547
vn -0.728969 0.000000 0.684547
vn -0.728969 0.000000 0.684547
vn -0.728969 0.000000 0.684547
vn -0.669131 0.000000 0.743145
vn -0.669131 0.000000 0.743145
vn -0.669131 0.000000 0.743145
vn -0.669131 0.000000 0.743145
vn -0.604599 0.000000 0.796530
vn -0.604599 0.000000 0.796530
vn -0.604599 0.000000 0.796530
vn -0.604599 0.000000 0.796530
vn -0.535828 0.000000 0.844327
vn -0.535828 0.000000 0.844327
vn -0.535828 0.000000 0.844327
vn -0.535828 0.000000 0.844327
vn -0.463296 0.000000 0.886204
vn -0.463296 0.000000 0.886204
vn -0.463296 0.000000 0.886204
vn -0.463296 0.000000 0.886204
vn -0.387516 0.000000 0.921863
vn -0.387516 0.000000 0.921863
vn -0.387516 0.000000 0.921863
vn -0.387516 0.000000 0.921863
vn -0.309017 0.000000 0.951056
vn -0.309017 0.000000 0.951056
vn -0.309017 0.000000 0.951056
vn -0.309017 0.000000 0.951056
vn -0.228351 0.000000 0.973579
vn -0.228351 0.000000 0.973579
vn -0.228351 0.000000 0.973579
vn -0.228351 0.000000 0.973579
vn -0.146084 0.000000 0.989272
vn -0.146084 0.000000 0.989272
vn -0.146084 0.000000 0.989272
vn -0.146084 0.000000 0.989272
vn -0.062790 0.000000 0.998027
vn -0.062790 0.000000 0.998027
vn -0.062790 0.000000 0.998027
vn -0.062790 0.000000 0.998027
vn 0.020942 0.000000 0.999781
vn 0.020942 0.000000 0.999781
vn 0.020942 0.000000 0.999781
vn 0.020942 0.000000 0.999781
vn 0.104528 0.000000 0.994522
vn 0.104528 0.000000 0.994522
vn 0.104528 0.000000 0.994522
vn 0.104528 0.000000 0.994522
vn 0.187382 0.000000 0.982287
vn 0.187382 0.000000 0.982287
vn 0.187382 0.000000 0.982287
vn 0.187382 0.000000 0.982287
vn 0.268919 0.000000 0.963163
vn 0.268919 0.000000 0.963163
vn 0.268919 0.000000 0.963163
vn 0.268919 0.000000 0.963163
vn 0.348573 0.000000 0.937282
vn 0.348573 0.000000 0.937282
vn 0.348573 0.000000 0.937282
vn 0.348573 0.000000 0.937282
vn 0.425778 0.000000 0.904828
vn 0.425778 0.000000 0.904828
vn 0.425778 0.000000 0.904828
vn 0.425778 0.000000 0.904828
vn 0.500001 0.000000 0.866025
vn 0.500001 0.000000 0.866025
vn 0.500001 0.000000 0.866025
vn 0.500001 0.000000 0.866025
vn 0.570714 0.000000 0.821149
vn 0.570714 0.000000 0.821149
vn 0.570714 0.000000 0.821149
vn 0.570714 0.000000 0.821149
vn 0.637424 0.000000 0.770514
vn 0.637424 0.000000 0.770514
vn 0.637424 0.000000 0.770514
vn 0.637424 0.000000 0.770514
vn 0.699663 0.000000 0.714473
vn 0.699663 0.000000 0.714473
vn 0.699663 0.000000 0.714473
vn 0.699663 0.000000 0.714473
vn 0.756995 0.000000 0.653421
vn 0.756995 0.000000 0.653421
vn 0.756995 0.000000 0.653421
vn 0.756995 0.000000 0.653421
vn 0.809017 0.000000 0.587785
vn 0.809017 0.000000 0.587785
vn 0.809017 0.000000 0.587785
vn 0.809017 0.000000 0.587785
vn 0.855364 0.000000 0.518027
vn 0.855364 0.000000 0.518027
vn 0.855364 0.000000 0.518027
vn 0.855364 0.000000 0.518027
vn 0.895711 0.000000 0.444636
vn 0.895711 0.000000 0.444636
vn 0.895711 0.000000 0.444636
vn 0.895711 0.000000 0.444636
vn 0.929776 0.000000 0.368125
vn 0.929776 0.000000 0.368125
vn 0.929776 0.000000 0.368125
vn 0.929776 0.000000 0.368125
vn 0.957320 0.000000 0.289031
vn 0.957320 0.000000 0.289031
vn 0.957320 0.000000 0.289031
vn 0.957320 0.000000 0.289031
vn 0.978148 0.000000 0.207912
vn 0.978148 0.000000 0.207912
vn 0.978148 0.000000 0.207912
vn 0.978148 0.000000 0.207912
vn 0.992115 0.000000 0.125334
vn 0.992115 0.000000 0.125334
vn 0.992115 0.000000 0.125334
vn 0.992115 0.000000 0.125334
vn 0.999123 0.000000 0.041876
vn 0.999123 0.000000 0.041876
vn 0.999123 0.000000 0.041876
vn 0.999123 0.000000 0.041876
vn 0.999123 0.000000 -0.041878
vn 0.999123 0.000000 -0.041878
vn 0.999123 0.000000 -0.041878
vn 0.999123 0.000000 -0.041878
vn 0.000000 1.000000 0.000007
vn 0.000000 1.000000 0.000007
vn 0.000000 1.000000 0.000007
vn 0.000000 1.000000 0.000007
vn 0.000000 1.000000 -0.000007
vn 0.000000 1.000000 -0.000007
vn 0.000000 1.000000 -0.000007
vn 0.000000 1.000000 -0.000007
vn 0.000000 1.000000 0.000007
vn 0.000000 1.000000 0.000007
vn 0.000000 1.000000 0.000007
vn 0.000000 1.000000 0.000007
vn 0.000000 1.000000 -0.000007
vn 0.000000 1.000000 -0.000007
vn 0.000000 1.000000 -0.000007
vn 0.000000 1.000000 -0.000007
vn 0.000000 1.000000 0.000000
vn 0.000000 1.000000 0.000000
vn 0.000000 1.000000 0.000000
vn 0.000000 1.000000 0.000000
vn 0.000000 1.000000 0.000000
vn 0.000000 1.000000 0.000000
vn 0.000000 1.000000 0.000000
vn 0.000000 1.000000 0.000000
vn 0.000000 1.000000 0.000007
vn 0.000000 1.000000 0.000007
vn 0.000000 1.000000 0.000007
vn 0.000000 1.000000 0.000007
vn 0.000000 1.000000 0.000007
vn 0.000000 1.000000 0.000007
vn 0.000000 1.000000 0.000007
vn 0.000000 1.000000 0.000007
vn 0.000000 1.000000 0.000007
vn 0.000000 1.000000 0.000007
vn 0.000000 1.000000 0.000007
vn 0.000000 1.000000 0.000007
vn 0.000000 1.000000 0.000000
vn 0.000000 1.000000 0.000000
vn 0.000000 1.000000 0.000000
vn 0.000000 1.000000 0.000000
vn 0.000000 1.000000 0.000004
vn 0.000000 1.000000 0.000004
vn 0.000000 1.000000 0.000004
vn 0.000000 1.000000 0.000004
vn 0.000000 1.000000 -0.000007
vn 0.000000 1.000000 -0.000007
vn 0.000000 1.000000 -0.000007
vn 0.000000 1.000000 -0.000007
vn 0.000000 1.000000 0.000000
vn 0.000000 1.000000 0.000000
vn 0.000000 1.000000 0.000000
vn 0.000000 1.000000 0.000000
vn 0.000000 1.000000 0.000000
vn 0.000000 1.000000 0.000000
vn 0.000000 1.000000 0.000000
vn 0.000000 1.000000 0.000000
vn 0.000000 1.000000 -0.000004
vn 0.000000 1.000000 -0.000004
vn 0.000000 1.000000 -0.000004
vn 0.000000 1.000000 -0.000004
vn 0.000000 1.000000 0.000000
vn 0.000000 1.000000 0.000000
vn 0.000000 1.000000 0.000000
vn 0.000000 1.000000 0.000000
vn 0.000000 1.000000 0.000003
vn 0.000000 1.000000 0.000003
vn 0.000000 1.000000 0.000003
vn 0.000000 1.000000 0.000003
vn 0.000000 1.000000 0.000001
vn 0.000000 1.000000 0.000001
vn 0.000000 1.000000 0.000001
vn 0.000000 1.000000 0.000001
vn 0.000000 1.000000 -0.000001
vn 0.000000 1.000000 -0.000001
vn 0.000000 1.000000 -0.000001
vn 0.000000 1.000000 -0.000001
vn 0.000000 1.000000 0.000002
vn 0.000000 1.000000 0.000002
vn 0.000000 1.000000 0.000002
vn 0.000000 1.000000 0.000002
vn 0.000000 1.000000 0.000002
vn 0.000000 1.000000 0.000002
vn 0.000000 1.000000 0.000002
vn 0.000000 1.000000 0.000002
vn 0.000000 1.000000 0.000002
vn 0.000000 1.000000 0.000002
vn 0.000000 1.000000 0.000002
vn 0.000000 1.000000 0.000002
vn 0.000000 1.000000 0.000000
vn 0.000000 1.000000 0.000000
vn 0.000000 1.000000 0.000000
vn 0.000000 1.000000 0.000000
vn 0.000000 1.000000 0.000000
vn 0.000000 1.000000 0.000000
vn 0.000000 1.000000 0.000000
vn 0.000000 1.000000 0.000000
vn 0.000000 1.000000 0.000000
vn 0.000000 1.000000 0.000000
vn 0.000000 1.000000 0.000000
vn 0.000000 1.000000 0.000000
vn 0.000000 1.000000 -0.000004
vn 0.000000 1.000000 -0.000004
vn 0.000000 1.000000 -0.000004
vn 0.000000 1.000000 -0.000004
vn 0.000000 1.000000 0.000000
vn 0.000000 1.000000 0.000000
vn 0.000000 1.000000 0.000000
vn 0.000000 1.000000 0.000000
vn 0.000000 1.000000 0.000000
vn 0.000000 1.000000 0.000000
vn 0.000000 1.000000 0.000000
vn 0.000000 1.000000 0.000000
vn 0.000000 1.000000 -0.000007
vn 0.000000 1.000000 -0.000007
vn 0.000000 1.000000 -0.000007
vn 0.000000 1.000000 -0.000007
vn 0.000000 1.000000 0.000000
vn 0.000000 1.000000 0.000000
vn 0.000000 1.000000 0.000000
vn 0.000000 1.000000 0.000000
vn 0.000000 1.000000 0.000007
vn 0.000000 1.000000 0.000007
vn 0.000000 1.000000 0.000007
vn 0.000000 1.000000 0.000007
vn 0.000000 1.000000 -0.000007
vn 0.000000 1.000000 -0.000007
vn 0.000000 1.000000 -0.000007
vn 0.000000 1.000000 -0.000007
vn 0.000000 1.000000 0.000000
vn 0.000000 1.000000 0.000000
vn 0.000000 1.000000 0.000000
vn 0.000000 1.000000 0.000000
vn 0.000000 1.000000 0.000007
vn 0.000000 1.000000 0.000007
vn 0.000000 1.000000 0.000007
vn 0.000000 1.000000 0.000007
vn 0.000000 1.000000 0.000000
vn 0.000000 1.000000 0.000000
vn 0.000000 1.000000 0.000000
vn 0.000000 1.000000 0.000000
vn 0.000000 1.000000 0.000007
vn 0.000000 1.000000 0.000007
vn 0.000000 1.000000 0.000007
vn 0.000000 1.000000 0.000007
vn 0.000000 1.000000 0.000000
vn 0.000000 1.000000 0.000000
vn 0.000000 1.000000 0.000000
vn 0.000000 1.000000 0.000000
vn 0.000000 1.000000 -0.000007
vn 0.000000 1.000000 -0.000007
vn 0.000000 1.000000 -0.000007
vn 0.000000 1.000000 -0.000007
vn 0.000000 1.000000 0.000000
vn 0.000000 1.000000 0.000000
vn 0.000000 1.000000 0.000000
vn 0.000000 1.000000 0.000000
vn 0.000000 1.000000 -0.000007
vn 0.000000 1.000000 -0.000007
vn 0.000000 1.000000 -0.000007
vn 0.000000 1.000000 -0.000007
vn 0.000000 1.000000 0.000000
vn 0.000000 1.000000 0.000000
vn 0.000000 1.000000 0.000000
vn 0.000000 1.000000 0.000000
vn 0.000000 1.000000 0.000000
vn 0.000000 1.000000 0.000000
vn 0.000000 1.000000 0.000000
vn 0.000000 1.000000 0.000000
vn 0.000000 1.000000 0.000000
vn 0.000000 1.000000 0.000000
vn 0.000000 1.000000 0.000000
vn 0.000000 1.000000 0.000000
vn 0.000000 1.000000 0.000007
vn 0.000000 1.000000 0.000007
vn 0.000000 1.000000 0.000007
vn 0.000000 1.000000 0.000007
vn 0.000000 1.000000 0.000000
vn 0.000000 1.000000 0.000000
vn 0.000000 1.000000 0.000000
vn 0.000000 1.000000 0.000000
vn 0.000000 1.000000 -0.000007
vn 0.000000 1.000000 -0.000007
vn 0.000000 1.000000 -0.000007
vn 0.000000 1.000000 -0.000007
vn 0.000000 1.000000 0.000000
vn 0.000000 1.000000 0.000000
vn 0.000000 1.000000 0.000000
vn 0.000000 1.000000 0.000000
vn 0.000000 1.000000 0.000000
vn 0.000000 1.000000 0.000000
vn 0.000000 1.000000 0.000000
vn 0.000000 1.000000 0.000000
vn 0.000000 1.000000 0.000000
vn 0.000000 1.000000 0.000000
vn 0.000000 1.000000 0.000000
vn 0.000000 1.000000 0.000000
vn 0.000000 1.000000 0.000000
vn 0.000000 1.000000 0.000000
vn 0.000000 1.000000 0.000000
vn 0.000000 1.000000 0.000000
vn 0.000000 1.000000 -0.000004
vn 0.000000 1.000000 -0.000004
vn 0.000000 1.000000 -0.000004
vn 0.000000 1.000000 -0.000004
vn 0.000000 1.000000 -0.000004
vn 0.000000 1.000000 -0.000004
vn 0.000000 1.000000 -0.000004
vn 0.000000 1.000000 -0.000004
vn 0.000000 1.000000 -0.000002
vn 0.000000 1.000000 -0.000002
vn 0.000000 1.000000 -0.000002
vn 0.000000 1.000000 -0.000002
vn 0.000000 1.000000 0.000005
vn 0.000000 1.000000 0.000005
vn 0.000000 1.000000 0.000005
vn 0.000000 1.000000 0.000005
vn 0.000000 1.000000 -0.000001
vn 0.000000 1.000000 -0.000001
vn 0.000000 1.000000 -0.000001
vn 0.000000 1.000000 -0.000001
vn 0.000000 1.000000 0.000000
vn 0.000000 1.000000 0.000000
vn 0.000000 1.000000 0.000000
vn 0.000000 1.000000 0.000000
vn 0.000000 1.000000 0.000000
vn 0.000000 1.000000 0.000000
vn 0.000000 1.000000 0.000000
vn 0.000000 1.000000 0.000000
vn 0.000000 1.000000 0.000001
vn 0.000000 1.000000 0.000001
vn 0.000000 1.000000 0.000001
vn 0.000000 1.000000 0.000001
vn 0.000000 1.000000 0.000002
vn 0.000000 1.000000 0.000002
vn 0.000000 1.000000 0.000002
vn 0.000000 1.000000 0.000002
vn 0.000000 1.000000 0.000000
vn 0.000000 1.000000 0.000000
vn 0.000000 1.000000 0.000000
vn 0.000000 1.000000 0.000000
vn 0.000000 1.000000 0.000000
vn 0.000000 1.000000 0.000000
vn 0.000000 1.000000 0.000000
vn 0.000000 1.000000 0.000000
vn 0.000000 1.000000 0.000000
vn 0.000000 1.000000 0.000000
vn 0.000000 1.000000 0.000000
vn 0.000000 1.000000 0.000000
vn 0.000000 1.000000 0.000000
vn 0.000000 1.000000 0.000000
vn 0.000000 1.000000 0.000000
vn 0.000000 1.000000 0.000000
vn 0.000000 1.000000 0.000004
vn 0.000000 1.000000 0.000004
vn 0.000000 1.000000 0.000004
vn 0.000000 1.000000 0.000004
vn 0.000000 1.000000 0.000000
vn 0.000000 1.000000 0.000000
vn 0.000000 1.000000 0.000000
vn 0.000000 1.000000 0.000000
vn 0.000000 1.000000 0.000000
vn 0.000000 1.000000 0.000000
vn 0.000000 1.000000 0.000000
vn 0.000000 1.000000 0.000000
vn 0.000000 1.000000 0.000000
vn 0.000000 1.000000 0.000000
vn 0.000000 1.000000 0.000000
vn 0.000000 1.000000 0.000000
vn 0.000000 1.000000 0.000000
vn 0.000000 1.000000 0.000000
vn 0.000000 1.000000 0.000000
vn 0.000000 1.000000 0.000000
vn 0.000000 1.000000 0.000000
vn 0.000000 1.000000 0.000000
vn 0.000000 1.000000 0.000000
vn 0.000000 1.000000 0.000000
vn 0.000000 1.000000 0.000000
vn 0.000000 1.000000 0.000000
vn 0.000000 1.000000 0.000000
vn 0.000000 1.000000 0.000000
vn 0.000000 1.000000 -0.000007
vn 0.000000 1.000000 -0.000007
vn 0.000000 1.000000 -0.000007
vn 0.000000 1.000000 -0.000007
vn 0.000000 1.000000 0.000007
vn 0.000000 1.000000 0.000007
vn 0.000000 1.000000 0.000007
vn 0.000000 1.000000 0.000007
vn 0.000000 1.000000 0.000000
vn 0.000000 1.000000 0.000000
vn 0.000000 1.000000 0.000000
vn 0.000000 1.000000 0.000000
vn 0.000000 1.000000 -0.000007
vn 0.000000 1.000000 -0.000007
vn 0.000000 1.000000 -0.000007
vn 0.000000 1.000000 -0.000007
vn 0.000000 1.000000 0.000000
vn 0.000000 1.000000 0.000000
vn 0.000000 1.000000 0.000000
vn 0.000000 1.000000 0.000000
vn -0.992115 0.000000 0.125332
vn -0.992115 0.000000 0.125332
vn -0.992115 0.000000 0.125332
vn -0.992115 0.000000 0.125332
vn -0.978148 0.000000 0.207912
vn -0.978148 0.000000 0.207912
vn -0.978148 0.000000 0.207912
vn -0.978148 0.000000 0.207912
vn -0.957319 0.000000 0.289033
vn -0.957319 0.000000 0.289033
vn -0.957319 0.000000 0.289033
vn -0.957319 0.000000 0.289033
vn -0.929776 0.000000 0.368125
vn -0.929776 0.000000 0.368125
vn -0.929776 0.000000 0.368125
vn -0.929776 0.000000 0.368125
vn -0.895712 0.000000 0.444635
vn -0.895712 0.000000 0.444635
vn -0.895712 0.000000 0.444635
vn -0.895712 0.000000 0.444635
vn -0.855364 0.000000 0.518027
vn -0.855364 0.000000 0.518027
vn -0.855364 0.000000 0.518027
vn -0.855364 0.000000 0.518027
vn -0.809017 0.000000 0.587785
vn -0.809017 0.000000 0.587785
vn -0.809017 0.000000 0.587785
vn -0.809017 0.000000 0.587785
vn -0.756995 0.000000 0.653421
vn -0.756995 0.000000 0.653421
vn -0.756995 0.000000 0.653421
vn -0.756995 0.000000 0.653421
vn -0.699664 0.000000 0.714472
vn -0.699664 0.000000 0.714472
vn -0.699664 0.000000 0.714472
vn -0.699664 0.000000 0.714472
vn -0.637425 0.000000 0.770512
vn -0.637425 0.000000 0.770512
vn -0.637425 0.000000 0.770512
vn -0.637425 0.000000 0.770512
vn -0.570712 0.000000 0.821150
vn -0.570712 0.000000 0.821150
vn -0.570712 0.000000 0.821150
vn -0.570712 0.000000 0.821150
vn -0.500000 0.000000 0.866025
vn -0.500000 0.000000 0.866025
vn -0.500000 0.000000 0.866025
vn -0.500000 0.000000 0.866025
vn -0.425779 0.000000 0.904827
vn -0.425779 0.000000 0.904827
vn -0.425779 0.000000 0.904827
vn -0.425779 0.000000 0.904827
vn -0.348574 0.000000 0.937281
vn -0.348574 0.000000 0.937281
vn -0.348574 0.000000 0.937281
vn -0.348574 0.000000 0.937281
vn -0.268920 0.000000 0.963163
vn -0.268920 0.000000 0.963163
vn -0.268920 0.000000 0.963163
vn -0.268920 0.000000 0.963163
vn -0.187378 0.000000 0.982288
vn -0.187378 0.000000 0.982288
vn -0.187378 0.000000 0.982288
vn -0.187378 0.000000 0.982288
vn -0.104532 0.000000 0.994521
vn -0.104532 0.000000 0.994521
vn -0.104532 0.000000 0.994521
vn -0.104532 0.000000 0.994521
vn -0.020940 0.000000 0.999781
vn -0.020940 0.000000 0.999781
vn -0.020940 0.000000 0.999781
vn -0.020940 0.000000 0.999781
vn 0.062789 0.000000 0.998027
vn 0.062789 0.000000 0.998027
vn 0.062789 0.000000 0.998027
vn 0.062789 0.000000 0.998027
vn 0.146084 0.000000 0.989272
vn 0.146084 0.000000 0.989272
vn 0.146084 0.000000 0.989272
vn 0.146084 0.000000 0.989272
vn 0.228352 0.000000 0.973579
vn 0.228352 0.000000 0.973579
vn 0.228352 0.000000 0.973579
vn 0.228352 0.000000 0.973579
vn 0.309016 0.000000 0.951057
vn 0.309016 0.000000 0.951057
vn 0.309016 0.000000 0.951057
vn 0.309016 0.000000 0.951057
vn 0.387516 0.000000 0.921863
vn 0.387516 0.000000 0.921863
vn 0.387516 0.000000 0.921863
vn 0.387516 0.000000 0.921863
vn 0.463295 0.000000 0.886204
vn 0.463295 0.000000 0.886204
vn 0.463295 0.000000 0.886204
vn 0.463295 0.000000 0.886204
vn 0.535827 0.000000 0.844328
vn 0.535827 0.000000 0.844328
vn 0.535827 0.000000 0.844328
vn 0.535827 0.000000 0.844328
vn 0.604599 0.000000 0.796530
vn 0.604599 0.000000 0.796530
vn 0.604599 0.000000 0.796530
vn 0.604599 0.000000 0.796530
vn 0.669130 0.000000 0.743145
vn 0.669130 0.000000 0.743145
vn 0.669130 0.000000 0.743145
vn 0.669130 0.000000 0.743145
vn 0.728969 0.000000 0.684547
vn 0.728969 0.000000 0.684547
vn 0.728969 0.000000 0.684547
vn 0.728969 0.000000 0.684547
vn 0.783694 0.000000 0.621148
vn 0.783694 0.000000 0.621148
vn 0.783694 0.000000 0.621148
vn 0.783694 0.000000 0.621148
vn 0.832921 0.000000 0.553392
vn 0.832921 0.000000 0.553392
vn 0.832921 0.000000 0.553392
vn 0.832921 0.000000 0.553392
vn 0.876307 0.000000 0.481753
vn 0.876307 0.000000 0.481753
vn 0.876307 0.000000 0.481753
vn 0.876307 0.000000 0.481753
vn 0.913545 0.000000 0.406737
vn 0.913545 0.000000 0.406737
vn 0.913545 0.000000 0.406737
vn 0.913545 0.000000 0.406737
vn 0.944376 0.000000 0.328868
vn 0.944376 0.000000 0.328868
vn 0.944376 0.000000 0.328868
vn 0.944376 0.000000 0.328868
vn 0.968583 0.000000 0.248689
vn 0.968583 0.000000 0.248689
vn 0.968583 0.000000 0.248689
vn 0.968583 0.000000 0.248689
vn 0.985996 0.000000 0.166769
vn 0.985996 0.000000 0.166769
vn 0.985996 0.000000 0.166769
vn 0.985996 0.000000 0.166769
vn 0.996493 0.000000 0.083678
vn 0.996493 0.000000 0.083678
vn 0.996493 0.000000 0.083678
vn 0.996493 0.000000 0.083678
vn 1.000000 0.000000 0.000000
vn 1.000000 0.000000 0.000000
vn 1.000000 0.000000 0.000000
vn 1.000000 0.000000 0.000000
vn 0.996493 0.000000 -0.083678
vn 0.996493 0.000000 -0.083678
vn 0.996493 0.000000 -0.083678
vn 0.996493 0.000000 -0.083678
vn 0.985996 0.000000 -0.166769
vn 0.985996 0.000000 -0.166769
vn 0.985996 0.000000 -0.166769
vn 0.985996 0.000000 -0.166769
vn 0.968583 0.000000 -0.248689
vn 0.968583 0.000000 -0.248689
vn 0.968583 0.000000 -0.248689
vn 0.968583 0.000000 -0.248689
vn 0.944376 0.000000 -0.328868
vn 0.944376 0.000000 -0.328868
vn 0.944376 0.000000 -0.328868
vn 0.944376 0.000000 -0.328868
vn 0.913546 0.000000 -0.406736
vn 0.913546 0.000000 -0.406736
vn 0.913546 0.000000 -0.406736
vn 0.913546 0.000000 -0.406736
vn 0.876307 0.000000 -0.481753
vn 0.876307 0.000000 -0.481753
vn 0.876307 0.000000 -0.481753
vn 0.876307 0.000000 -0.481753
vn 0.832921 0.000000 -0.553391
vn 0.832921 0.000000 -0.553391
vn 0.832921 0.000000 -0.553391
vn 0.832921 0.000000 -0.553391
vn 0.783694 0.000000 -0.621147
vn 0.783694 0.000000 -0.621147
vn 0.783694 0.000000 -0.621147
vn 0.783694 0.000000 -0.621147
vn 0.728969 0.000000 -0.684547
vn 0.728969 0.000000 -0.684547
vn 0.728969 0.000000 -0.684547
vn 0.728969 0.000000 -0.684547
vn 0.669131 0.000000 -0.743145
vn 0.669131 0.000000 -0.743145
vn 0.669131 0.000000 -0.743145
vn 0.669131 0.000000 -0.743145
vn 0.604600 0.000000 -0.796530
vn 0.604600 0.000000 -0.796530
vn 0.604600 0.000000 -0.796530
vn 0.604600 0.000000 -0.796530
vn 0.535827 0.000000 -0.844328
vn 0.535827 0.000000 -0.844328
vn 0.535827 0.000000 -0.844328
vn 0.535827 0.000000 -0.844328
vn 0.463297 0.000000 -0.886203
vn 0.463297 0.000000 -0.886203
vn 0.463297 0.000000 -0.886203
vn 0.463297 0.000000 -0.886203
vn 0.387515 0.000000 -0.921863
vn 0.387515 0.000000 -0.921863
vn 0.387515 0.000000 -0.921863
vn 0.387515 0.000000 -0.921863
vn 0.309018 0.000000 -0.951056
vn 0.309018 0.000000 -0.951056
vn 0.309018 0.000000 -0.951056
vn 0.309018 0.000000 -0.951056
vn 0.228349 0.000000 -0.973579
vn 0.228349 0.000000 -0.973579
vn 0.228349 0.000000 -0.973579
vn 0.228349 0.000000 -0.973579
vn 0.146084 0.000000 -0.989272
vn 0.146084 0.000000 -0.989272
vn 0.146084 0.000000 -0.989272
vn 0.146084 0.000000 -0.989272
vn 0.062792 0.000000 -0.998027
vn 0.062792 0.000000 -0.998027
vn 0.062792 0.000000 -0.998027
vn 0.062792 0.000000 -0.998027
vn -0.020942 0.000000 -0.999781
vn -0.020942 0.000000 -0.999781
vn -0.020942 0.000000 -0.999781
vn -0.020942 0.000000 -0.999781
vn -0.104528 0.000000 -0.994522
vn -0.104528 0.000000 -0.994522
vn -0.104528 0.000000 -0.994522
vn -0.104528 0.000000 -0.994522
vn -0.187380 0.000000 -0.982287
vn -0.187380 0.000000 -0.982287
vn -0.187380 0.000000 -0.982287
vn -0.187380 0.000000 -0.982287
vn -0.268921 0.000000 -0.963162
vn -0.268921 0.000000 -0.963162
vn -0.268921 0.000000 -0.963162
vn -0.268921 0.000000 -0.963162
vn -0.348574 0.000000 -0.937281
vn -0.348574 0.000000 -0.937281
vn -0.348574 0.000000 -0.937281
vn -0.348574 0.000000 -0.937281
vn -0.425779 0.000000 -0.904827
vn -0.425779 0.000000 -0.904827
vn -0.425779 0.000000 -0.904827
vn -0.425779 0.000000 -0.904827
vn -0.500000 0.000000 -0.866026
vn -0.500000 0.000000 -0.866026
vn -0.500000 0.000000 -0.866026
vn -0.500000 0.000000 -0.866026
vn -0.570713 0.000000 -0.821149
vn -0.570713 0.000000 -0.821149
vn -0.570713 0.000000 -0.821149
vn -0.570713 0.000000 -0.821149
vn -0.637424 0.000000 -0.770513
vn -0.637424 0.000000 -0.770513
vn -0.637424 0.000000 -0.770513
vn -0.637424 0.000000 -0.770513
vn -0.699663 0.000000 -0.714473
vn -0.699663 0.000000 -0.714473
vn -0.699663 0.000000 -0.714473
vn -0.699663 0.000000 -0.714473
vn -0.756995 0.000000 -0.653421
vn -0.756995 0.000000 -0.653421
vn -0.756995 0.000000 -0.653421
vn -0.756995 0.000000 -0.653421
vn -0.809017 0.000000 -0.587785
vn -0.809017 0.000000 -0.587785
vn -0.809017 0.000000 -0.587785
vn -0.809017 0.000000 -0.587785
vn -0.855364 0.000000 -0.518027
vn -0.855364 0.000000 -0.518027
vn -0.855364 0.000000 -0.518027
vn -0.855364 0.000000 -0.518027
vn -0.895712 0.000000 -0.444635
vn -0.895712 0.000000 -0.444635
vn -0.895712 0.000000 -0.444635
vn -0.895712 0.000000 -0.444635
vn -0.929777 0.000000 -0.368124
vn -0.929777 0.000000 -0.368124
vn -0.929777 0.000000 -0.368124
vn -0.929777 0.000000 -0.368124
vn -0.957320 0.000000 -0.289031
vn -0.957320 0.000000 -0.289031
vn -0.957320 0.000000 -0.289031
vn -0.957320 0.000000 -0.289031
vn -0.978148 0.000000 -0.207912
vn -0.978148 0.000000 -0.207912
vn -0.978148 0.000000 -0.207912
vn -0.978148 0.000000 -0.207912
vn -0.992115 0.000000 -0.125332
vn -0.992115 0.000000 -0.125332
vn -0.992115 0.000000 -0.125332
vn -0.992115 0.000000 -0.125332
vn -0.999123 0.000000 -0.041876
vn -0.999123 0.000000 -0.041876
vn -0.999123 0.000000 -0.041876
vn -0.999123 0.000000 -0.041876
vn -0.999123 0.000000 0.041877
vn -0.999123 0.000000 0.041877
vn -0.999123 0.000000 0.041877
vn -0.999123 0.000000 0.041877
vn 0.958431 0.258361 -0.121077
vn 0.958431 0.258362 -0.121077
vn 0.139738 0.989906 -0.023635
vn 0.141227 0.989906 -0.011859
vn 0.965201 0.258360 -0.040455
vn 0.965201 0.258360 -0.040455
vn 0.141227 0.989906 -0.011859
vn 0.141724 0.989906 0.000000
vn 0.965201 0.258361 0.040452
vn 0.965201 0.258360 0.040452
vn 0.141724 0.989906 0.000000
vn 0.141227 0.989906 0.011859
vn 0.958430 0.258362 0.121080
vn 0.958431 0.258361 0.121080
vn 0.141227 0.989906 0.011859
vn 0.139738 0.989906 0.023635
vn 0.944937 0.258364 0.200853
vn 0.944938 0.258362 0.200853
vn 0.139738 0.989906 0.023635
vn 0.137270 0.989907 0.035244
vn 0.924816 0.258366 0.279216
vn 0.924817 0.258363 0.279216
vn 0.137270 0.989907 0.035244
vn 0.133838 0.989907 0.046607
vn 0.898207 0.258370 0.355626
vn 0.898208 0.258366 0.355627
vn 0.133838 0.989907 0.046607
vn 0.129467 0.989907 0.057642
vn 0.865298 0.258373 0.429538
vn 0.865299 0.258369 0.429539
vn 0.129467 0.989907 0.057642
vn 0.124187 0.989907 0.068272
vn 0.826319 0.258378 0.500437
vn 0.826321 0.258373 0.500437
vn 0.124187 0.989907 0.068272
vn 0.118037 0.989908 0.078423
vn 0.781545 0.258384 0.567826
vn 0.781546 0.258377 0.567827
vn 0.118037 0.989908 0.078423
vn 0.111058 0.989908 0.088023
vn 0.731289 0.258389 0.631230
vn 0.731290 0.258382 0.631232
vn 0.111058 0.989908 0.088023
vn 0.103301 0.989909 0.097005
vn 0.675902 0.258396 0.690209
vn 0.675903 0.258388 0.690210
vn 0.103301 0.989909 0.097005
vn 0.094819 0.989909 0.105306
vn 0.615775 0.258403 0.744345
vn 0.615777 0.258395 0.744346
vn 0.094819 0.989909 0.105306
vn 0.085672 0.989910 0.112868
vn 0.551330 0.258410 0.793259
vn 0.551331 0.258402 0.793261
vn 0.085672 0.989910 0.112868
vn 0.075925 0.989910 0.119637
vn 0.483016 0.258418 0.836610
vn 0.483017 0.258409 0.836612
vn 0.075925 0.989910 0.119637
vn 0.065646 0.989911 0.125567
vn 0.411315 0.258426 0.874092
vn 0.411316 0.258416 0.874094
vn 0.065646 0.989911 0.125567
vn 0.054907 0.989912 0.130615
vn 0.336733 0.258434 0.905441
vn 0.336734 0.258424 0.905443
vn 0.054907 0.989912 0.130615
vn 0.043783 0.989912 0.134747
vn 0.259783 0.258443 0.930441
vn 0.259784 0.258433 0.930443
vn 0.043783 0.989912 0.134747
vn 0.032353 0.989913 0.137933
vn 0.181015 0.258452 0.948913
vn 0.181015 0.258441 0.948916
vn 0.032353 0.989913 0.137933
vn 0.020697 0.989914 0.140152
vn 0.100977 0.258461 0.960730
vn 0.100977 0.258450 0.960733
vn 0.020697 0.989914 0.140152
vn 0.008897 0.989914 0.141387
vn 0.020230 0.258470 0.965808
vn 0.020230 0.258459 0.965810
vn 0.008897 0.989914 0.141387
vn -0.002966 0.989915 0.141631
vn -0.060654 0.258478 0.964111
vn -0.060655 0.258468 0.964114
vn -0.002966 0.989915 0.141631
vn -0.014806 0.989916 0.140881
vn -0.141121 0.258487 0.955651
vn -0.141122 0.258476 0.955654
vn -0.014806 0.989916 0.140881
vn -0.026542 0.989917 0.139143
vn -0.220590 0.258496 0.940489
vn -0.220590 0.258485 0.940492
vn -0.026542 0.989917 0.139143
vn -0.038090 0.989917 0.136429
vn -0.298514 0.258504 0.918730
vn -0.298515 0.258494 0.918733
vn -0.038090 0.989917 0.136429
vn -0.049371 0.989918 0.132759
vn -0.374343 0.258512 0.890527
vn -0.374344 0.258502 0.890530
vn -0.049371 0.989918 0.132759
vn -0.060305 0.989919 0.128158
vn -0.447548 0.258520 0.856077
vn -0.447549 0.258511 0.856080
vn -0.060305 0.989919 0.128158
vn -0.070815 0.989919 0.122658
vn -0.517611 0.258527 0.815624
vn -0.517612 0.258518 0.815626
vn -0.070815 0.989919 0.122658
vn -0.080828 0.989920 0.116299
vn -0.584043 0.258534 0.769450
vn -0.584044 0.258526 0.769452
vn -0.080828 0.989920 0.116299
vn -0.090274 0.989920 0.109124
vn -0.646381 0.258541 0.717878
vn -0.646382 0.258533 0.717879
vn -0.090274 0.989920 0.109124
vn -0.099086 0.989921 0.101185
vn -0.704182 0.258547 0.661272
vn -0.704184 0.258540 0.661273
vn -0.099086 0.989921 0.101185
vn -0.107203 0.989922 0.092536
vn -0.757047 0.258553 0.600025
vn -0.757048 0.258546 0.600026
vn -0.107203 0.989922 0.092536
vn -0.114568 0.989922 0.083239
vn -0.804598 0.258557 0.534574
vn -0.804600 0.258551 0.534575
vn -0.114568 0.989922 0.083239
vn -0.121129 0.989922 0.073359
vn -0.846508 0.258562 0.465371
vn -0.846509 0.258556 0.465371
vn -0.121129 0.989922 0.073359
vn -0.126840 0.989923 0.062965
vn -0.882480 0.258565 0.392904
vn -0.882481 0.258561 0.392904
vn -0.126840 0.989923 0.062965
vn -0.131662 0.989923 0.052129
vn -0.912260 0.258568 0.317685
vn -0.912261 0.258564 0.317685
vn -0.131662 0.989923 0.052129
vn -0.135561 0.989923 0.040929
vn -0.935644 0.258570 0.240231
vn -0.935645 0.258567 0.240232
vn -0.135561 0.989923 0.040929
vn -0.138509 0.989923 0.029441
vn -0.952464 0.258571 0.161098
vn -0.952465 0.258570 0.161098
vn -0.138509 0.989923 0.029441
vn -0.140486 0.989924 0.017748
vn -0.962604 0.258572 0.080830
vn -0.962605 0.258571 0.080830
vn -0.140486 0.989924 0.017748
vn -0.141478 0.989924 0.005930
vn -0.965992 0.258572 0.000000
vn -0.965992 0.258572 0.000000
vn -0.141478 0.989924 0.005930
vn -0.141478 0.989924 -0.005930
vn -0.962605 0.258571 -0.080829
vn -0.962604 0.258572 -0.080829
vn -0.141478 0.989924 -0.005930
vn -0.140486 0.989924 -0.017748
vn -0.952465 0.258570 -0.161098
vn -0.952464 0.258571 -0.161098
vn -0.140486 0.989924 -0.017748
vn -0.138509 0.989923 -0.029441
vn -0.935645 0.258567 -0.240231
vn -0.935644 0.258570 -0.240231
vn -0.138509 0.989923 -0.029441
vn -0.135561 0.989923 -0.040929
vn -0.912261 0.258564 -0.317685
vn -0.912260 0.258568 -0.317685
vn -0.135561 0.989923 -0.040929
vn -0.131662 0.989923 -0.052129
vn -0.882481 0.258561 -0.392905
vn -0.882480 0.258565 -0.392904
vn -0.131662 0.989923 -0.052129
vn -0.126840 0.989923 -0.062965
vn -0.846509 0.258557 -0.465371
vn -0.846508 0.258562 -0.465370
vn -0.126840 0.989923 -0.062965
vn -0.121129 0.989922 -0.073359
vn -0.804600 0.258551 -0.534575
vn -0.804598 0.258557 -0.534575
vn -0.121129 0.989922 -0.073359
vn -0.114568 0.989922 -0.083239
vn -0.757047 0.258546 -0.600029
vn -0.757045 0.258552 -0.600027
vn -0.114568 0.989922 -0.083239
vn -0.107203 0.989922 -0.092536
vn -0.704185 0.258540 -0.661271
vn -0.704184 0.258547 -0.661270
vn -0.107203 0.989922 -0.092536
vn -0.099086 0.989921 -0.101185
vn -0.646380 0.258533 -0.717881
vn -0.646379 0.258541 -0.717880
vn -0.099086 0.989921 -0.101185
vn -0.090274 0.989920 -0.109124
vn -0.584046 0.258526 -0.769451
vn -0.584045 0.258534 -0.769449
vn -0.090274 0.989920 -0.109124
vn -0.080828 0.989920 -0.116298
vn -0.517611 0.258519 -0.815627
vn -0.517610 0.258528 -0.815625
vn -0.080828 0.989920 -0.116298
vn -0.070815 0.989919 -0.122658
vn -0.447548 0.258511 -0.856080
vn -0.447547 0.258520 -0.856078
vn -0.070815 0.989919 -0.122658
vn -0.060305 0.989919 -0.128158
vn -0.374344 0.258502 -0.890530
vn -0.374343 0.258512 -0.890527
vn -0.060305 0.989919 -0.128158
vn -0.049371 0.989918 -0.132759
vn -0.298513 0.258494 -0.918733
vn -0.298512 0.258504 -0.918731
vn -0.049371 0.989918 -0.132759
vn -0.038090 0.989917 -0.136429
vn -0.220591 0.258485 -0.940492
vn -0.220591 0.258495 -0.940489
vn -0.038090 0.989917 -0.136429
vn -0.026542 0.989917 -0.139143
vn -0.141120 0.258476 -0.955654
vn -0.141120 0.258487 -0.955651
vn -0.026542 0.989917 -0.139143
vn -0.014806 0.989916 -0.140881
vn -0.060654 0.258468 -0.964114
vn -0.060654 0.258478 -0.964111
vn -0.014806 0.989916 -0.140881
vn -0.002965 0.989915 -0.141631
vn 0.020229 0.258459 -0.965810
vn 0.020229 0.258469 -0.965808
vn -0.002965 0.989915 -0.141631
vn 0.008897 0.989914 -0.141387
vn 0.100980 0.258450 -0.960732
vn 0.100979 0.258461 -0.960730
vn 0.008897 0.989914 -0.141387
vn 0.020697 0.989914 -0.140152
vn 0.181014 0.258441 -0.948916
vn 0.181014 0.258452 -0.948914
vn 0.020697 0.989914 -0.140152
vn 0.032353 0.989913 -0.137933
vn 0.259783 0.258433 -0.930444
vn 0.259782 0.258443 -0.930441
vn 0.032353 0.989913 -0.137933
vn 0.043783 0.989912 -0.134747
vn 0.336735 0.258425 -0.905443
vn 0.336734 0.258435 -0.905440
vn 0.043783 0.989912 -0.134747
vn 0.054907 0.989912 -0.130615
vn 0.411315 0.258417 -0.874094
vn 0.411314 0.258426 -0.874092
vn 0.054907 0.989912 -0.130615
vn 0.065646 0.989911 -0.125567
vn 0.483017 0.258409 -0.836612
vn 0.483015 0.258418 -0.836610
vn 0.065646 0.989911 -0.125567
vn 0.075925 0.989910 -0.119637
vn 0.551332 0.258401 -0.793260
vn 0.551331 0.258410 -0.793258
vn 0.075925 0.989910 -0.119637
vn 0.085672 0.989910 -0.112867
vn 0.615776 0.258395 -0.744347
vn 0.615774 0.258403 -0.744345
vn 0.085672 0.989910 -0.112867
vn 0.094819 0.989909 -0.105306
vn 0.675904 0.258388 -0.690209
vn 0.675903 0.258396 -0.690208
vn 0.094819 0.989909 -0.105306
vn 0.103301 0.989909 -0.097005
vn 0.731290 0.258383 -0.631231
vn 0.731289 0.258390 -0.631230
vn 0.103301 0.989909 -0.097005
vn 0.111058 0.989908 -0.088023
vn 0.781547 0.258377 -0.567826
vn 0.781545 0.258384 -0.567825
vn 0.111058 0.989908 -0.088023
vn 0.118037 0.989908 -0.078423
vn 0.826320 0.258373 -0.500439
vn 0.826319 0.258378 -0.500438
vn 0.118037 0.989908 -0.078423
vn 0.124187 0.989907 -0.068272
vn 0.865299 0.258369 -0.429538
vn 0.865298 0.258374 -0.429538
vn 0.124187 0.989907 -0.068272
vn 0.129467 0.989907 -0.057642
vn 0.898208 0.258366 -0.355626
vn 0.898207 0.258370 -0.355626
vn 0.129467 0.989907 -0.057642
vn 0.133838 0.989907 -0.046607
vn 0.924817 0.258363 -0.279217
vn 0.924816 0.258366 -0.279217
vn 0.133838 0.989907 -0.046607
vn 0.137270 0.989906 -0.035245
vn 0.944938 0.258362 -0.200854
vn 0.944937 0.258364 -0.200854
vn 0.137270 0.989906 -0.035245
vn 0.139738 0.989906 -0.023635
vn 0.893773 0.434075 -0.112909
vn 0.893772 0.434078 -0.112909
vn 0.900086 0.434075 -0.037726
vn 0.900086 0.434076 -0.037726
vn 0.900086 0.434076 0.037724
vn 0.900087 0.434075 0.037724
vn 0.893772 0.434078 0.112911
vn 0.893773 0.434075 0.112911
vn 0.881188 0.434080 0.187303
vn 0.881190 0.434076 0.187304
vn 0.862423 0.434085 0.260377
vn 0.862426 0.434079 0.260378
vn 0.837607 0.434090 0.331635
vn 0.837610 0.434082 0.331636
vn 0.806917 0.434096 0.400557
vn 0.806921 0.434087 0.400559
vn 0.770567 0.434103 0.466671
vn 0.770571 0.434092 0.466673
vn 0.728810 0.434111 0.529513
vn 0.728815 0.434099 0.529516
vn 0.681943 0.434119 0.588637
vn 0.681948 0.434106 0.588641
vn 0.630292 0.434129 0.643633
vn 0.630297 0.434114 0.643638
vn 0.574221 0.434139 0.694114
vn 0.574225 0.434123 0.694120
vn 0.514122 0.434150 0.739724
vn 0.514127 0.434133 0.739731
vn 0.450416 0.434161 0.780147
vn 0.450421 0.434144 0.780154
vn 0.383554 0.434173 0.815095
vn 0.383557 0.434155 0.815103
vn 0.314004 0.434185 0.844325
vn 0.314007 0.434166 0.844334
vn 0.242248 0.434198 0.867634
vn 0.242250 0.434179 0.867643
vn 0.168794 0.434211 0.884856
vn 0.168796 0.434191 0.884865
vn 0.094161 0.434224 0.895870
vn 0.094162 0.434204 0.895880
vn 0.018863 0.434237 0.900601
vn 0.018864 0.434217 0.900611
vn -0.056561 0.434250 0.899015
vn -0.056561 0.434229 0.899025
vn -0.131592 0.434262 0.891123
vn -0.131593 0.434242 0.891132
vn -0.205694 0.434275 0.876981
vn -0.205696 0.434255 0.876990
vn -0.278354 0.434287 0.856688
vn -0.278357 0.434268 0.856696
vn -0.349063 0.434299 0.830385
vn -0.349066 0.434280 0.830393
vn -0.417320 0.434311 0.798259
vn -0.417324 0.434293 0.798267
vn -0.482651 0.434321 0.760535
vn -0.482655 0.434304 0.760542
vn -0.544593 0.434332 0.717478
vn -0.544597 0.434315 0.717484
vn -0.602719 0.434341 0.669387
vn -0.602724 0.434325 0.669392
vn -0.656614 0.434350 0.616603
vn -0.656619 0.434336 0.616607
vn -0.705906 0.434358 0.559491
vn -0.705911 0.434345 0.559495
vn -0.750243 0.434364 0.498460
vn -0.750248 0.434353 0.498463
vn -0.789320 0.434370 0.433932
vn -0.789324 0.434360 0.433934
vn -0.822860 0.434375 0.366360
vn -0.822864 0.434367 0.366361
vn -0.850628 0.434379 0.296222
vn -0.850631 0.434372 0.296223
vn -0.872431 0.434382 0.224001
vn -0.872433 0.434377 0.224002
vn -0.888114 0.434384 0.150214
vn -0.888116 0.434381 0.150214
vn -0.897569 0.434384 0.075368
vn -0.897570 0.434383 0.075368
vn -0.900728 0.434385 0.000000
vn -0.900728 0.434384 0.000000
vn -0.897569 0.434383 -0.075368
vn -0.897569 0.434385 -0.075368
vn -0.888116 0.434380 -0.150214
vn -0.888114 0.434384 -0.150214
vn -0.872433 0.434377 -0.224002
vn -0.872431 0.434382 -0.224001
vn -0.850631 0.434372 -0.296222
vn -0.850628 0.434379 -0.296221
vn -0.822863 0.434367 -0.366362
vn -0.822860 0.434375 -0.366360
vn -0.789324 0.434361 -0.433934
vn -0.789320 0.434370 -0.433932
vn -0.750247 0.434353 -0.498464
vn -0.750243 0.434364 -0.498461
vn -0.705909 0.434345 -0.559497
vn -0.705905 0.434357 -0.559493
vn -0.656620 0.434336 -0.616605
vn -0.656616 0.434350 -0.616601
vn -0.602722 0.434326 -0.669393
vn -0.602717 0.434341 -0.669388
vn -0.544600 0.434315 -0.717483
vn -0.544595 0.434331 -0.717476
vn -0.482653 0.434304 -0.760543
vn -0.482649 0.434322 -0.760536
vn -0.417324 0.434293 -0.798267
vn -0.417320 0.434311 -0.798260
vn -0.349066 0.434280 -0.830394
vn -0.349062 0.434299 -0.830385
vn -0.278356 0.434268 -0.856697
vn -0.278353 0.434287 -0.856688
vn -0.205696 0.434255 -0.876990
vn -0.205694 0.434275 -0.876981
vn -0.131593 0.434242 -0.891132
vn -0.131592 0.434262 -0.891123
vn -0.056561 0.434230 -0.899025
vn -0.056560 0.434250 -0.899015
vn 0.018864 0.434217 -0.900611
vn 0.018864 0.434237 -0.900601
vn 0.094163 0.434204 -0.895880
vn 0.094162 0.434224 -0.895870
vn 0.168797 0.434191 -0.884865
vn 0.168795 0.434211 -0.884855
vn 0.242248 0.434179 -0.867643
vn 0.242246 0.434198 -0.867634
vn 0.314008 0.434166 -0.844333
vn 0.314005 0.434186 -0.844325
vn 0.383557 0.434155 -0.815103
vn 0.383553 0.434173 -0.815095
vn 0.450421 0.434144 -0.780154
vn 0.450417 0.434161 -0.780147
vn 0.514127 0.434133 -0.739731
vn 0.514123 0.434150 -0.739724
vn 0.574225 0.434123 -0.694120
vn 0.574220 0.434139 -0.694115
vn 0.630298 0.434115 -0.643637
vn 0.630293 0.434129 -0.643632
vn 0.681948 0.434106 -0.588641
vn 0.681943 0.434120 -0.588637
vn 0.728816 0.434099 -0.529515
vn 0.728811 0.434111 -0.529511
vn 0.770570 0.434092 -0.466675
vn 0.770566 0.434103 -0.466672
vn 0.806921 0.434087 -0.400559
vn 0.806917 0.434096 -0.400557
vn 0.837610 0.434083 -0.331635
vn 0.837607 0.434090 -0.331634
vn 0.862426 0.434079 -0.260380
vn 0.862423 0.434085 -0.260379
vn 0.881189 0.434077 -0.187304
vn 0.881188 0.434081 -0.187303
vn 0.766366 0.635067 -0.096815
vn 0.766363 0.635071 -0.096814
vn 0.771779 0.635067 -0.032348
vn 0.771778 0.635068 -0.032348
vn 0.771779 0.635068 0.032346
vn 0.771780 0.635067 0.032346
vn 0.766363 0.635071 0.096816
vn 0.766366 0.635067 0.096816
vn 0.755571 0.635074 0.160603
vn 0.755576 0.635068 0.160604
vn 0.739480 0.635079 0.223258
vn 0.739487 0.635070 0.223260
vn 0.718198 0.635085 0.284358
vn 0.718206 0.635073 0.284361
vn 0.691881 0.635092 0.343452
vn 0.691891 0.635078 0.343458
vn 0.660710 0.635100 0.400138
vn 0.660722 0.635083 0.400146
vn 0.624903 0.635109 0.454020
vn 0.624915 0.635090 0.454029
vn 0.584714 0.635118 0.504712
vn 0.584727 0.635097 0.504723
vn 0.540425 0.635129 0.551863
vn 0.540438 0.635106 0.551876
vn 0.492344 0.635140 0.595143
vn 0.492357 0.635115 0.595158
vn 0.440812 0.635152 0.634245
vn 0.440825 0.635125 0.634263
vn 0.386188 0.635164 0.668899
vn 0.386199 0.635137 0.668918
vn 0.328857 0.635177 0.698858
vn 0.328867 0.635148 0.698880
vn 0.269222 0.635191 0.723914
vn 0.269231 0.635161 0.723938
vn 0.207700 0.635204 0.743892
vn 0.207707 0.635173 0.743917
vn 0.144719 0.635218 0.758653
vn 0.144724 0.635187 0.758678
vn 0.080731 0.635232 0.768090
vn 0.080734 0.635200 0.768117
vn 0.016173 0.635246 0.772141
vn 0.016173 0.635214 0.772167
vn -0.048494 0.635260 0.770774
vn -0.048495 0.635228 0.770801
vn -0.112819 0.635274 0.764002
vn -0.112823 0.635242 0.764028
vn -0.176349 0.635287 0.751872
vn -0.176355 0.635256 0.751897
vn -0.238643 0.635300 0.734468
vn -0.238651 0.635270 0.734492
vn -0.299262 0.635313 0.711913
vn -0.299271 0.635283 0.711935
vn -0.357778 0.635325 0.684366
vn -0.357789 0.635297 0.684387
vn -0.413785 0.635336 0.652020
vn -0.413797 0.635309 0.652039
vn -0.466886 0.635347 0.615103
vn -0.466899 0.635321 0.615120
vn -0.516715 0.635356 0.573871
vn -0.516728 0.635333 0.573885
vn -0.562917 0.635366 0.528616
vn -0.562931 0.635344 0.528628
vn -0.605173 0.635373 0.479652
vn -0.605186 0.635354 0.479662
vn -0.643182 0.635381 0.427328
vn -0.643194 0.635363 0.427336
vn -0.676679 0.635387 0.372008
vn -0.676690 0.635371 0.372014
vn -0.705431 0.635392 0.314077
vn -0.705441 0.635379 0.314081
vn -0.729234 0.635396 0.253948
vn -0.729243 0.635385 0.253950
vn -0.747925 0.635398 0.192033
vn -0.747932 0.635390 0.192035
vn -0.761369 0.635400 0.128777
vn -0.761374 0.635395 0.128778
vn -0.769475 0.635400 0.064612
vn -0.769477 0.635398 0.064612
vn -0.772183 0.635400 0.000000
vn -0.772183 0.635400 0.000000
vn -0.769477 0.635398 -0.064612
vn -0.769475 0.635400 -0.064612
vn -0.761374 0.635394 -0.128778
vn -0.761370 0.635400 -0.128777
vn -0.747931 0.635391 -0.192035
vn -0.747925 0.635398 -0.192033
vn -0.729243 0.635385 -0.253950
vn -0.729235 0.635396 -0.253947
vn -0.705441 0.635379 -0.314082
vn -0.705431 0.635392 -0.314077
vn -0.676690 0.635371 -0.372014
vn -0.676679 0.635387 -0.372007
vn -0.643192 0.635363 -0.427337
vn -0.643180 0.635381 -0.427329
vn -0.605185 0.635354 -0.479663
vn -0.605172 0.635374 -0.479653
vn -0.562932 0.635344 -0.528627
vn -0.562919 0.635366 -0.528614
vn -0.516728 0.635333 -0.573886
vn -0.516714 0.635357 -0.573871
vn -0.466901 0.635321 -0.615118
vn -0.466888 0.635347 -0.615102
vn -0.413796 0.635309 -0.652040
vn -0.413784 0.635336 -0.652021
vn -0.357788 0.635296 -0.684387
vn -0.357778 0.635325 -0.684367
vn -0.299271 0.635283 -0.711935
vn -0.299262 0.635313 -0.711913
vn -0.238650 0.635270 -0.734492
vn -0.238642 0.635300 -0.734468
vn -0.176354 0.635256 -0.751897
vn -0.176348 0.635287 -0.751872
vn -0.112824 0.635242 -0.764028
vn -0.112820 0.635273 -0.764002
vn -0.048494 0.635228 -0.770801
vn -0.048493 0.635260 -0.770774
vn 0.016174 0.635214 -0.772167
vn 0.016173 0.635246 -0.772140
vn 0.080734 0.635200 -0.768116
vn 0.080732 0.635232 -0.768090
vn 0.144724 0.635187 -0.758678
vn 0.144720 0.635218 -0.758653
vn 0.207705 0.635173 -0.743917
vn 0.207698 0.635204 -0.743893
vn 0.269232 0.635160 -0.723937
vn 0.269223 0.635191 -0.723914
vn 0.328867 0.635149 -0.698880
vn 0.328856 0.635177 -0.698858
vn 0.386200 0.635137 -0.668918
vn 0.386188 0.635164 -0.668898
vn 0.440825 0.635126 -0.634263
vn 0.440812 0.635152 -0.634245
vn 0.492357 0.635115 -0.595158
vn 0.492344 0.635140 -0.595143
vn 0.540438 0.635106 -0.551876
vn 0.540425 0.635129 -0.551862
vn 0.584727 0.635097 -0.504723
vn 0.584714 0.635118 -0.504712
vn 0.624916 0.635090 -0.454028
vn 0.624904 0.635108 -0.454019
vn 0.660721 0.635083 -0.400147
vn 0.660709 0.635100 -0.400140
vn 0.691891 0.635078 -0.343458
vn 0.691880 0.635092 -0.343453
vn 0.718207 0.635073 -0.284360
vn 0.718198 0.635085 -0.284357
vn 0.739487 0.635070 -0.223262
vn 0.739479 0.635079 -0.223260
vn 0.755576 0.635068 -0.160604
vn 0.755571 0.635074 -0.160603
s 1
g Tuyau_supportV2_pCylinder1
usemtl Tuyau_supportV2_initialShadingGroup
f 1/1/1 2/2/2 603/757/3 604/758/4
s 2
f 2/2/5 3/5/6 677/832/7 603/757/8
s 3
f 3/5/9 4/7/10 676/831/11 677/832/12
s 4
f 4/7/13 5/9/14 675/830/15 676/831/16
s 5
f 5/9/17 6/11/18 674/829/19 675/830/20
s 6
f 6/11/21 7/13/22 673/828/23 674/829/24
s 7
f 7/13/25 8/15/26 672/827/27 673/828/28
s 8
f 8/15/29 9/17/30 671/826/31 672/827/32
s 9
f 9/17/33 10/19/34 670/825/35 671/826/36
s 10
f 10/19/37 11/21/38 669/824/39 670/825/40
s 11
f 11/21/41 12/23/42 668/823/43 669/824/44
s 12
f 12/23/45 13/25/46 667/822/47 668/823/48
s 13
f 13/25/49 14/27/50 666/821/51 667/822/52
s 14
f 14/27/53 15/29/54 665/820/55 666/821/56
s 15
f 15/29/57 16/31/58 664/819/59 665/820/60
s 16
f 16/31/61 17/33/62 663/818/63 664/819/64
s 17
f 17/33/65 18/35/66 662/817/67 663/818/68
s 18
f 18/35/69 19/37/70 661/816/71 662/817/72
s 19
f 19/37/73 20/39/74 660/815/75 661/816/76
s 20
f 20/39/77 21/41/78 659/814/79 660/815/80
s 21
f 21/41/81 22/43/82 658/813/83 659/814/84
s 22
f 22/43/85 23/45/86 657/812/87 658/813/88
s 23
f 23/45/89 24/47/90 656/811/91 657/812/92
s 24
f 24/47/93 25/49/94 655/810/95 656/811/96
s 25
f 25/49/97 26/51/98 654/809/99 655/810/100
s 26
f 26/51/101 27/53/102 653/808/103 654/809/104
s 27
f 27/53/105 28/55/106 652/807/107 653/808/108
s 28
f 28/55/109 29/57/110 651/806/111 652/807/112
s 29
f 29/57/113 30/59/114 650/805/115 651/806/116
s 30
f 30/59/117 31/61/118 649/804/119 650/805/120
s 31
f 31/61/121 32/63/122 648/803/123 649/804/124
s 32
f 32/63/125 33/65/126 647/802/127 648/803/128
s 33
f 33/65/129 34/67/130 646/801/131 647/802/132
s 34
f 34/67/133 35/69/134 645/800/135 646/801/136
s 35
f 35/69/137 36/71/138 644/799/139 645/800/140
s 36
f 36/71/141 37/73/142 643/798/143 644/799/144
s 37
f 37/73/145 38/75/146 642/797/147 643/798/148
s 38
f 38/75/149 39/77/150 641/796/151 642/797/152
s 39
f 39/77/153 40/79/154 640/795/155 641/796/156
s 40
f 40/79/157 41/81/158 639/794/159 640/795/160
s 41
f 41/81/161 42/83/162 638/793/163 639/794/164
s 42
f 42/83/165 43/85/166 637/792/167 638/793/168
s 43
f 43/85/169 44/87/170 636/791/171 637/792/172
s 44
f 44/87/173 45/89/174 635/790/175 636/791/176
s 45
f 45/89/177 46/91/178 634/789/179 635/790/180
s 46
f 46/91/181 47/93/182 633/788/183 634/789/184
s 47
f 47/93/185 48/95/186 632/787/187 633/788/188
s 48
f 48/95/189 49/97/190 631/786/191 632/787/192
s 49
f 49/97/193 50/99/194 630/785/195 631/786/196
s 50
f 50/99/197 51/101/198 629/784/199 630/785/200
s 51
f 51/101/201 52/103/202 628/783/203 629/784/204
s 52
f 52/103/205 53/105/206 627/782/207 628/783/208
s 53
f 53/105/209 54/107/210 626/781/211 627/782/212
s 54
f 54/107/213 55/109/214 625/780/215 626/781/216
s 55
f 55/109/217 56/111/218 624/779/219 625/780/220
s 56
f 56/111/221 57/113/222 623/778/223 624/779/224
s 57
f 57/113/225 58/115/226 622/777/227 623/778/228
s 58
f 58/115/229 59/117/230 621/776/231 622/777/232
s 59
f 59/117/233 60/119/234 620/775/235 621/776/236
s 60
f 60/119/237 61/121/238 619/774/239 620/775/240
s 61
f 61/121/241 62/123/242 618/773/243 619/774/244
s 62
f 62/123/245 63/125/246 617/772/247 618/773/248
s 63
f 63/125/249 64/127/250 616/771/251 617/772/252
s 64
f 64/127/253 65/129/254 615/770/255 616/771/256
s 65
f 65/129/257 66/131/258 614/769/259 615/770/260
s 66
f 66/131/261 67/133/262 613/768/263 614/769/264
s 67
f 67/133/265 68/135/266 612/767/267 613/768/268
s 68
f 68/135/269 69/137/270 611/766/271 612/767/272
s 69
f 69/137/273 70/139/274 610/765/275 611/766/276
s 70
f 70/139/277 71/141/278 609/764/279 610/765/280
s 71
f 71/141/281 72/143/282 608/763/283 609/764/284
s 72
f 72/143/285 73/145/286 607/762/287 608/763/288
s 73
f 73/145/289 74/147/290 606/761/291 607/762/292
s 74
f 74/147/293 75/149/294 605/760/295 606/761/296
s 75
f 75/149/297 1/151/298 604/759/299 605/760/300
s off
f 152/153/301 151/154/302 153/155/303
f 154/156/304 152/153/305 153/155/306
f 155/157/307 154/156/308 153/155/309
f 156/158/310 155/157/311 153/155/312
f 157/159/313 156/158/314 153/155/315
f 158/160/316 157/159/317 153/155/318
f 159/161/319 158/160/320 153/155/321
f 160/162/322 159/161/323 153/155/324
f 161/163/325 160/162/326 153/155/327
f 162/164/328 161/163/329 153/155/330
f 163/165/331 162/164/332 153/155/333
f 164/166/334 163/165/335 153/155/336
f 165/167/337 164/166/338 153/155/339
f 166/168/340 165/167/341 153/155/342
f 167/169/343 166/168/344 153/155/345
f 168/170/346 167/169/347 153/155/348
f 169/171/349 168/170/350 153/155/351
f 170/172/352 169/171/353 153/155/354
f 171/173/355 170/172/356 153/155/357
f 172/174/358 171/173/359 153/155/360
f 173/175/361 172/174/362 153/155/363
f 174/176/364 173/175/365 153/155/366
f 175/177/367 174/176/368 153/155/369
f 176/178/370 175/177/371 153/155/372
f 177/179/373 176/178/374 153/155/375
f 178/180/376 177/179/377 153/155/378
f 179/181/379 178/180/380 153/155/381
f 180/182/382 179/181/383 153/155/384
f 181/183/385 180/182/386 153/155/387
f 182/184/388 181/183/389 153/155/390
f 183/185/391 182/184/392 153/155/393
f 184/186/394 183/185/395 153/155/396
f 185/187/397 184/186/398 153/155/399
f 186/188/400 185/187/401 153/155/402
f 187/189/403 186/188/404 153/155/405
f 188/190/406 187/189/407 153/155/408
f 189/191/409 188/190/410 153/155/411
f 190/192/412 189/191/413 153/155/414
f 191/193/415 190/192/416 153/155/417
f 192/194/418 191/193/419 153/155/420
f 193/195/421 192/194/422 153/155/423
f 194/196/424 193/195/425 153/155/426
f 195/197/427 194/196/428 153/155/429
f 196/198/430 195/197/431 153/155/432
f 197/199/433 196/198/434 153/155/435
f 198/200/436 197/199/437 153/155/438
f 199/201/439 198/200/440 153/155/441
f 200/202/442 199/201/443 153/155/444
f 201/203/445 200/202/446 153/155/447
f 202/204/448 201/203/449 153/155/450
f 203/205/451 202/204/452 153/155/453
f 204/206/454 203/205/455 153/155/456
f 205/207/457 204/206/458 153/155/459
f 206/208/460 205/207/461 153/155/462
f 207/209/463 206/208/464 153/155/465
f 208/210/466 207/209/467 153/155/468
f 209/211/469 208/210/470 153/155/471
f 210/212/472 209/211/473 153/155/474
f 211/213/475 210/212/476 153/155/477
f 212/214/478 211/213/479 153/155/480
f 213/215/481 212/214/482 153/155/483
f 214/216/484 213/215/485 153/155/486
f 215/217/487 214/216/488 153/155/489
f 216/218/490 215/217/491 153/155/492
f 217/219/493 216/218/494 153/155/495
f 218/220/496 217/219/497 153/155/498
f 219/221/499 218/220/500 153/155/501
f 220/222/502 219/221/503 153/155/504
f 221/223/505 220/222/506 153/155/507
f 222/224/508 221/223/509 153/155/510
f 223/225/511 222/224/512 153/155/513
f 224/226/514 223/225/515 153/155/516
f 225/227/517 224/226/518 153/155/519
f 226/228/520 225/227/521 153/155/522
f 151/154/523 226/228/524 153/155/525
f 377/229/526 378/230/527 379/231/528
f 378/230/529 380/232/530 379/231/531
f 380/232/532 381/233/533 379/231/534
f 381/233/535 382/234/536 379/231/537
f 382/234/538 383/235/539 379/231/540
f 383/235/541 384/236/542 379/231/543
f 384/236/544 385/237/545 379/231/546
f 385/237/547 386/238/548 379/231/549
f 386/238/550 387/239/551 379/231/552
f 387/239/553 388/240/554 379/231/555
f 388/240/556 389/241/557 379/231/558
f 389/241/559 390/242/560 379/231/561
f 390/242/562 391/243/563 379/231/564
f 391/243/565 392/244/566 379/231/567
f 392/244/568 393/245/569 379/231/570
f 393/245/571 394/246/572 379/231/573
f 394/246/574 395/247/575 379/231/576
f 395/247/577 396/248/578 379/231/579
f 396/248/580 397/249/581 379/231/582
f 397/249/583 398/250/584 379/231/585
f 398/250/586 399/251/587 379/231/588
f 399/251/589 400/252/590 379/231/591
f 400/252/592 401/253/593 379/231/594
f 401/253/595 402/254/596 379/231/597
f 402/254/598 403/255/599 379/231/600
f 403/255/601 404/256/602 379/231/603
f 404/256/604 405/257/605 379/231/606
f 405/257/607 406/258/608 379/231/609
f 406/258/610 407/259/611 379/231/612
f 407/259/613 408/260/614 379/231/615
f 408/260/616 409/261/617 379/231/618
f 409/261/619 410/262/620 379/231/621
f 410/262/622 411/263/623 379/231/624
f 411/263/625 412/264/626 379/231/627
f 412/264/628 413/265/629 379/231/630
f 413/265/631 414/266/632 379/231/633
f 414/266/634 415/267/635 379/231/636
f 415/267/637 416/268/638 379/231/639
f 416/268/640 417/269/641 379/231/642
f 417/269/643 418/270/644 379/231/645
f 418/270/646 419/271/647 379/231/648
f 419/271/649 420/272/650 379/231/651
f 420/272/652 421/273/653 379/231/654
f 421/273/655 422/274/656 379/231/657
f 422/274/658 423/275/659 379/231/660
f 423/275/661 424/276/662 379/231/663
f 424/276/664 425/277/665 379/231/666
f 425/277/667 426/278/668 379/231/669
f 426/278/670 427/279/671 379/231/672
f 427/279/673 428/280/674 379/231/675
f 428/280/676 429/281/677 379/231/678
f 429/281/679 430/282/680 379/231/681
f 430/282/682 431/283/683 379/231/684
f 431/283/685 432/284/686 379/231/687
f 432/284/688 433/285/689 379/231/690
f 433/285/691 434/286/692 379/231/693
f 434/286/694 435/287/695 379/231/696
f 435/287/697 436/288/698 379/231/699
f 436/288/700 437/289/701 379/231/702
f 437/289/703 438/290/704 379/231/705
f 438/290/706 439/291/707 379/231/708
f 439/291/709 440/292/710 379/231/711
f 440/292/712 441/293/713 379/231/714
f 441/293/715 442/294/716 379/231/717
f 442/294/718 443/295/719 379/231/720
f 443/295/721 444/296/722 379/231/723
f 444/296/724 445/297/725 379/231/726
f 445/297/727 446/298/728 379/231/729
f 446/298/730 447/299/731 379/231/732
f 447/299/733 448/300/734 379/231/735
f 448/300/736 449/301/737 379/231/738
f 449/301/739 450/302/740 379/231/741
f 450/302/742 451/303/743 379/231/744
f 451/303/745 452/304/746 379/231/747
f 452/304/748 377/229/749 379/231/750
f 2/305/751 1/306/752 151/154/753 152/153/754
f 3/307/755 2/305/756 152/153/757 154/156/758
f 4/308/759 3/307/760 154/156/761 155/157/762
f 5/309/763 4/308/764 155/157/765 156/158/766
f 6/310/767 5/309/768 156/158/769 157/159/770
f 7/311/771 6/310/772 157/159/773 158/160/774
f 8/312/775 7/311/776 158/160/777 159/161/778
f 9/313/779 8/312/780 159/161/781 160/162/782
f 10/314/783 9/313/784 160/162/785 161/163/786
f 11/315/787 10/314/788 161/163/789 162/164/790
f 12/316/791 11/315/792 162/164/793 163/165/794
f 13/317/795 12/316/796 163/165/797 164/166/798
f 14/318/799 13/317/800 164/166/801 165/167/802
f 15/319/803 14/318/804 165/167/805 166/168/806
f 16/320/807 15/319/808 166/168/809 167/169/810
f 17/321/811 16/320/812 167/169/813 168/170/814
f 18/322/815 17/321/816 168/170/817 169/171/818
f 19/323/819 18/322/820 169/171/821 170/172/822
f 20/324/823 19/323/824 170/172/825 171/173/826
f 21/325/827 20/324/828 171/173/829 172/174/830
f 22/326/831 21/325/832 172/174/833 173/175/834
f 23/327/835 22/326/836 173/175/837 174/176/838
f 24/328/839 23/327/840 174/176/841 175/177/842
f 25/329/843 24/328/844 175/177/845 176/178/846
f 26/330/847 25/329/848 176/178/849 177/179/850
f 27/331/851 26/330/852 177/179/853 178/180/854
f 28/332/855 27/331/856 178/180/857 179/181/858
f 29/333/859 28/332/860 179/181/861 180/182/862
f 30/334/863 29/333/864 180/182/865 181/183/866
f 31/335/867 30/334/868 181/183/869 182/184/870
f 32/336/871 31/335/872 182/184/873 183/185/874
f 33/337/875 32/336/876 183/185/877 184/186/878
f 34/338/879 33/337/880 184/186/881 185/187/882
f 35/339/883 34/338/884 185/187/885 186/188/886
f 36/340/887 35/339/888 186/188/889 187/189/890
f 37/341/891 36/340/892 187/189/893 188/190/894
f 38/342/895 37/341/896 188/190/897 189/191/898
f 39/343/899 38/342/900 189/191/901 190/192/902
f 40/344/903 39/343/904 190/192/905 191/193/906
f 41/345/907 40/344/908 191/193/909 192/194/910
f 42/346/911 41/345/912 192/194/913 193/195/914
f 43/347/915 42/346/916 193/195/917 194/196/918
f 44/348/919 43/347/920 194/196/921 195/197/922
f 45/349/923 44/348/924 195/197/925 196/198/926
f 46/350/927 45/349/928 196/198/929 197/199/930
f 47/351/931 46/350/932 197/199/933 198/200/934
f 48/352/935 47/351/936 198/200/937 199/201/938
f 49/353/939 48/352/940 199/201/941 200/202/942
f 50/354/943 49/353/944 200/202/945 201/203/946
f 51/355/947 50/354/948 201/203/949 202/204/950
f 52/356/951 51/355/952 202/204/953 203/205/954
f 53/357/955 52/356/956 203/205/957 204/206/958
f 54/358/959 53/357/960 204/206/961 205/207/962
f 55/359/963 54/358/964 205/207/965 206/208/966
f 56/360/967 55/359/968 206/208/969 207/209/970
f 57/361/971 56/360/972 207/209/973 208/210/974
f 58/362/975 57/361/976 208/210/977 209/211/978
f 59/363/979 58/362/980 209/211/981 210/212/982
f 60/364/983 59/363/984 210/212/985 211/213/986
f 61/365/987 60/364/988 211/213/989 212/214/990
f 62/366/991 61/365/992 212/214/993 213/215/994
f 63/367/995 62/366/996 213/215/997 214/216/998
f 64/368/999 63/367/1000 214/216/1001 215/217/1002
f 65/369/1003 64/368/1004 215/217/1005 216/218/1006
f 66/370/1007 65/369/1008 216/218/1009 217/219/1010
f 67/371/1011 66/370/1012 217/219/1013 218/220/1014
f 68/372/1015 67/371/1016 218/220/1017 219/221/1018
f 69/373/1019 68/372/1020 219/221/1021 220/222/1022
f 70/374/1023 69/373/1024 220/222/1025 221/223/1026
f 71/375/1027 70/374/1028 221/223/1029 222/224/1030
f 72/376/1031 71/375/1032 222/224/1033 223/225/1034
f 73/377/1035 72/376/1036 223/225/1037 224/226/1038
f 74/378/1039 73/377/1040 224/226/1041 225/227/1042
f 75/379/1043 74/378/1044 225/227/1045 226/228/1046
f 1/306/1047 75/379/1048 226/228/1049 151/154/1050
f 76/380/1051 77/381/1052 228/382/1053 227/383/1054
f 77/381/1055 78/384/1056 229/385/1057 228/382/1058
f 78/384/1059 79/386/1060 230/387/1061 229/385/1062
f 79/386/1063 80/388/1064 231/389/1065 230/387/1066
f 80/388/1067 81/390/1068 232/391/1069 231/389/1070
f 81/390/1071 82/392/1072 233/393/1073 232/391/1074
f 82/392/1075 83/394/1076 234/395/1077 233/393/1078
f 83/394/1079 84/396/1080 235/397/1081 234/395/1082
f 84/396/1083 85/398/1084 236/399/1085 235/397/1086
f 85/398/1087 86/400/1088 237/401/1089 236/399/1090
f 86/400/1091 87/402/1092 238/403/1093 237/401/1094
f 87/402/1095 88/404/1096 239/405/1097 238/403/1098
f 88/404/1099 89/406/1100 240/407/1101 239/405/1102
f 89/406/1103 90/408/1104 241/409/1105 240/407/1106
f 90/408/1107 91/410/1108 242/411/1109 241/409/1110
f 91/410/1111 92/412/1112 243/413/1113 242/411/1114
f 92/412/1115 93/414/1116 244/415/1117 243/413/1118
f 93/414/1119 94/416/1120 245/417/1121 244/415/1122
f 94/416/1123 95/418/1124 246/419/1125 245/417/1126
f 95/418/1127 96/420/1128 247/421/1129 246/419/1130
f 96/420/1131 97/422/1132 248/423/1133 247/421/1134
f 97/422/1135 98/424/1136 249/425/1137 248/423/1138
f 98/424/1139 99/426/1140 250/427/1141 249/425/1142
f 99/426/1143 100/428/1144 251/429/1145 250/427/1146
f 100/428/1147 101/430/1148 252/431/1149 251/429/1150
f 101/430/1151 102/432/1152 253/433/1153 252/431/1154
f 102/432/1155 103/434/1156 254/435/1157 253/433/1158
f 103/434/1159 104/436/1160 255/437/1161 254/435/1162
f 104/436/1163 105/438/1164 256/439/1165 255/437/1166
f 105/438/1167 106/440/1168 257/441/1169 256/439/1170
f 106/440/1171 107/442/1172 258/443/1173 257/441/1174
f 107/442/1175 108/444/1176 259/445/1177 258/443/1178
f 108/444/1179 109/446/1180 260/447/1181 259/445/1182
f 109/446/1183 110/448/1184 261/449/1185 260/447/1186
f 110/448/1187 111/450/1188 262/451/1189 261/449/1190
f 111/450/1191 112/452/1192 263/453/1193 262/451/1194
f 112/452/1195 113/454/1196 264/455/1197 263/453/1198
f 113/454/1199 114/456/1200 265/457/1201 264/455/1202
f 114/456/1203 115/458/1204 266/459/1205 265/457/1206
f 115/458/1207 116/460/1208 267/461/1209 266/459/1210
f 116/460/1211 117/462/1212 268/463/1213 267/461/1214
f 117/462/1215 118/464/1216 269/465/1217 268/463/1218
f 118/464/1219 119/466/1220 270/467/1221 269/465/1222
f 119/466/1223 120/468/1224 271/469/1225 270/467/1226
f 120/468/1227 121/470/1228 272/471/1229 271/469/1230
f 121/470/1231 122/472/1232 273/473/1233 272/471/1234
f 122/472/1235 123/474/1236 274/475/1237 273/473/1238
f 123/474/1239 124/476/1240 275/477/1241 274/475/1242
f 124/476/1243 125/478/1244 276/479/1245 275/477/1246
f 125/478/1247 126/480/1248 277/481/1249 276/479/1250
f 126/480/1251 127/482/1252 278/483/1253 277/481/1254
f 127/482/1255 128/484/1256 279/485/1257 278/483/1258
f 128/484/1259 129/486/1260 280/487/1261 279/485/1262
f 129/486/1263 130/488/1264 281/489/1265 280/487/1266
f 130/488/1267 131/490/1268 282/491/1269 281/489/1270
f 131/490/1271 132/492/1272 283/493/1273 282/491/1274
f 132/492/1275 133/494/1276 284/495/1277 283/493/1278
f 133/494/1279 134/496/1280 285/497/1281 284/495/1282
f 134/496/1283 135/498/1284 286/499/1285 285/497/1286
f 135/498/1287 136/500/1288 287/501/1289 286/499/1290
f 136/500/1291 137/502/1292 288/503/1293 287/501/1294
f 137/502/1295 138/504/1296 289/505/1297 288/503/1298
f 138/504/1299 139/506/1300 290/507/1301 289/505/1302
f 139/506/1303 140/508/1304 291/509/1305 290/507/1306
f 140/508/1307 141/510/1308 292/511/1309 291/509/1310
f 141/510/1311 142/512/1312 293/513/1313 292/511/1314
f 142/512/1315 143/514/1316 294/515/1317 293/513/1318
f 143/514/1319 144/516/1320 295/517/1321 294/515/1322
f 144/516/1323 145/518/1324 296/519/1325 295/517/1326
f 145/518/1327 146/520/1328 297/521/1329 296/519/1330
f 146/520/1331 147/522/1332 298/523/1333 297/521/1334
f 147/522/1335 148/524/1336 299/525/1337 298/523/1338
f 148/524/1339 149/526/1340 300/527/1341 299/525/1342
f 149/526/1343 150/528/1344 301/529/1345 300/527/1346
f 150/528/1347 76/380/1348 227/383/1349 301/529/1350
f 227/383/1351 228/382/1352 303/530/1353 302/531/1354
f 228/382/1355 229/385/1356 304/532/1357 303/530/1358
f 229/385/1359 230/387/1360 305/533/1361 304/532/1362
f 230/387/1363 231/389/1364 306/534/1365 305/533/1366
f 231/389/1367 232/391/1368 307/535/1369 306/534/1370
f 232/391/1371 233/393/1372 308/536/1373 307/535/1374
f 233/393/1375 234/395/1376 309/537/1377 308/536/1378
f 234/395/1379 235/397/1380 310/538/1381 309/537/1382
f 235/397/1383 236/399/1384 311/539/1385 310/538/1386
f 236/399/1387 237/401/1388 312/540/1389 311/539/1390
f 237/401/1391 238/403/1392 313/541/1393 312/540/1394
f 238/403/1395 239/405/1396 314/542/1397 313/541/1398
f 239/405/1399 240/407/1400 315/543/1401 314/542/1402
f 240/407/1403 241/409/1404 316/544/1405 315/543/1406
f 241/409/1407 242/411/1408 317/545/1409 316/544/1410
f 242/411/1411 243/413/1412 318/546/1413 317/545/1414
f 243/413/1415 244/415/1416 319/547/1417 318/546/1418
f 244/415/1419 245/417/1420 320/548/1421 319/547/1422
f 245/417/1423 246/419/1424 321/549/1425 320/548/1426
f 246/419/1427 247/421/1428 322/550/1429 321/549/1430
f 247/421/1431 248/423/1432 323/551/1433 322/550/1434
f 248/423/1435 249/425/1436 324/552/1437 323/551/1438
f 249/425/1439 250/427/1440 325/553/1441 324/552/1442
f 250/427/1443 251/429/1444 326/554/1445 325/553/1446
f 251/429/1447 252/431/1448 327/555/1449 326/554/1450
f 252/431/1451 253/433/1452 328/556/1453 327/555/1454
f 253/433/1455 254/435/1456 329/557/1457 328/556/1458
f 254/435/1459 255/437/1460 330/558/1461 329/557/1462
f 255/437/1463 256/439/1464 331/559/1465 330/558/1466
f 256/439/1467 257/441/1468 332/560/1469 331/559/1470
f 257/441/1471 258/443/1472 333/561/1473 332/560/1474
f 258/443/1475 259/445/1476 334/562/1477 333/561/1478
f 259/445/1479 260/447/1480 335/563/1481 334/562/1482
f 260/447/1483 261/449/1484 336/564/1485 335/563/1486
f 261/449/1487 262/451/1488 337/565/1489 336/564/1490
f 262/451/1491 263/453/1492 338/566/1493 337/565/1494
f 263/453/1495 264/455/1496 339/567/1497 338/566/1498
f 264/455/1499 265/457/1500 340/568/1501 339/567/1502
f 265/457/1503 266/459/1504 341/569/1505 340/568/1506
f 266/459/1507 267/461/1508 342/570/1509 341/569/1510
f 267/461/1511 268/463/1512 343/571/1513 342/570/1514
f 268/463/1515 269/465/1516 344/572/1517 343/571/1518
f 269/465/1519 270/467/1520 345/573/1521 344/572/1522
f 270/467/1523 271/469/1524 346/574/1525 345/573/1526
f 271/469/1527 272/471/1528 347/575/1529 346/574/1530
f 272/471/1531 273/473/1532 348/576/1533 347/575/1534
f 273/473/1535 274/475/1536 349/577/1537 348/576/1538
f 274/475/1539 275/477/1540 350/578/1541 349/577/1542
f 275/477/1543 276/479/1544 351/579/1545 350/578/1546
f 276/479/1547 277/481/1548 352/580/1549 351/579/1550
f 277/481/1551 278/483/1552 353/581/1553 352/580/1554
f 278/483/1555 279/485/1556 354/582/1557 353/581/1558
f 279/485/1559 280/487/1560 355/583/1561 354/582/1562
f 280/487/1563 281/489/1564 356/584/1565 355/583/1566
f 281/489/1567 282/491/1568 357/585/1569 356/584/1570
f 282/491/1571 283/493/1572 358/586/1573 357/585/1574
f 283/493/1575 284/495/1576 359/587/1577 358/586/1578
f 284/495/1579 285/497/1580 360/588/1581 359/587/1582
f 285/497/1583 286/499/1584 361/589/1585 360/588/1586
f 286/499/1587 287/501/1588 362/590/1589 361/589/1590
f 287/501/1591 288/503/1592 363/591/1593 362/590/1594
f 288/503/1595 289/505/1596 364/592/1597 363/591/1598
f 289/505/1599 290/507/1600 365/593/1601 364/592/1602
f 290/507/1603 291/509/1604 366/594/1605 365/593/1606
f 291/509/1607 292/511/1608 367/595/1609 366/594/1610
f 292/511/1611 293/513/1612 368/596/1613 367/595/1614
f 293/513/1615 294/515/1616 369/597/1617 368/596/1618
f 294/515/1619 295/517/1620 370/598/1621 369/597/1622
f 295/517/1623 296/519/1624 371/599/1625 370/598/1626
f 296/519/1627 297/521/1628 372/600/1629 371/599/1630
f 297/521/1631 298/523/1632 373/601/1633 372/600/1634
f 298/523/1635 299/525/1636 374/602/1637 373/601/1638
f 299/525/1639 300/527/1640 375/603/1641 374/602/1642
f 300/527/1643 301/529/1644 376/604/1645 375/603/1646
f 301/529/1647 227/383/1648 302/531/1649 376/604/1650
f 302/531/1651 303/530/1652 378/230/1653 377/229/1654
f 303/530/1655 304/532/1656 380/232/1657 378/230/1658
f 304/532/1659 305/533/1660 381/233/1661 380/232/1662
f 305/533/1663 306/534/1664 382/234/1665 381/233/1666
f 306/534/1667 307/535/1668 383/235/1669 382/234/1670
f 307/535/1671 308/536/1672 384/236/1673 383/235/1674
f 308/536/1675 309/537/1676 385/237/1677 384/236/1678
f 309/537/1679 310/538/1680 386/238/1681 385/237/1682
f 310/538/1683 311/539/1684 387/239/1685 386/238/1686
f 311/539/1687 312/540/1688 388/240/1689 387/239/1690
f 312/540/1691 313/541/1692 389/241/1693 388/240/1694
f 313/541/1695 314/542/1696 390/242/1697 389/241/1698
f 314/542/1699 315/543/1700 391/243/1701 390/242/1702
f 315/543/1703 316/544/1704 392/244/1705 391/243/1706
f 316/544/1707 317/545/1708 393/245/1709 392/244/1710
f 317/545/1711 318/546/1712 394/246/1713 393/245/1714
f 318/546/1715 319/547/1716 395/247/1717 394/246/1718
f 319/547/1719 320/548/1720 396/248/1721 395/247/1722
f 320/548/1723 321/549/1724 397/249/1725 396/248/1726
f 321/549/1727 322/550/1728 398/250/1729 397/249/1730
f 322/550/1731 323/551/1732 399/251/1733 398/250/1734
f 323/551/1735 324/552/1736 400/252/1737 399/251/1738
f 324/552/1739 325/553/1740 401/253/1741 400/252/1742
f 325/553/1743 326/554/1744 402/254/1745 401/253/1746
f 326/554/1747 327/555/1748 403/255/1749 402/254/1750
f 327/555/1751 328/556/1752 404/256/1753 403/255/1754
f 328/556/1755 329/557/1756 405/257/1757 404/256/1758
f 329/557/1759 330/558/1760 406/258/1761 405/257/1762
f 330/558/1763 331/559/1764 407/259/1765 406/258/1766
f 331/559/1767 332/560/1768 408/260/1769 407/259/1770
f 332/560/1771 333/561/1772 409/261/1773 408/260/1774
f 333/561/1775 334/562/1776 410/262/1777 409/261/1778
f 334/562/1779 335/563/1780 411/263/1781 410/262/1782
f 335/563/1783 336/564/1784 412/264/1785 411/263/1786
f 336/564/1787 337/565/1788 413/265/1789 412/264/1790
f 337/565/1791 338/566/1792 414/266/1793 413/265/1794
f 338/566/1795 339/567/1796 415/267/1797 414/266/1798
f 339/567/1799 340/568/1800 416/268/1801 415/267/1802
f 340/568/1803 341/569/1804 417/269/1805 416/268/1806
f 341/569/1807 342/570/1808 418/270/1809 417/269/1810
f 342/570/1811 343/571/1812 419/271/1813 418/270/1814
f 343/571/1815 344/572/1816 420/272/1817 419/271/1818
f 344/572/1819 345/573/1820 421/273/1821 420/272/1822
f 345/573/1823 346/574/1824 422/274/1825 421/273/1826
f 346/574/1827 347/575/1828 423/275/1829 422/274/1830
f 347/575/1831 348/576/1832 424/276/1833 423/275/1834
f 348/576/1835 349/577/1836 425/277/1837 424/276/1838
f 349/577/1839 350/578/1840 426/278/1841 425/277/1842
f 350/578/1843 351/579/1844 427/279/1845 426/278/1846
f 351/579/1847 352/580/1848 428/280/1849 427/279/1850
f 352/580/1851 353/581/1852 429/281/1853 428/280/1854
f 353/581/1855 354/582/1856 430/282/1857 429/281/1858
f 354/582/1859 355/583/1860 431/283/1861 430/282/1862
f 355/583/1863 356/584/1864 432/284/1865 431/283/1866
f 356/584/1867 357/585/1868 433/285/1869 432/284/1870
f 357/585/1871 358/586/1872 434/286/1873 433/285/1874
f 358/586/1875 359/587/1876 435/287/1877 434/286/1878
f 359/587/1879 360/588/1880 436/288/1881 435/287/1882
f 360/588/1883 361/589/1884 437/289/1885 436/288/1886
f 361/589/1887 362/590/1888 438/290/1889 437/289/1890
f 362/590/1891 363/591/1892 439/291/1893 438/290/1894
f 363/591/1895 364/592/1896 440/292/1897 439/291/1898
f 364/592/1899 365/593/1900 441/293/1901 440/292/1902
f 365/593/1903 366/594/1904 442/294/1905 441/293/1906
f 366/594/1907 367/595/1908 443/295/1909 442/294/1910
f 367/595/1911 368/596/1912 444/296/1913 443/295/1914
f 368/596/1915 369/597/1916 445/297/1917 444/296/1918
f 369/597/1919 370/598/1920 446/298/1921 445/297/1922
f 370/598/1923 371/599/1924 447/299/1925 446/298/1926
f 371/599/1927 372/600/1928 448/300/1929 447/299/1930
f 372/600/1931 373/601/1932 449/301/1933 448/300/1934
f 373/601/1935 374/602/1936 450/302/1937 449/301/1938
f 374/602/1939 375/603/1940 451/303/1941 450/302/1942
f 375/603/1943 376/604/1944 452/304/1945 451/303/1946
f 376/604/1947 302/531/1948 377/229/1949 452/304/1950
s 1
f 454/606/1951 453/605/1952 77/3/1953 76/4/1954
s 75
f 455/608/1955 454/607/1956 76/152/1957 150/150/1958
s 74
f 456/609/1959 455/608/1960 150/150/1961 149/148/1962
s 73
f 457/610/1963 456/609/1964 149/148/1965 148/146/1966
s 72
f 458/611/1967 457/610/1968 148/146/1969 147/144/1970
s 71
f 459/612/1971 458/611/1972 147/144/1973 146/142/1974
s 70
f 460/613/1975 459/612/1976 146/142/1977 145/140/1978
s 69
f 461/614/1979 460/613/1980 145/140/1981 144/138/1982
s 68
f 462/615/1983 461/614/1984 144/138/1985 143/136/1986
s 67
f 463/616/1987 462/615/1988 143/136/1989 142/134/1990
s 66
f 464/617/1991 463/616/1992 142/134/1993 141/132/1994
s 65
f 465/618/1995 464/617/1996 141/132/1997 140/130/1998
s 64
f 466/619/1999 465/618/2000 140/130/2001 139/128/2002
s 63
f 467/620/2003 466/619/2004 139/128/2005 138/126/2006
s 62
f 468/621/2007 467/620/2008 138/126/2009 137/124/2010
s 61
f 469/622/2011 468/621/2012 137/124/2013 136/122/2014
s 60
f 470/623/2015 469/622/2016 136/122/2017 135/120/2018
s 59
f 471/624/2019 470/623/2020 135/120/2021 134/118/2022
s 58
f 472/625/2023 471/624/2024 134/118/2025 133/116/2026
s 57
f 473/626/2027 472/625/2028 133/116/2029 132/114/2030
s 56
f 474/627/2031 473/626/2032 132/114/2033 131/112/2034
s 55
f 475/628/2035 474/627/2036 131/112/2037 130/110/2038
s 54
f 476/629/2039 475/628/2040 130/110/2041 129/108/2042
s 53
f 477/630/2043 476/629/2044 129/108/2045 128/106/2046
s 52
f 478/631/2047 477/630/2048 128/106/2049 127/104/2050
s 51
f 479/632/2051 478/631/2052 127/104/2053 126/102/2054
s 50
f 480/633/2055 479/632/2056 126/102/2057 125/100/2058
s 49
f 481/634/2059 480/633/2060 125/100/2061 124/98/2062
s 48
f 482/635/2063 481/634/2064 124/98/2065 123/96/2066
s 47
f 483/636/2067 482/635/2068 123/96/2069 122/94/2070
s 46
f 484/637/2071 483/636/2072 122/94/2073 121/92/2074
s 45
f 485/638/2075 484/637/2076 121/92/2077 120/90/2078
s 44
f 486/639/2079 485/638/2080 120/90/2081 119/88/2082
s 43
f 487/640/2083 486/639/2084 119/88/2085 118/86/2086
s 42
f 488/641/2087 487/640/2088 118/86/2089 117/84/2090
s 41
f 489/642/2091 488/641/2092 117/84/2093 116/82/2094
s 40
f 490/643/2095 489/642/2096 116/82/2097 115/80/2098
s 39
f 491/644/2099 490/643/2100 115/80/2101 114/78/2102
s 38
f 492/645/2103 491/644/2104 114/78/2105 113/76/2106
s 37
f 493/646/2107 492/645/2108 113/76/2109 112/74/2110
s 36
f 494/647/2111 493/646/2112 112/74/2113 111/72/2114
s 35
f 495/648/2115 494/647/2116 111/72/2117 110/70/2118
s 34
f 496/649/2119 495/648/2120 110/70/2121 109/68/2122
s 33
f 497/650/2123 496/649/2124 109/68/2125 108/66/2126
s 32
f 498/651/2127 497/650/2128 108/66/2129 107/64/2130
s 31
f 499/652/2131 498/651/2132 107/64/2133 106/62/2134
s 30
f 500/653/2135 499/652/2136 106/62/2137 105/60/2138
s 29
f 501/654/2139 500/653/2140 105/60/2141 104/58/2142
s 28
f 502/655/2143 501/654/2144 104/58/2145 103/56/2146
s 27
f 503/656/2147 502/655/2148 103/56/2149 102/54/2150
s 26
f 504/657/2151 503/656/2152 102/54/2153 101/52/2154
s 25
f 505/658/2155 504/657/2156 101/52/2157 100/50/2158
s 24
f 506/659/2159 505/658/2160 100/50/2161 99/48/2162
s 23
f 507/660/2163 506/659/2164 99/48/2165 98/46/2166
s 22
f 508/661/2167 507/660/2168 98/46/2169 97/44/2170
s 21
f 509/662/2171 508/661/2172 97/44/2173 96/42/2174
s 20
f 510/663/2175 509/662/2176 96/42/2177 95/40/2178
s 19
f 511/664/2179 510/663/2180 95/40/2181 94/38/2182
s 18
f 512/665/2183 511/664/2184 94/38/2185 93/36/2186
s 17
f 513/666/2187 512/665/2188 93/36/2189 92/34/2190
s 16
f 514/667/2191 513/666/2192 92/34/2193 91/32/2194
s 15
f 515/668/2195 514/667/2196 91/32/2197 90/30/2198
s 14
f 516/669/2199 515/668/2200 90/30/2201 89/28/2202
s 13
f 517/670/2203 516/669/2204 89/28/2205 88/26/2206
s 12
f 518/671/2207 517/670/2208 88/26/2209 87/24/2210
s 11
f 519/672/2211 518/671/2212 87/24/2213 86/22/2214
s 10
f 520/673/2215 519/672/2216 86/22/2217 85/20/2218
s 9
f 521/674/2219 520/673/2220 85/20/2221 84/18/2222
s 8
f 522/675/2223 521/674/2224 84/18/2225 83/16/2226
s 7
f 523/676/2227 522/675/2228 83/16/2229 82/14/2230
s 6
f 524/677/2231 523/676/2232 82/14/2233 81/12/2234
s 5
f 525/678/2235 524/677/2236 81/12/2237 80/10/2238
s 4
f 526/679/2239 525/678/2240 80/10/2241 79/8/2242
s 3
f 527/680/2243 526/679/2244 79/8/2245 78/6/2246
s 2
f 453/605/2247 527/680/2248 78/6/2249 77/3/2250
s 1
f 529/682/2251 528/681/2252 453/605/1952 454/606/1951
s 75
f 530/684/2253 529/683/2254 454/607/1956 455/608/1955
s 74
f 531/685/2255 530/684/2256 455/608/1960 456/609/1959
s 73
f 532/686/2257 531/685/2258 456/609/1964 457/610/1963
s 72
f 533/687/2259 532/686/2260 457/610/1968 458/611/1967
s 71
f 534/688/2261 533/687/2262 458/611/1972 459/612/1971
s 70
f 535/689/2263 534/688/2264 459/612/1976 460/613/1975
s 69
f 536/690/2265 535/689/2266 460/613/1980 461/614/1979
s 68
f 537/691/2267 536/690/2268 461/614/1984 462/615/1983
s 67
f 538/692/2269 537/691/2270 462/615/1988 463/616/1987
s 66
f 539/693/2271 538/692/2272 463/616/1992 464/617/1991
s 65
f 540/694/2273 539/693/2274 464/617/1996 465/618/1995
s 64
f 541/695/2275 540/694/2276 465/618/2000 466/619/1999
s 63
f 542/696/2277 541/695/2278 466/619/2004 467/620/2003
s 62
f 543/697/2279 542/696/2280 467/620/2008 468/621/2007
s 61
f 544/698/2281 543/697/2282 468/621/2012 469/622/2011
s 60
f 545/699/2283 544/698/2284 469/622/2016 470/623/2015
s 59
f 546/700/2285 545/699/2286 470/623/2020 471/624/2019
s 58
f 547/701/2287 546/700/2288 471/624/2024 472/625/2023
s 57
f 548/702/2289 547/701/2290 472/625/2028 473/626/2027
s 56
f 549/703/2291 548/702/2292 473/626/2032 474/627/2031
s 55
f 550/704/2293 549/703/2294 474/627/2036 475/628/2035
s 54
f 551/705/2295 550/704/2296 475/628/2040 476/629/2039
s 53
f 552/706/2297 551/705/2298 476/629/2044 477/630/2043
s 52
f 553/707/2299 552/706/2300 477/630/2048 478/631/2047
s 51
f 554/708/2301 553/707/2302 478/631/2052 479/632/2051
s 50
f 555/709/2303 554/708/2304 479/632/2056 480/633/2055
s 49
f 556/710/2305 555/709/2306 480/633/2060 481/634/2059
s 48
f 557/711/2307 556/710/2308 481/634/2064 482/635/2063
s 47
f 558/712/2309 557/711/2310 482/635/2068 483/636/2067
s 46
f 559/713/2311 558/712/2312 483/636/2072 484/637/2071
s 45
f 560/714/2313 559/713/2314 484/637/2076 485/638/2075
s 44
f 561/715/2315 560/714/2316 485/638/2080 486/639/2079
s 43
f 562/716/2317 561/715/2318 486/639/2084 487/640/2083
s 42
f 563/717/2319 562/716/2320 487/640/2088 488/641/2087
s 41
f 564/718/2321 563/717/2322 488/641/2092 489/642/2091
s 40
f 565/719/2323 564/718/2324 489/642/2096 490/643/2095
s 39
f 566/720/2325 565/719/2326 490/643/2100 491/644/2099
s 38
f 567/721/2327 566/720/2328 491/644/2104 492/645/2103
s 37
f 568/722/2329 567/721/2330 492/645/2108 493/646/2107
s 36
f 569/723/2331 568/722/2332 493/646/2112 494/647/2111
s 35
f 570/724/2333 569/723/2334 494/647/2116 495/648/2115
s 34
f 571/725/2335 570/724/2336 495/648/2120 496/649/2119
s 33
f 572/726/2337 571/725/2338 496/649/2124 497/650/2123
s 32
f 573/727/2339 572/726/2340 497/650/2128 498/651/2127
s 31
f 574/728/2341 573/727/2342 498/651/2132 499/652/2131
s 30
f 575/729/2343 574/728/2344 499/652/2136 500/653/2135
s 29
f 576/730/2345 575/729/2346 500/653/2140 501/654/2139
s 28
f 577/731/2347 576/730/2348 501/654/2144 502/655/2143
s 27
f 578/732/2349 577/731/2350 502/655/2148 503/656/2147
s 26
f 579/733/2351 578/732/2352 503/656/2152 504/657/2151
s 25
f 580/734/2353 579/733/2354 504/657/2156 505/658/2155
s 24
f 581/735/2355 580/734/2356 505/658/2160 506/659/2159
s 23
f 582/736/2357 581/735/2358 506/659/2164 507/660/2163
s 22
f 583/737/2359 582/736/2360 507/660/2168 508/661/2167
s 21
f 584/738/2361 583/737/2362 508/661/2172 509/662/2171
s 20
f 585/739/2363 584/738/2364 509/662/2176 510/663/2175
s 19
f 586/740/2365 585/739/2366 510/663/2180 511/664/2179
s 18
f 587/741/2367 586/740/2368 511/664/2184 512/665/2183
s 17
f 588/742/2369 587/741/2370 512/665/2188 513/666/2187
s 16
f 589/743/2371 588/742/2372 513/666/2192 514/667/2191
s 15
f 590/744/2373 589/743/2374 514/667/2196 515/668/2195
s 14
f 591/745/2375 590/744/2376 515/668/2200 516/669/2199
s 13
f 592/746/2377 591/745/2378 516/669/2204 517/670/2203
s 12
f 593/747/2379 592/746/2380 517/670/2208 518/671/2207
s 11
f 594/748/2381 593/747/2382 518/671/2212 519/672/2211
s 10
f 595/749/2383 594/748/2384 519/672/2216 520/673/2215
s 9
f 596/750/2385 595/749/2386 520/673/2220 521/674/2219
s 8
f 597/751/2387 596/750/2388 521/674/2224 522/675/2223
s 7
f 598/752/2389 597/751/2390 522/675/2228 523/676/2227
s 6
f 599/753/2391 598/752/2392 523/676/2232 524/677/2231
s 5
f 600/754/2393 599/753/2394 524/677/2236 525/678/2235
s 4
f 601/755/2395 600/754/2396 525/678/2240 526/679/2239
s 3
f 602/756/2397 601/755/2398 526/679/2244 527/680/2243
s 2
f 528/681/2399 602/756/2400 527/680/2248 453/605/2247
s 1
f 678/833/2401 679/835/2402 528/681/2252 529/682/2251
s 75
f 752/908/2403 678/834/2404 529/683/2254 530/684/2253
s 74
f 751/907/2405 752/908/2406 530/684/2256 531/685/2255
s 73
f 750/906/2407 751/907/2408 531/685/2258 532/686/2257
s 72
f 749/905/2409 750/906/2410 532/686/2260 533/687/2259
s 71
f 748/904/2411 749/905/2412 533/687/2262 534/688/2261
s 70
f 747/903/2413 748/904/2414 534/688/2264 535/689/2263
s 69
f 746/902/2415 747/903/2416 535/689/2266 536/690/2265
s 68
f 745/901/2417 746/902/2418 536/690/2268 537/691/2267
s 67
f 744/900/2419 745/901/2420 537/691/2270 538/692/2269
s 66
f 743/899/2421 744/900/2422 538/692/2272 539/693/2271
s 65
f 742/898/2423 743/899/2424 539/693/2274 540/694/2273
s 64
f 741/897/2425 742/898/2426 540/694/2276 541/695/2275
s 63
f 740/896/2427 741/897/2428 541/695/2278 542/696/2277
s 62
f 739/895/2429 740/896/2430 542/696/2280 543/697/2279
s 61
f 738/894/2431 739/895/2432 543/697/2282 544/698/2281
s 60
f 737/893/2433 738/894/2434 544/698/2284 545/699/2283
s 59
f 736/892/2435 737/893/2436 545/699/2286 546/700/2285
s 58
f 735/891/2437 736/892/2438 546/700/2288 547/701/2287
s 57
f 734/890/2439 735/891/2440 547/701/2290 548/702/2289
s 56
f 733/889/2441 734/890/2442 548/702/2292 549/703/2291
s 55
f 732/888/2443 733/889/2444 549/703/2294 550/704/2293
s 54
f 731/887/2445 732/888/2446 550/704/2296 551/705/2295
s 53
f 730/886/2447 731/887/2448 551/705/2298 552/706/2297
s 52
f 729/885/2449 730/886/2450 552/706/2300 553/707/2299
s 51
f 728/884/2451 729/885/2452 553/707/2302 554/708/2301
s 50
f 727/883/2453 728/884/2454 554/708/2304 555/709/2303
s 49
f 726/882/2455 727/883/2456 555/709/2306 556/710/2305
s 48
f 725/881/2457 726/882/2458 556/710/2308 557/711/2307
s 47
f 724/880/2459 725/881/2460 557/711/2310 558/712/2309
s 46
f 723/879/2461 724/880/2462 558/712/2312 559/713/2311
s 45
f 722/878/2463 723/879/2464 559/713/2314 560/714/2313
s 44
f 721/877/2465 722/878/2466 560/714/2316 561/715/2315
s 43
f 720/876/2467 721/877/2468 561/715/2318 562/716/2317
s 42
f 719/875/2469 720/876/2470 562/716/2320 563/717/2319
s 41
f 718/874/2471 719/875/2472 563/717/2322 564/718/2321
s 40
f 717/873/2473 718/874/2474 564/718/2324 565/719/2323
s 39
f 716/872/2475 717/873/2476 565/719/2326 566/720/2325
s 38
f 715/871/2477 716/872/2478 566/720/2328 567/721/2327
s 37
f 714/870/2479 715/871/2480 567/721/2330 568/722/2329
s 36
f 713/869/2481 714/870/2482 568/722/2332 569/723/2331
s 35
f 712/868/2483 713/869/2484 569/723/2334 570/724/2333
s 34
f 711/867/2485 712/868/2486 570/724/2336 571/725/2335
s 33
f 710/866/2487 711/867/2488 571/725/2338 572/726/2337
s 32
f 709/865/2489 710/866/2490 572/726/2340 573/727/2339
s 31
f 708/864/2491 709/865/2492 573/727/2342 574/728/2341
s 30
f 707/863/2493 708/864/2494 574/728/2344 575/729/2343
s 29
f 706/862/2495 707/863/2496 575/729/2346 576/730/2345
s 28
f 705/861/2497 706/862/2498 576/730/2348 577/731/2347
s 27
f 704/860/2499 705/861/2500 577/731/2350 578/732/2349
s 26
f 703/859/2501 704/860/2502 578/732/2352 579/733/2351
s 25
f 702/858/2503 703/859/2504 579/733/2354 580/734/2353
s 24
f 701/857/2505 702/858/2506 580/734/2356 581/735/2355
s 23
f 700/856/2507 701/857/2508 581/735/2358 582/736/2357
s 22
f 699/855/2509 700/856/2510 582/736/2360 583/737/2359
s 21
f 698/854/2511 699/855/2512 583/737/2362 584/738/2361
s 20
f 697/853/2513 698/854/2514 584/738/2364 585/739/2363
s 19
f 696/852/2515 697/853/2516 585/739/2366 586/740/2365
s 18
f 695/851/2517 696/852/2518 586/740/2368 587/741/2367
s 17
f 694/850/2519 695/851/2520 587/741/2370 588/742/2369
s 16
f 693/849/2521 694/850/2522 588/742/2372 589/743/2371
s 15
f 692/848/2523 693/849/2524 589/743/2374 590/744/2373
s 14
f 691/847/2525 692/848/2526 590/744/2376 591/745/2375
s 13
f 690/846/2527 691/847/2528 591/745/2378 592/746/2377
s 12
f 689/845/2529 690/846/2530 592/746/2380 593/747/2379
s 11
f 688/844/2531 689/845/2532 593/747/2382 594/748/2381
s 10
f 687/843/2533 688/844/2534 594/748/2384 595/749/2383
s 9
f 686/842/2535 687/843/2536 595/749/2386 596/750/2385
s 8
f 685/841/2537 686/842/2538 596/750/2388 597/751/2387
s 7
f 684/840/2539 685/841/2540 597/751/2390 598/752/2389
s 6
f 683/839/2541 684/840/2542 598/752/2392 599/753/2391
s 5
f 682/838/2543 683/839/2544 599/753/2394 600/754/2393
s 4
f 681/837/2545 682/838/2546 600/754/2396 601/755/2395
s 3
f 680/836/2547 681/837/2548 601/755/2398 602/756/2397
s 2
f 679/835/2549 680/836/2550 602/756/2400 528/681/2399
s 1
f 604/758/4 603/757/3 679/835/2402 678/833/2401
s 2
f 603/757/8 677/832/7 680/836/2550 679/835/2549
s 3
f 677/832/12 676/831/11 681/837/2548 680/836/2547
s 4
f 676/831/16 675/830/15 682/838/2546 681/837/2545
s 5
f 675/830/20 674/829/19 683/839/2544 682/838/2543
s 6
f 674/829/24 673/828/23 684/840/2542 683/839/2541
s 7
f 673/828/28 672/827/27 685/841/2540 684/840/2539
s 8
f 672/827/32 671/826/31 686/842/2538 685/841/2537
s 9
f 671/826/36 670/825/35 687/843/2536 686/842/2535
s 10
f 670/825/40 669/824/39 688/844/2534 687/843/2533
s 11
f 669/824/44 668/823/43 689/845/2532 688/844/2531
s 12
f 668/823/48 667/822/47 690/846/2530 689/845/2529
s 13
f 667/822/52 666/821/51 691/847/2528 690/846/2527
s 14
f 666/821/56 665/820/55 692/848/2526 691/847/2525
s 15
f 665/820/60 664/819/59 693/849/2524 692/848/2523
s 16
f 664/819/64 663/818/63 694/850/2522 693/849/2521
s 17
f 663/818/68 662/817/67 695/851/2520 694/850/2519
s 18
f 662/817/72 661/816/71 696/852/2518 695/851/2517
s 19
f 661/816/76 660/815/75 697/853/2516 696/852/2515
s 20
f 660/815/80 659/814/79 698/854/2514 697/853/2513
s 21
f 659/814/84 658/813/83 699/855/2512 698/854/2511
s 22
f 658/813/88 657/812/87 700/856/2510 699/855/2509
s 23
f 657/812/92 656/811/91 701/857/2508 700/856/2507
s 24
f 656/811/96 655/810/95 702/858/2506 701/857/2505
s 25
f 655/810/100 654/809/99 703/859/2504 702/858/2503
s 26
f 654/809/104 653/808/103 704/860/2502 703/859/2501
s 27
f 653/808/108 652/807/107 705/861/2500 704/860/2499
s 28
f 652/807/112 651/806/111 706/862/2498 705/861/2497
s 29
f 651/806/116 650/805/115 707/863/2496 706/862/2495
s 30
f 650/805/120 649/804/119 708/864/2494 707/863/2493
s 31
f 649/804/124 648/803/123 709/865/2492 708/864/2491
s 32
f 648/803/128 647/802/127 710/866/2490 709/865/2489
s 33
f 647/802/132 646/801/131 711/867/2488 710/866/2487
s 34
f 646/801/136 645/800/135 712/868/2486 711/867/2485
s 35
f 645/800/140 644/799/139 713/869/2484 712/868/2483
s 36
f 644/799/144 643/798/143 714/870/2482 713/869/2481
s 37
f 643/798/148 642/797/147 715/871/2480 714/870/2479
s 38
f 642/797/152 641/796/151 716/872/2478 715/871/2477
s 39
f 641/796/156 640/795/155 717/873/2476 716/872/2475
s 40
f 640/795/160 639/794/159 718/874/2474 717/873/2473
s 41
f 639/794/164 638/793/163 719/875/2472 718/874/2471
s 42
f 638/793/168 637/792/167 720/876/2470 719/875/2469
s 43
f 637/792/172 636/791/171 721/877/2468 720/876/2467
s 44
f 636/791/176 635/790/175 722/878/2466 721/877/2465
s 45
f 635/790/180 634/789/179 723/879/2464 722/878/2463
s 46
f 634/789/184 633/788/183 724/880/2462 723/879/2461
s 47
f 633/788/188 632/787/187 725/881/2460 724/880/2459
s 48
f 632/787/192 631/786/191 726/882/2458 725/881/2457
s 49
f 631/786/196 630/785/195 727/883/2456 726/882/2455
s 50
f 630/785/200 629/784/199 728/884/2454 727/883/2453
s 51
f 629/784/204 628/783/203 729/885/2452 728/884/2451
s 52
f 628/783/208 627/782/207 730/886/2450 729/885/2449
s 53
f 627/782/212 626/781/211 731/887/2448 730/886/2447
s 54
f 626/781/216 625/780/215 732/888/2446 731/887/2445
s 55
f 625/780/220 624/779/219 733/889/2444 732/888/2443
s 56
f 624/779/224 623/778/223 734/890/2442 733/889/2441
s 57
f 623/778/228 622/777/227 735/891/2440 734/890/2439
s 58
f 622/777/232 621/776/231 736/892/2438 735/891/2437
s 59
f 621/776/236 620/775/235 737/893/2436 736/892/2435
s 60
f 620/775/240 619/774/239 738/894/2434 737/893/2433
s 61
f 619/774/244 618/773/243 739/895/2432 738/894/2431
s 62
f 618/773/248 617/772/247 740/896/2430 739/895/2429
s 63
f 617/772/252 616/771/251 741/897/2428 740/896/2427
s 64
f 616/771/256 615/770/255 742/898/2426 741/897/2425
s 65
f 615/770/260 614/769/259 743/899/2424 742/898/2423
s 66
f 614/769/264 613/768/263 744/900/2422 743/899/2421
s 67
f 613/768/268 612/767/267 745/901/2420 744/900/2419
s 68
f 612/767/272 611/766/271 746/902/2418 745/901/2417
s 69
f 611/766/276 610/765/275 747/903/2416 746/902/2415
s 70
f 610/765/280 609/764/279 748/904/2414 747/903/2413
s 71
f 609/764/284 608/763/283 749/905/2412 748/904/2411
s 72
f 608/763/288 607/762/287 750/906/2410 749/905/2409
s 73
f 607/762/292 606/761/291 751/907/2408 750/906/2407
s 74
f 606/761/296 605/760/295 752/908/2406 751/907/2405
s 75
f 605/760/300 604/759/299 678/834/2404 752/908/2403
